success,current_drive_A,enbi,nbar,np,hfactor,run_dir,batch_num
True,255235.57884101692,720.7865316442545,5.142665918768982,1.1555366472476802,1.3414349238757617,/tmp/csv_runner-6edcbfdf-2630-416c-b650-0cf3001aea89,0
True,181531.74971830615,833.0342663574324,4.202987257519547,1.119732845853275,1.0731337140220192,/tmp/csv_runner-5e7f6403-f838-4084-9a8e-6dfdb9bb1713,0
True,162570.3502990105,747.26792823681,4.956045221684715,1.4263894746934147,0.9972419340707392,/tmp/csv_runner-7c9c57da-0a2b-47f0-bb67-7fa3e6bfcf52,0
True,85616.5427055581,775.7509591346583,8.363092605653526,1.1506474431906963,0.9762167003137292,/tmp/csv_runner-e00e1533-78e3-4ebe-8e16-f47b676bef62,0
True,69863.25853975865,517.3111726363709,6.082911098557858,1.209338212414482,1.1591147623322835,/tmp/csv_runner-ad3040ba-e399-4981-8d6a-0e00c8d8bf66,0
True,257951.6693735473,720.7865316442545,5.142665918768982,1.1555366472476802,1.3414349238757617,/tmp/csv_runner-40ad5a5d-5c6b-476d-b9c8-79c127cd74b4,0
True,182281.704730155,833.0342663574324,4.202987257519547,1.119732845853275,1.0731337140220192,/tmp/csv_runner-40f85a78-b5f9-4fc4-89b4-9e458766f75b,0
True,163197.17654690918,747.26792823681,4.956045221684715,1.4263894746934147,0.9972419340707392,/tmp/csv_runner-ce90c1e5-5b4b-4d97-9cf5-26b358237ade,0
True,83889.93952526369,775.7509591346583,8.363092605653526,1.1506474431906963,0.9762167003137292,/tmp/csv_runner-54cdad0d-735b-4fc4-90d8-f99861281758,0
True,70744.16265690747,517.3111726363709,6.082911098557858,1.209338212414482,1.1591147623322835,/tmp/csv_runner-63fc7917-31ba-418d-bb02-0d08e8a8c13f,0
True,257844.00493641687,720.7865316442545,5.142665918768982,1.1555366472476802,1.3414349238757617,/tmp/csv_runner-52fb3249-7b00-4e88-8e00-73296213ce95,0
True,181587.16447286733,833.0342663574324,4.202987257519547,1.119732845853275,1.0731337140220192,/tmp/csv_runner-74db25c5-af9b-4d34-a2a0-3e29a423a138,0
True,161929.26238206876,747.26792823681,4.956045221684715,1.4263894746934147,0.9972419340707392,/tmp/csv_runner-7f6accff-3479-4478-baa6-b8c9b0469b97,0
True,84119.51295699319,775.7509591346583,8.363092605653526,1.1506474431906963,0.9762167003137292,/tmp/csv_runner-2bd2bff6-0155-4c36-8dcb-5048af0074d2,0
True,70823.2395340238,517.3111726363709,6.082911098557858,1.209338212414482,1.1591147623322835,/tmp/csv_runner-02cc943f-4090-41d5-ba6b-93e52d509db1,0
True,255675.3894656299,720.7865316442545,5.142665918768982,1.1555366472476802,1.3414349238757617,/tmp/csv_runner-bb59a3f4-1bf3-40fc-abd9-c792aa0c879c,0
True,182128.5318489988,833.0342663574324,4.202987257519547,1.119732845853275,1.0731337140220192,/tmp/csv_runner-20028930-ddd6-45c3-9e69-62b0841b6b74,0
True,164708.18709093143,747.26792823681,4.956045221684715,1.4263894746934147,0.9972419340707392,/tmp/csv_runner-a8d58660-527c-40c9-b929-9aebdc98b3c8,0
True,85455.87110012927,775.7509591346583,8.363092605653526,1.1506474431906963,0.9762167003137292,/tmp/csv_runner-842277f2-2b33-4c33-accf-40a44308ed07,0
True,70997.30414706575,517.3111726363709,6.082911098557858,1.209338212414482,1.1591147623322835,/tmp/csv_runner-7b65a956-af05-410d-9bf2-15ef922058f0,0
True,255775.54453197724,720.7865316442545,5.142665918768982,1.1555366472476802,1.3414349238757617,/tmp/csv_runner-40111392-15d9-4f2c-bf54-564b0d9f9cb4,0
True,180970.05756831655,833.0342663574324,4.202987257519547,1.119732845853275,1.0731337140220192,/tmp/csv_runner-021e20a1-4b80-4a73-967c-f3a2d1ccabf4,0
True,163446.74835519606,747.26792823681,4.956045221684715,1.4263894746934147,0.9972419340707392,/tmp/csv_runner-964e60cf-4aa4-47a0-8789-1b3207b63e2f,0
True,84883.15648877372,775.7509591346583,8.363092605653526,1.1506474431906963,0.9762167003137292,/tmp/csv_runner-6830f795-26d6-4d3d-ae02-a50cd07f7256,0
True,70322.7001411283,517.3111726363709,6.082911098557858,1.209338212414482,1.1591147623322835,/tmp/csv_runner-7bf6d37a-8f27-4a72-afd6-95d5812fce55,0
True,224404.1344103308,991.3570124495568,11.586940520552506,1.0907669958607178,1.3762090689279551,/tmp/csv_runner-9e58f144-b8b7-4f40-881a-de09f9015c1b,1
True,223257.37430211192,991.3570124495568,11.586940520552506,1.0907669958607178,1.3762090689279551,/tmp/csv_runner-a949b9ad-43f8-4a44-8f67-7b92ab3fd0ed,1
True,222127.71423989223,991.3570124495568,11.586940520552506,1.0907669958607178,1.3762090689279551,/tmp/csv_runner-92ffbd81-ce04-41a4-bd28-08e57b8f888c,1
True,220243.5930187332,991.3570124495568,11.586940520552506,1.0907669958607178,1.3762090689279551,/tmp/csv_runner-70328308-695f-4359-8476-4e974219cbef,1
True,222733.33014184135,991.3570124495568,11.586940520552506,1.0907669958607178,1.3762090689279551,/tmp/csv_runner-1252d271-1cfb-495f-923b-a687c964f5ce,1
True,81381.02230660549,865.4383978376752,6.130405535242926,1.462812431927193,0.8023884458695619,/tmp/csv_runner-200800e6-7fc1-4ab3-b722-d01cac4b7255,2
True,81641.70041084045,865.4383978376752,6.130405535242926,1.462812431927193,0.8023884458695619,/tmp/csv_runner-5a19c8ea-6549-4b15-af52-e7d71d721ce4,2
True,81610.81944259387,865.4383978376752,6.130405535242926,1.462812431927193,0.8023884458695619,/tmp/csv_runner-5d499e08-72dc-4ffa-a8d1-f09d190dcba9,2
True,80857.01859650711,865.4383978376752,6.130405535242926,1.462812431927193,0.8023884458695619,/tmp/csv_runner-363f522d-402e-402b-b2f2-0af9752bf5d2,2
True,81537.98745312964,865.4383978376752,6.130405535242926,1.462812431927193,0.8023884458695619,/tmp/csv_runner-9bfd4629-31d0-4e9b-8496-2c84bd90b2b8,2
True,229102.17600493733,747.9606610561623,7.255181704990212,1.0982699056370044,1.4212599297580728,/tmp/csv_runner-867ff897-d238-46a2-9995-5f459c8bdcd2,3
True,224731.34680357523,747.9606610561623,7.255181704990212,1.0982699056370044,1.4212599297580728,/tmp/csv_runner-d61b5351-a157-4c1e-b9db-6806693d4f95,3
True,226551.6534447335,747.9606610561623,7.255181704990212,1.0982699056370044,1.4212599297580728,/tmp/csv_runner-9fae08d1-9e80-4314-bc69-bd00179c8d80,3
True,225652.65374789384,747.9606610561623,7.255181704990212,1.0982699056370044,1.4212599297580728,/tmp/csv_runner-d7e5dec4-f587-4f33-aa52-fcc7942ad82c,3
True,226024.0570585825,747.9606610561623,7.255181704990212,1.0982699056370044,1.4212599297580728,/tmp/csv_runner-e191b64f-024f-49d3-8b7f-785b473e3dc1,3
True,155933.76817154107,688.9884961965981,9.70725414567864,1.3376232937344767,1.4546111810241271,/tmp/csv_runner-3890cb07-4773-458e-9005-ccde9d9ccdce,4
True,154173.8597262875,688.9884961965981,9.70725414567864,1.3376232937344767,1.4546111810241271,/tmp/csv_runner-73fcf720-bc9e-493c-be29-8331e99244f1,4
True,153735.07680780347,688.9884961965981,9.70725414567864,1.3376232937344767,1.4546111810241271,/tmp/csv_runner-5ca7c697-976d-4451-a157-933b64451ac5,4
True,156098.07266214103,688.9884961965981,9.70725414567864,1.3376232937344767,1.4546111810241271,/tmp/csv_runner-ba06314f-dec3-4078-8ab0-1596c3b73277,4
True,154563.15103883605,688.9884961965981,9.70725414567864,1.3376232937344767,1.4546111810241271,/tmp/csv_runner-323f03e5-ac42-471e-9f4a-d1db0019212d,4
True,-490.5689411078551,510.340489059671,11.443982721192768,1.1796338521786072,0.8965499171761853,/tmp/csv_runner-de166fa5-f646-4bfa-bd6e-4488085270f9,5
True,-502.220465199132,510.340489059671,11.443982721192768,1.1796338521786072,0.8965499171761853,/tmp/csv_runner-e229b8c8-eb2c-47ba-9aec-2507977127f3,5
True,-485.305433500746,510.340489059671,11.443982721192768,1.1796338521786072,0.8965499171761853,/tmp/csv_runner-b665657f-8571-4bb4-a6a3-c763f3893c2c,5
True,-488.40883970512334,510.340489059671,11.443982721192768,1.1796338521786072,0.8965499171761853,/tmp/csv_runner-77cd1497-aad5-4796-a570-a5e9c3b6ba5d,5
True,-494.7824036785223,510.340489059671,11.443982721192768,1.1796338521786072,0.8965499171761853,/tmp/csv_runner-39db4605-d2ec-4cfa-b71d-d4e70ffd5710,5
True,412433.9667150479,894.8652369099832,5.490578920883548,1.4939245696136725,1.408890635832076,/tmp/csv_runner-6da3556c-5bf6-433f-b19c-f877d2a92c71,6
True,413091.9990085161,894.8652369099832,5.490578920883548,1.4939245696136725,1.408890635832076,/tmp/csv_runner-7ae5e3a7-7431-4182-83e7-a5b2f17ae886,6
True,411449.15945751447,894.8652369099832,5.490578920883548,1.4939245696136725,1.408890635832076,/tmp/csv_runner-19c0757e-cbbc-4978-909f-2460461642c7,6
True,411870.8385002535,894.8652369099832,5.490578920883548,1.4939245696136725,1.408890635832076,/tmp/csv_runner-6fe3fbd0-b5af-4061-ac6b-751673224bd7,6
True,417349.71146499366,894.8652369099832,5.490578920883548,1.4939245696136725,1.408890635832076,/tmp/csv_runner-255ce017-3196-479c-b2d0-64d9f72fbb7d,6
True,6291.897208506244,526.3851622507907,3.9156573519550513,1.04330403628248,0.8507774637403595,/tmp/csv_runner-d7e2d094-8dc1-452b-b8ba-8efc15259bbe,7
True,6301.119162740668,526.3851622507907,3.9156573519550513,1.04330403628248,0.8507774637403595,/tmp/csv_runner-3b592b60-ec5d-4b93-98a3-f0bc8235fff0,7
True,6300.808132705588,526.3851622507907,3.9156573519550513,1.04330403628248,0.8507774637403595,/tmp/csv_runner-021c2dce-160e-4d81-a827-b37ed2f6e26d,7
True,6339.181326364525,526.3851622507907,3.9156573519550513,1.04330403628248,0.8507774637403595,/tmp/csv_runner-0b3ae886-3ca3-4ed0-b645-666b5aff924a,7
True,6307.08087920606,526.3851622507907,3.9156573519550513,1.04330403628248,0.8507774637403595,/tmp/csv_runner-a13ea82c-5631-4d13-b215-5c7184f83ec1,7
True,75485.18981599815,980.4890549018204,11.435838111298544,1.4728036361917511,0.8545260410405264,/tmp/csv_runner-bbbf60e4-02cd-47a9-9e29-43f56b5d1496,8
True,75347.43485398135,980.4890549018204,11.435838111298544,1.4728036361917511,0.8545260410405264,/tmp/csv_runner-a939765c-0ba6-4ca7-b767-d8d76755d32c,8
True,77068.89272659582,980.4890549018204,11.435838111298544,1.4728036361917511,0.8545260410405264,/tmp/csv_runner-c77e87e3-e88f-494e-81db-30e74de1ca18,8
True,74975.42025212207,980.4890549018204,11.435838111298544,1.4728036361917511,0.8545260410405264,/tmp/csv_runner-6414a8eb-9e3c-4a1c-b517-b6a35700d38a,8
True,74781.11956441353,980.4890549018204,11.435838111298544,1.4728036361917511,0.8545260410405264,/tmp/csv_runner-82ffd569-bca3-409a-b43c-13ea0f8f93f3,8
True,123807.31857430578,505.5562890207176,4.631661644047777,1.0604004604935136,1.4582410295709298,/tmp/csv_runner-fd826448-c328-4b0d-a82f-6752083db7c3,9
True,125375.1357922477,505.5562890207176,4.631661644047777,1.0604004604935136,1.4582410295709298,/tmp/csv_runner-903088ac-b3d1-4784-887f-54ef26fbac4d,9
True,125527.47496755076,505.5562890207176,4.631661644047777,1.0604004604935136,1.4582410295709298,/tmp/csv_runner-7ca223db-11f2-4eb3-acf7-efbb70432e29,9
True,124567.03740455573,505.5562890207176,4.631661644047777,1.0604004604935136,1.4582410295709298,/tmp/csv_runner-2f65ed74-76e3-4435-bd0c-fc02cea49b09,9
True,125960.4666465259,505.5562890207176,4.631661644047777,1.0604004604935136,1.4582410295709298,/tmp/csv_runner-36e2ae08-7e86-43e3-8c26-92aa8f2ba749,9
True,29533.29210581533,563.3832365317588,11.560032226778468,1.0018873763199418,1.1759782651752757,/tmp/csv_runner-e9f4defa-3ae6-45d5-8b26-9e0f748e4313,10
True,28853.98484860521,563.3832365317588,11.560032226778468,1.0018873763199418,1.1759782651752757,/tmp/csv_runner-4110ce0b-f55e-4e4b-b43b-02f9abc430ce,10
True,29571.42503677491,563.3832365317588,11.560032226778468,1.0018873763199418,1.1759782651752757,/tmp/csv_runner-8ed4dfa9-5408-42fc-b429-2a88dd511913,10
True,29168.27094833071,563.3832365317588,11.560032226778468,1.0018873763199418,1.1759782651752757,/tmp/csv_runner-563ba43e-0896-4993-9cb4-4235960103f4,10
True,30116.000432801124,563.3832365317588,11.560032226778468,1.0018873763199418,1.1759782651752757,/tmp/csv_runner-646ef8cd-1efb-4d89-9f8f-ac83bfefc8bd,10
True,252408.4634406152,982.9762300019285,3.601030930468744,1.0926654438986214,1.4295315144423966,/tmp/csv_runner-49c19c45-14b6-4720-bbe6-c7ebc6d5ce56,11
True,249787.527646256,982.9762300019285,3.601030930468744,1.0926654438986214,1.4295315144423966,/tmp/csv_runner-e99eeb24-ba61-4749-b9e7-86024b1bed80,11
True,249444.4129281764,982.9762300019285,3.601030930468744,1.0926654438986214,1.4295315144423966,/tmp/csv_runner-eda58eed-b8fe-414e-adfe-4f38290eed58,11
True,250637.16254097855,982.9762300019285,3.601030930468744,1.0926654438986214,1.4295315144423966,/tmp/csv_runner-03815eb3-bce7-41a6-9276-970ff0933f5a,11
True,245863.83773456048,982.9762300019285,3.601030930468744,1.0926654438986214,1.4295315144423966,/tmp/csv_runner-df0abdc9-1987-401d-bd79-602eb88b1bab,11
True,-1194.475215521587,804.4374369619061,11.216150541791944,1.298056158115208,0.8196864922535942,/tmp/csv_runner-cc336a45-dae1-4470-8653-dc6a82d43b03,12
True,-1184.6459522962482,804.4374369619061,11.216150541791944,1.298056158115208,0.8196864922535942,/tmp/csv_runner-849a2d19-10bc-4694-be69-545fc70d97fd,12
True,-1173.302831193977,804.4374369619061,11.216150541791944,1.298056158115208,0.8196864922535942,/tmp/csv_runner-6bb4702d-7e8c-4ec4-8c40-b6d4b2c8319a,12
True,-1172.95490353221,804.4374369619061,11.216150541791944,1.298056158115208,0.8196864922535942,/tmp/csv_runner-f55a3144-c911-4300-9c50-4b1203285568,12
True,-1191.1425345159114,804.4374369619061,11.216150541791944,1.298056158115208,0.8196864922535942,/tmp/csv_runner-2f91f053-1204-4d68-9549-c9361f78d36d,12
True,66806.03774434916,999.295584371909,8.422017949008193,1.0527455589291363,0.8411731039903316,/tmp/csv_runner-ee54e673-4949-4e7c-9f4a-8fa9922a812f,13
True,66957.28031839716,999.295584371909,8.422017949008193,1.0527455589291363,0.8411731039903316,/tmp/csv_runner-dd8fe65c-6523-4a15-8f68-ee4fa48be9b3,13
True,68589.5344082896,999.295584371909,8.422017949008193,1.0527455589291363,0.8411731039903316,/tmp/csv_runner-2f585cf8-76f3-4284-8347-d1b4f2197989,13
True,67871.22046868011,999.295584371909,8.422017949008193,1.0527455589291363,0.8411731039903316,/tmp/csv_runner-dde01dbe-bc33-4a66-9ee4-bce0068fc325,13
True,68048.18818297642,999.295584371909,8.422017949008193,1.0527455589291363,0.8411731039903316,/tmp/csv_runner-a8bed927-d278-4dab-8ccc-efb4b4a893ec,13
True,206318.89040284432,866.6716170385608,11.521630304519975,1.4919687151100318,1.3329972904086698,/tmp/csv_runner-271e3994-5e44-471c-94dc-931d16da4208,14
True,211999.04648985757,866.6716170385608,11.521630304519975,1.4919687151100318,1.3329972904086698,/tmp/csv_runner-8299f7d4-3403-4de1-8770-07d582b5972b,14
True,208706.5897902044,866.6716170385608,11.521630304519975,1.4919687151100318,1.3329972904086698,/tmp/csv_runner-81f38fa0-a376-4282-bea4-ce2b06b757a7,14
True,205545.62169159923,866.6716170385608,11.521630304519975,1.4919687151100318,1.3329972904086698,/tmp/csv_runner-218bdbe9-8370-4926-b069-d3b5a8a3c21f,14
True,210564.3800404255,866.6716170385608,11.521630304519975,1.4919687151100318,1.3329972904086698,/tmp/csv_runner-1f2db33b-b84a-429b-ab79-309335c38e23,14
True,190723.72255089824,968.6164786926946,3.684704507627288,1.434011465298235,1.017809299643721,/tmp/csv_runner-0ea70806-cb81-4a43-97ff-bf2e9a306015,15
True,189292.0245772342,968.6164786926946,3.684704507627288,1.434011465298235,1.017809299643721,/tmp/csv_runner-ca7bf686-8792-4cc8-9fd9-f83ea5293bd5,15
True,189584.500047246,968.6164786926946,3.684704507627288,1.434011465298235,1.017809299643721,/tmp/csv_runner-475d8e97-738a-405c-ab29-4a1c9c9e3de0,15
True,189357.9795223032,968.6164786926946,3.684704507627288,1.434011465298235,1.017809299643721,/tmp/csv_runner-e56d45ba-8121-40d2-9ccc-29beda6a6d6a,15
True,189369.2347199896,968.6164786926946,3.684704507627288,1.434011465298235,1.017809299643721,/tmp/csv_runner-4fc33698-7844-4769-b73e-64d980b80250,15
True,146651.92790635733,523.8791739709243,4.31482342541278,1.4418901925249463,1.2938739586142851,/tmp/csv_runner-44402832-0115-41e4-b524-51eb984db2b0,16
True,145588.58055101172,523.8791739709243,4.31482342541278,1.4418901925249463,1.2938739586142851,/tmp/csv_runner-5f4852b7-c82c-4578-8383-528d8be07329,16
True,145590.3895783211,523.8791739709243,4.31482342541278,1.4418901925249463,1.2938739586142851,/tmp/csv_runner-c392d8db-1dc1-46e6-85b4-534928a0494a,16
True,145980.7834354319,523.8791739709243,4.31482342541278,1.4418901925249463,1.2938739586142851,/tmp/csv_runner-d639b943-8671-4c4e-8daf-2a44160f99e8,16
True,147511.67119573726,523.8791739709243,4.31482342541278,1.4418901925249463,1.2938739586142851,/tmp/csv_runner-33ffbbd9-8667-4a5f-af71-726edf0ded1c,16
True,54294.87604031785,561.8068150280982,11.831954374545104,1.3869069626918962,1.3598751074136457,/tmp/csv_runner-ebdd7e00-2807-461f-a8b6-9b9692bee68a,17
True,53604.92658881146,561.8068150280982,11.831954374545104,1.3869069626918962,1.3598751074136457,/tmp/csv_runner-f6619f82-a4bc-4220-bcdf-2acc13bdb547,17
True,53396.25333304381,561.8068150280982,11.831954374545104,1.3869069626918962,1.3598751074136457,/tmp/csv_runner-99d23902-0c02-4bdf-973c-bd6e5f4af7b2,17
True,52642.57173638063,561.8068150280982,11.831954374545104,1.3869069626918962,1.3598751074136457,/tmp/csv_runner-363ebe53-8852-4ae8-bc8a-02ab714a1fda,17
True,54225.71693156504,561.8068150280982,11.831954374545104,1.3869069626918962,1.3598751074136457,/tmp/csv_runner-aea5eb02-cf60-4f5d-9561-6845013780f2,17
True,328092.3385624205,997.2851719111468,8.46699466431356,1.405960288789698,1.2795821649855612,/tmp/csv_runner-bad0c4ef-110d-4f2f-bc39-d07dd44fbb82,18
True,331154.6057434067,997.2851719111468,8.46699466431356,1.405960288789698,1.2795821649855612,/tmp/csv_runner-e1fa427f-8452-4d9d-9d4c-3a82fc88c442,18
True,338428.47652436944,997.2851719111468,8.46699466431356,1.405960288789698,1.2795821649855612,/tmp/csv_runner-b116f4b0-23c5-457f-80b1-55b3d08bcbb3,18
True,332906.00939084374,997.2851719111468,8.46699466431356,1.405960288789698,1.2795821649855612,/tmp/csv_runner-fb7f394a-12c4-48be-9dee-0caa4b8b3527,18
True,333844.0822738288,997.2851719111468,8.46699466431356,1.405960288789698,1.2795821649855612,/tmp/csv_runner-7abf6008-7ec4-4864-9177-f57f2ec60147,18
True,9543.739705672931,500.2749638603433,7.057391950500836,1.3872786091975058,0.8955545390932083,/tmp/csv_runner-a433317b-09a8-4493-9794-83f89c92a2fb,19
True,9750.58845872128,500.2749638603433,7.057391950500836,1.3872786091975058,0.8955545390932083,/tmp/csv_runner-1efafc0b-9110-4fdd-b7fa-a7efc5137c28,19
True,9712.007791504073,500.2749638603433,7.057391950500836,1.3872786091975058,0.8955545390932083,/tmp/csv_runner-8fa4f52e-578a-452b-b648-07f0662c9f21,19
True,9460.524656373464,500.2749638603433,7.057391950500836,1.3872786091975058,0.8955545390932083,/tmp/csv_runner-b8c36833-4982-4d22-b84e-3591f6b20a5e,19
True,9533.404496916695,500.2749638603433,7.057391950500836,1.3872786091975058,0.8955545390932083,/tmp/csv_runner-75ae6dea-0601-4c32-9a49-8e56276bf781,19
True,57079.63426695901,694.2544760505999,11.97998001084306,1.4422877569445256,1.051460912800385,/tmp/csv_runner-f9b4fe8e-7abe-487f-8fe0-0ce6810a774e,20
True,58380.83869562163,694.2544760505999,11.97998001084306,1.4422877569445256,1.051460912800385,/tmp/csv_runner-55234f48-0695-4af0-8f38-29f3be1805a0,20
True,58913.77135697064,694.2544760505999,11.97998001084306,1.4422877569445256,1.051460912800385,/tmp/csv_runner-950010eb-8852-46e3-b34a-12ecb8b2af1e,20
True,58290.38042981848,694.2544760505999,11.97998001084306,1.4422877569445256,1.051460912800385,/tmp/csv_runner-2529a47b-6cde-4455-9688-5f6ea2f0d148,20
True,58590.126468368544,694.2544760505999,11.97998001084306,1.4422877569445256,1.051460912800385,/tmp/csv_runner-3cf6fccd-83c9-4e2d-8e55-f6dfd089876b,20
True,61870.5402697447,502.1743826323674,8.326472867640701,1.4016755881391976,1.3320427380463375,/tmp/csv_runner-83fc9586-7249-442a-87ae-c797def26468,21
True,60903.56657494539,502.1743826323674,8.326472867640701,1.4016755881391976,1.3320427380463375,/tmp/csv_runner-64e43512-6c87-4ee2-8a29-033528310c07,21
True,60075.99044149068,502.1743826323674,8.326472867640701,1.4016755881391976,1.3320427380463375,/tmp/csv_runner-3fccd7f8-f565-42ac-afc2-38bc19a950c8,21
True,62106.65895453685,502.1743826323674,8.326472867640701,1.4016755881391976,1.3320427380463375,/tmp/csv_runner-8aba0505-8e6c-4208-9f20-f90bdb3ea292,21
True,61010.58991465454,502.1743826323674,8.326472867640701,1.4016755881391976,1.3320427380463375,/tmp/csv_runner-9772ff93-d4d8-4499-9286-6654c7201eed,21
True,24987.519910992447,683.887590689934,5.759033220116184,1.133346981134007,0.8017553932917098,/tmp/csv_runner-a685b5cf-2288-43e3-ab78-7ac50cdec204,22
True,25086.50328208184,683.887590689934,5.759033220116184,1.133346981134007,0.8017553932917098,/tmp/csv_runner-0880eb48-d96d-4312-8579-f63b6fc2bdf4,22
True,25006.774214372097,683.887590689934,5.759033220116184,1.133346981134007,0.8017553932917098,/tmp/csv_runner-658c7bba-1396-4506-bf11-bc523c3714db,22
True,24785.560519138453,683.887590689934,5.759033220116184,1.133346981134007,0.8017553932917098,/tmp/csv_runner-5d3272e0-5691-4672-969d-03ea283854bf,22
True,24758.686783469155,683.887590689934,5.759033220116184,1.133346981134007,0.8017553932917098,/tmp/csv_runner-04f453c9-76a1-4133-b6f6-2ee067cf9b97,22
True,326882.4946987557,981.5380237631528,8.616889778033476,1.125921840135682,1.4916472664284313,/tmp/csv_runner-e91a8da8-f453-44be-a90e-99b4be944f0a,23
True,329684.16594444815,981.5380237631528,8.616889778033476,1.125921840135682,1.4916472664284313,/tmp/csv_runner-b2a769f9-e0ed-44e0-aac5-dc1ade3fcf4b,23
True,329598.6883488398,981.5380237631528,8.616889778033476,1.125921840135682,1.4916472664284313,/tmp/csv_runner-d0e5a51b-591b-48ea-b962-0ddd795e6ad5,23
True,330471.1646272162,981.5380237631528,8.616889778033476,1.125921840135682,1.4916472664284313,/tmp/csv_runner-c78023ec-df5f-4694-8e6e-d453f9c35ecb,23
True,331193.5402166898,981.5380237631528,8.616889778033476,1.125921840135682,1.4916472664284313,/tmp/csv_runner-32ed58ba-9e33-4f24-bfc2-70d0bee0a9d2,23
True,106891.80788177428,979.5279158386892,3.659998180684496,1.059100786966659,0.9600819194779662,/tmp/csv_runner-3e5101f8-1772-46a6-a6af-c6ea8109d8b5,24
True,107168.92478430751,979.5279158386892,3.659998180684496,1.059100786966659,0.9600819194779662,/tmp/csv_runner-2079f25a-3412-4d51-bcca-78f59019dfea,24
True,106450.6550051235,979.5279158386892,3.659998180684496,1.059100786966659,0.9600819194779662,/tmp/csv_runner-838ddd4a-8ee1-4f0f-b783-b7380ee575fb,24
True,107344.2508780255,979.5279158386892,3.659998180684496,1.059100786966659,0.9600819194779662,/tmp/csv_runner-0c399999-4686-40e4-8898-fc76c1034b40,24
True,107304.18285238034,979.5279158386892,3.659998180684496,1.059100786966659,0.9600819194779662,/tmp/csv_runner-dad8d44d-d2db-4298-bf84-e619a56b4889,24
True,65958.41406259366,890.519833112988,11.38165208226401,1.1248722298197833,0.9450459796043612,/tmp/csv_runner-644924b1-b7e6-4e48-a428-c632fb3ff4f9,25
True,64590.49770758976,890.519833112988,11.38165208226401,1.1248722298197833,0.9450459796043612,/tmp/csv_runner-c90fa8cb-dd9d-47dd-b200-4c41c6b66a70,25
True,65689.09714149669,890.519833112988,11.38165208226401,1.1248722298197833,0.9450459796043612,/tmp/csv_runner-900933e2-cc2d-41cb-89e5-17339cfbbebc,25
True,65450.44027419339,890.519833112988,11.38165208226401,1.1248722298197833,0.9450459796043612,/tmp/csv_runner-f7013eef-8a11-48f4-9bec-779100f1a3f2,25
True,65026.275487876,890.519833112988,11.38165208226401,1.1248722298197833,0.9450459796043612,/tmp/csv_runner-8c7cf551-7fbb-4b02-8070-9b88635cbde4,25
True,292553.32588178857,993.4428640780128,5.48754251089172,1.2029344633259198,1.2431194757681157,/tmp/csv_runner-1d3c04cd-ef56-4177-b275-d48896225f9c,26
True,293023.56894270214,993.4428640780128,5.48754251089172,1.2029344633259198,1.2431194757681157,/tmp/csv_runner-f535d7e6-9f35-4a68-8c7f-9fd690071dba,26
True,294441.13761848304,993.4428640780128,5.48754251089172,1.2029344633259198,1.2431194757681157,/tmp/csv_runner-0c00bfbd-4765-4074-8dfd-e147d18ffd00,26
True,289930.7671608622,993.4428640780128,5.48754251089172,1.2029344633259198,1.2431194757681157,/tmp/csv_runner-b8a47da3-2fdd-41a6-8307-dda9dea96883,26
True,289789.67351713614,993.4428640780128,5.48754251089172,1.2029344633259198,1.2431194757681157,/tmp/csv_runner-c1b38aac-8fa4-460a-ab68-269c6c4f9016,26
True,-1004.1098066525952,610.1433116122888,11.007406533569384,1.052668137604747,0.8076177539619812,/tmp/csv_runner-74a86c02-514d-40ca-b936-a38dcb39f0a7,27
True,-1007.1019021501096,610.1433116122888,11.007406533569384,1.052668137604747,0.8076177539619812,/tmp/csv_runner-74a8b0c5-7a34-45cf-84a5-5f264cd4336b,27
True,-1006.6081963240324,610.1433116122888,11.007406533569384,1.052668137604747,0.8076177539619812,/tmp/csv_runner-cf9a3a30-efff-42f2-a48d-2bd9bc253af5,27
True,-1021.970362275832,610.1433116122888,11.007406533569384,1.052668137604747,0.8076177539619812,/tmp/csv_runner-67ee3b32-415c-41eb-ae85-6653a0dd06de,27
True,-997.37763907956,610.1433116122888,11.007406533569384,1.052668137604747,0.8076177539619812,/tmp/csv_runner-650f9491-c67b-44d2-ba05-4cfc1009872f,27
True,166241.94950345258,827.9295206228373,11.727871544567924,1.175982399848801,1.4244047692034898,/tmp/csv_runner-f0f694a6-54a3-4d46-8a91-4f29e45a07a9,28
True,165522.6300584263,827.9295206228373,11.727871544567924,1.175982399848801,1.4244047692034898,/tmp/csv_runner-3b8531e0-c62a-4846-b34d-b9842e773d2f,28
True,170041.73932711998,827.9295206228373,11.727871544567924,1.175982399848801,1.4244047692034898,/tmp/csv_runner-600003d4-7a5c-41c1-b146-aa4171040b0f,28
True,169333.53334597152,827.9295206228373,11.727871544567924,1.175982399848801,1.4244047692034898,/tmp/csv_runner-feac65a7-e592-4a7b-9f22-361a84e140c5,28
True,10005.255508807591,517.0981323268355,4.216102019084325,1.2850490308760103,0.8159863172803481,/tmp/csv_runner-e1af8c5c-c728-46b0-9dfd-57c58d60f28d,29
True,10127.479922994182,517.0981323268355,4.216102019084325,1.2850490308760103,0.8159863172803481,/tmp/csv_runner-bfe1c74e-edda-47bd-8894-0e13a1afee69,29
True,10100.16348564327,517.0981323268355,4.216102019084325,1.2850490308760103,0.8159863172803481,/tmp/csv_runner-8f89a9c1-2359-41ae-96c7-250f49180b8a,29
True,10178.116487290255,517.0981323268355,4.216102019084325,1.2850490308760103,0.8159863172803481,/tmp/csv_runner-0a281347-7448-4b4d-bd19-6901a73f3b09,29
True,9987.122887293566,517.0981323268355,4.216102019084325,1.2850490308760103,0.8159863172803481,/tmp/csv_runner-6297c548-7ef0-40ee-9e45-01a07d84017d,29
True,283338.8235127112,632.8279738553206,4.372362138689576,1.3603371953023136,1.4783079155310452,/tmp/csv_runner-54f40e91-3fe5-4fe1-880a-7ec585c78050,30
True,285146.5084375274,632.8279738553206,4.372362138689576,1.3603371953023136,1.4783079155310452,/tmp/csv_runner-20321cd2-4c72-440e-9124-17a75c61d391,30
True,283474.9298152338,632.8279738553206,4.372362138689576,1.3603371953023136,1.4783079155310452,/tmp/csv_runner-f9f70fa1-a159-45d7-ab11-ffdd48f7dfa6,30
True,283146.30691122025,632.8279738553206,4.372362138689576,1.3603371953023136,1.4783079155310452,/tmp/csv_runner-c21bf596-6135-4e29-97f3-71af379bacc3,30
True,33779.82793214488,524.4831922723794,9.935933545554176,1.0160995182849548,1.224065275990964,/tmp/csv_runner-43a6c257-54ef-41a2-aa60-979766204db6,31
True,34073.19780122736,524.4831922723794,9.935933545554176,1.0160995182849548,1.224065275990964,/tmp/csv_runner-7202fd0b-d878-4560-9b82-ac81416b1254,31
True,33572.925696057115,524.4831922723794,9.935933545554176,1.0160995182849548,1.224065275990964,/tmp/csv_runner-8804ac6b-7230-4028-85e1-9fa6ea2b4ea9,31
True,33703.00591483114,524.4831922723794,9.935933545554176,1.0160995182849548,1.224065275990964,/tmp/csv_runner-803341a6-ccdf-4c8d-83b9-5f4a68ebaa85,31
True,34074.697305707195,524.4831922723794,9.935933545554176,1.0160995182849548,1.224065275990964,/tmp/csv_runner-8dd24b02-522a-4be5-b75f-6f3182d3ee91,31
True,97398.0339090233,993.7644633646894,5.610260689539925,1.283589426528568,0.8230050668410082,/tmp/csv_runner-d98e1455-5cec-494c-aa52-df4e68f86d2a,32
True,98377.6100510864,993.7644633646894,5.610260689539925,1.283589426528568,0.8230050668410082,/tmp/csv_runner-da11a2ad-fa88-4bf8-82f5-07ec8c854047,32
True,98269.9473066393,993.7644633646894,5.610260689539925,1.283589426528568,0.8230050668410082,/tmp/csv_runner-0d6fd9ce-1afe-42b1-bb07-40808fdc9879,32
True,97580.83311544424,993.7644633646894,5.610260689539925,1.283589426528568,0.8230050668410082,/tmp/csv_runner-f1c55568-5ef5-473f-8bb3-e09b1da3a7c5,32
True,99405.0346580303,993.7644633646894,5.610260689539925,1.283589426528568,0.8230050668410082,/tmp/csv_runner-1c842a74-c47f-4e76-af2f-31c717f82cd7,32
True,-393.6020473373098,541.1352157073758,11.044315979085614,1.3889825882353026,0.8415143809096691,/tmp/csv_runner-aab5b95c-08e8-4cb6-8e1f-8155bf837499,33
True,-397.1770577716893,541.1352157073758,11.044315979085614,1.3889825882353026,0.8415143809096691,/tmp/csv_runner-d8349b53-b74b-4461-b0f0-b21f27dff781,33
True,-393.8612754856122,541.1352157073758,11.044315979085614,1.3889825882353026,0.8415143809096691,/tmp/csv_runner-7bbec514-b9e1-44a4-b4f0-de1cce80325e,33
True,-391.80738086792456,541.1352157073758,11.044315979085614,1.3889825882353026,0.8415143809096691,/tmp/csv_runner-d774c7a5-c1b2-43c5-85d4-dc7da98418f9,33
True,-389.9990932051055,541.1352157073758,11.044315979085614,1.3889825882353026,0.8415143809096691,/tmp/csv_runner-7e39b11f-5974-4609-ac09-76f718654ab1,33
True,132292.05111118715,592.8911032762462,6.932004295675947,1.032847312984795,1.4616040286132446,/tmp/csv_runner-6d2da963-c435-4efd-8f3c-6aee06bfeebe,34
True,132443.7536782864,592.8911032762462,6.932004295675947,1.032847312984795,1.4616040286132446,/tmp/csv_runner-d337fad8-ce5e-4251-b5e7-7d6faae24e72,34
True,133058.21532218333,592.8911032762462,6.932004295675947,1.032847312984795,1.4616040286132446,/tmp/csv_runner-e060d7ed-b46a-4d94-9e6a-1f85b0949c55,34
True,134269.81876728268,592.8911032762462,6.932004295675947,1.032847312984795,1.4616040286132446,/tmp/csv_runner-4b4b5af5-5f8a-42e3-8a9d-cebc763fd146,34
True,133946.85271259412,592.8911032762462,6.932004295675947,1.032847312984795,1.4616040286132446,/tmp/csv_runner-65001c04-2238-496b-a148-8ef566014df0,34
True,134417.46505169693,773.0375376191196,3.705954792113232,1.433781035453917,0.921564277138504,/tmp/csv_runner-1a879858-b219-476b-81f9-d1003e2dbcc2,35
True,133807.35992957643,773.0375376191196,3.705954792113232,1.433781035453917,0.921564277138504,/tmp/csv_runner-f24a5889-e4e8-4282-b7c5-417df1c242a6,35
True,134857.42551111092,773.0375376191196,3.705954792113232,1.433781035453917,0.921564277138504,/tmp/csv_runner-ad5aba0b-3ef9-4df0-b75f-4b88a13675ca,35
True,135108.11328787144,773.0375376191196,3.705954792113232,1.433781035453917,0.921564277138504,/tmp/csv_runner-d734876c-09ac-47ba-8df6-1c23c2a7c45e,35
True,134402.3157573386,773.0375376191196,3.705954792113232,1.433781035453917,0.921564277138504,/tmp/csv_runner-03447fc7-c826-4f05-bf98-8d9f998bd0c9,35
True,305072.31411799905,743.6409591249218,4.253137736977755,1.065782820823996,1.4754115038531128,/tmp/csv_runner-e6e96f34-a8c4-4690-bdaf-37771c9d2283,36
True,303557.6732659469,743.6409591249218,4.253137736977755,1.065782820823996,1.4754115038531128,/tmp/csv_runner-223bd095-4bd7-4245-b87e-da922ace3b65,36
True,306865.18368880113,743.6409591249218,4.253137736977755,1.065782820823996,1.4754115038531128,/tmp/csv_runner-ea13e3e2-5901-4797-9b14-5ded76c0970d,36
True,307993.81784385606,743.6409591249218,4.253137736977755,1.065782820823996,1.4754115038531128,/tmp/csv_runner-2a29c29f-3a4e-4171-9f92-6e36a5e633d3,36
True,309365.1803946229,743.6409591249218,4.253137736977755,1.065782820823996,1.4754115038531128,/tmp/csv_runner-ab6986f3-ed23-4d38-8982-285c3eafd73d,36
True,186949.7460772725,933.4505113724844,9.480875948028531,1.4910514594168167,1.0631756677386477,/tmp/csv_runner-96c576ea-d8ef-4903-88b1-ff6820e9db41,37
True,186320.4163341397,933.4505113724844,9.480875948028531,1.4910514594168167,1.0631756677386477,/tmp/csv_runner-f3c94486-f729-4603-9a88-866e78b835d5,37
True,187433.6642598617,933.4505113724844,9.480875948028531,1.4910514594168167,1.0631756677386477,/tmp/csv_runner-bc6b8b4d-770b-4141-9385-ef4c82d8e9ca,37
True,184700.91915186463,933.4505113724844,9.480875948028531,1.4910514594168167,1.0631756677386477,/tmp/csv_runner-a25dc526-4e7d-43e7-81d6-9c43b9b49a92,37
True,185783.1194270985,933.4505113724844,9.480875948028531,1.4910514594168167,1.0631756677386477,/tmp/csv_runner-da368253-4086-427d-a998-b673b57250a2,37
True,27719.9213255292,639.9042331442304,7.43137743796604,1.4401834702126803,0.8485820953504954,/tmp/csv_runner-2546ae9e-43e0-4b00-a065-d307198b224f,38
True,27940.204422348605,639.9042331442304,7.43137743796604,1.4401834702126803,0.8485820953504954,/tmp/csv_runner-d7b64dc2-2165-4bce-91dd-4fc20204bc06,38
True,28055.8606766623,639.9042331442304,7.43137743796604,1.4401834702126803,0.8485820953504954,/tmp/csv_runner-34fa61ce-dcd3-4381-88c5-7f6536a88409,38
True,27498.067924010964,639.9042331442304,7.43137743796604,1.4401834702126803,0.8485820953504954,/tmp/csv_runner-d21c478a-9646-43b9-ac20-7d05e4e05fc2,38
True,28352.91979882913,639.9042331442304,7.43137743796604,1.4401834702126803,0.8485820953504954,/tmp/csv_runner-736c6c7f-fee3-4886-bbee-1ffa0ff80142,38
True,311823.6826653082,799.3922615750733,3.8576318687348174,1.4057142326191738,1.274138788393861,/tmp/csv_runner-8a486b92-562e-425d-95ec-ae7978274aac,39
True,314532.3071633807,799.3922615750733,3.8576318687348174,1.4057142326191738,1.274138788393861,/tmp/csv_runner-a5c33a63-31af-44e4-af3f-c4b0dfa7ce4a,39
True,315922.987116683,799.3922615750733,3.8576318687348174,1.4057142326191738,1.274138788393861,/tmp/csv_runner-7ea5c8ac-fc45-4709-b48b-66492b31c7fa,39
True,314557.29047933273,799.3922615750733,3.8576318687348174,1.4057142326191738,1.274138788393861,/tmp/csv_runner-698ea927-86fa-4314-8f9b-a9a50d37fe16,39
True,314541.2813093333,799.3922615750733,3.8576318687348174,1.4057142326191738,1.274138788393861,/tmp/csv_runner-0a81519d-20be-47f7-b865-031d10f09b8b,39
True,46498.80377984588,549.2153532910331,10.304278096710853,1.4437325687580598,1.164654034884714,/tmp/csv_runner-61d3418a-d6f4-4619-82c6-0ca7672a2d36,40
True,46533.639076588086,549.2153532910331,10.304278096710853,1.4437325687580598,1.164654034884714,/tmp/csv_runner-789dfeb6-ae23-41d5-a721-1189fa38c716,40
True,46897.47093828065,549.2153532910331,10.304278096710853,1.4437325687580598,1.164654034884714,/tmp/csv_runner-acf1f5ac-5bf8-4d15-9d4e-0da26e1cc788,40
True,45896.11601318155,549.2153532910331,10.304278096710853,1.4437325687580598,1.164654034884714,/tmp/csv_runner-35e0e219-67b0-402f-bf57-716a248ea3bb,40
True,46445.0755601177,549.2153532910331,10.304278096710853,1.4437325687580598,1.164654034884714,/tmp/csv_runner-7280dce4-4412-4abc-9d52-9f421a3e037a,40
True,219921.5982144978,989.4345195251568,9.062898887461904,1.0973311405083797,1.2106447759121932,/tmp/csv_runner-96dbd510-9a52-4f93-9da1-701c47e0a1a9,41
True,224780.53107321396,989.4345195251568,9.062898887461904,1.0973311405083797,1.2106447759121932,/tmp/csv_runner-f9d4c402-ed11-42d0-bc5b-521fff05e7c4,41
True,225701.42584890357,989.4345195251568,9.062898887461904,1.0973311405083797,1.2106447759121932,/tmp/csv_runner-4eefd587-76ce-4ce2-bc92-e95c797973b0,41
True,224607.00835964797,989.4345195251568,9.062898887461904,1.0973311405083797,1.2106447759121932,/tmp/csv_runner-e043086e-8fb4-4a53-8dfb-9deffb3d854a,41
True,223018.78679054973,989.4345195251568,9.062898887461904,1.0973311405083797,1.2106447759121932,/tmp/csv_runner-26cfb078-070b-4573-a670-6c4ab996135a,41
True,71960.49800370206,921.888720113632,5.426364712860607,1.0288672362076434,0.8460262298293865,/tmp/csv_runner-62b317a3-c165-430d-a13a-dc366526fa63,42
True,74056.01141451637,921.888720113632,5.426364712860607,1.0288672362076434,0.8460262298293865,/tmp/csv_runner-c87e3b2f-817b-40a8-b9da-3631c86fc22a,42
True,73350.25416067628,921.888720113632,5.426364712860607,1.0288672362076434,0.8460262298293865,/tmp/csv_runner-f627220c-db22-4265-8b7a-fd2c4464071c,42
True,72179.97112335984,921.888720113632,5.426364712860607,1.0288672362076434,0.8460262298293865,/tmp/csv_runner-65d77f30-ce30-4667-96d9-e033b9057666,42
True,73067.8496024571,921.888720113632,5.426364712860607,1.0288672362076434,0.8460262298293865,/tmp/csv_runner-15e0a3e0-962a-41a0-ba5b-be5ebce10f82,42
True,158064.3446701311,545.3125632357853,3.642398657057811,1.356157126592673,1.238446455140799,/tmp/csv_runner-0b960e6c-4c4e-4987-b1c1-91bab9a0ef83,43
True,160413.2866198152,545.3125632357853,3.642398657057811,1.356157126592673,1.238446455140799,/tmp/csv_runner-64bbcd16-26e1-4581-b59a-64a775fe173a,43
True,158286.27647934982,545.3125632357853,3.642398657057811,1.356157126592673,1.238446455140799,/tmp/csv_runner-b39dcfee-c8b1-4f58-acd6-ce335f28dc72,43
True,159557.48443758994,545.3125632357853,3.642398657057811,1.356157126592673,1.238446455140799,/tmp/csv_runner-eeb123c4-f9e8-4730-96db-a423d57889b9,43
True,160345.14404979307,545.3125632357853,3.642398657057811,1.356157126592673,1.238446455140799,/tmp/csv_runner-ceee9ead-955c-433b-be84-1ceebd013052,43
True,322418.1567923381,873.5922295690568,5.690798295772708,1.0149135292925415,1.458244913117597,/tmp/csv_runner-d8e8bf90-fa61-41af-b892-db5674a5392f,44
True,328315.961118619,873.5922295690568,5.690798295772708,1.0149135292925415,1.458244913117597,/tmp/csv_runner-b0c145e3-5849-408a-b4ec-f91d43f951db,44
True,322617.65261904814,873.5922295690568,5.690798295772708,1.0149135292925415,1.458244913117597,/tmp/csv_runner-682a4c52-97c0-4388-a8d6-ef1074643d90,44
True,324577.4372431148,873.5922295690568,5.690798295772708,1.0149135292925415,1.458244913117597,/tmp/csv_runner-8c9019c9-76b5-4266-a9c7-21631e20eea2,44
True,34958.14247130394,553.530354230629,7.419598531582857,1.0104285515850495,0.9858027721755028,/tmp/csv_runner-f0d6e0e7-6780-477b-8119-a8dabbec61dd,45
True,34917.36324646702,553.530354230629,7.419598531582857,1.0104285515850495,0.9858027721755028,/tmp/csv_runner-96b5f48d-e57f-41a3-a078-10ea2396a347,45
True,34109.933602792924,553.530354230629,7.419598531582857,1.0104285515850495,0.9858027721755028,/tmp/csv_runner-96913fd1-6bc8-4ba4-aab9-4222c3828f14,45
True,34276.35720614159,553.530354230629,7.419598531582857,1.0104285515850495,0.9858027721755028,/tmp/csv_runner-ae9371d4-acb2-4081-a3ed-8441b875e006,45
True,34688.94843804126,553.530354230629,7.419598531582857,1.0104285515850495,0.9858027721755028,/tmp/csv_runner-ffea20fb-824b-430b-84bd-cd1fcab7cf98,45
True,104157.04378135734,688.5387313304253,9.965850342153107,1.0216713785722846,1.3321646346570892,/tmp/csv_runner-b1cfb0da-b679-4023-9d83-96a4c979e694,46
True,105094.03579167054,688.5387313304253,9.965850342153107,1.0216713785722846,1.3321646346570892,/tmp/csv_runner-79c01705-e027-43f6-9184-831c2b72b8ac,46
True,103261.22267993612,688.5387313304253,9.965850342153107,1.0216713785722846,1.3321646346570892,/tmp/csv_runner-5c5e536a-19ea-4ba7-b68a-1bad7261c9ea,46
True,103383.08909295197,688.5387313304253,9.965850342153107,1.0216713785722846,1.3321646346570892,/tmp/csv_runner-21e669a9-f46d-4a1e-a6d6-a33131a93a27,46
True,104268.78076339544,688.5387313304253,9.965850342153107,1.0216713785722846,1.3321646346570892,/tmp/csv_runner-ab58ea5a-1107-4b76-ba57-7333440b3bc6,46
True,290154.891394779,896.9112442279616,9.072622302662662,1.2606556797181812,1.4389806598706207,/tmp/csv_runner-85cb8156-1727-4ebf-a923-97995951c016,47
True,293627.2086137917,896.9112442279616,9.072622302662662,1.2606556797181812,1.4389806598706207,/tmp/csv_runner-de2d0132-4903-4727-b4bf-0503959e1806,47
True,294488.31939022685,896.9112442279616,9.072622302662662,1.2606556797181812,1.4389806598706207,/tmp/csv_runner-88cf4c04-e35e-498b-9030-cdfa04597953,47
True,293618.49875822023,896.9112442279616,9.072622302662662,1.2606556797181812,1.4389806598706207,/tmp/csv_runner-737c7b49-f9d6-40ff-817d-70ea79460147,47
True,160226.61172672868,671.6128102975699,7.606214943260309,1.4460720810714496,1.2575190945788577,/tmp/csv_runner-ef70d28b-9c80-4fa0-80f5-9e26b3f0389e,48
True,162602.2668055438,671.6128102975699,7.606214943260309,1.4460720810714496,1.2575190945788577,/tmp/csv_runner-ea4aa08e-4a0d-479b-84a7-6126f1015565,48
True,161192.852772593,671.6128102975699,7.606214943260309,1.4460720810714496,1.2575190945788577,/tmp/csv_runner-06edd3fd-d6b1-4969-b5bb-1749e5f18f2a,48
True,161291.46780857636,671.6128102975699,7.606214943260309,1.4460720810714496,1.2575190945788577,/tmp/csv_runner-e55710dc-8a14-41b8-8dc0-737f5534ea25,48
True,163038.7887778099,671.6128102975699,7.606214943260309,1.4460720810714496,1.2575190945788577,/tmp/csv_runner-bdef7838-f8be-465c-a088-7af00009b034,48
True,43325.53505378433,911.9711445417136,10.140771097110864,1.2185784811095004,0.8057000320067735,/tmp/csv_runner-2dedbcef-0124-446b-820a-3539a39a2fba,49
True,43015.7657184845,911.9711445417136,10.140771097110864,1.2185784811095004,0.8057000320067735,/tmp/csv_runner-15a78a55-9e0a-4aa0-a0d6-0a314dca939e,49
True,42928.115596116775,911.9711445417136,10.140771097110864,1.2185784811095004,0.8057000320067735,/tmp/csv_runner-b64ccfbc-3979-4e00-9212-686eb9ace2af,49
True,44181.717868815744,911.9711445417136,10.140771097110864,1.2185784811095004,0.8057000320067735,/tmp/csv_runner-b8152a87-abb0-479e-87e4-4a2532a344cd,49
True,43272.502444115424,911.9711445417136,10.140771097110864,1.2185784811095004,0.8057000320067735,/tmp/csv_runner-df956d4c-58d7-43ba-ba5c-d169f12063e7,49
True,93723.19008226309,747.9861652148592,10.308046922216768,1.463062203287511,1.056481621628355,/tmp/csv_runner-9466c7cb-8ef7-4b8d-ab24-c96f834599ca,50
True,92174.92604799976,747.9861652148592,10.308046922216768,1.463062203287511,1.056481621628355,/tmp/csv_runner-37638ece-6b17-492f-8ed3-2562c040c6b9,50
True,94739.07965771711,747.9861652148592,10.308046922216768,1.463062203287511,1.056481621628355,/tmp/csv_runner-cb2b7776-a1dc-4f75-98c3-17c12b8c546e,50
True,94697.45984807772,747.9861652148592,10.308046922216768,1.463062203287511,1.056481621628355,/tmp/csv_runner-32c0946e-de4d-4b47-8c9e-9e2908fa2519,50
True,93954.08630153124,747.9861652148592,10.308046922216768,1.463062203287511,1.056481621628355,/tmp/csv_runner-760ce36c-2b89-472c-9717-003f7a7c144e,50
True,150258.4210882837,894.9463819935107,11.726455463077068,1.4392337191722318,1.1284895559613408,/tmp/csv_runner-9def9306-6833-4650-a12e-ba388833c890,51
True,149336.69031238393,894.9463819935107,11.726455463077068,1.4392337191722318,1.1284895559613408,/tmp/csv_runner-606e6071-2f2b-41a4-8fb1-43af2820124a,51
True,149425.29097805783,894.9463819935107,11.726455463077068,1.4392337191722318,1.1284895559613408,/tmp/csv_runner-a1ff29cb-13d9-421e-a320-aaefba3326bf,51
True,147984.82792145095,894.9463819935107,11.726455463077068,1.4392337191722318,1.1284895559613408,/tmp/csv_runner-f741c11e-c5b3-4c63-9dfc-4072f75adaed,51
True,148343.66290632507,894.9463819935107,11.726455463077068,1.4392337191722318,1.1284895559613408,/tmp/csv_runner-eef777a4-71a4-4cae-8050-77a73e712a57,51
True,99612.3147750585,620.2504126164222,10.34911239752559,1.2461311980162064,1.486625134065262,/tmp/csv_runner-095bf8cc-a800-4f56-a969-dec755b3a04c,52
True,98431.74738095143,620.2504126164222,10.34911239752559,1.2461311980162064,1.486625134065262,/tmp/csv_runner-d5d09fb9-d9b8-4d03-8252-c10727083fe5,52
True,99825.15026820674,620.2504126164222,10.34911239752559,1.2461311980162064,1.486625134065262,/tmp/csv_runner-087c73e8-6de3-4d83-8569-470d6274714f,52
True,99152.52574442356,620.2504126164222,10.34911239752559,1.2461311980162064,1.486625134065262,/tmp/csv_runner-962b75fe-5d9e-4e6f-a771-9ef7c032d9c0,52
True,99515.47965076676,620.2504126164222,10.34911239752559,1.2461311980162064,1.486625134065262,/tmp/csv_runner-c71ae271-3fb1-4725-82b8-b8580c1e77c6,52
True,230914.3946540842,902.6688581076917,7.02802718575416,1.0804769218528596,1.2076560522083175,/tmp/csv_runner-d352e49f-e62f-4c07-8c63-43ea9b9bc2af,53
True,231792.583639026,902.6688581076917,7.02802718575416,1.0804769218528596,1.2076560522083175,/tmp/csv_runner-27fb0225-58c0-4899-9afe-e69367ed215d,53
True,230329.336905262,902.6688581076917,7.02802718575416,1.0804769218528596,1.2076560522083175,/tmp/csv_runner-19dd870e-3930-431d-9e69-aa2b42dc8765,53
True,231399.8043435342,902.6688581076917,7.02802718575416,1.0804769218528596,1.2076560522083175,/tmp/csv_runner-676863f9-22e6-4bd4-8393-1b74e5d5f108,53
True,230294.4183182925,902.6688581076917,7.02802718575416,1.0804769218528596,1.2076560522083175,/tmp/csv_runner-a259877d-58d7-49d6-9b40-a1e36e3b62df,53
True,104283.60663465138,949.0377103289732,8.295191865746686,1.4462971224520749,0.8609621020467096,/tmp/csv_runner-d0ed87fb-2ae5-4553-8dd5-7d23b2861523,54
True,104630.96291825916,949.0377103289732,8.295191865746686,1.4462971224520749,0.8609621020467096,/tmp/csv_runner-b144fe3b-0153-4790-b3c4-f93cb1acaa04,54
True,104651.01143802002,949.0377103289732,8.295191865746686,1.4462971224520749,0.8609621020467096,/tmp/csv_runner-684ebb23-5122-449c-b209-f9970567e07e,54
True,105040.6794902246,949.0377103289732,8.295191865746686,1.4462971224520749,0.8609621020467096,/tmp/csv_runner-7ccec668-83a1-4edd-85a6-adc051316786,54
True,104408.74108405996,949.0377103289732,8.295191865746686,1.4462971224520749,0.8609621020467096,/tmp/csv_runner-8906daee-1e67-46d8-9517-0fb17ef0e5fa,54
True,96803.9799623418,511.5102642781014,4.548169920029155,1.050010122670082,1.2371897113552186,/tmp/csv_runner-75d255e2-4af1-4686-88fc-e682f16cd388,55
True,97556.17783794097,511.5102642781014,4.548169920029155,1.050010122670082,1.2371897113552186,/tmp/csv_runner-a17db17d-9411-4b77-936a-6bf8414442a5,55
True,97610.72918262264,511.5102642781014,4.548169920029155,1.050010122670082,1.2371897113552186,/tmp/csv_runner-ee635206-ad4f-4472-84aa-3758691c6e2d,55
True,97301.83279262378,511.5102642781014,4.548169920029155,1.050010122670082,1.2371897113552186,/tmp/csv_runner-54b1323c-da1e-44de-baa5-746246c9bc0e,55
True,97241.67988091764,511.5102642781014,4.548169920029155,1.050010122670082,1.2371897113552186,/tmp/csv_runner-5332ea12-7cf5-44d2-90e5-3b12e1d1cc09,55
True,101684.19972338964,597.505038510499,4.944585867350767,1.4474867077975873,1.006703329143891,/tmp/csv_runner-06e5bd7e-ce0d-4ad2-ad50-8ed7defef9eb,56
True,102834.5092075518,597.505038510499,4.944585867350767,1.4474867077975873,1.006703329143891,/tmp/csv_runner-92588bf8-11fe-4be5-9498-dda09ea1cfd6,56
True,103507.16352785018,597.505038510499,4.944585867350767,1.4474867077975873,1.006703329143891,/tmp/csv_runner-dc9db9b8-d016-4280-a205-b08a1363876c,56
True,103262.66604326696,597.505038510499,4.944585867350767,1.4474867077975873,1.006703329143891,/tmp/csv_runner-c2159a5a-ef0b-4b0f-9e44-89fec8c810f2,56
True,103146.6467056014,597.505038510499,4.944585867350767,1.4474867077975873,1.006703329143891,/tmp/csv_runner-9050387a-ed18-41ed-b8ca-ba54908c4724,56
True,-1177.7569931303235,514.3914372729251,9.734746657549715,1.3469407984517134,0.937517151446245,/tmp/csv_runner-7d47399c-9459-4c70-ad5a-0716e613a6c6,57
True,-1177.05125608037,514.3914372729251,9.734746657549715,1.3469407984517134,0.937517151446245,/tmp/csv_runner-dc6291cf-6ac8-4abd-b784-01e9cb493db1,57
True,-1182.2346680443725,514.3914372729251,9.734746657549715,1.3469407984517134,0.937517151446245,/tmp/csv_runner-423dc284-3f52-4f3c-a227-06db80cf9c07,57
True,-1190.982219872054,514.3914372729251,9.734746657549715,1.3469407984517134,0.937517151446245,/tmp/csv_runner-2f041dfc-7149-474d-bb57-84716fac986a,57
True,-1199.9596753234969,514.3914372729251,9.734746657549715,1.3469407984517134,0.937517151446245,/tmp/csv_runner-0ac23c3a-8ab7-4ba8-959a-1d1a2c5de0dd,57
True,252855.2830344178,920.836063392559,11.1108205080419,1.2144072780257036,1.4739959235261706,/tmp/csv_runner-f08fb9d2-b624-4f34-bb48-00737bd7780d,58
True,249570.68501123125,920.836063392559,11.1108205080419,1.2144072780257036,1.4739959235261706,/tmp/csv_runner-b6930889-c996-4c0a-83f0-ac1741476608,58
True,246468.6806798845,920.836063392559,11.1108205080419,1.2144072780257036,1.4739959235261706,/tmp/csv_runner-ccadf93b-e941-409f-9cf9-2a47647104fd,58
True,248391.2405210345,920.836063392559,11.1108205080419,1.2144072780257036,1.4739959235261706,/tmp/csv_runner-9f37169e-5238-4a7c-b61b-d970b7a2e839,58
True,166140.0634202954,744.4578065685173,5.528485217037136,1.0075414784916972,1.1267943072056903,/tmp/csv_runner-1a353107-5647-4cef-ab61-6263f8e68942,59
True,164405.45748051698,744.4578065685173,5.528485217037136,1.0075414784916972,1.1267943072056903,/tmp/csv_runner-eb452cc2-8105-488b-b579-4295e7dcdf1b,59
True,166874.5474152965,744.4578065685173,5.528485217037136,1.0075414784916972,1.1267943072056903,/tmp/csv_runner-e3942583-893e-4997-b146-3c34ecb7e9c7,59
True,164695.61611637304,744.4578065685173,5.528485217037136,1.0075414784916972,1.1267943072056903,/tmp/csv_runner-52d42a26-631e-4546-9661-33ff0a08d398,59
True,163900.2488425378,744.4578065685173,5.528485217037136,1.0075414784916972,1.1267943072056903,/tmp/csv_runner-fb0ca8f6-4508-47e0-b7e3-b81766d01657,59
True,229187.3107676849,996.8610251729464,6.193225833342241,1.300026769530588,1.0408515770103184,/tmp/csv_runner-7704bcb6-901d-4c73-b2ca-f3cf1077dd53,60
True,227996.76225676795,996.8610251729464,6.193225833342241,1.300026769530588,1.0408515770103184,/tmp/csv_runner-538cdf02-1f85-4def-ae67-56c587d0b3a7,60
True,229648.230829658,996.8610251729464,6.193225833342241,1.300026769530588,1.0408515770103184,/tmp/csv_runner-aa6a6c53-d1bf-4085-bdb0-195723e06efd,60
True,227556.94664346104,996.8610251729464,6.193225833342241,1.300026769530588,1.0408515770103184,/tmp/csv_runner-5c30fad3-c649-4342-a135-0bdf0489ab4c,60
True,228475.5028278028,996.8610251729464,6.193225833342241,1.300026769530588,1.0408515770103184,/tmp/csv_runner-4c62d4c5-bdae-434b-85bf-e0c657302b7c,60
True,43491.20656304639,626.2727017539264,11.356018402984104,1.2187861779866636,1.103921047846837,/tmp/csv_runner-de150f41-2883-410e-88ec-1fb5d78aac3f,61
True,44005.35230101804,626.2727017539264,11.356018402984104,1.2187861779866636,1.103921047846837,/tmp/csv_runner-cc863c82-ca8f-46cf-ab1e-266931d96e34,61
True,44688.65453667402,626.2727017539264,11.356018402984104,1.2187861779866636,1.103921047846837,/tmp/csv_runner-bf17c83b-e811-499a-b94a-9af0ebf83f98,61
True,43860.61935275635,626.2727017539264,11.356018402984104,1.2187861779866636,1.103921047846837,/tmp/csv_runner-92f29cb0-3564-4b4f-a849-1b3bc13826be,61
True,43952.36530087493,626.2727017539264,11.356018402984104,1.2187861779866636,1.103921047846837,/tmp/csv_runner-04605964-a859-4673-b926-c49344ef9b68,61
True,106841.96899749096,653.2558898303918,11.395366913516188,1.4529626046819089,1.4303356319070728,/tmp/csv_runner-1c43a2ec-9721-4a51-9c3c-285f00c8a443,62
True,108016.80230751986,653.2558898303918,11.395366913516188,1.4529626046819089,1.4303356319070728,/tmp/csv_runner-eeed78f7-7d07-49ac-8c97-8724a819e0c4,62
True,107276.92998806835,653.2558898303918,11.395366913516188,1.4529626046819089,1.4303356319070728,/tmp/csv_runner-19af5b1a-4846-4a91-8e11-e9ec8de0308f,62
True,106960.2003621241,653.2558898303918,11.395366913516188,1.4529626046819089,1.4303356319070728,/tmp/csv_runner-3107e8eb-b0df-4e1c-b219-27c2a7580d34,62
True,108428.50263799832,653.2558898303918,11.395366913516188,1.4529626046819089,1.4303356319070728,/tmp/csv_runner-0a836a45-837b-44e0-8e84-b0b27a3682f6,62
True,128719.64264889572,574.5213236601599,7.493311745311633,1.3917900880155945,1.454053764386878,/tmp/csv_runner-cd784e67-6915-4ae0-9438-28853b43f311,63
True,131007.81997914056,574.5213236601599,7.493311745311633,1.3917900880155945,1.454053764386878,/tmp/csv_runner-7d8601a0-7c59-4b89-86dc-9ffdcee5f6e1,63
True,129546.27942371577,574.5213236601599,7.493311745311633,1.3917900880155945,1.454053764386878,/tmp/csv_runner-44340859-541b-47f9-bd50-59129d6e84b5,63
True,129344.11942364056,574.5213236601599,7.493311745311633,1.3917900880155945,1.454053764386878,/tmp/csv_runner-b32bc4be-3a0c-4d2b-8398-26d5c9a424f0,63
True,128754.7440219304,574.5213236601599,7.493311745311633,1.3917900880155945,1.454053764386878,/tmp/csv_runner-5b642753-e8ba-4f87-b53c-5560a8ccc3f9,63
True,356721.4181380814,847.7502954927652,7.208753941349769,1.4893712080573749,1.4062608661684184,/tmp/csv_runner-1d3b544a-8a1d-467d-a4e8-461885c13582,64
True,354314.4074866672,847.7502954927652,7.208753941349769,1.4893712080573749,1.4062608661684184,/tmp/csv_runner-5c437fff-1f51-4e52-b9b1-551c23e25265,64
True,350455.2729477954,847.7502954927652,7.208753941349769,1.4893712080573749,1.4062608661684184,/tmp/csv_runner-96c08b8a-e0c0-42ff-b03e-d5ba7b3728ff,64
True,356394.453478549,847.7502954927652,7.208753941349769,1.4893712080573749,1.4062608661684184,/tmp/csv_runner-0342dce4-e98e-4aa2-a73c-8a7f2dfd2dd9,64
True,349373.3883995762,847.7502954927652,7.208753941349769,1.4893712080573749,1.4062608661684184,/tmp/csv_runner-e7b1ba18-9ee0-4481-89ed-eaca55d29fe7,64
True,44234.08204001045,768.0681796374067,7.925277901542653,1.0390847580513451,0.8554278199861707,/tmp/csv_runner-2df077a9-18d0-4cce-9a9a-20bd36c6d24d,65
True,44800.97337564521,768.0681796374067,7.925277901542653,1.0390847580513451,0.8554278199861707,/tmp/csv_runner-f7f627ab-cc3d-4c21-a631-f31be419bc69,65
True,45135.341808445344,768.0681796374067,7.925277901542653,1.0390847580513451,0.8554278199861707,/tmp/csv_runner-778b096d-c342-4036-9ef6-f80d9712a2a5,65
True,44975.09158441568,768.0681796374067,7.925277901542653,1.0390847580513451,0.8554278199861707,/tmp/csv_runner-ff313e82-8064-4c27-a7d1-c791ddf94302,65
True,45318.18973319949,768.0681796374067,7.925277901542653,1.0390847580513451,0.8554278199861707,/tmp/csv_runner-f1067ac6-4116-41d1-9942-4e1646add7d2,65
True,-5417.671295576189,540.0952610615414,6.656676878694611,1.2265507691022357,0.8237396182416882,/tmp/csv_runner-2ffbb3a9-22fe-43b8-946b-e9571ec1e348,66
True,-5205.295574731489,540.0952610615414,6.656676878694611,1.2265507691022357,0.8237396182416882,/tmp/csv_runner-62e355ea-005b-4207-9136-a780cab61ec5,66
True,-5471.94069756472,540.0952610615414,6.656676878694611,1.2265507691022357,0.8237396182416882,/tmp/csv_runner-b7e8c43b-b942-48e8-a05a-45fae0029728,66
True,-5416.632112832301,540.0952610615414,6.656676878694611,1.2265507691022357,0.8237396182416882,/tmp/csv_runner-3466cc2c-ee5b-4892-895c-c0aefc4539e8,66
True,-5482.843322623532,540.0952610615414,6.656676878694611,1.2265507691022357,0.8237396182416882,/tmp/csv_runner-14a38104-e73e-4151-8203-06a83b1d18a1,66
True,387867.43053735554,949.5667096145746,6.064038009936006,1.4810507019615553,1.310258495789573,/tmp/csv_runner-2577760c-90b4-4893-a31d-76299ffdacbc,67
True,383772.12592422735,949.5667096145746,6.064038009936006,1.4810507019615553,1.310258495789573,/tmp/csv_runner-c8a77c2f-fa37-4b33-b907-0304a9fb900e,67
True,387493.3241774628,949.5667096145746,6.064038009936006,1.4810507019615553,1.310258495789573,/tmp/csv_runner-aede1b61-3004-496d-8df1-7ff98bede955,67
True,384093.59670673707,949.5667096145746,6.064038009936006,1.4810507019615553,1.310258495789573,/tmp/csv_runner-915d2fa7-2306-47f9-a40a-c1a977e742ac,67
True,380028.84274582047,949.5667096145746,6.064038009936006,1.4810507019615553,1.310258495789573,/tmp/csv_runner-22a90c02-acdb-45c1-a0b7-3fadae6acbca,67
True,182792.99398869107,528.7265344115447,3.880823459462588,1.3111491765552876,1.4393209482749028,/tmp/csv_runner-5c2a595e-c70f-4428-8d6f-a413dec75054,68
True,182561.0767746313,528.7265344115447,3.880823459462588,1.3111491765552876,1.4393209482749028,/tmp/csv_runner-2b6ccf7a-bc86-4ca1-af0e-a9184bd80809,68
True,184157.70240653944,528.7265344115447,3.880823459462588,1.3111491765552876,1.4393209482749028,/tmp/csv_runner-a2021364-6f59-44e6-bc1d-412025296edd,68
True,181484.13869741352,528.7265344115447,3.880823459462588,1.3111491765552876,1.4393209482749028,/tmp/csv_runner-4bdcfc28-cac2-4263-9695-9ea7c46da188,68
True,184186.58630094235,528.7265344115447,3.880823459462588,1.3111491765552876,1.4393209482749028,/tmp/csv_runner-dc4de4bb-6cdb-4627-bf9e-0f6caef7a26d,68
True,114648.0467895988,782.5771212732695,11.156746373401871,1.0624252030170993,1.264696576220098,/tmp/csv_runner-4d6ff17a-8b55-4e6d-92e0-3ea8eabfcab2,69
True,113640.42300148356,782.5771212732695,11.156746373401871,1.0624252030170993,1.264696576220098,/tmp/csv_runner-c667194b-3cc8-4ebc-82b7-4f66d9c8f106,69
True,113663.89582306313,782.5771212732695,11.156746373401871,1.0624252030170993,1.264696576220098,/tmp/csv_runner-efbba4b0-88cb-4013-92fc-d29862a25663,69
True,114687.48634831994,782.5771212732695,11.156746373401871,1.0624252030170993,1.264696576220098,/tmp/csv_runner-d324cfb1-c16b-4c45-800c-2a753de22d43,69
True,114162.27192474062,782.5771212732695,11.156746373401871,1.0624252030170993,1.264696576220098,/tmp/csv_runner-83db7212-3d37-4cc3-8b84-c0d3a8a960e7,69
True,402388.3348852092,935.969936489847,5.849936554123977,1.3728753304195878,1.4460519095338786,/tmp/csv_runner-3a01efc6-4ad3-460a-8ac1-035a147b42d6,70
True,410417.4110029677,935.969936489847,5.849936554123977,1.3728753304195878,1.4460519095338786,/tmp/csv_runner-25af81b6-7bcd-4cf0-9fcb-e0d5858aab8b,70
True,406519.0022434252,935.969936489847,5.849936554123977,1.3728753304195878,1.4460519095338786,/tmp/csv_runner-8496aaed-2479-4121-a097-4b4706528f0d,70
True,408068.8452114771,935.969936489847,5.849936554123977,1.3728753304195878,1.4460519095338786,/tmp/csv_runner-bce0bad6-6a8c-4299-aef6-6e3f88e77ee9,70
True,408213.92613145296,935.969936489847,5.849936554123977,1.3728753304195878,1.4460519095338786,/tmp/csv_runner-16d25d60-0e2a-4742-9290-01d38dc2db5a,70
True,-2985.989838367646,782.3665947514,10.82352577274198,1.081410710625332,0.8902324912098021,/tmp/csv_runner-a78e4723-e42a-42e5-8606-385c48f2427c,71
True,-2945.024033447796,782.3665947514,10.82352577274198,1.081410710625332,0.8902324912098021,/tmp/csv_runner-818ea9bb-b09d-4efb-9f07-e0a59907d15f,71
True,-3047.298796579076,782.3665947514,10.82352577274198,1.081410710625332,0.8902324912098021,/tmp/csv_runner-9e7f2747-feab-45f4-a366-e64cd009ef50,71
True,-2948.577489884605,782.3665947514,10.82352577274198,1.081410710625332,0.8902324912098021,/tmp/csv_runner-b065bc3a-af37-4548-9948-7282cc73eac2,71
True,-3028.981223808081,782.3665947514,10.82352577274198,1.081410710625332,0.8902324912098021,/tmp/csv_runner-9d9fe68e-bc02-4619-822f-766f50e4cf98,71
True,292757.5471209362,919.9845981372737,3.779871032853456,1.2146547272509154,1.3634967025740363,/tmp/csv_runner-1bd19e12-2f3d-4501-a0df-29e0f9174eef,72
True,292519.8273811344,919.9845981372737,3.779871032853456,1.2146547272509154,1.3634967025740363,/tmp/csv_runner-712d664c-7fd6-4900-9e48-93aad38ab30a,72
True,292057.4805339385,919.9845981372737,3.779871032853456,1.2146547272509154,1.3634967025740363,/tmp/csv_runner-3f0682be-c784-4252-b7bc-5430eff9fccf,72
True,295925.94853582256,919.9845981372737,3.779871032853456,1.2146547272509154,1.3634967025740363,/tmp/csv_runner-200411d1-571e-447d-85be-44d2438d9b66,72
True,295767.5388917608,919.9845981372737,3.779871032853456,1.2146547272509154,1.3634967025740363,/tmp/csv_runner-8edd997b-02a7-4bc5-8714-16fa21f54db6,72
True,247606.48835762937,712.637901909177,3.8062365239808136,1.219297787324789,1.248263812834234,/tmp/csv_runner-8a23a3a7-b921-4bd1-9f57-c214ab1c3bc6,73
True,249033.05571028485,712.637901909177,3.8062365239808136,1.219297787324789,1.248263812834234,/tmp/csv_runner-927f7dc2-a188-40d3-bf29-d377d90c1669,73
True,250867.32959120948,712.637901909177,3.8062365239808136,1.219297787324789,1.248263812834234,/tmp/csv_runner-49768772-5904-4d6f-81af-723cf7e7ce03,73
True,246616.55841926395,712.637901909177,3.8062365239808136,1.219297787324789,1.248263812834234,/tmp/csv_runner-0045a083-c522-4264-b65b-bcf0ca6525de,73
True,245152.5959201052,712.637901909177,3.8062365239808136,1.219297787324789,1.248263812834234,/tmp/csv_runner-c66c2844-a9b7-4e89-a8f6-e063705f8799,73
True,133787.86227534956,726.1509508946084,10.787621907235051,1.098708779624283,1.4699165676248689,/tmp/csv_runner-c1c3bedf-42f7-4129-9e38-6970d6470852,74
True,134679.85327044115,726.1509508946084,10.787621907235051,1.098708779624283,1.4699165676248689,/tmp/csv_runner-25bc9869-a799-4da0-929f-44074df53c2c,74
True,135891.97276408316,726.1509508946084,10.787621907235051,1.098708779624283,1.4699165676248689,/tmp/csv_runner-ada6e1f4-552e-4a1a-af14-2404fec0c9c6,74
True,135228.6779135542,726.1509508946084,10.787621907235051,1.098708779624283,1.4699165676248689,/tmp/csv_runner-2a1afe0d-78c5-4775-bfb3-a4c3faf82b72,74
True,134497.56230155632,726.1509508946084,10.787621907235051,1.098708779624283,1.4699165676248689,/tmp/csv_runner-b9b89b40-95ab-41d6-bcf9-f67e95a9a9ee,74
True,-1357.0366841255798,676.1348673554673,10.582208698929149,1.2971720784713483,0.8477965398002201,/tmp/csv_runner-5b0b636f-6537-46af-a26d-bddb2b12d086,75
True,-1311.5921194525847,676.1348673554673,10.582208698929149,1.2971720784713483,0.8477965398002201,/tmp/csv_runner-6a11a8b3-b29a-40e8-bf04-43cab57e218c,75
True,-1354.4753044339284,676.1348673554673,10.582208698929149,1.2971720784713483,0.8477965398002201,/tmp/csv_runner-46693eeb-b7e7-4330-a3ca-7f4552183ae8,75
True,-1359.0391781718513,676.1348673554673,10.582208698929149,1.2971720784713483,0.8477965398002201,/tmp/csv_runner-f3a1081d-4dd0-406b-ad3c-ea3dda52243a,75
True,-1341.7621672035298,676.1348673554673,10.582208698929149,1.2971720784713483,0.8477965398002201,/tmp/csv_runner-23798d62-3563-477d-b5c5-5e7013d5abe4,75
True,215039.8579726907,883.4566365795438,3.910975679884048,1.4150745132306106,1.039542770129967,/tmp/csv_runner-b534ce73-46ad-405d-b24f-759631cc081c,76
True,212599.6032186908,883.4566365795438,3.910975679884048,1.4150745132306106,1.039542770129967,/tmp/csv_runner-1c141edb-b83a-46f9-ba34-d87676ad2b72,76
True,213220.88907810816,883.4566365795438,3.910975679884048,1.4150745132306106,1.039542770129967,/tmp/csv_runner-054f3a65-d0c1-48e6-b385-c27ff5c2d83c,76
True,213357.664177921,883.4566365795438,3.910975679884048,1.4150745132306106,1.039542770129967,/tmp/csv_runner-d164fd4b-ef78-416c-8957-4696700e0f18,76
True,213303.54577146712,883.4566365795438,3.910975679884048,1.4150745132306106,1.039542770129967,/tmp/csv_runner-7ebd0ef1-6776-45ac-b53a-3d29aafa6054,76
True,148973.5583543774,807.386317533276,8.187374520685276,1.495551676143282,1.0325861995293406,/tmp/csv_runner-b847ce72-67c9-4871-8e21-a08c1e294b22,77
True,149190.11855565847,807.386317533276,8.187374520685276,1.495551676143282,1.0325861995293406,/tmp/csv_runner-b03012ed-4b53-4710-8ab9-65d87c7d3ce0,77
True,149307.3427302494,807.386317533276,8.187374520685276,1.495551676143282,1.0325861995293406,/tmp/csv_runner-1adbc030-0e79-4d4c-a126-17ee1704501b,77
True,148897.86546927565,807.386317533276,8.187374520685276,1.495551676143282,1.0325861995293406,/tmp/csv_runner-6f47fe0c-7eb2-4f22-a46b-72051a0cde87,77
True,148996.38464269575,807.386317533276,8.187374520685276,1.495551676143282,1.0325861995293406,/tmp/csv_runner-ebae11fe-2bd3-42a9-abb8-6ecf7b17fbda,77
True,61419.3568390419,863.1984498574274,9.980673173097,1.4283518317061337,0.8476013770109685,/tmp/csv_runner-caa2e391-1555-4728-a102-e84a6e30ec05,78
True,61665.79010198903,863.1984498574274,9.980673173097,1.4283518317061337,0.8476013770109685,/tmp/csv_runner-9bf84355-569c-45c0-b124-04e51cb6ebbf,78
True,62410.26546732157,863.1984498574274,9.980673173097,1.4283518317061337,0.8476013770109685,/tmp/csv_runner-fffca7be-16b9-40ed-a956-10e16bc6bafe,78
True,62220.48452445674,863.1984498574274,9.980673173097,1.4283518317061337,0.8476013770109685,/tmp/csv_runner-93f8abcf-1465-4a0f-ba3c-f51ec094d057,78
True,61992.934223804725,863.1984498574274,9.980673173097,1.4283518317061337,0.8476013770109685,/tmp/csv_runner-ecd158bf-3dfd-4127-8ab6-afb367d60f86,78
True,230685.96243505532,627.8700991067304,4.413155037676623,1.1602291917681011,1.3916740810536572,/tmp/csv_runner-26f81bde-573c-45e2-bc64-7c1a33887c4e,79
True,228795.103254602,627.8700991067304,4.413155037676623,1.1602291917681011,1.3916740810536572,/tmp/csv_runner-46e7646b-6e92-4ab8-b2ff-5ad93360a141,79
True,229728.2487028475,627.8700991067304,4.413155037676623,1.1602291917681011,1.3916740810536572,/tmp/csv_runner-80c32940-e02d-4a76-9bd4-ecd3a25b53f0,79
True,228874.19601644456,627.8700991067304,4.413155037676623,1.1602291917681011,1.3916740810536572,/tmp/csv_runner-b8a883f7-2572-4e48-8f9a-b50424b703a1,79
True,226314.91224240244,627.8700991067304,4.413155037676623,1.1602291917681011,1.3916740810536572,/tmp/csv_runner-7d86cf1e-311f-4881-8d29-a5df127f683f,79
True,-601.008772643431,575.0997142076861,11.490015489073517,1.410988254104215,1.0067321242946652,/tmp/csv_runner-33bccb11-c9ea-4c5c-8951-a9ac6ea54fbe,80
True,-600.2712682887915,575.0997142076861,11.490015489073517,1.410988254104215,1.0067321242946652,/tmp/csv_runner-d4f05af9-1815-4bd5-919c-dcef0828602a,80
True,-593.6729793698463,575.0997142076861,11.490015489073517,1.410988254104215,1.0067321242946652,/tmp/csv_runner-c0189327-a48b-42d1-b34d-754054bf2e4e,80
True,-601.4747174185042,575.0997142076861,11.490015489073517,1.410988254104215,1.0067321242946652,/tmp/csv_runner-69cf208a-b206-4a11-8d20-c5ff0c41b786,80
True,-596.3248952596095,575.0997142076861,11.490015489073517,1.410988254104215,1.0067321242946652,/tmp/csv_runner-d8d383e1-6853-4525-a392-0d1c203b7454,80
True,125566.19680523891,982.7291774929006,8.003977026256868,1.002895801424517,0.9652301984693687,/tmp/csv_runner-9662f1d8-ceee-4f01-93d3-d0a48620e2c9,81
True,123480.57930533327,982.7291774929006,8.003977026256868,1.002895801424517,0.9652301984693687,/tmp/csv_runner-58e8bf5b-918b-48e9-98ef-3fde297acb68,81
True,123461.63204691929,982.7291774929006,8.003977026256868,1.002895801424517,0.9652301984693687,/tmp/csv_runner-78eca998-733f-42bd-837c-f450b0796587,81
True,124073.42530575268,982.7291774929006,8.003977026256868,1.002895801424517,0.9652301984693687,/tmp/csv_runner-d3b71092-e230-41b1-ba2f-a7cb791b8194,81
True,122515.05246740096,982.7291774929006,8.003977026256868,1.002895801424517,0.9652301984693687,/tmp/csv_runner-9bbccb0b-5ef1-45e3-980b-1ef3367759a5,81
True,91459.69270290752,585.9102281455592,6.737328904733536,1.463666074271196,1.093475474713432,/tmp/csv_runner-60ba1333-b9bc-4e12-acf0-038d1da6ff1e,82
True,91090.59207853752,585.9102281455592,6.737328904733536,1.463666074271196,1.093475474713432,/tmp/csv_runner-cf68f017-c02d-44ea-ae62-7d84de19136e,82
True,90678.16525798688,585.9102281455592,6.737328904733536,1.463666074271196,1.093475474713432,/tmp/csv_runner-5b300f57-7413-40cf-948d-dc345ccad361,82
True,91078.45008874444,585.9102281455592,6.737328904733536,1.463666074271196,1.093475474713432,/tmp/csv_runner-5429a0c7-f01b-4630-bef1-4b6a524a1c5e,82
True,91111.68137751165,585.9102281455592,6.737328904733536,1.463666074271196,1.093475474713432,/tmp/csv_runner-1f0ecdcc-b7c5-45de-bbba-8b5448fba3df,82
True,-1540.6623833955343,592.6629909310896,10.722616224729958,1.022032492908603,0.9343559405154128,/tmp/csv_runner-56c1eec6-f4bd-49df-a85b-eb55e867e006,83
True,-1524.8667326940404,592.6629909310896,10.722616224729958,1.022032492908603,0.9343559405154128,/tmp/csv_runner-6ab60a7b-835d-4d8e-af34-36255e3376f8,83
True,-1590.5455545419993,592.6629909310896,10.722616224729958,1.022032492908603,0.9343559405154128,/tmp/csv_runner-45a351d2-e177-43ab-a5cc-37c5f79ea0c9,83
True,-1557.372057288132,592.6629909310896,10.722616224729958,1.022032492908603,0.9343559405154128,/tmp/csv_runner-a35f6204-df51-415b-87d0-bb420e9de37e,83
True,-1596.6546858053423,592.6629909310896,10.722616224729958,1.022032492908603,0.9343559405154128,/tmp/csv_runner-4c033049-2282-4956-a16b-e6a4ac48706d,83
True,105382.79266045662,569.2176834271932,4.523341458878491,1.0858592976362005,1.125146121313771,/tmp/csv_runner-4b2bb64f-466c-46fb-b4d7-2c3d28b797c7,84
True,105465.42958071298,569.2176834271932,4.523341458878491,1.0858592976362005,1.125146121313771,/tmp/csv_runner-2bf9b01f-d9d2-421f-afe3-549b7abd6d1c,84
True,105889.675741885,569.2176834271932,4.523341458878491,1.0858592976362005,1.125146121313771,/tmp/csv_runner-77458b13-bb28-488c-bc22-d79eafdd70c9,84
True,106358.04176483223,569.2176834271932,4.523341458878491,1.0858592976362005,1.125146121313771,/tmp/csv_runner-90db64b8-d0ff-423a-b010-784969ababd3,84
True,106215.68958418218,569.2176834271932,4.523341458878491,1.0858592976362005,1.125146121313771,/tmp/csv_runner-10ebf157-91cd-4535-b658-79426cae634d,84
True,194706.9015338234,802.7899485589013,9.875902251548832,1.3896163322022594,1.31991076275089,/tmp/csv_runner-3db72257-a9f0-48ef-a764-86f89bfe7c5a,85
True,197610.2275335124,802.7899485589013,9.875902251548832,1.3896163322022594,1.31991076275089,/tmp/csv_runner-38930da0-75f2-404e-aaf2-4f62371fd26a,85
True,201656.8459026178,802.7899485589013,9.875902251548832,1.3896163322022594,1.31991076275089,/tmp/csv_runner-bdb042dd-dfd0-497a-8a75-75d43ea34b50,85
True,198050.84094366705,802.7899485589013,9.875902251548832,1.3896163322022594,1.31991076275089,/tmp/csv_runner-86ef201a-1b49-47ef-a2d8-6317cd1fe1d2,85
True,197084.5920626469,802.7899485589013,9.875902251548832,1.3896163322022594,1.31991076275089,/tmp/csv_runner-13b9d2d6-3249-4288-88d3-614b9c209775,85
True,323638.70717321825,835.87548872655,6.141169157963905,1.0856298779011393,1.499050490625824,/tmp/csv_runner-d2f75fdc-6da1-4c79-a403-1d0fc8dbec82,86
True,327037.03790587455,835.87548872655,6.141169157963905,1.0856298779011393,1.499050490625824,/tmp/csv_runner-6600ac47-9e74-4aee-a138-f135a0cba13d,86
True,326809.77706808376,835.87548872655,6.141169157963905,1.0856298779011393,1.499050490625824,/tmp/csv_runner-65cce1e2-1ba8-48e6-8a29-3cb6576baad3,86
True,327071.2335280825,835.87548872655,6.141169157963905,1.0856298779011393,1.499050490625824,/tmp/csv_runner-2d8aa7e2-27ea-44f9-9707-3c8d889d4ea7,86
True,325662.45561851584,835.87548872655,6.141169157963905,1.0856298779011393,1.499050490625824,/tmp/csv_runner-17feb052-70f6-4692-8066-44f12201b87c,86
True,187241.5601457884,967.1427516814472,10.245628388380531,1.1907528519359445,1.163034888163101,/tmp/csv_runner-c3a5e0d0-3bc2-441f-bf2b-970988de510a,87
True,187862.66679067307,967.1427516814472,10.245628388380531,1.1907528519359445,1.163034888163101,/tmp/csv_runner-6baaa544-845d-4a45-970f-0a442c5dc5a0,87
True,188671.2365786771,967.1427516814472,10.245628388380531,1.1907528519359445,1.163034888163101,/tmp/csv_runner-10d6d844-682e-48dc-a755-3fefe022dcd0,87
True,187953.23565310705,967.1427516814472,10.245628388380531,1.1907528519359445,1.163034888163101,/tmp/csv_runner-e98d9d7d-664c-4bd9-8438-0d1f3af40907,87
True,188783.9071999928,967.1427516814472,10.245628388380531,1.1907528519359445,1.163034888163101,/tmp/csv_runner-1319ca8d-3f8b-458c-849e-7f7404252a55,87
True,98396.0694320114,634.7641509524489,10.4219221040304,1.4895128792334469,1.317201767174776,/tmp/csv_runner-dfeeb653-a221-469d-a971-be86a39c2fd9,88
True,99247.82857518004,634.7641509524489,10.4219221040304,1.4895128792334469,1.317201767174776,/tmp/csv_runner-d0334192-5408-4425-9254-147191da9ab9,88
True,99329.81113307668,634.7641509524489,10.4219221040304,1.4895128792334469,1.317201767174776,/tmp/csv_runner-045f4b06-08a0-422f-8801-ebe198237da3,88
True,98574.79627997435,634.7641509524489,10.4219221040304,1.4895128792334469,1.317201767174776,/tmp/csv_runner-a94a1a96-bb10-4ae1-beef-11f13d739818,88
True,99808.60309618586,634.7641509524489,10.4219221040304,1.4895128792334469,1.317201767174776,/tmp/csv_runner-ae108919-0d79-44ed-b6e2-1ed4d5542802,88
True,110442.3850207476,815.2243081426116,5.518721776593992,1.027195572902046,0.9549198425922024,/tmp/csv_runner-9f36c901-eb0d-4920-8bdf-171cffdd779f,89
True,110745.4265596386,815.2243081426116,5.518721776593992,1.027195572902046,0.9549198425922024,/tmp/csv_runner-d045236c-f4d3-458e-bf89-23d45a24150e,89
True,112184.16549171328,815.2243081426116,5.518721776593992,1.027195572902046,0.9549198425922024,/tmp/csv_runner-21905839-2c78-456f-b216-9c55529344ec,89
True,111590.25357901344,815.2243081426116,5.518721776593992,1.027195572902046,0.9549198425922024,/tmp/csv_runner-d584b009-b5fd-491c-93a6-f96ebc5f1c1d,89
True,109796.80161124156,815.2243081426116,5.518721776593992,1.027195572902046,0.9549198425922024,/tmp/csv_runner-9d685ff6-6eb8-47e3-9bbd-1d35be82cd98,89
True,64717.71428771332,521.833431544148,5.271955726336271,1.3661457338708196,1.023135877408066,/tmp/csv_runner-0c69ccd3-9aa5-4d8a-bb5e-37a0266fd3b0,90
True,64791.28610176689,521.833431544148,5.271955726336271,1.3661457338708196,1.023135877408066,/tmp/csv_runner-0e3507ec-4d88-40d3-9ee4-1e72b6b58ff7,90
True,64501.0549110008,521.833431544148,5.271955726336271,1.3661457338708196,1.023135877408066,/tmp/csv_runner-50ba0cef-c056-4141-9e23-ed501e2e6faf,90
True,64837.826516864734,521.833431544148,5.271955726336271,1.3661457338708196,1.023135877408066,/tmp/csv_runner-cbda1d39-4ca4-41f0-b6d8-e0015cf2e234,90
True,64292.46690288836,521.833431544148,5.271955726336271,1.3661457338708196,1.023135877408066,/tmp/csv_runner-de6158da-32fe-40b1-abc2-7ee9c194f5d4,90
True,62752.182692959104,555.5352639591864,11.137836433622612,1.3995182117784926,1.42821615529802,/tmp/csv_runner-f9fdc127-c9b1-4a2b-a34d-8ba97f03e731,91
True,62026.70049567602,555.5352639591864,11.137836433622612,1.3995182117784926,1.42821615529802,/tmp/csv_runner-3961f1fb-27af-44f9-9842-e2f008335594,91
True,63298.9242606531,555.5352639591864,11.137836433622612,1.3995182117784926,1.42821615529802,/tmp/csv_runner-70e5aad7-f1bc-4309-a972-5cbd00d30ce1,91
True,61431.54714053122,555.5352639591864,11.137836433622612,1.3995182117784926,1.42821615529802,/tmp/csv_runner-a888f394-364a-45f0-bb6c-e3d6f4a25420,91
True,61546.04571799772,555.5352639591864,11.137836433622612,1.3995182117784926,1.42821615529802,/tmp/csv_runner-976b68b8-cd9f-4a16-8d05-0dcb1d80501b,91
True,160424.9531171506,879.9333051298522,9.529200017204944,1.0933175379350204,1.1708268573620877,/tmp/csv_runner-c408a16f-02f5-41ce-9ccd-a5b805350073,92
True,160765.36656490408,879.9333051298522,9.529200017204944,1.0933175379350204,1.1708268573620877,/tmp/csv_runner-9d551218-d6d9-41f6-a476-a82fc80bf609,92
True,159139.49010790302,879.9333051298522,9.529200017204944,1.0933175379350204,1.1708268573620877,/tmp/csv_runner-2b4dc822-60f8-4310-b286-94d79f4b29a9,92
True,161147.56215479673,879.9333051298522,9.529200017204944,1.0933175379350204,1.1708268573620877,/tmp/csv_runner-f322e83a-a853-479b-ab1e-708c792ed9e4,92
True,157712.39463427276,879.9333051298522,9.529200017204944,1.0933175379350204,1.1708268573620877,/tmp/csv_runner-14b128f5-bf6e-4b30-a660-5698e718e8a0,92
True,147320.6270810536,644.1961800607309,6.622215061954831,1.0553969738741733,1.302428110382248,/tmp/csv_runner-9d1dbf71-60b2-4820-acda-d106c419a880,93
True,145132.93994697923,644.1961800607309,6.622215061954831,1.0553969738741733,1.302428110382248,/tmp/csv_runner-60c1efe1-3114-4af2-9997-4fd544f17c1b,93
True,148035.1475847769,644.1961800607309,6.622215061954831,1.0553969738741733,1.302428110382248,/tmp/csv_runner-55ac3f7f-1815-4516-ab10-330aad37fbc7,93
True,143592.23000599956,644.1961800607309,6.622215061954831,1.0553969738741733,1.302428110382248,/tmp/csv_runner-a684dd84-488a-4e52-9af9-27d976d8a601,93
True,147487.69299696042,644.1961800607309,6.622215061954831,1.0553969738741733,1.302428110382248,/tmp/csv_runner-b2eb880f-45c0-4e17-9ca2-5ef25390674b,93
True,251187.2002016664,982.4248953967324,4.489156847018862,1.219786762175091,1.1885297349078012,/tmp/csv_runner-93cf4b42-bfac-47bb-aacb-d636be6edded,94
True,250376.53869822773,982.4248953967324,4.489156847018862,1.219786762175091,1.1885297349078012,/tmp/csv_runner-cf4b7ec8-2eb4-49d1-9954-a20f4ad13665,94
True,251409.0127903907,982.4248953967324,4.489156847018862,1.219786762175091,1.1885297349078012,/tmp/csv_runner-f1af99aa-87f8-4543-bff8-51540cb19068,94
True,250122.02074639493,982.4248953967324,4.489156847018862,1.219786762175091,1.1885297349078012,/tmp/csv_runner-a34b65df-0821-4fdc-a617-28552cf6bbca,94
True,250953.40255968823,982.4248953967324,4.489156847018862,1.219786762175091,1.1885297349078012,/tmp/csv_runner-06d840c7-4c6e-45f0-bc01-1065c7873e1a,94
True,106291.89247268804,739.4151407242093,4.013407416774556,1.224241049563746,0.91999946885936,/tmp/csv_runner-b213eb45-1c55-4a48-a9fb-8ca40ab94d93,95
True,105106.16685649432,739.4151407242093,4.013407416774556,1.224241049563746,0.91999946885936,/tmp/csv_runner-d8152564-b059-4e83-a09d-c8d7fbc105ed,95
True,106939.23044818676,739.4151407242093,4.013407416774556,1.224241049563746,0.91999946885936,/tmp/csv_runner-b6fb09d0-6eee-42bc-8b3e-097135ce0ad8,95
True,106095.61102474712,739.4151407242093,4.013407416774556,1.224241049563746,0.91999946885936,/tmp/csv_runner-dfba26f4-8954-4c23-81a4-e8ece4b22c97,95
True,106119.75439934216,739.4151407242093,4.013407416774556,1.224241049563746,0.91999946885936,/tmp/csv_runner-c87fdc3c-a9da-4ea5-806a-b8633a219340,95
True,5113.88785356154,613.2689353024962,5.075416639424483,1.094631196607713,0.8020179343576447,/tmp/csv_runner-713c58b3-cf8c-4377-954f-6a49d465bc15,96
True,5066.535148748297,613.2689353024962,5.075416639424483,1.094631196607713,0.8020179343576447,/tmp/csv_runner-b776b49d-90c6-49d0-921c-3330abb28dd7,96
True,5047.745820851766,613.2689353024962,5.075416639424483,1.094631196607713,0.8020179343576447,/tmp/csv_runner-55e54c9d-481c-4d1a-8b4f-6dfdf9104fb3,96
True,5059.772471573292,613.2689353024962,5.075416639424483,1.094631196607713,0.8020179343576447,/tmp/csv_runner-da2542a5-de8f-4dad-95cc-ea9e74580fb4,96
True,5085.277446481744,613.2689353024962,5.075416639424483,1.094631196607713,0.8020179343576447,/tmp/csv_runner-33221359-7c6e-4ea4-bb04-1a03f1aaa292,96
True,52517.91147704748,776.2460651482361,11.6172698612338,1.4919125586115318,0.946554355208624,/tmp/csv_runner-dcfdbab7-8f1b-47aa-93db-9cd4adf2c917,97
True,52113.49160073752,776.2460651482361,11.6172698612338,1.4919125586115318,0.946554355208624,/tmp/csv_runner-87169898-24cd-44f9-95a7-ab429f9cb449,97
True,53257.47789216646,776.2460651482361,11.6172698612338,1.4919125586115318,0.946554355208624,/tmp/csv_runner-8157eb7b-d6d7-4164-be44-6c47d7f40138,97
True,51802.10145455618,776.2460651482361,11.6172698612338,1.4919125586115318,0.946554355208624,/tmp/csv_runner-2f6bf0ae-d15a-48c5-8879-5d0dbfc14f11,97
True,52389.72409279077,776.2460651482361,11.6172698612338,1.4919125586115318,0.946554355208624,/tmp/csv_runner-665e0fba-603a-4baa-bd57-c1cd9ef54503,97
True,94061.88943917392,723.1988843952861,5.935971208739439,1.4976923380127702,0.8912373742217699,/tmp/csv_runner-5fcf87eb-2ca1-4267-a2db-3fb69b4d1668,98
True,96123.21878648458,723.1988843952861,5.935971208739439,1.4976923380127702,0.8912373742217699,/tmp/csv_runner-d453ca9e-e8a1-48e8-8090-4a0b1269409a,98
True,94853.89295706214,723.1988843952861,5.935971208739439,1.4976923380127702,0.8912373742217699,/tmp/csv_runner-1edec30e-1006-4131-8a24-9ffb1f007d55,98
True,96019.4567408226,723.1988843952861,5.935971208739439,1.4976923380127702,0.8912373742217699,/tmp/csv_runner-499e08cf-4768-426d-8ed8-ace4c4b65490,98
True,95326.62571666524,723.1988843952861,5.935971208739439,1.4976923380127702,0.8912373742217699,/tmp/csv_runner-0c646e74-8dfe-43bb-991a-10e03c4af414,98
True,158842.29956481195,870.9041580022297,11.80155510487532,1.139797611686176,1.32563860037946,/tmp/csv_runner-9909cecd-4df9-41a0-968e-926c6bbcda02,99
True,163900.7492750057,870.9041580022297,11.80155510487532,1.139797611686176,1.32563860037946,/tmp/csv_runner-b70466fe-cbf1-4bfe-bdbd-3d4fc512c48c,99
True,158979.5073459874,870.9041580022297,11.80155510487532,1.139797611686176,1.32563860037946,/tmp/csv_runner-1ac1d738-55d4-4516-a3ee-6b6056da6a3c,99
True,160267.10938920124,870.9041580022297,11.80155510487532,1.139797611686176,1.32563860037946,/tmp/csv_runner-ea986dde-81ee-4713-8541-9abded7b08b9,99
True,158868.21458895886,870.9041580022297,11.80155510487532,1.139797611686176,1.32563860037946,/tmp/csv_runner-0bf51acb-e91a-4a6c-a79f-288f2a01468c,99
True,57445.46823730708,858.243463186918,6.710234118098094,1.051699559844141,0.8301341603572787,/tmp/csv_runner-8694b743-2cd7-4de0-af1b-e9a7457cfcca,100
True,57121.2256272812,858.243463186918,6.710234118098094,1.051699559844141,0.8301341603572787,/tmp/csv_runner-fa39f89b-1806-429f-8abf-27e548762a93,100
True,57651.38915522682,858.243463186918,6.710234118098094,1.051699559844141,0.8301341603572787,/tmp/csv_runner-025694f1-5ca1-4111-9b11-6a9f96907975,100
True,57604.85698840536,858.243463186918,6.710234118098094,1.051699559844141,0.8301341603572787,/tmp/csv_runner-27c21e71-2a46-4329-8aae-badb35f34e71,100
True,57855.64055318515,858.243463186918,6.710234118098094,1.051699559844141,0.8301341603572787,/tmp/csv_runner-e08b6763-65fc-40c5-a1f0-df67916db839,100
True,-868.9241230444807,505.2606446710723,10.809999694083851,1.148972619117674,1.0082442176822508,/tmp/csv_runner-0963dbef-172f-49b7-b16a-e45ead6e53cb,101
True,-860.9680448976538,505.2606446710723,10.809999694083851,1.148972619117674,1.0082442176822508,/tmp/csv_runner-f353aa47-701f-4a83-81ee-7daf6986515a,101
True,-864.4047255144249,505.2606446710723,10.809999694083851,1.148972619117674,1.0082442176822508,/tmp/csv_runner-2c65c3e1-9f45-4e72-8ad0-e467df2d36d6,101
True,-859.7016924848053,505.2606446710723,10.809999694083851,1.148972619117674,1.0082442176822508,/tmp/csv_runner-b0cf63fd-842b-4824-b735-895e200680b8,101
True,-858.7505452954979,505.2606446710723,10.809999694083851,1.148972619117674,1.0082442176822508,/tmp/csv_runner-687ed017-a55e-49c1-93ba-b3789cc03524,101
True,273884.4053989435,937.2442877383036,8.135032641922578,1.0887375221286144,1.3456563145851228,/tmp/csv_runner-e8c098be-a241-49f9-90b0-d785b74c1877,102
True,273133.2288811604,937.2442877383036,8.135032641922578,1.0887375221286144,1.3456563145851228,/tmp/csv_runner-c7baf22d-bf8d-4cce-a6f4-b7580258a52e,102
True,273133.353687191,937.2442877383036,8.135032641922578,1.0887375221286144,1.3456563145851228,/tmp/csv_runner-6af810c0-af09-4e13-8e7e-6cb23f240c89,102
True,269810.8012742775,937.2442877383036,8.135032641922578,1.0887375221286144,1.3456563145851228,/tmp/csv_runner-948f7fd5-aaca-4b1e-9a93-d755e51ab91f,102
True,275587.9802646973,937.2442877383036,8.135032641922578,1.0887375221286144,1.3456563145851228,/tmp/csv_runner-1198742e-3537-4def-8afb-df2c249ebc9e,102
True,211400.53513974923,877.1275299748356,5.564717505393601,1.4215552175836743,1.0164038096858126,/tmp/csv_runner-f58e467b-c029-4776-9dcd-933eb396fec9,103
True,214632.63059305737,877.1275299748356,5.564717505393601,1.4215552175836743,1.0164038096858126,/tmp/csv_runner-14e547ab-4e78-47e6-ab6e-2cbfd6a84e62,103
True,210651.4330466572,877.1275299748356,5.564717505393601,1.4215552175836743,1.0164038096858126,/tmp/csv_runner-3abbce21-82e7-4cb4-995e-7c1a151a2191,103
True,210700.41414263129,877.1275299748356,5.564717505393601,1.4215552175836743,1.0164038096858126,/tmp/csv_runner-53e2b98b-4b48-46f9-8656-a8660f3c6c05,103
True,212343.4964104353,877.1275299748356,5.564717505393601,1.4215552175836743,1.0164038096858126,/tmp/csv_runner-5afdf4ff-2a68-4101-822c-2f7aec8cadc5,103
True,96519.29833877776,718.5621556792661,8.597610396876009,1.0883933792325495,1.110935296166654,/tmp/csv_runner-0fbade0c-4b34-40a5-b78a-2bc171989b64,104
True,96852.02495785784,718.5621556792661,8.597610396876009,1.0883933792325495,1.110935296166654,/tmp/csv_runner-bb6dbd56-7ded-4cfc-aae9-c4aff23c0c82,104
True,99562.23430741686,718.5621556792661,8.597610396876009,1.0883933792325495,1.110935296166654,/tmp/csv_runner-944536aa-19b1-4026-9f0f-b3ecd1d72a79,104
True,96637.14216619932,718.5621556792661,8.597610396876009,1.0883933792325495,1.110935296166654,/tmp/csv_runner-e1a51633-9c45-437d-bc98-43a3627ebafb,104
True,99410.20363287108,718.5621556792661,8.597610396876009,1.0883933792325495,1.110935296166654,/tmp/csv_runner-3c9c094a-f42d-44e2-a9e8-c045e066d0fb,104
True,260125.50378621568,819.6778740695113,6.62686904559439,1.3672938761691755,1.2151296295935037,/tmp/csv_runner-b29a1237-3c1b-4f61-9d86-a5f1c41e089d,105
True,261616.69304292637,819.6778740695113,6.62686904559439,1.3672938761691755,1.2151296295935037,/tmp/csv_runner-e19a4f67-9656-4e9b-8887-0ce53e48fa79,105
True,261294.898956035,819.6778740695113,6.62686904559439,1.3672938761691755,1.2151296295935037,/tmp/csv_runner-3793539c-c843-45b0-aabb-b9f647f6cd56,105
True,263090.4685049865,819.6778740695113,6.62686904559439,1.3672938761691755,1.2151296295935037,/tmp/csv_runner-c72e9e4f-f2de-49ee-8706-d8a0924086a2,105
True,260442.32746197612,819.6778740695113,6.62686904559439,1.3672938761691755,1.2151296295935037,/tmp/csv_runner-05563baf-d404-4597-8d37-7aeca7fcecb4,105
True,45519.57283053514,508.3504774582141,6.071851623723962,1.046251811413834,1.064353084213011,/tmp/csv_runner-d1cb8727-3a16-4552-8595-504e0013757a,106
True,45331.38451644589,508.3504774582141,6.071851623723962,1.046251811413834,1.064353084213011,/tmp/csv_runner-61663d2e-d45e-4cca-a7a1-bc679a56eac6,106
True,46159.40472639311,508.3504774582141,6.071851623723962,1.046251811413834,1.064353084213011,/tmp/csv_runner-3fe67da2-a3a8-49e8-a25e-69164254042e,106
True,45081.34504564905,508.3504774582141,6.071851623723962,1.046251811413834,1.064353084213011,/tmp/csv_runner-172dd458-5672-4fd5-917e-9c9e7386cd76,106
True,46010.75310068521,508.3504774582141,6.071851623723962,1.046251811413834,1.064353084213011,/tmp/csv_runner-724b0e9d-0eee-45a5-9c16-1d6bf78343ed,106
True,32743.330803738023,505.14453257174,9.40406592954294,1.3827370032276374,1.0962267008222015,/tmp/csv_runner-87dfdfde-150b-4153-a639-88ae9794b444,107
True,33055.58030420673,505.14453257174,9.40406592954294,1.3827370032276374,1.0962267008222015,/tmp/csv_runner-41a0650e-a1c6-4676-b56f-bb980c3c194e,107
True,33630.87056853074,505.14453257174,9.40406592954294,1.3827370032276374,1.0962267008222015,/tmp/csv_runner-1603a250-6802-4258-9934-454a6d12ff99,107
True,32323.74663612777,505.14453257174,9.40406592954294,1.3827370032276374,1.0962267008222015,/tmp/csv_runner-987fa3e6-7e61-4267-ba1a-2b61d18e9bd1,107
True,33052.11268668642,505.14453257174,9.40406592954294,1.3827370032276374,1.0962267008222015,/tmp/csv_runner-bcbfade7-2e14-42c3-abae-b2fa8a80e537,107
True,230897.19459148785,654.2986433295091,5.456992567213975,1.4211458591347652,1.3196460990680028,/tmp/csv_runner-cc94c09e-4218-4592-8b75-2f6800fc6896,108
True,232476.44237086564,654.2986433295091,5.456992567213975,1.4211458591347652,1.3196460990680028,/tmp/csv_runner-cc5b9e54-965a-454c-a508-dca92d078850,108
True,227063.05398449805,654.2986433295091,5.456992567213975,1.4211458591347652,1.3196460990680028,/tmp/csv_runner-2eea06ec-042f-4b7f-bf35-797e8588c81f,108
True,227688.75100871557,654.2986433295091,5.456992567213975,1.4211458591347652,1.3196460990680028,/tmp/csv_runner-4fa9da0c-716f-4f68-ad72-3610dab2d89a,108
True,228033.91016110152,654.2986433295091,5.456992567213975,1.4211458591347652,1.3196460990680028,/tmp/csv_runner-4c95dba0-1304-44ff-99de-b1b435b2181a,108
True,103874.2853458539,952.7753683378548,11.05047160187328,1.4172114646895086,0.9422398493595968,/tmp/csv_runner-96c62bc3-6e45-478c-8c94-031d26980376,109
True,103317.48636759422,952.7753683378548,11.05047160187328,1.4172114646895086,0.9422398493595968,/tmp/csv_runner-b2901b1b-d639-4321-8a08-1c8f0694302f,109
True,104012.44752114496,952.7753683378548,11.05047160187328,1.4172114646895086,0.9422398493595968,/tmp/csv_runner-0af452c2-dd8a-4987-9eac-2ff101c70bbc,109
True,103518.52139640565,952.7753683378548,11.05047160187328,1.4172114646895086,0.9422398493595968,/tmp/csv_runner-9b039a7b-9304-454a-816b-6e6c81f71acb,109
True,104487.91234992724,952.7753683378548,11.05047160187328,1.4172114646895086,0.9422398493595968,/tmp/csv_runner-2e95d619-e971-4cea-b000-0e64d5fb409f,109
True,43015.70383072736,551.2969158036426,5.471536877590143,1.141671299669967,0.9434694517961236,/tmp/csv_runner-c8981db6-af36-4097-affe-f104f60c10af,110
True,42570.33305099622,551.2969158036426,5.471536877590143,1.141671299669967,0.9434694517961236,/tmp/csv_runner-3208e368-bd24-4678-9516-4040104f252c,110
True,42626.63451611582,551.2969158036426,5.471536877590143,1.141671299669967,0.9434694517961236,/tmp/csv_runner-11fd9f83-94eb-4197-b824-90ec759d7e56,110
True,43452.21140663048,551.2969158036426,5.471536877590143,1.141671299669967,0.9434694517961236,/tmp/csv_runner-a4383524-ba1f-482a-b840-b0e39674c7a0,110
True,42658.80919962959,551.2969158036426,5.471536877590143,1.141671299669967,0.9434694517961236,/tmp/csv_runner-d05100c5-f506-4e95-a896-f69096e0c3ff,110
True,263157.3223966984,896.2930712241184,10.171728290697969,1.4513165287848155,1.3511066083333951,/tmp/csv_runner-7224e080-9a99-42d5-9a5e-4682dcc1ad13,111
True,262188.6463686787,896.2930712241184,10.171728290697969,1.4513165287848155,1.3511066083333951,/tmp/csv_runner-99fe6e45-afa9-4549-a457-0b06fcca64b8,111
True,263496.02776394034,896.2930712241184,10.171728290697969,1.4513165287848155,1.3511066083333951,/tmp/csv_runner-5263ff18-ad4e-405a-b8a2-f34c01950b78,111
True,262487.2071954468,896.2930712241184,10.171728290697969,1.4513165287848155,1.3511066083333951,/tmp/csv_runner-e768335f-5df6-4baa-a1a3-6eb0bc91a97d,111
True,123186.94782448972,920.0010331334108,3.896532194611724,1.0079113265163715,0.9778920601722064,/tmp/csv_runner-9b0e2ca1-5f59-43be-9dfd-7fce0a1a15f3,112
True,121244.44078674472,920.0010331334108,3.896532194611724,1.0079113265163715,0.9778920601722064,/tmp/csv_runner-52b6c535-93e2-4b03-91e9-f26a6c7324a7,112
True,122224.9194235281,920.0010331334108,3.896532194611724,1.0079113265163715,0.9778920601722064,/tmp/csv_runner-ea01ab7e-6c93-4f99-81e3-68049c38cfa7,112
True,123169.50552537956,920.0010331334108,3.896532194611724,1.0079113265163715,0.9778920601722064,/tmp/csv_runner-4a71ee54-2c91-45b5-90a4-cb78a85251f8,112
True,122446.90946345584,920.0010331334108,3.896532194611724,1.0079113265163715,0.9778920601722064,/tmp/csv_runner-ead71fdf-d9ba-476e-9443-2ba48c5981e0,112
True,89586.44749348114,507.17136362409934,6.504808513340812,1.4004459152417843,1.333596676660167,/tmp/csv_runner-3fc69d5f-3807-43f1-a0cb-3b6c6840bd73,113
True,88452.53051762808,507.17136362409934,6.504808513340812,1.4004459152417843,1.333596676660167,/tmp/csv_runner-9a22b3a1-6d52-4892-80d4-34fb5e36ee29,113
True,89547.98915097635,507.17136362409934,6.504808513340812,1.4004459152417843,1.333596676660167,/tmp/csv_runner-4a75eac6-e00f-4bfa-8f4f-385bc6a337e2,113
True,90870.0970021881,507.17136362409934,6.504808513340812,1.4004459152417843,1.333596676660167,/tmp/csv_runner-617bd4e6-dd88-4caf-8d39-b5c2a0d1f934,113
True,90167.58393525654,507.17136362409934,6.504808513340812,1.4004459152417843,1.333596676660167,/tmp/csv_runner-fa64e7dd-5e91-4de6-bf12-cf45b0f36476,113
True,176280.57080514237,788.1797328009886,9.738988809859466,1.078280422831066,1.4089688704902952,/tmp/csv_runner-7bec5124-973d-452e-be97-9abfc9dd7ad2,114
True,178017.9449584708,788.1797328009886,9.738988809859466,1.078280422831066,1.4089688704902952,/tmp/csv_runner-a90fa145-36a6-4820-8d10-c2f6a8411b7a,114
True,180057.12462552526,788.1797328009886,9.738988809859466,1.078280422831066,1.4089688704902952,/tmp/csv_runner-00ee08f1-c6c8-4d21-8503-5b02bdbe9370,114
True,175833.99673058794,788.1797328009886,9.738988809859466,1.078280422831066,1.4089688704902952,/tmp/csv_runner-7a84207c-efc8-4cae-9d54-c3d83114277d,114
True,177539.36066464,788.1797328009886,9.738988809859466,1.078280422831066,1.4089688704902952,/tmp/csv_runner-12ff0669-192c-407d-a7b6-fce54d4a5c17,114
True,204027.3861110541,979.7255699580576,8.338680942421943,1.378484215589965,1.0387237971576702,/tmp/csv_runner-5c05a50c-bfe1-4156-ade7-54f5879d5d8c,115
True,202837.42723776543,979.7255699580576,8.338680942421943,1.378484215589965,1.0387237971576702,/tmp/csv_runner-9eb7772f-1c8b-47a9-ab3c-a8fc1d6763ca,115
True,202822.3254022574,979.7255699580576,8.338680942421943,1.378484215589965,1.0387237971576702,/tmp/csv_runner-2a169e4f-ed45-4043-a840-f43c349a763e,115
True,204334.8158753689,979.7255699580576,8.338680942421943,1.378484215589965,1.0387237971576702,/tmp/csv_runner-68930f3b-53f9-4fed-8c4b-cd2fc34e814c,115
True,203296.98387871849,979.7255699580576,8.338680942421943,1.378484215589965,1.0387237971576702,/tmp/csv_runner-18f806db-4932-43ce-b7a7-17236503aa21,115
True,187191.9309032985,713.4459603356743,3.982272397431175,1.4133583963382856,1.0511545398197844,/tmp/csv_runner-bd787dd1-6a08-4a47-82bc-96f11e6247b8,116
True,187736.057939664,713.4459603356743,3.982272397431175,1.4133583963382856,1.0511545398197844,/tmp/csv_runner-2444a8b6-cebd-4b2f-bca6-4945fb860c92,116
True,187075.5282871382,713.4459603356743,3.982272397431175,1.4133583963382856,1.0511545398197844,/tmp/csv_runner-471b5957-fc9e-4d16-9767-4a039d32ccfe,116
True,185233.41092385908,713.4459603356743,3.982272397431175,1.4133583963382856,1.0511545398197844,/tmp/csv_runner-17c54b8b-5594-483f-81b0-b01563b83374,116
True,186736.1655085525,713.4459603356743,3.982272397431175,1.4133583963382856,1.0511545398197844,/tmp/csv_runner-14b27786-45e2-4b79-b156-f85ee780cb51,116
True,83010.10178271415,696.5049602574068,7.19684893953343,1.227372965421972,0.9742785216969488,/tmp/csv_runner-89309e3e-6efa-4376-a831-42854bf2114f,117
True,82492.59106624988,696.5049602574068,7.19684893953343,1.227372965421972,0.9742785216969488,/tmp/csv_runner-ad9be9cf-9aa9-4ec3-a316-2ad71ca1bff7,117
True,81577.96702376258,696.5049602574068,7.19684893953343,1.227372965421972,0.9742785216969488,/tmp/csv_runner-bdb7605a-f642-491a-a411-0bcffcc4a86a,117
True,83751.1871009043,696.5049602574068,7.19684893953343,1.227372965421972,0.9742785216969488,/tmp/csv_runner-f9e42c98-d508-451d-9477-587deae4701b,117
True,83782.7011676253,696.5049602574068,7.19684893953343,1.227372965421972,0.9742785216969488,/tmp/csv_runner-b04f6367-1c56-4c6b-85b2-a6f7f9776b72,117
True,324536.9632657304,816.4559963987424,7.513208855988276,1.3940323139381494,1.4752416832623347,/tmp/csv_runner-218c9cd9-c02c-4834-89e8-aa16d7a997cf,118
True,327504.6397882805,816.4559963987424,7.513208855988276,1.3940323139381494,1.4752416832623347,/tmp/csv_runner-f715561d-4296-4ef9-9c70-fba9c701fdd4,118
True,324994.56154817995,816.4559963987424,7.513208855988276,1.3940323139381494,1.4752416832623347,/tmp/csv_runner-97348b34-336a-4200-8845-32eca8bed0f6,118
True,323599.94731515605,816.4559963987424,7.513208855988276,1.3940323139381494,1.4752416832623347,/tmp/csv_runner-0bbbedbf-e1db-438b-a93c-be2447a30f32,118
True,324972.4138983318,816.4559963987424,7.513208855988276,1.3940323139381494,1.4752416832623347,/tmp/csv_runner-008d8800-3256-40be-882b-f0b4c7919ff9,118
True,67106.38358556107,586.5123739663057,9.573793666512657,1.102536007083334,1.309543176108477,/tmp/csv_runner-300cd147-ee7e-49bb-b466-272144fbf17c,119
True,66720.02638799592,586.5123739663057,9.573793666512657,1.102536007083334,1.309543176108477,/tmp/csv_runner-e39db0da-79fb-491a-91af-33a58d98e12a,119
True,67410.5480301904,586.5123739663057,9.573793666512657,1.102536007083334,1.309543176108477,/tmp/csv_runner-2874885f-f40d-4ac5-9f92-66a511924432,119
True,66406.59143052873,586.5123739663057,9.573793666512657,1.102536007083334,1.309543176108477,/tmp/csv_runner-088398bf-b60c-46f8-8b27-350a0dfa2252,119
True,67782.99274637183,586.5123739663057,9.573793666512657,1.102536007083334,1.309543176108477,/tmp/csv_runner-7a2b8b55-07b8-49c9-87f3-76b8576c8202,119
True,6653.219188286875,698.6965365056632,8.440529098484902,1.34181233987337,0.8251523310468012,/tmp/csv_runner-d7278ac7-8bb0-4c4e-b583-7e7f42417889,120
True,6873.018093652355,698.6965365056632,8.440529098484902,1.34181233987337,0.8251523310468012,/tmp/csv_runner-c08502df-43a9-42b5-b4dd-d7b977759819,120
True,6692.237538122687,698.6965365056632,8.440529098484902,1.34181233987337,0.8251523310468012,/tmp/csv_runner-97f491fd-99eb-4df1-a6d3-d202620011a8,120
True,6834.430569172521,698.6965365056632,8.440529098484902,1.34181233987337,0.8251523310468012,/tmp/csv_runner-5a4dbb8e-18be-4b17-8b6d-3e1ce3131b05,120
True,6869.259627993779,698.6965365056632,8.440529098484902,1.34181233987337,0.8251523310468012,/tmp/csv_runner-a5e45f8e-1a53-409a-a015-ced092c48632,120
True,183588.36595293265,829.0128320725104,3.838069517550197,1.0252991968074237,1.1212249199368762,/tmp/csv_runner-fdfbac7f-165d-40bf-8bb0-49549ab9e8e7,121
True,184960.5092097557,829.0128320725104,3.838069517550197,1.0252991968074237,1.1212249199368762,/tmp/csv_runner-3a750793-8131-4093-b333-33c5f15788dd,121
True,186988.9635732425,829.0128320725104,3.838069517550197,1.0252991968074237,1.1212249199368762,/tmp/csv_runner-f3f110ad-0df4-4215-a791-6b5281e4ae54,121
True,185209.95177214989,829.0128320725104,3.838069517550197,1.0252991968074237,1.1212249199368762,/tmp/csv_runner-6ec0ce06-486d-4595-b24d-52f671d1fcd1,121
True,185423.9092309224,829.0128320725104,3.838069517550197,1.0252991968074237,1.1212249199368762,/tmp/csv_runner-1cc7a2bd-d15e-4efe-b8e3-68ed4e9a9a94,121
True,-1056.662812064929,687.2211003016359,11.329168746413847,1.20774774951348,0.871387942344292,/tmp/csv_runner-9b4fc034-b4e1-47a7-81bc-1c9f159abdc0,122
True,-1041.4027138153726,687.2211003016359,11.329168746413847,1.20774774951348,0.871387942344292,/tmp/csv_runner-cf089f6d-de6b-4c83-be51-9029302cab0c,122
True,-1036.982785941594,687.2211003016359,11.329168746413847,1.20774774951348,0.871387942344292,/tmp/csv_runner-843ed5ea-7b5b-43e4-beb4-e5fabbcab2f5,122
True,-1053.583157903147,687.2211003016359,11.329168746413847,1.20774774951348,0.871387942344292,/tmp/csv_runner-263e27f9-c030-4d02-affe-5a164260641a,122
True,-1057.9059483208337,687.2211003016359,11.329168746413847,1.20774774951348,0.871387942344292,/tmp/csv_runner-a8517241-cc16-4399-a0a9-728998f50a59,122
True,36999.00072061481,562.5846893365324,8.2949340492631,1.4584350521068616,0.9450592580357092,/tmp/csv_runner-ce6862dd-ae67-4fcf-913a-ed1616fb4107,123
True,37273.141614731416,562.5846893365324,8.2949340492631,1.4584350521068616,0.9450592580357092,/tmp/csv_runner-f034d79e-2e26-4343-a135-755803448c17,123
True,36981.446801713006,562.5846893365324,8.2949340492631,1.4584350521068616,0.9450592580357092,/tmp/csv_runner-0f5db3c3-80f0-4e5f-8033-d7bf8606fab7,123
True,36653.57378781055,562.5846893365324,8.2949340492631,1.4584350521068616,0.9450592580357092,/tmp/csv_runner-f08999be-8954-40f7-aed8-a29e74e2c6d3,123
True,35824.58821355982,562.5846893365324,8.2949340492631,1.4584350521068616,0.9450592580357092,/tmp/csv_runner-22924ee0-123c-4632-aa38-39ba872e699a,123
True,96162.20334696412,904.2810585977002,11.501434435489465,1.4798941240943304,0.957300058921025,/tmp/csv_runner-025c7a27-e15a-493b-9105-b93f6bf4d8b4,124
True,97404.5941946921,904.2810585977002,11.501434435489465,1.4798941240943304,0.957300058921025,/tmp/csv_runner-6d67efc0-f23b-44d4-b0ec-90d0acbd0c0c,124
True,95806.64914672104,904.2810585977002,11.501434435489465,1.4798941240943304,0.957300058921025,/tmp/csv_runner-0d4f5bb7-73f1-4b06-8cfa-20d7a80a88a2,124
True,95681.28880981402,904.2810585977002,11.501434435489465,1.4798941240943304,0.957300058921025,/tmp/csv_runner-ff9afb52-99ff-4128-ba7d-8fb3358dc8e7,124
True,97378.47661022157,904.2810585977002,11.501434435489465,1.4798941240943304,0.957300058921025,/tmp/csv_runner-edc6a00c-d86b-42c6-987e-2d7929434889,124
True,332587.5566449547,960.3429320448663,7.64166907718152,1.110912185805866,1.477878152007368,/tmp/csv_runner-a7fee7f0-c18f-43e5-bbe2-0bbd00374116,125
True,334422.27969266137,960.3429320448663,7.64166907718152,1.110912185805866,1.477878152007368,/tmp/csv_runner-62f6186e-ba0a-4f63-8300-30903feb6f4f,125
True,337672.1094283649,960.3429320448663,7.64166907718152,1.110912185805866,1.477878152007368,/tmp/csv_runner-2aa09397-3e94-45f5-8f55-6c12d17051f5,125
True,338713.5202573512,960.3429320448663,7.64166907718152,1.110912185805866,1.477878152007368,/tmp/csv_runner-c823ddf6-f267-41fc-bf1c-5d02d6de8cee,125
True,334941.58687428833,960.3429320448663,7.64166907718152,1.110912185805866,1.477878152007368,/tmp/csv_runner-94e8aef3-9a22-40a6-aecd-5941e8e1f92d,125
True,87298.99995990525,936.0476187235995,7.707267822335904,1.2071982526723692,0.856768238980641,/tmp/csv_runner-75265409-af69-4218-b299-bc46213757d0,126
True,86905.05223315288,936.0476187235995,7.707267822335904,1.2071982526723692,0.856768238980641,/tmp/csv_runner-542a0432-297e-4594-bd14-5d9383705091,126
True,87287.03431191012,936.0476187235995,7.707267822335904,1.2071982526723692,0.856768238980641,/tmp/csv_runner-c139f5d1-bd01-418a-9fac-ff203bc43975,126
True,88603.69587412108,936.0476187235995,7.707267822335904,1.2071982526723692,0.856768238980641,/tmp/csv_runner-3286fb77-f1d9-4cc0-9347-7b7a86dd6cc8,126
True,90677.4566451421,839.0130613347812,10.641487327661125,1.2420520832220134,1.0157867065110011,/tmp/csv_runner-e144c496-4e91-4c82-96a6-6de53a8bd3a0,127
True,91370.93456008284,839.0130613347812,10.641487327661125,1.2420520832220134,1.0157867065110011,/tmp/csv_runner-e6defe61-d1c7-4f4f-9bd3-224fdf7962a4,127
True,89624.85264493285,839.0130613347812,10.641487327661125,1.2420520832220134,1.0157867065110011,/tmp/csv_runner-40c5946d-f965-4e1c-9277-c923b51a781a,127
True,91112.15810781888,839.0130613347812,10.641487327661125,1.2420520832220134,1.0157867065110011,/tmp/csv_runner-2b488138-93a4-492d-a936-34d83ff7116e,127
True,91190.22164759829,839.0130613347812,10.641487327661125,1.2420520832220134,1.0157867065110011,/tmp/csv_runner-dcefca78-9eea-45e4-a915-63d93b5f370e,127
True,30583.698054116936,546.3517301571358,9.587018610493018,1.093185391057227,1.0774967172433072,/tmp/csv_runner-09e2cb21-0484-4121-b91d-76ded9197c20,128
True,30438.546250899275,546.3517301571358,9.587018610493018,1.093185391057227,1.0774967172433072,/tmp/csv_runner-05c9c19f-860d-4984-b4a4-70e34a466173,128
True,30682.06495023814,546.3517301571358,9.587018610493018,1.093185391057227,1.0774967172433072,/tmp/csv_runner-e3b4084e-57e8-4907-81cf-e38f99c9a53a,128
True,31376.07971840253,546.3517301571358,9.587018610493018,1.093185391057227,1.0774967172433072,/tmp/csv_runner-01e3e7b2-b637-4724-a8d6-b90cd3574b90,128
True,31904.421177234515,546.3517301571358,9.587018610493018,1.093185391057227,1.0774967172433072,/tmp/csv_runner-b288f173-cb25-4fa6-8ac5-ed06be75279d,128
True,187442.68260549448,765.3182954652677,7.293647252358399,1.0592084285986465,1.2641119096433018,/tmp/csv_runner-fedbaf4b-c77d-4beb-8242-fcf6a50d2726,129
True,186081.38903001344,765.3182954652677,7.293647252358399,1.0592084285986465,1.2641119096433018,/tmp/csv_runner-66652b00-16b0-4900-a705-6dac69c9c360,129
True,183497.2029018431,765.3182954652677,7.293647252358399,1.0592084285986465,1.2641119096433018,/tmp/csv_runner-b9c973fd-505b-42c7-b970-c3ed01a48cb4,129
True,185543.94472004037,765.3182954652677,7.293647252358399,1.0592084285986465,1.2641119096433018,/tmp/csv_runner-7bf15af4-99c0-48dc-8957-463a39ed132a,129
True,185452.2090252939,765.3182954652677,7.293647252358399,1.0592084285986465,1.2641119096433018,/tmp/csv_runner-f35410c6-b1f0-416d-ad73-70e6eeb4a6f4,129
True,295361.0143988189,859.8294912837646,5.532065262476968,1.1538335301545275,1.3091387843401512,/tmp/csv_runner-65f954b3-ddce-4bdf-91ed-c044196c2704,130
True,292897.04373973893,859.8294912837646,5.532065262476968,1.1538335301545275,1.3091387843401512,/tmp/csv_runner-0abc9cec-e03f-4308-af24-94e582c88f65,130
True,296238.5318532816,859.8294912837646,5.532065262476968,1.1538335301545275,1.3091387843401512,/tmp/csv_runner-e26ff356-07cc-49ef-bf33-32cb9bfc27c0,130
True,293731.6930980553,859.8294912837646,5.532065262476968,1.1538335301545275,1.3091387843401512,/tmp/csv_runner-93740b63-35d0-4f9c-beba-7fae57ca6b8b,130
True,293074.4858999864,859.8294912837646,5.532065262476968,1.1538335301545275,1.3091387843401512,/tmp/csv_runner-59fa8271-b862-4808-8ac4-a9338747b543,130
True,61833.91378746653,960.7048375837124,10.766560949939109,1.3809096228054434,0.8286141696288729,/tmp/csv_runner-61d93c67-caec-4efb-bfb2-bbdcef9acf18,131
True,63055.640024466215,960.7048375837124,10.766560949939109,1.3809096228054434,0.8286141696288729,/tmp/csv_runner-2973f8be-dee7-49c8-aedd-ac3291a46b88,131
True,61169.86831384271,960.7048375837124,10.766560949939109,1.3809096228054434,0.8286141696288729,/tmp/csv_runner-dde570a7-2c69-4044-9a25-128c934b87a0,131
True,61703.94242554017,960.7048375837124,10.766560949939109,1.3809096228054434,0.8286141696288729,/tmp/csv_runner-c25733c1-48cb-417e-aed0-2daecf0fadd4,131
True,62436.928319622464,960.7048375837124,10.766560949939109,1.3809096228054434,0.8286141696288729,/tmp/csv_runner-ee86bacc-0732-4390-b0f1-326a613bb6f4,131
True,58789.05297884259,649.842139416663,11.727249664059048,1.1888872950099172,1.213596196854251,/tmp/csv_runner-f51e4bdf-45cf-4a71-bd64-975084c02c20,132
True,59476.97666252649,649.842139416663,11.727249664059048,1.1888872950099172,1.213596196854251,/tmp/csv_runner-c32eff81-7fbc-44f2-b74b-408f5350adbb,132
True,59591.04791219964,649.842139416663,11.727249664059048,1.1888872950099172,1.213596196854251,/tmp/csv_runner-ddc1707f-d853-4209-bdaa-c6794c6443f2,132
True,61257.675474109696,649.842139416663,11.727249664059048,1.1888872950099172,1.213596196854251,/tmp/csv_runner-b3ba9f1e-d86c-4364-a49f-00e9f96d1551,132
True,60551.51600982493,649.842139416663,11.727249664059048,1.1888872950099172,1.213596196854251,/tmp/csv_runner-12a07bb0-329e-4475-a3af-b0016831e124,132
True,52523.24843823349,653.326836437239,9.975940240645494,1.3766470771422543,1.0025143558362035,/tmp/csv_runner-1c13ba07-2710-49d8-a8cc-6d53520178d8,133
True,52852.05790429508,653.326836437239,9.975940240645494,1.3766470771422543,1.0025143558362035,/tmp/csv_runner-e5f0bf0a-6ca4-44c5-803b-07b54f22988a,133
True,52328.30626782279,653.326836437239,9.975940240645494,1.3766470771422543,1.0025143558362035,/tmp/csv_runner-a2d87111-cff8-431e-8846-691e8f89c011,133
True,52184.84335851183,653.326836437239,9.975940240645494,1.3766470771422543,1.0025143558362035,/tmp/csv_runner-e565b5af-4d43-4d74-98ca-30cc98461475,133
True,52962.7682704237,653.326836437239,9.975940240645494,1.3766470771422543,1.0025143558362035,/tmp/csv_runner-fd6b7f41-10ba-47b8-9520-7c0c15a4b3d7,133
True,174690.70671783335,590.1457050585396,5.773862021479636,1.3913192266059848,1.3707010493960552,/tmp/csv_runner-093bc12b-430c-444f-a3ea-4e0d316f8e87,134
True,173922.4936631261,590.1457050585396,5.773862021479636,1.3913192266059848,1.3707010493960552,/tmp/csv_runner-13ff605e-81e6-45f8-9f40-22fe87682b4b,134
True,171256.0336481186,590.1457050585396,5.773862021479636,1.3913192266059848,1.3707010493960552,/tmp/csv_runner-27016fc3-b0e9-4edb-8a2d-f770023db3cf,134
True,172767.63944099916,590.1457050585396,5.773862021479636,1.3913192266059848,1.3707010493960552,/tmp/csv_runner-c0e8f911-7b84-4d6f-8966-87e4b72a6af9,134
True,308887.83385389106,940.9960773609466,7.330122189773055,1.4045354913264108,1.2223159333381224,/tmp/csv_runner-f221b2e2-ec50-4504-929d-efd8248bdadc,135
True,309448.8595934637,940.9960773609466,7.330122189773055,1.4045354913264108,1.2223159333381224,/tmp/csv_runner-92113c16-4891-4d32-923f-f9b00821546d,135
True,309953.5212224753,940.9960773609466,7.330122189773055,1.4045354913264108,1.2223159333381224,/tmp/csv_runner-1d2b9cb2-7509-440e-8818-7a6c194cb48e,135
True,306316.91674127645,940.9960773609466,7.330122189773055,1.4045354913264108,1.2223159333381224,/tmp/csv_runner-3e7b95a3-be47-4fc9-81b8-c33688e4b6a2,135
True,308183.4473412695,940.9960773609466,7.330122189773055,1.4045354913264108,1.2223159333381224,/tmp/csv_runner-60d63e1a-cfa2-4e1a-9f87-6c9d84029288,135
True,226715.93129872443,705.644489411546,7.284508680332441,1.3760676674260337,1.4000314107229983,/tmp/csv_runner-67b5d4f7-1244-476b-a75d-cc2478ef4675,136
True,223279.0926820629,705.644489411546,7.284508680332441,1.3760676674260337,1.4000314107229983,/tmp/csv_runner-63d7c47b-67e8-4680-ab82-f5d37a9426d0,136
True,222476.5809102612,705.644489411546,7.284508680332441,1.3760676674260337,1.4000314107229983,/tmp/csv_runner-e3d44344-4fad-4c5c-95bd-4757230bb9b0,136
True,227272.02164421105,705.644489411546,7.284508680332441,1.3760676674260337,1.4000314107229983,/tmp/csv_runner-7f8ea95d-29f8-4840-9dd6-ab141d935d22,136
True,223068.36805622108,705.644489411546,7.284508680332441,1.3760676674260337,1.4000314107229983,/tmp/csv_runner-bc70d4dd-68d9-4dae-a4c4-016cfae5206b,136
True,265846.28515794507,971.8668443899512,4.788851844896781,1.1126935992974083,1.2648983525945017,/tmp/csv_runner-c80a5966-5e2a-4697-a9ff-c77c22edcecb,137
True,261392.91785948825,971.8668443899512,4.788851844896781,1.1126935992974083,1.2648983525945017,/tmp/csv_runner-d9afbd48-b49d-481a-833c-e9cf2ddd3646,137
True,263099.64548859745,971.8668443899512,4.788851844896781,1.1126935992974083,1.2648983525945017,/tmp/csv_runner-72ec4b3c-f42a-432e-9d4e-0dde7c9413e7,137
True,259233.0976317289,971.8668443899512,4.788851844896781,1.1126935992974083,1.2648983525945017,/tmp/csv_runner-23bbd308-728e-482e-879f-5cd5f00e2bfc,137
True,264739.1201468705,971.8668443899512,4.788851844896781,1.1126935992974083,1.2648983525945017,/tmp/csv_runner-268f55bd-d0b6-4554-9a31-f0d6bfb770c4,137
True,235151.77724863723,921.338049071102,10.850586962383186,1.304660235663049,1.3519139516174623,/tmp/csv_runner-d403f67d-60f6-4aa4-b8c0-d0581b24207d,138
True,237270.4135321666,921.338049071102,10.850586962383186,1.304660235663049,1.3519139516174623,/tmp/csv_runner-dc41441c-6b8b-49ef-9828-ee336ba1b5ca,138
True,236506.2643482496,921.338049071102,10.850586962383186,1.304660235663049,1.3519139516174623,/tmp/csv_runner-712fe675-6237-4c8c-ad97-6560b257de2c,138
True,237909.23625582512,921.338049071102,10.850586962383186,1.304660235663049,1.3519139516174623,/tmp/csv_runner-33eaf234-17bd-4389-a00b-a2886604c087,138
True,237158.4316871961,921.338049071102,10.850586962383186,1.304660235663049,1.3519139516174623,/tmp/csv_runner-67e4e12c-b6c7-4567-b963-0da3ec10548e,138
True,14111.103365514178,631.3789769603144,7.016536273041223,1.1436132793319067,0.8533397581725408,/tmp/csv_runner-e54dbd79-fee3-4c7f-9823-cd673224d343,139
True,13969.854292371836,631.3789769603144,7.016536273041223,1.1436132793319067,0.8533397581725408,/tmp/csv_runner-31a70800-fa6a-4638-a1c5-96584027cf92,139
True,13928.11478894551,631.3789769603144,7.016536273041223,1.1436132793319067,0.8533397581725408,/tmp/csv_runner-8fe561cd-945f-4faa-818c-5a1d611e9b60,139
True,14002.582073160507,631.3789769603144,7.016536273041223,1.1436132793319067,0.8533397581725408,/tmp/csv_runner-31f15ea7-9665-427a-b76f-daed29a100ee,139
True,14038.889965934068,631.3789769603144,7.016536273041223,1.1436132793319067,0.8533397581725408,/tmp/csv_runner-5d588cc8-c012-4eb0-834b-74c136478331,139
True,140372.442044192,533.6357868676091,4.381395356121881,1.05828277622523,1.3662446332449285,/tmp/csv_runner-08f2ddaa-c3cb-4920-b677-ec35867d5050,140
True,139678.49375701294,533.6357868676091,4.381395356121881,1.05828277622523,1.3662446332449285,/tmp/csv_runner-afb7248b-15af-49bf-909b-b1a4f01cf7b7,140
True,139436.29764228858,533.6357868676091,4.381395356121881,1.05828277622523,1.3662446332449285,/tmp/csv_runner-0b35aec6-f252-4f7f-8c51-1e6ea66472dd,140
True,140710.60969866713,533.6357868676091,4.381395356121881,1.05828277622523,1.3662446332449285,/tmp/csv_runner-d32a5144-1c22-419b-9ada-991f7d124b06,140
True,139456.69767159302,533.6357868676091,4.381395356121881,1.05828277622523,1.3662446332449285,/tmp/csv_runner-8489baab-7d19-4b6b-b087-159a72994813,140
True,143327.04935962704,690.5146363322056,4.61360385718277,1.0626474031837023,1.0866019624129593,/tmp/csv_runner-42575e2e-6ac0-4146-ac93-e2adaecc8c31,141
True,145914.1391831061,690.5146363322056,4.61360385718277,1.0626474031837023,1.0866019624129593,/tmp/csv_runner-b7e5f203-fe5d-4f2e-94ae-8c7dba7ef077,141
True,144932.74988162168,690.5146363322056,4.61360385718277,1.0626474031837023,1.0866019624129593,/tmp/csv_runner-84e9c0be-0922-4d5a-b21d-d321177a3f7a,141
True,143897.07311963875,690.5146363322056,4.61360385718277,1.0626474031837023,1.0866019624129593,/tmp/csv_runner-4371101d-5c29-4f41-8915-05a6d31b07aa,141
True,142984.6663502097,690.5146363322056,4.61360385718277,1.0626474031837023,1.0866019624129593,/tmp/csv_runner-580326d9-9abb-4d60-9eb7-7243871c87eb,141
True,272107.24540619715,836.9154803008828,4.090608989402874,1.471631007245464,1.140475685702659,/tmp/csv_runner-3203c22e-a701-439b-8cc1-a39407adaf82,142
True,272135.59063295275,836.9154803008828,4.090608989402874,1.471631007245464,1.140475685702659,/tmp/csv_runner-7e02ac3e-8c3d-4e59-94d2-ef36ac5568b6,142
True,273102.5419731696,836.9154803008828,4.090608989402874,1.471631007245464,1.140475685702659,/tmp/csv_runner-49971c36-6342-4971-9833-db813717b525,142
True,269926.6306461991,836.9154803008828,4.090608989402874,1.471631007245464,1.140475685702659,/tmp/csv_runner-d1d5ee3d-c559-481d-a18c-f69fbe34f8a5,142
True,57203.25507666585,858.9020067215495,9.530641675931076,1.124448602139578,0.8744561888177114,/tmp/csv_runner-9b59561a-0730-4c19-a07d-d091eb48fb6b,143
True,56298.04679930993,858.9020067215495,9.530641675931076,1.124448602139578,0.8744561888177114,/tmp/csv_runner-b2fe3525-be92-400a-b396-bde9fec9ac5f,143
True,56321.205676422695,858.9020067215495,9.530641675931076,1.124448602139578,0.8744561888177114,/tmp/csv_runner-afa03e96-4ec2-4f8c-916a-c4b717ebe391,143
True,56383.37945340362,858.9020067215495,9.530641675931076,1.124448602139578,0.8744561888177114,/tmp/csv_runner-4f498aa5-137f-4966-99db-55466b7b2a17,143
True,57078.98461311447,858.9020067215495,9.530641675931076,1.124448602139578,0.8744561888177114,/tmp/csv_runner-b67d69e9-5023-40b0-b705-00732e9a0d5c,143
True,81288.14501515041,518.6889537153238,6.886736192770252,1.430978643688122,1.2585730442028442,/tmp/csv_runner-30ab0fdb-c150-4593-ba81-4492aeecc166,144
True,81440.15138071262,518.6889537153238,6.886736192770252,1.430978643688122,1.2585730442028442,/tmp/csv_runner-64424446-7d33-461a-b1c7-fee216fffd97,144
True,81749.60890614457,518.6889537153238,6.886736192770252,1.430978643688122,1.2585730442028442,/tmp/csv_runner-13106238-dc62-41ef-9102-fd3519c3c499,144
True,82165.39930879476,518.6889537153238,6.886736192770252,1.430978643688122,1.2585730442028442,/tmp/csv_runner-2d0ea8ee-1e1b-46ef-a255-eef90e7ba424,144
True,82910.59419216363,518.6889537153238,6.886736192770252,1.430978643688122,1.2585730442028442,/tmp/csv_runner-6e0d64e3-1793-4f00-aba9-92d8630e7eb9,144
True,266837.60917593515,948.2048116602724,5.094254934946875,1.3169424658250064,1.1292780052418565,/tmp/csv_runner-4aa06d83-ca74-48a1-8472-b62258a37c53,145
True,268495.93897334393,948.2048116602724,5.094254934946875,1.3169424658250064,1.1292780052418565,/tmp/csv_runner-47c6596f-a18d-4a99-8c42-caefbff0355d,145
True,267514.77890139795,948.2048116602724,5.094254934946875,1.3169424658250064,1.1292780052418565,/tmp/csv_runner-1b69e4fa-f07d-483d-a149-39d248c5886c,145
True,266954.5933511424,948.2048116602724,5.094254934946875,1.3169424658250064,1.1292780052418565,/tmp/csv_runner-b346eb2e-91a6-4d2e-8212-1926994c74d6,145
True,265592.56188139785,948.2048116602724,5.094254934946875,1.3169424658250064,1.1292780052418565,/tmp/csv_runner-699a0f68-2757-4ec2-be69-d80193835c42,145
True,117882.13646820137,686.6502666492945,11.065446983395637,1.3558885542444623,1.385631081009608,/tmp/csv_runner-62c39003-03a6-4d43-a5a3-f20224a8f0fb,146
True,118946.7597285202,686.6502666492945,11.065446983395637,1.3558885542444623,1.385631081009608,/tmp/csv_runner-4ebc6388-0458-4302-8898-54c6b2fd1d2f,146
True,116640.5851133202,686.6502666492945,11.065446983395637,1.3558885542444623,1.385631081009608,/tmp/csv_runner-8d11e6fa-4e9d-47d7-8c74-fbb5848638c2,146
True,116451.4359138974,686.6502666492945,11.065446983395637,1.3558885542444623,1.385631081009608,/tmp/csv_runner-cb882e4e-d0cb-4a51-bf7e-82ce00534334,146
True,117681.09083230035,686.6502666492945,11.065446983395637,1.3558885542444623,1.385631081009608,/tmp/csv_runner-becafd26-642b-4345-9db0-af7ee8910d23,146
True,8661.091542564674,508.8317748568917,5.2429299894450185,1.2751363505030928,0.8499046939216117,/tmp/csv_runner-10d6e1e4-b7a3-489a-8f7c-633724e44965,147
True,8749.057014766951,508.8317748568917,5.2429299894450185,1.2751363505030928,0.8499046939216117,/tmp/csv_runner-826ead55-cd79-458c-8583-40a3b56edce7,147
True,8624.005470141394,508.8317748568917,5.2429299894450185,1.2751363505030928,0.8499046939216117,/tmp/csv_runner-b2ee634e-6891-4b4f-8908-62254e00345d,147
True,8634.185825052231,508.8317748568917,5.2429299894450185,1.2751363505030928,0.8499046939216117,/tmp/csv_runner-f2c5706b-c6a8-4aaf-a513-487f4ce5fb5d,147
True,8864.25601591613,508.8317748568917,5.2429299894450185,1.2751363505030928,0.8499046939216117,/tmp/csv_runner-10f913e7-4bf6-48e3-a4cf-9d3cb2336155,147
True,272466.11486341653,773.9365220384016,6.683403976984671,1.0452095927132652,1.4939958761819994,/tmp/csv_runner-9a630be9-fd84-4db5-9cae-25da415daf5e,148
True,272096.7093145795,773.9365220384016,6.683403976984671,1.0452095927132652,1.4939958761819994,/tmp/csv_runner-c96284c1-e201-4148-918f-dbf678be78f6,148
True,269544.1705457621,773.9365220384016,6.683403976984671,1.0452095927132652,1.4939958761819994,/tmp/csv_runner-f31c1da3-e053-4627-b849-308c91dec017,148
True,273305.65640648466,773.9365220384016,6.683403976984671,1.0452095927132652,1.4939958761819994,/tmp/csv_runner-c8e2620b-ff02-4046-a871-fc0f9bbbe473,148
True,273071.8256089805,773.9365220384016,6.683403976984671,1.0452095927132652,1.4939958761819994,/tmp/csv_runner-a6a78840-58b0-4cc7-8001-11022bbe361a,148
True,79938.6112656254,875.7240787007903,5.860066586254414,1.2171738998473858,0.8339546479916073,/tmp/csv_runner-5f49b052-1e32-4b03-aaa7-5a0102bac9ee,149
True,81065.89105437977,875.7240787007903,5.860066586254414,1.2171738998473858,0.8339546479916073,/tmp/csv_runner-d3c99665-16eb-490e-9ea1-76c7ffcc6fe2,149
True,80964.08548297042,875.7240787007903,5.860066586254414,1.2171738998473858,0.8339546479916073,/tmp/csv_runner-5ea6677b-d6a1-4dbb-91ef-e5229ab71456,149
True,82012.61551818498,875.7240787007903,5.860066586254414,1.2171738998473858,0.8339546479916073,/tmp/csv_runner-92c95681-e675-4ec0-8039-5ee0bee41915,149
True,81808.68430842888,875.7240787007903,5.860066586254414,1.2171738998473858,0.8339546479916073,/tmp/csv_runner-1c16594b-48c9-4540-bf03-113f31cfa5f2,149
True,50178.93579650449,547.6445486952015,5.717990472232389,1.4346995750560223,0.9241921840760884,/tmp/csv_runner-7d989c92-a84e-49d3-83ef-b47f065e48cd,150
True,50207.88361081786,547.6445486952015,5.717990472232389,1.4346995750560223,0.9241921840760884,/tmp/csv_runner-c6245aad-b0d2-44a0-a18e-0180fff677c3,150
True,49978.42931106043,547.6445486952015,5.717990472232389,1.4346995750560223,0.9241921840760884,/tmp/csv_runner-f1362baa-c91d-4105-9d48-19a029a1e2a0,150
True,49938.52872542536,547.6445486952015,5.717990472232389,1.4346995750560223,0.9241921840760884,/tmp/csv_runner-2be48c72-c02d-474f-9d9c-e6c98e95ff9e,150
True,50113.54472560789,547.6445486952015,5.717990472232389,1.4346995750560223,0.9241921840760884,/tmp/csv_runner-a0c9055a-c35c-4a04-ac2e-4ae2eb1580d6,150
True,45794.83467145259,713.9189189543754,10.463493478258872,1.4463897602676508,0.9088850985688158,/tmp/csv_runner-01addcad-f49b-42e7-b410-f208a4fa5865,151
True,44923.93301363648,713.9189189543754,10.463493478258872,1.4463897602676508,0.9088850985688158,/tmp/csv_runner-0c4852df-bf05-4062-b6af-873e3fff347f,151
True,45104.56540032049,713.9189189543754,10.463493478258872,1.4463897602676508,0.9088850985688158,/tmp/csv_runner-c6fbc7b0-013a-48b6-8d71-b8b06126a8a0,151
True,45085.10670517249,713.9189189543754,10.463493478258872,1.4463897602676508,0.9088850985688158,/tmp/csv_runner-7ec0146e-8973-4e8f-bd32-4eb175e1456c,151
True,300067.5496345328,698.5753151817712,4.570945634735334,1.2129692135693089,1.4546744472598376,/tmp/csv_runner-fee19855-8ddb-498d-bc8c-f89a3f3dffcf,152
True,297752.5721056027,698.5753151817712,4.570945634735334,1.2129692135693089,1.4546744472598376,/tmp/csv_runner-fae4f915-aa60-4771-bacd-bd8b1771f922,152
True,297377.01460425823,698.5753151817712,4.570945634735334,1.2129692135693089,1.4546744472598376,/tmp/csv_runner-6dffbc5e-8e35-485e-934d-e4f8d3f6c723,152
True,300645.7990155178,698.5753151817712,4.570945634735334,1.2129692135693089,1.4546744472598376,/tmp/csv_runner-45fa6fd7-929a-4452-9be2-f3795e6e28ae,152
True,299131.7227273592,698.5753151817712,4.570945634735334,1.2129692135693089,1.4546744472598376,/tmp/csv_runner-a7b3d711-ac4f-4dcc-8eb4-0b8314941f35,152
True,305599.5024136396,947.7966783419918,3.974090713405136,1.2745508137840111,1.3476903172148638,/tmp/csv_runner-0dfc5908-c5c0-4e3d-9f25-08f9adddd5cd,153
True,300754.7031033068,947.7966783419918,3.974090713405136,1.2745508137840111,1.3476903172148638,/tmp/csv_runner-e681b981-cea0-45fc-9dfa-dbdeadaacd66,153
True,305355.6732133428,947.7966783419918,3.974090713405136,1.2745508137840111,1.3476903172148638,/tmp/csv_runner-1faa9a52-abf6-4c5a-b931-803391c732f6,153
True,306586.52299537923,947.7966783419918,3.974090713405136,1.2745508137840111,1.3476903172148638,/tmp/csv_runner-c5d3f3ed-c461-4869-b717-5230052df9a4,153
True,304106.7115003499,947.7966783419918,3.974090713405136,1.2745508137840111,1.3476903172148638,/tmp/csv_runner-9efee444-3af6-4fc0-9d7e-420419c4c6af,153
True,197787.32227578905,743.4602515855833,5.436884166278609,1.4960057816478447,1.072050842563307,/tmp/csv_runner-14c31c35-1cc4-4af0-bc14-fd7097da9407,154
True,198297.3689848485,743.4602515855833,5.436884166278609,1.4960057816478447,1.072050842563307,/tmp/csv_runner-ada5900a-afd0-484a-bcd4-88c13017387c,154
True,197222.27559733624,743.4602515855833,5.436884166278609,1.4960057816478447,1.072050842563307,/tmp/csv_runner-328d4c62-4879-4735-9b5a-666a72f9d619,154
True,199744.00212091987,743.4602515855833,5.436884166278609,1.4960057816478447,1.072050842563307,/tmp/csv_runner-289aa51d-030e-4c9c-8102-4017cb0da436,154
True,197761.35359105887,743.4602515855833,5.436884166278609,1.4960057816478447,1.072050842563307,/tmp/csv_runner-84e40c3d-615a-4663-bf3c-36b2abf9c8fc,154
True,159383.1837192729,664.6637014453481,6.281247546906205,1.339521266506853,1.1780731118172856,/tmp/csv_runner-0f70b201-12d7-49ce-ad8c-5ca896ad7e57,155
True,162816.52477754277,664.6637014453481,6.281247546906205,1.339521266506853,1.1780731118172856,/tmp/csv_runner-d341c1e6-9628-4d1e-a915-81715e1c2141,155
True,162978.8873757837,664.6637014453481,6.281247546906205,1.339521266506853,1.1780731118172856,/tmp/csv_runner-457f2266-e27e-49bb-af81-e3899da7df78,155
True,158852.43045658007,664.6637014453481,6.281247546906205,1.339521266506853,1.1780731118172856,/tmp/csv_runner-ab94fb9d-763c-4b3a-b2b4-4f765dc13b01,155
True,162567.53838964322,664.6637014453481,6.281247546906205,1.339521266506853,1.1780731118172856,/tmp/csv_runner-7f6931b7-b4e9-4013-b479-860bd9f1f2ff,155
True,153141.9471340095,919.259121546542,5.687278492413222,1.1765365064993252,0.9685716395631772,/tmp/csv_runner-8fbfba6d-9885-436b-a3d1-a3445a04fe06,156
True,153260.60884217685,919.259121546542,5.687278492413222,1.1765365064993252,0.9685716395631772,/tmp/csv_runner-9cfce198-7a32-4cf3-b0fc-f533b0f6c7e5,156
True,155184.8518181678,919.259121546542,5.687278492413222,1.1765365064993252,0.9685716395631772,/tmp/csv_runner-34de5dbe-1268-416d-9276-83542ecd178b,156
True,155006.482466611,919.259121546542,5.687278492413222,1.1765365064993252,0.9685716395631772,/tmp/csv_runner-2b6ade35-87aa-460e-bd35-e10932b2f2ed,156
True,155188.42097059902,919.259121546542,5.687278492413222,1.1765365064993252,0.9685716395631772,/tmp/csv_runner-e4f7ff03-4d88-4e22-b3eb-3581ed38cb49,156
True,143684.30341221258,932.4188029368628,8.518820445978198,1.221873958868391,0.9971695941847184,/tmp/csv_runner-c068528a-4341-4a99-8f4c-3c71a28f4621,157
True,144121.72239458558,932.4188029368628,8.518820445978198,1.221873958868391,0.9971695941847184,/tmp/csv_runner-c9811355-640c-440b-b9bb-841c04d4f066,157
True,141968.89500215164,932.4188029368628,8.518820445978198,1.221873958868391,0.9971695941847184,/tmp/csv_runner-b3655941-569c-484c-bc94-a5b52f78253b,157
True,143830.68372141733,932.4188029368628,8.518820445978198,1.221873958868391,0.9971695941847184,/tmp/csv_runner-03ef36fb-804e-4656-95ca-a8ed3899af44,157
True,231313.0713000203,663.4778146890412,4.932792463656435,1.065941383428973,1.4119120750270289,/tmp/csv_runner-90b493ad-c3ca-411a-b1ea-b481bd91b8be,158
True,229767.62614410825,663.4778146890412,4.932792463656435,1.065941383428973,1.4119120750270289,/tmp/csv_runner-dbdc7b5c-453d-41ab-b65e-8f24d6c9dac5,158
True,231364.0168749356,663.4778146890412,4.932792463656435,1.065941383428973,1.4119120750270289,/tmp/csv_runner-71171e8d-7c44-442d-8fd0-4e8505fbd35e,158
True,234034.61828654344,663.4778146890412,4.932792463656435,1.065941383428973,1.4119120750270289,/tmp/csv_runner-38b0a4a1-dfdb-4e5a-8a49-81ffb4050df8,158
True,231875.8964114392,663.4778146890412,4.932792463656435,1.065941383428973,1.4119120750270289,/tmp/csv_runner-2f9523dd-905e-41f5-aa41-1bf5729caaa9,158
True,224312.80427562972,826.6295196152755,10.313032626495616,1.429566253048573,1.3870533093392416,/tmp/csv_runner-6d3197f2-97fd-4cd9-a484-809408c28756,159
True,225451.72492719957,826.6295196152755,10.313032626495616,1.429566253048573,1.3870533093392416,/tmp/csv_runner-34fb8545-97aa-4ce7-8155-549a78986a45,159
True,222977.9959018228,826.6295196152755,10.313032626495616,1.429566253048573,1.3870533093392416,/tmp/csv_runner-f66cd7b3-2bed-415a-9f40-d523ac6a70c8,159
True,222529.88067203428,826.6295196152755,10.313032626495616,1.429566253048573,1.3870533093392416,/tmp/csv_runner-f8691365-0c9f-4587-928a-21e804989ac4,159
True,64793.57215392996,644.3422161955466,5.685564894355471,1.3052858553928075,0.8911369897737548,/tmp/csv_runner-6f6f5883-181f-4240-9103-0a7513ceaa90,160
True,64141.81199114082,644.3422161955466,5.685564894355471,1.3052858553928075,0.8911369897737548,/tmp/csv_runner-baeb57f2-bbe2-4e6c-9000-f78c29fb3a04,160
True,64717.27922698986,644.3422161955466,5.685564894355471,1.3052858553928075,0.8911369897737548,/tmp/csv_runner-25d4ac94-697e-444b-b3f7-39abe83c877e,160
True,64907.58200963883,644.3422161955466,5.685564894355471,1.3052858553928075,0.8911369897737548,/tmp/csv_runner-1d605154-d058-425e-958d-7a67998f774c,160
True,64706.452091429805,644.3422161955466,5.685564894355471,1.3052858553928075,0.8911369897737548,/tmp/csv_runner-6b9afb3d-2371-48c0-8fbd-9cae77ca50cd,160
True,-1076.4650868446238,608.1257471296257,10.898896008054429,1.2050452021280782,0.887445188676922,/tmp/csv_runner-ecafff8a-c564-4fff-88ef-beedbc7c6e2e,161
True,-1087.6475928946109,608.1257471296257,10.898896008054429,1.2050452021280782,0.887445188676922,/tmp/csv_runner-1cff5262-88e9-4e72-b0c7-23900099dd56,161
True,-1084.8880767932103,608.1257471296257,10.898896008054429,1.2050452021280782,0.887445188676922,/tmp/csv_runner-ca38e90d-b017-4d46-bc21-5a94edf9bb08,161
True,-1065.7592634044152,608.1257471296257,10.898896008054429,1.2050452021280782,0.887445188676922,/tmp/csv_runner-fc361bfd-a88f-4d8e-9fec-e8cfd7bc3d85,161
True,-1068.3851353259713,608.1257471296257,10.898896008054429,1.2050452021280782,0.887445188676922,/tmp/csv_runner-c25062ec-a554-4929-9e0a-26a79a2cc3bd,161
True,-441.3796395051164,800.3962727964573,11.83302409063689,1.2846246220104929,0.8230587215493932,/tmp/csv_runner-ff8d9666-a251-43e6-b8ae-941d33e3c8b2,162
True,-438.4203915661693,800.3962727964573,11.83302409063689,1.2846246220104929,0.8230587215493932,/tmp/csv_runner-d8059409-d642-4c9d-8fe9-d76a4beaaa8f,162
True,-436.2175400801103,800.3962727964573,11.83302409063689,1.2846246220104929,0.8230587215493932,/tmp/csv_runner-78bc0d28-25be-42d4-95db-24eacc288ae6,162
True,-438.4322161468373,800.3962727964573,11.83302409063689,1.2846246220104929,0.8230587215493932,/tmp/csv_runner-483c9151-5f43-437f-8c79-07c7948f3c32,162
True,-448.7354525502051,800.3962727964573,11.83302409063689,1.2846246220104929,0.8230587215493932,/tmp/csv_runner-0342e264-4db1-40f7-ad11-ff9567f50c9f,162
True,209673.37577797144,900.4316796273748,10.842498752839946,1.1610986758464144,1.368416566049011,/tmp/csv_runner-b01337b6-b43a-46dc-a335-51cc42e5f10f,163
True,209670.5860058807,900.4316796273748,10.842498752839946,1.1610986758464144,1.368416566049011,/tmp/csv_runner-3a166909-0988-4333-9b7c-597c55b1bfea,163
True,212714.17217750693,900.4316796273748,10.842498752839946,1.1610986758464144,1.368416566049011,/tmp/csv_runner-924ae15c-7397-4620-91be-e0e8df14051d,163
True,211191.93111486125,900.4316796273748,10.842498752839946,1.1610986758464144,1.368416566049011,/tmp/csv_runner-9c3192b6-0aa3-4cd5-a7d3-530cf30c4cd0,163
True,211585.68125953636,900.4316796273748,10.842498752839946,1.1610986758464144,1.368416566049011,/tmp/csv_runner-90fc82c5-0fb2-4319-93a3-adfb01ea971a,163
True,146263.0544996843,996.9155130096776,4.032718746464867,1.1354906835157408,1.0095054265010366,/tmp/csv_runner-157ff1b8-b2f9-4bf2-9299-09c45b9f4fea,164
True,144562.73647332785,996.9155130096776,4.032718746464867,1.1354906835157408,1.0095054265010366,/tmp/csv_runner-bdcec50f-b4f0-4575-948a-f6fffd705f9c,164
True,144688.86107595067,996.9155130096776,4.032718746464867,1.1354906835157408,1.0095054265010366,/tmp/csv_runner-3f452162-64af-4ce8-a2e7-ecf5d5b0d1b9,164
True,144465.0480891948,996.9155130096776,4.032718746464867,1.1354906835157408,1.0095054265010366,/tmp/csv_runner-a15f7c8c-78cc-4935-a331-3f418817c4e0,164
True,144431.9815662901,996.9155130096776,4.032718746464867,1.1354906835157408,1.0095054265010366,/tmp/csv_runner-893cf1ea-8930-4dd0-bf09-0eeb87988225,164
True,36656.56329567806,573.4928379382873,11.701714928917015,1.3063444698458673,1.141264655494774,/tmp/csv_runner-4db2cb9c-bdf2-4739-8f5b-8a7695c22df3,165
True,36934.235918909,573.4928379382873,11.701714928917015,1.3063444698458673,1.141264655494774,/tmp/csv_runner-2d5a828e-ac18-4bfe-8454-c6209e7cfe45,165
True,37436.13700347541,573.4928379382873,11.701714928917015,1.3063444698458673,1.141264655494774,/tmp/csv_runner-5ccfba30-2a33-40f1-a15f-038cbdadb81a,165
True,37073.03300796154,573.4928379382873,11.701714928917015,1.3063444698458673,1.141264655494774,/tmp/csv_runner-99e52089-8c4a-4871-a171-63d6ed512b3a,165
True,37393.80140657702,573.4928379382873,11.701714928917015,1.3063444698458673,1.141264655494774,/tmp/csv_runner-94b50adc-c117-4462-b5d0-57b507d91de9,165
True,47780.09159719054,532.7861190952971,4.506598198566356,1.3310059682031734,0.9062670454276024,/tmp/csv_runner-11fdb2b1-0148-448b-9b2e-a09394edff5b,166
True,47060.18921410417,532.7861190952971,4.506598198566356,1.3310059682031734,0.9062670454276024,/tmp/csv_runner-83477466-b6ee-4245-aa11-17c81714111b,166
True,47503.15177779112,532.7861190952971,4.506598198566356,1.3310059682031734,0.9062670454276024,/tmp/csv_runner-de428f1d-e428-41be-b7be-653f57e7053d,166
True,47692.20724919318,532.7861190952971,4.506598198566356,1.3310059682031734,0.9062670454276024,/tmp/csv_runner-8b10537c-5316-43db-96f4-765da85f7628,166
True,46656.44779767594,532.7861190952971,4.506598198566356,1.3310059682031734,0.9062670454276024,/tmp/csv_runner-a7b31320-1124-4d08-a67f-bca5d8c8016b,166
True,17670.784985961753,571.6126219321815,9.239727649133687,1.1332945287177218,0.9486742613476884,/tmp/csv_runner-efe27aea-4588-49ed-8fed-286e8ef96be2,167
True,17500.342275053248,571.6126219321815,9.239727649133687,1.1332945287177218,0.9486742613476884,/tmp/csv_runner-4fa1612b-04a7-4a54-9ba3-3f53ba03c124,167
True,17236.749991648685,571.6126219321815,9.239727649133687,1.1332945287177218,0.9486742613476884,/tmp/csv_runner-fc3b7f89-8943-4bc4-a806-433dcc6bcdaf,167
True,17499.824968437562,571.6126219321815,9.239727649133687,1.1332945287177218,0.9486742613476884,/tmp/csv_runner-2e9324cb-1e93-4aad-b1bb-bc3c65442123,167
True,17342.177245209994,571.6126219321815,9.239727649133687,1.1332945287177218,0.9486742613476884,/tmp/csv_runner-cd67af3c-26b7-4fcd-9316-8a20a4d34e61,167
True,99424.70246815115,645.6345051286015,8.778038685381274,1.2701169298410433,1.2041042921739575,/tmp/csv_runner-0c96ac6d-1ef8-4cb5-9c8f-c70a84f96b9a,168
True,99309.91495495006,645.6345051286015,8.778038685381274,1.2701169298410433,1.2041042921739575,/tmp/csv_runner-61bc7680-3b80-4804-9f8f-eb5d05e71a15,168
True,97382.16242979185,645.6345051286015,8.778038685381274,1.2701169298410433,1.2041042921739575,/tmp/csv_runner-46729b36-f004-4fa6-9a90-d1d81e7cb575,168
True,96911.82254237036,645.6345051286015,8.778038685381274,1.2701169298410433,1.2041042921739575,/tmp/csv_runner-943c9bea-240f-4c7b-a574-87c17d7c1c5b,168
True,98193.58274839717,645.6345051286015,8.778038685381274,1.2701169298410433,1.2041042921739575,/tmp/csv_runner-3bb12a33-be8e-4465-874e-51e0820db373,168
True,117872.94890039094,620.5955522244874,8.087404000199959,1.1238439473856043,1.372207806278055,/tmp/csv_runner-dbc75c7a-3642-4d13-9827-9a948af6dad8,169
True,117843.44498742765,620.5955522244874,8.087404000199959,1.1238439473856043,1.372207806278055,/tmp/csv_runner-12fffad0-0f06-498f-87d1-e13a2b23313e,169
True,114919.44121949024,620.5955522244874,8.087404000199959,1.1238439473856043,1.372207806278055,/tmp/csv_runner-11c64562-0730-40cc-89a7-63961dec83d1,169
True,117249.7533569526,620.5955522244874,8.087404000199959,1.1238439473856043,1.372207806278055,/tmp/csv_runner-85c49717-3472-4656-9326-da81ad7fdbc3,169
True,116682.73086363556,620.5955522244874,8.087404000199959,1.1238439473856043,1.372207806278055,/tmp/csv_runner-4ccbfc64-d4d3-4a9b-b9b0-481e1f28d91e,169
True,145315.21127144055,925.5725051717282,11.591080353383166,1.2917848088595647,1.1224583155734524,/tmp/csv_runner-0ae13741-23ee-4761-8d46-e20dca46c151,170
True,144537.00198629143,925.5725051717282,11.591080353383166,1.2917848088595647,1.1224583155734524,/tmp/csv_runner-23465321-6b18-45c8-864f-f7c633c95962,170
True,143434.44923331792,925.5725051717282,11.591080353383166,1.2917848088595647,1.1224583155734524,/tmp/csv_runner-a789ef83-0c1e-4740-9eed-f08d3c55b93c,170
True,143538.60437941138,925.5725051717282,11.591080353383166,1.2917848088595647,1.1224583155734524,/tmp/csv_runner-4b204d84-d5fb-4746-8c92-c2f39c751a4c,170
True,144837.29202863618,925.5725051717282,11.591080353383166,1.2917848088595647,1.1224583155734524,/tmp/csv_runner-50f249c2-e498-411f-a269-ed18ee060bda,170
True,120050.15820551074,779.7189294403556,4.509731018903378,1.4268827844995784,0.8943800800878293,/tmp/csv_runner-e3cc971d-131e-405c-9dcb-cf1908ceab00,171
True,122876.09913706356,779.7189294403556,4.509731018903378,1.4268827844995784,0.8943800800878293,/tmp/csv_runner-ebd79821-55f6-4a19-93eb-46fa7abefa6f,171
True,120775.93160197548,779.7189294403556,4.509731018903378,1.4268827844995784,0.8943800800878293,/tmp/csv_runner-3e6559af-5002-4b4f-83b8-38b32110d592,171
True,121250.54840419942,779.7189294403556,4.509731018903378,1.4268827844995784,0.8943800800878293,/tmp/csv_runner-6d304bbf-b51c-415f-9bae-7817f9e262c7,171
True,121259.12958747814,779.7189294403556,4.509731018903378,1.4268827844995784,0.8943800800878293,/tmp/csv_runner-8e1ab4a7-2e4e-4537-a780-e9b139b4b36c,171
True,142881.0070003797,801.9266955316006,9.225291767886606,1.341897316678423,1.1177889349635448,/tmp/csv_runner-35ad25d2-b308-409e-b882-1cff5a216c78,172
True,144485.8859688661,801.9266955316006,9.225291767886606,1.341897316678423,1.1177889349635448,/tmp/csv_runner-febc1891-afdf-423c-8f56-a8c41a01e12f,172
True,144469.46831552533,801.9266955316006,9.225291767886606,1.341897316678423,1.1177889349635448,/tmp/csv_runner-d7ec2091-4847-4146-a658-80a3327d2f63,172
True,144179.4342989443,801.9266955316006,9.225291767886606,1.341897316678423,1.1177889349635448,/tmp/csv_runner-4bc8d5b6-75bb-4b5f-b890-f1ecaf2cabc0,172
True,144300.87239477347,801.9266955316006,9.225291767886606,1.341897316678423,1.1177889349635448,/tmp/csv_runner-9c1c0d78-d30b-49b5-be69-0b399d17715f,172
True,106419.59906798643,991.5595899230116,7.525757042720208,1.062979177472047,0.910662012459424,/tmp/csv_runner-d52a5fde-a588-491e-8bd0-945e6213dc3c,173
True,106648.95168832388,991.5595899230116,7.525757042720208,1.062979177472047,0.910662012459424,/tmp/csv_runner-e5c22b86-f0ff-4d3f-a22f-60c9e554a483,173
True,105904.47074461856,991.5595899230116,7.525757042720208,1.062979177472047,0.910662012459424,/tmp/csv_runner-a98a499a-258e-4e1a-a8a6-bcab584791bc,173
True,106887.89489508088,991.5595899230116,7.525757042720208,1.062979177472047,0.910662012459424,/tmp/csv_runner-e5262800-6b73-42f5-9098-c74efc647734,173
True,105057.18098622386,991.5595899230116,7.525757042720208,1.062979177472047,0.910662012459424,/tmp/csv_runner-89abc595-a85e-4d59-9ee9-778e5f42cc7c,173
True,64439.02375202588,571.2707880712755,10.763619348167664,1.3521727422658865,1.337348679875659,/tmp/csv_runner-d4f159a6-1b68-4c0c-898b-347188c7faf1,174
True,64044.76754517243,571.2707880712755,10.763619348167664,1.3521727422658865,1.337348679875659,/tmp/csv_runner-8ec7b9d0-77ec-4d25-855e-72e877ec84b9,174
True,62771.55665498421,571.2707880712755,10.763619348167664,1.3521727422658865,1.337348679875659,/tmp/csv_runner-f84fc1ad-09f1-4c37-af53-6f9f31215829,174
True,62737.78221468629,571.2707880712755,10.763619348167664,1.3521727422658865,1.337348679875659,/tmp/csv_runner-580365c4-e4f9-4e5a-a821-a33c9b05bc8f,174
True,63019.010869518985,571.2707880712755,10.763619348167664,1.3521727422658865,1.337348679875659,/tmp/csv_runner-932362d0-9576-473a-96d0-cac9c09e26c3,174
True,102000.1162136184,785.37821520766,10.181730202901589,1.0861959965666634,1.136591470056218,/tmp/csv_runner-ec6eaf1e-44c3-4511-9c58-3ce46cf9fa2d,175
True,102044.51499790025,785.37821520766,10.181730202901589,1.0861959965666634,1.136591470056218,/tmp/csv_runner-4a4c4cd9-dc27-4893-baf9-de971dd8a49f,175
True,100794.38824516971,785.37821520766,10.181730202901589,1.0861959965666634,1.136591470056218,/tmp/csv_runner-72153cc6-9bf7-4029-94d5-3915449329eb,175
True,99660.72512647435,785.37821520766,10.181730202901589,1.0861959965666634,1.136591470056218,/tmp/csv_runner-6f4f0d50-b909-4597-b2df-27fbeb4b7a64,175
True,102818.18372155663,785.37821520766,10.181730202901589,1.0861959965666634,1.136591470056218,/tmp/csv_runner-1e51fef0-d5e4-4207-8936-a63eaf72ae2c,175
True,347816.5185925071,942.0700447777288,5.991418914003441,1.2359670518361872,1.3665867184303204,/tmp/csv_runner-6a44d83d-4d0a-4fbb-b7bd-083b3b73c32d,176
True,348757.8261962328,942.0700447777288,5.991418914003441,1.2359670518361872,1.3665867184303204,/tmp/csv_runner-4e73c315-7aed-4b65-bfcc-cb47e43ccfa3,176
True,347901.4473880638,942.0700447777288,5.991418914003441,1.2359670518361872,1.3665867184303204,/tmp/csv_runner-3ebb2ad4-8a2c-471d-a76b-d43ff5497c27,176
True,347636.6198379704,942.0700447777288,5.991418914003441,1.2359670518361872,1.3665867184303204,/tmp/csv_runner-f3e73af2-1204-4c50-84d3-419d7227b7cf,176
True,349980.6791120466,942.0700447777288,5.991418914003441,1.2359670518361872,1.3665867184303204,/tmp/csv_runner-0f58c275-8389-4563-8838-b4377bdc6a6a,176
True,175312.10925764905,843.0385432122571,7.940272965234612,1.0203721369910086,1.1788745411248474,/tmp/csv_runner-fee7eb32-08ac-481d-a9f6-fadfb436c071,177
True,175757.58348563398,843.0385432122571,7.940272965234612,1.0203721369910086,1.1788745411248474,/tmp/csv_runner-049bd82f-67cb-44d7-ab3e-a53eadbcdfd9,177
True,173852.8083646236,843.0385432122571,7.940272965234612,1.0203721369910086,1.1788745411248474,/tmp/csv_runner-5f7a88c8-f0ba-463b-bfae-11a8b7223696,177
True,171617.69646069288,843.0385432122571,7.940272965234612,1.0203721369910086,1.1788745411248474,/tmp/csv_runner-90563fe4-7ea5-49d1-909d-7fa95386a8d9,177
True,175402.0137409677,843.0385432122571,7.940272965234612,1.0203721369910086,1.1788745411248474,/tmp/csv_runner-36e604cd-e8d4-4838-9b7b-f5e79a50f9f5,177
True,44181.3305333009,556.0787937065007,6.771215876188228,1.25520004891952,0.9599452107009228,/tmp/csv_runner-9b60ff69-2150-40ec-83e7-339587dc1f5e,178
True,44331.79525973999,556.0787937065007,6.771215876188228,1.25520004891952,0.9599452107009228,/tmp/csv_runner-5b34af17-b980-4d96-9d3e-d525a2e5a6fb,178
True,44060.8423770649,556.0787937065007,6.771215876188228,1.25520004891952,0.9599452107009228,/tmp/csv_runner-ff1719a9-da53-4d9c-86dc-217aabf61256,178
True,44044.656559953255,556.0787937065007,6.771215876188228,1.25520004891952,0.9599452107009228,/tmp/csv_runner-d5c7ef6e-945c-475a-814b-283a187415f6,178
True,43643.48753577686,556.0787937065007,6.771215876188228,1.25520004891952,0.9599452107009228,/tmp/csv_runner-d6a49cf9-f37d-46d9-abfd-1120477fc6b1,178
True,160462.11629997753,805.6461702650732,10.561851583463511,1.2869688722163903,1.2896311431211502,/tmp/csv_runner-46035601-ed58-4b9d-a761-1bb82a91c8a0,179
True,160708.18514378218,805.6461702650732,10.561851583463511,1.2869688722163903,1.2896311431211502,/tmp/csv_runner-dfcb6bec-a205-4ce7-93a1-1bbe7ea21254,179
True,164073.04139465812,805.6461702650732,10.561851583463511,1.2869688722163903,1.2896311431211502,/tmp/csv_runner-5bfa2a8a-bdce-473a-944f-c7592cde32d2,179
True,164128.20267284312,805.6461702650732,10.561851583463511,1.2869688722163903,1.2896311431211502,/tmp/csv_runner-3fbf524c-e34b-4a75-9eca-5a4f96997352,179
True,164536.09378535615,805.6461702650732,10.561851583463511,1.2869688722163903,1.2896311431211502,/tmp/csv_runner-ad58eb4d-8660-4b45-9f98-823b1b06e0da,179
True,280288.8878626791,824.0200033600488,3.929088032799568,1.26220205236366,1.24385382488883,/tmp/csv_runner-46dcf98b-a47f-43e0-b571-f2e3654e5e73,180
True,279226.6448462253,824.0200033600488,3.929088032799568,1.26220205236366,1.24385382488883,/tmp/csv_runner-b9920d04-e180-4689-893d-c34905631e4e,180
True,276931.5487890045,824.0200033600488,3.929088032799568,1.26220205236366,1.24385382488883,/tmp/csv_runner-02509ab8-db38-4a56-a99c-640176a17bac,180
True,279875.250620724,824.0200033600488,3.929088032799568,1.26220205236366,1.24385382488883,/tmp/csv_runner-e36a8ab1-51ec-4529-95a4-a85600e107f3,180
True,281813.80610497424,824.0200033600488,3.929088032799568,1.26220205236366,1.24385382488883,/tmp/csv_runner-de01ea94-096d-4d61-a5cf-4fde87fbb8ba,180
True,118817.80915144946,654.8833945962078,6.419441668259593,1.0847867012622967,1.143063836288268,/tmp/csv_runner-7213475c-7bb0-4310-94a3-3290152697a3,181
True,119158.32391193016,654.8833945962078,6.419441668259593,1.0847867012622967,1.143063836288268,/tmp/csv_runner-3f63af5e-d458-4eba-b686-71582b4b3df9,181
True,119351.1048397602,654.8833945962078,6.419441668259593,1.0847867012622967,1.143063836288268,/tmp/csv_runner-e4dd556e-43cf-4bf6-97ea-83413562afff,181
True,118600.83077448823,654.8833945962078,6.419441668259593,1.0847867012622967,1.143063836288268,/tmp/csv_runner-ae49d627-d29b-4495-9a45-4f9d63b02d7e,181
True,118591.7207572582,654.8833945962078,6.419441668259593,1.0847867012622967,1.143063836288268,/tmp/csv_runner-4b36a4a8-a616-4b0b-88a3-27ce5bffd85f,181
True,42469.02327579415,703.4558462958989,6.370557890321503,1.0464473846749751,0.8449646910598243,/tmp/csv_runner-3dc69fe2-ae2e-4c69-8b9a-dbc6694d16fc,182
True,42102.6958076843,703.4558462958989,6.370557890321503,1.0464473846749751,0.8449646910598243,/tmp/csv_runner-7d5342c0-6ddc-490a-8334-de23bdc00201,182
True,41841.86007358046,703.4558462958989,6.370557890321503,1.0464473846749751,0.8449646910598243,/tmp/csv_runner-975af2a8-5865-4a69-9691-fec11481f225,182
True,42062.526734136736,703.4558462958989,6.370557890321503,1.0464473846749751,0.8449646910598243,/tmp/csv_runner-78b9acb8-ce13-4fc9-8c20-84b4d00acf51,182
True,285341.788421753,780.0904755727518,7.087054958400016,1.4596020124559843,1.3401038093638509,/tmp/csv_runner-d789e797-f7f3-4189-a588-2225095a702f,183
True,283607.6420084796,780.0904755727518,7.087054958400016,1.4596020124559843,1.3401038093638509,/tmp/csv_runner-8f35e8d4-6e4f-4bda-af50-22fa96ed437f,183
True,278364.1823212206,780.0904755727518,7.087054958400016,1.4596020124559843,1.3401038093638509,/tmp/csv_runner-dacc6458-84cd-4eeb-b888-c9a85b2de903,183
True,283319.94105422654,780.0904755727518,7.087054958400016,1.4596020124559843,1.3401038093638509,/tmp/csv_runner-9469711c-4389-423b-93f6-70f760fedf43,183
True,282132.37854004937,780.0904755727518,7.087054958400016,1.4596020124559843,1.3401038093638509,/tmp/csv_runner-e7f38de4-684f-457b-87e8-6b2c7a1dbe1f,183
True,73234.4324928534,966.3454199047862,8.756516359836198,1.231743052868032,0.8321863983622646,/tmp/csv_runner-20577204-e6e1-43c7-825b-273c1a549d0a,184
True,72094.28667800812,966.3454199047862,8.756516359836198,1.231743052868032,0.8321863983622646,/tmp/csv_runner-ead424c7-9325-4b5a-8469-de0c486eeb7d,184
True,72607.20016420312,966.3454199047862,8.756516359836198,1.231743052868032,0.8321863983622646,/tmp/csv_runner-ab670a6c-a17b-465c-8882-e5a46718a6db,184
True,73357.62067017167,966.3454199047862,8.756516359836198,1.231743052868032,0.8321863983622646,/tmp/csv_runner-0983e5a0-1d7b-4ca4-a0dc-4c6a12a11d4c,184
True,73153.14878697562,966.3454199047862,8.756516359836198,1.231743052868032,0.8321863983622646,/tmp/csv_runner-5e998a44-2bf9-4ad7-97f6-b45078d44282,184
True,146749.32518238277,708.9765819081332,7.386457428669153,1.4389298532673398,1.1166089005252533,/tmp/csv_runner-2b6b7d13-e021-42d4-8c12-4ab7fd2cf411,185
True,147781.29983330306,708.9765819081332,7.386457428669153,1.4389298532673398,1.1166089005252533,/tmp/csv_runner-566ed39f-c69d-4a91-9b35-1e0071791d3e,185
True,146254.08641799894,708.9765819081332,7.386457428669153,1.4389298532673398,1.1166089005252533,/tmp/csv_runner-a5dff346-973f-477d-b486-69535d8f5b67,185
True,146361.09347208723,708.9765819081332,7.386457428669153,1.4389298532673398,1.1166089005252533,/tmp/csv_runner-c4b1af76-7a9e-428f-bc8e-b0775c4f91f2,185
True,146438.50346147968,708.9765819081332,7.386457428669153,1.4389298532673398,1.1166089005252533,/tmp/csv_runner-60952794-7fa9-4c55-bc09-8780ee0ffe40,185
True,277792.3796863698,811.5729990471591,7.734417953301797,1.2488413485695522,1.4140919616042005,/tmp/csv_runner-cf5d1abd-7ec7-478a-a292-b96b5fe13c92,186
True,275372.42497964285,811.5729990471591,7.734417953301797,1.2488413485695522,1.4140919616042005,/tmp/csv_runner-7fda5989-0bd0-4c1f-bb1f-c890376ae8c0,186
True,274526.24188203923,811.5729990471591,7.734417953301797,1.2488413485695522,1.4140919616042005,/tmp/csv_runner-1fff79e0-d57b-4cd6-a92c-e42cb6835a0e,186
True,273401.1169997299,811.5729990471591,7.734417953301797,1.2488413485695522,1.4140919616042005,/tmp/csv_runner-aa4bc877-eec9-4660-a19a-e2b725ae3c15,186
True,275980.8717326802,811.5729990471591,7.734417953301797,1.2488413485695522,1.4140919616042005,/tmp/csv_runner-f7ea097d-0903-433c-b34f-dae82d5c3ec7,186
True,97609.54857252286,831.1638370090939,8.939650199357645,1.0668378423017175,1.013511995513409,/tmp/csv_runner-abab31ac-f0bc-416e-a86b-54ad5ccfeddd,187
True,97966.91831798069,831.1638370090939,8.939650199357645,1.0668378423017175,1.013511995513409,/tmp/csv_runner-95ad7193-78dd-475c-b781-c4768a52cf05,187
True,97007.83984487304,831.1638370090939,8.939650199357645,1.0668378423017175,1.013511995513409,/tmp/csv_runner-1c3d912a-1fd6-401c-a494-0db9410ae696,187
True,96670.59868350034,831.1638370090939,8.939650199357645,1.0668378423017175,1.013511995513409,/tmp/csv_runner-5f4d003d-fd9f-4cab-a364-ffd02b538b2b,187
True,97166.28762986705,831.1638370090939,8.939650199357645,1.0668378423017175,1.013511995513409,/tmp/csv_runner-014d8f0d-45d4-4b9e-9cf4-588bc8207c1d,187
True,51021.57518689793,512.1040964930456,8.959394627782103,1.425623983503851,1.232153811759964,/tmp/csv_runner-8f44ec9f-f88c-4a47-9f52-77ccfc00d346,188
True,51162.911112777074,512.1040964930456,8.959394627782103,1.425623983503851,1.232153811759964,/tmp/csv_runner-318fd262-2aa8-44b2-afb0-997e11f7260f,188
True,50132.30318097742,512.1040964930456,8.959394627782103,1.425623983503851,1.232153811759964,/tmp/csv_runner-2ca8a2fb-6559-4500-98eb-f1873c2a83b3,188
True,51255.53207396233,512.1040964930456,8.959394627782103,1.425623983503851,1.232153811759964,/tmp/csv_runner-00ca90fc-438d-43a4-8748-cdc5c6e6f1b3,188
True,50277.63745787365,512.1040964930456,8.959394627782103,1.425623983503851,1.232153811759964,/tmp/csv_runner-5784a038-8dda-4cbe-8232-a20b9205d601,188
True,28214.097293266168,504.1384741410188,8.233124691323509,1.422141619068698,0.9789269756704956,/tmp/csv_runner-b37ffabd-8605-4078-86c5-e4fff1626688,189
True,28756.524700814334,504.1384741410188,8.233124691323509,1.422141619068698,0.9789269756704956,/tmp/csv_runner-6a9387a4-68cd-4b00-b7d7-1f9b7ad03984,189
True,29145.492267769896,504.1384741410188,8.233124691323509,1.422141619068698,0.9789269756704956,/tmp/csv_runner-905587e3-dc16-4b3e-a717-c14ec48e5e89,189
True,28427.818055844054,504.1384741410188,8.233124691323509,1.422141619068698,0.9789269756704956,/tmp/csv_runner-2690ccca-449c-41eb-9b5a-afa82e2e0971,189
True,28488.802551812987,504.1384741410188,8.233124691323509,1.422141619068698,0.9789269756704956,/tmp/csv_runner-b89b81e3-6529-4367-9527-8311abb2e02a,189
True,206628.98822585968,906.4481977254565,6.039182399793988,1.161657978551252,1.081343253751576,/tmp/csv_runner-5724e15d-8817-479a-a85a-8fe516ed00a7,190
True,203671.85651329157,906.4481977254565,6.039182399793988,1.161657978551252,1.081343253751576,/tmp/csv_runner-fb7523a7-305f-44bd-a66f-0ffc1df4efee,190
True,201262.86682307752,906.4481977254565,6.039182399793988,1.161657978551252,1.081343253751576,/tmp/csv_runner-8a54c3e3-2a92-432b-b595-84924afe3df1,190
True,205263.7689191341,906.4481977254565,6.039182399793988,1.161657978551252,1.081343253751576,/tmp/csv_runner-bf863e80-9bec-45ab-b0a7-064d87eb52b0,190
True,248469.314885446,967.3459787772395,8.876858410425944,1.352266464441807,1.1684104270904463,/tmp/csv_runner-a4624f86-06c9-4c58-b303-b7ab451c689c,191
True,251437.2266589868,967.3459787772395,8.876858410425944,1.352266464441807,1.1684104270904463,/tmp/csv_runner-e427947e-ddc4-4f3a-a943-6469dbfe4ef8,191
True,247196.5012648196,967.3459787772395,8.876858410425944,1.352266464441807,1.1684104270904463,/tmp/csv_runner-53ea4832-1f8c-40ed-b5f0-34c8d20b24d0,191
True,248441.0047592146,967.3459787772395,8.876858410425944,1.352266464441807,1.1684104270904463,/tmp/csv_runner-0b0d2d4b-e304-4a80-8308-f2c8e17f7cff,191
True,248171.6648281484,967.3459787772395,8.876858410425944,1.352266464441807,1.1684104270904463,/tmp/csv_runner-6a245ecc-2458-4a90-928a-b7c8cfc2e253,191
True,120168.18922673604,567.5781118620239,5.760382139564401,1.3163325150706031,1.2157076643682507,/tmp/csv_runner-4901c09f-0298-4c65-83e2-db4b5ebec073,192
True,120884.11430002713,567.5781118620239,5.760382139564401,1.3163325150706031,1.2157076643682507,/tmp/csv_runner-59af8bdc-a3ea-4b49-b33c-48637ba98477,192
True,121714.9407002127,567.5781118620239,5.760382139564401,1.3163325150706031,1.2157076643682507,/tmp/csv_runner-e6f4e3c3-f1d5-4419-b43a-f08872258902,192
True,119266.34037202728,567.5781118620239,5.760382139564401,1.3163325150706031,1.2157076643682507,/tmp/csv_runner-866fe78b-7069-4729-bc15-8bc46f0de0cd,192
True,119574.7130989523,567.5781118620239,5.760382139564401,1.3163325150706031,1.2157076643682507,/tmp/csv_runner-5d05bef4-a867-44a7-9569-44a119c6c923,192
True,282372.53946745454,884.6966174563162,7.708218344900347,1.4598811147133477,1.2242119989500515,/tmp/csv_runner-bd55a004-7e49-4bff-809a-7b65c30b3a64,193
True,285122.128940562,884.6966174563162,7.708218344900347,1.4598811147133477,1.2242119989500515,/tmp/csv_runner-95d13479-d3a8-46d0-8f01-fe5ee49e8a94,193
True,289152.60086221417,884.6966174563162,7.708218344900347,1.4598811147133477,1.2242119989500515,/tmp/csv_runner-0e2cba5f-3762-4c3b-8e16-cef350d887f9,193
True,283849.07419374125,884.6966174563162,7.708218344900347,1.4598811147133477,1.2242119989500515,/tmp/csv_runner-a5209d15-f2e5-45c1-b6d8-d0647d22a0e9,193
True,283421.3335780936,884.6966174563162,7.708218344900347,1.4598811147133477,1.2242119989500515,/tmp/csv_runner-0e0d9bcd-c724-419e-bc74-01a0508bc843,193
True,133119.19838349044,866.4293492197147,7.043927265968458,1.2120221464871093,0.9624318165714014,/tmp/csv_runner-0fc85555-8b8e-4f12-8265-8fb9d9197a8b,194
True,130955.32757010596,866.4293492197147,7.043927265968458,1.2120221464871093,0.9624318165714014,/tmp/csv_runner-f6831fbd-649e-45c4-91f3-2406c1fae6a2,194
True,131312.55939345225,866.4293492197147,7.043927265968458,1.2120221464871093,0.9624318165714014,/tmp/csv_runner-0aa72ebf-ad29-4aa1-932f-7708a97aaf65,194
True,132810.1634327155,866.4293492197147,7.043927265968458,1.2120221464871093,0.9624318165714014,/tmp/csv_runner-954cc279-2909-4032-9e46-85177f6b786c,194
True,131764.27514320097,866.4293492197147,7.043927265968458,1.2120221464871093,0.9624318165714014,/tmp/csv_runner-8d856580-d1a8-424f-8a7f-d1bc35dd14d5,194
True,162103.85083632224,754.4901181932466,9.358495908335987,1.249629005106772,1.2886936113794822,/tmp/csv_runner-921c46c9-3ba0-425c-abff-ee7bf3abe467,195
True,161404.8430989219,754.4901181932466,9.358495908335987,1.249629005106772,1.2886936113794822,/tmp/csv_runner-f1301024-4440-498f-bec8-d664985d1353,195
True,160906.34015647892,754.4901181932466,9.358495908335987,1.249629005106772,1.2886936113794822,/tmp/csv_runner-b7026d43-b8d1-44f8-b8e2-92b9a674699a,195
True,160680.0137549998,754.4901181932466,9.358495908335987,1.249629005106772,1.2886936113794822,/tmp/csv_runner-f07e49c7-1946-4698-9994-2e6daedfc462,195
True,158869.10368436493,754.4901181932466,9.358495908335987,1.249629005106772,1.2886936113794822,/tmp/csv_runner-66e8f45c-a511-4334-b5e9-e4e738ef4425,195
