,success,te0,teav,output_shine_inj1,shine_inj2,clean_time_min,run_time_min,enbi,nbar,np,hfactor,index,run_dir,batch_num
0,True,48.81502,17.130182,0.0198,0.016135,0.0010817488034566,15.04878439505895,777.730855068882,4.1290630627371865,1.4623508336099444,1.375808163432202,457,/tmp/ShineRunner-9979fd72-e4a4-486f-8fc6-a53c6c6de969,0
1,True,35.710677,11.901122,0.041411,0.044343,0.0008565545082092,15.12028177579244,824.5745250671372,3.5488943235459622,1.3814515095197646,0.8406759372050132,441,/tmp/ShineRunner-095eae83-4e34-4395-a776-8c8b9f905987,0
2,True,41.940582,14.034082,0.007543,0.003984,0.0026859800020853,15.635507647196452,573.4318674107021,4.387524283930359,1.4115623049750474,1.1772592363849308,591,/tmp/ShineRunner-fc127de7-b6e1-4bcf-b460-76a71b4ab8a4,0
3,True,46.544043,16.029972,0.039201,0.033443,0.0229063590367635,16.65331577062607,870.8582052598674,3.8169982972723,1.3914800650130426,1.1989536730490684,515,/tmp/ShineRunner-803eb3d9-e950-4dc8-bf3b-37f67a1c7956,0
4,True,53.283714,16.039784,0.00774,0.008133,0.0450605789820353,18.14538896481196,568.9987586739527,4.079247085142373,1.1353160761354302,1.4193943416544523,579,/tmp/ShineRunner-c978ac17-a07b-4624-857a-973a50deb7fe,0
5,True,33.750997,11.348887,0.009116,0.005964,0.0439582546552022,18.14550893306732,609.4283043973161,4.190646473712457,1.430284959647188,0.9173896637744468,574,/tmp/ShineRunner-9e06f230-4ba2-4365-9a72-b75b3eb5cd40,0
6,True,43.496809,15.23154,0.03698,0.032695,0.0183275341987609,19.37532546520233,994.3019492597882,4.200554622296997,1.3708073163657577,1.128131507909767,545,/tmp/ShineRunner-dcd3f580-564a-40f5-bea0-1e7ea634baeb,0
7,True,56.278299,16.988677,0.284795,0.274732,0.0191756804784139,19.374369581540424,777.2082760199668,1.5139559147467727,1.1265923030633007,0.8210382051328252,542,/tmp/ShineRunner-966d0438-beb8-4be0-94de-54e7dc5917eb,0
8,True,48.383166,17.431919,0.055713,0.043794,0.0214749336242675,20.220293084780376,851.5167328494463,3.388587001504757,1.4909029737712678,1.2342503967606309,449,/tmp/ShineRunner-60e2f5ae-1a1b-4882-a8c7-751fcdcf5923,0
9,True,50.17316,15.501112,0.079359,0.078511,0.0202519297599792,20.42999250094096,899.6067611207454,3.243229242995627,1.1081778476127009,1.0898182656524655,497,/tmp/ShineRunner-a1ea5bfc-425e-420d-92b5-13e3edf61188,0
10,True,48.866612,15.860695,0.01439,0.010293,0.0213781515757242,20.49716956218084,671.2018384053143,4.095610934181892,1.311354372494104,1.3255870093214015,547,/tmp/ShineRunner-1a9f19b2-3e2b-4fc0-9e17-0865781dce54,0
11,True,41.734591,12.899155,0.005173,0.004579,0.0326039433479309,20.567067658901216,506.2349389706066,4.102525647765665,1.260115033522997,1.0855730012523956,510,/tmp/ShineRunner-5f6c6796-0c6d-4b8c-bcc5-0670848e64aa,0
12,True,47.854276,15.228501,0.117855,0.112531,0.046564229329427,21.65330414374669,732.5070659946365,2.3619854790792245,1.265943045673034,0.9310672612307392,544,/tmp/ShineRunner-e92415aa-12e5-4c61-9708-8c3668fc6a68,0
13,True,30.98891,8.656942,0.004579,0.004182,0.0469834208488464,21.65393261909485,576.438561063168,4.650929776403698,1.170693533690864,0.8350746827878537,546,/tmp/ShineRunner-a3c83acd-99ba-4e03-a23e-e236c162d304,0
14,True,46.12582,15.544289,0.003388,0.00319,0.0342312971750895,21.69169016281764,552.3075484023876,4.577482479863376,1.432786269660514,1.3586682050728331,516,/tmp/ShineRunner-cd129cf0-4f3f-4220-a3b4-0f232287dae8,0
15,True,58.755337,18.713395,0.26384,0.249249,0.0411054452260335,21.86472005446752,548.0476164859406,1.2755122970403012,1.26692000663698,0.8472629361311905,588,/tmp/ShineRunner-98eb00d8-418a-413c-8f53-b94b55907190,0
16,True,37.941231,13.278585,0.010097,0.00833,0.0276075402895609,21.864715401331583,547.599543480432,3.802510515462361,1.4883320391082946,1.0228284713403142,583,/tmp/ShineRunner-9f475be4-34c0-4ad8-88a1-37bf52bc08e3,0
18,True,53.078796,16.103721,0.01088,0.013807,0.0413031816482543,21.8650253534317,745.628723195683,4.529336485959734,1.071954348039279,1.4153481457612722,587,/tmp/ShineRunner-22d7ed53-653f-480a-8d43-b9304ba78725,0
19,True,44.847625,12.9259,0.013418,0.00892,0.0428012450536092,21.86502516269684,569.1645350580246,4.007077965205426,1.0578520836547147,1.0730438131095703,576,/tmp/ShineRunner-a065af6b-7d0e-4296-9925-711d19fa0cef,0
20,True,52.078521,16.079825,0.085254,0.075786,0.0210626125335693,21.92452454566956,754.0836779064375,2.753808828631716,1.1665470805053189,1.1019289141025148,486,/tmp/ShineRunner-d22fe029-dd8f-4318-9f70-8342868dc3a4,0
21,True,53.704716,16.346447,0.017682,0.019031,0.0320190866788228,21.97054053544998,795.0976913830631,4.337515465595028,1.002370696455937,1.3973586215396567,493,/tmp/ShineRunner-b04aca4d-19b2-487b-83dc-75d07d8d9827,0
23,True,58.34548,17.906695,0.140598,0.139859,0.0327288269996643,21.97117816607157,603.510270762406,1.9291149026480092,1.1970628885890489,1.0916267431484037,484,/tmp/ShineRunner-792782d2-fb87-4dc1-a0fe-f99ad1e52565,0
24,True,54.12012,17.114021,0.058203,0.051233,0.1147686719894409,22.122542107105254,711.7476973398269,3.0296136856610523,1.2503830745401392,1.2803140409306053,581,/tmp/ShineRunner-4475104f-dfec-40ec-87a5-e119119112b5,0
26,True,68.554223,22.2608,0.22899,0.214824,0.0245032668113708,23.083673501014708,509.51707390874327,1.32814613335981,1.3625916604254344,1.2956638649785115,499,/tmp/ShineRunner-69fb0dcb-1b41-430c-9038-f8df09ca2a32,0
27,True,45.267225,14.37774,0.021143,0.0198,0.0224228461583455,23.2450807929039,866.7474522814149,4.464809228767527,1.1895263475186526,1.1619136407946005,514,/tmp/ShineRunner-82cc9f8b-b4ab-4ea6-8ca6-4566a4674aa6,0
28,True,45.26719,14.048936,0.0242,0.02648,0.0224360783894856,23.24666510423025,929.4914302788568,4.615364074224497,1.1060737037616506,1.1288606217223796,513,/tmp/ShineRunner-b228d527-1255-40fe-923e-f3746496f81e,0
29,True,45.589617,15.893491,0.045255,0.031008,0.0224713246027628,23.246124414602917,704.5699888123986,3.247808925817917,1.4676906847832474,1.1273481796386176,520,/tmp/ShineRunner-988df669-f259-4124-96d0-69408fea0824,0
30,True,52.027506,17.335713,0.210983,0.204075,0.0401718695958455,23.268873206774398,937.287569927786,2.0930174412408684,1.2654251971439072,0.973884482705956,537,/tmp/ShineRunner-2b628886-26ba-40b3-a83f-4c8ce263ef76,0
31,True,48.579594,14.240018,0.112374,0.115357,0.0403345147768656,23.26925728321076,768.2840067885446,2.512077572669837,1.0658774164460336,0.8879646970079752,540,/tmp/ShineRunner-b54a0954-55c8-4388-a081-2b295efe1db0,0
33,True,65.518481,20.839052,0.166806,0.165972,0.0619266589482625,23.538125042120612,817.2701324758987,2.1104868344671943,1.210190885752639,1.471446490991203,471,/tmp/ShineRunner-5e7ee4ca-f1d1-4126-9792-ad857926cd17,0
34,True,66.435709,19.459792,0.20115,0.192506,0.0635422229766845,23.53956468105316,533.5833344238835,1.488707765830639,1.0088343904999562,1.1172959415501145,470,/tmp/ShineRunner-13bdfc37-918f-46c6-8751-f6eba0dfe02e,0
35,True,52.921673,18.723763,0.073903,0.066119,0.0634664098421732,23.539671591917678,719.1931292920965,2.695532157781593,1.4973508744675124,1.272218233885317,477,/tmp/ShineRunner-097648a1-6406-4b00-9002-0d31cdeded2c,0
36,True,44.044101,14.874904,0.069594,0.064021,0.0639517664909362,23.539103082815807,871.1589747089884,3.1992770943205717,1.3267196045047476,1.009568304060378,474,/tmp/ShineRunner-2eb544b2-90de-4a56-becf-91e2200f5dc9,0
37,True,46.688788,13.533741,0.039754,0.040491,0.043272578716278,23.5415509780248,653.767536210393,3.2332996428540413,1.003657228146508,0.9946154746205698,448,/tmp/ShineRunner-0d2f609d-dfcc-4152-8ce2-9621ff94dd81,0
38,True,44.06569,15.480709,0.168468,0.150671,0.0433499534924825,23.540042873223623,988.95848953692,2.4109344096538634,1.3968410752799862,0.8593734906182825,456,/tmp/ShineRunner-868c9e72-255a-4963-abb3-7f5063600b36,0
39,True,54.740604,18.241994,0.05962,0.051233,0.0165568073590596,24.53763105869293,511.6137911733792,2.360270362992924,1.437553806661256,1.227159211103272,567,/tmp/ShineRunner-9141369b-1db0-4567-9a80-564227cca593,0
40,True,47.437842,15.707477,0.08609,0.079529,0.0166350523630777,24.53743828137716,772.2742010206698,2.755226726806836,1.3161012500574312,1.033877886871129,569,/tmp/ShineRunner-d4870781-7a38-41a1-8e16-38f05a68085d,0
41,True,48.866612,15.860695,0.014001,0.012833,0.0572445392608642,26.23102593024572,671.2018384053143,4.095610934181892,1.311354372494104,1.3255870093214015,247,/tmp/ShineRunner-47498ea7-1c68-4c1b-826d-aba23244de90,0
42,True,35.495401,11.892419,0.01088,0.007346,0.0556717157363891,26.231513726711277,666.8188791641192,4.552812808390757,1.3812660735353262,0.989374458637123,392,/tmp/ShineRunner-35a16428-53c0-4459-89af-7a1f644d9b48,0
43,True,41.273801,13.187864,0.036237,0.034003,0.0523977478345235,26.23155589501063,916.1299006976004,4.140963172985928,1.1937391895150873,1.0018296727511709,311,/tmp/ShineRunner-5f49ea2e-32cd-419f-86d4-895dd7cdcccc,0
44,True,59.790843,19.392771,0.154549,0.151967,0.0527570446332295,26.23436809380849,968.063731687872,2.5267777636745143,1.191659911388705,1.3107799960741646,94,/tmp/ShineRunner-ad89ffb9-fdf9-4653-a7fb-e3ddbe41d026,0
45,True,38.698633,11.013065,0.005964,0.005767,0.0598660906155904,26.24131764570872,590.463326115434,4.591255937487346,1.0223245444871394,0.9629965994605943,138,/tmp/ShineRunner-14d6d8f7-5d49-4231-8170-5f3d34032306,0
46,True,35.710677,11.901122,0.04416,0.033069,0.0812536319096883,26.262760210037232,824.5745250671372,3.5488943235459622,1.3814515095197646,0.8406759372050132,141,/tmp/ShineRunner-5485f95c-a888-433d-aa36-23b3cbbc2e9d,0
47,True,46.948766,14.394174,0.004579,0.002991,0.0880660017331441,26.271586366494496,547.035981544698,4.514488255371748,1.1975036200202782,1.277807118746454,211,/tmp/ShineRunner-b0eefc81-b24a-4ce5-9952-5a86318b3969,0
48,True,42.884055,13.955219,0.004182,0.001797,0.0908807675043741,26.270724999904637,553.2097659356914,4.99606081408665,1.3328423680532684,1.255087510891158,102,/tmp/ShineRunner-b050cfb0-1198-4c44-b30b-7558ae9ad062,0
49,True,68.554223,22.2608,0.22179,0.194328,0.0897975087165832,26.27332445780436,509.51707390874327,1.32814613335981,1.3625916604254344,1.2956638649785115,199,/tmp/ShineRunner-eac260b5-e4bb-4383-944f-3a787359ebff,0
50,True,38.775901,11.039728,0.023247,0.019031,0.0852641463279724,26.2697412053744,733.6908007776458,4.052959176709625,1.008918391988494,0.8764007977360145,359,/tmp/ShineRunner-51120c53-e635-424b-91ff-8b83424437b9,0
51,True,51.727217,16.667563,0.039201,0.031758,0.0850910623868306,26.26956210533778,560.9162523142655,2.8278516991307856,1.3471312178214432,1.2067816264546316,352,/tmp/ShineRunner-7983b23c-bbbd-4452-b4fe-097c0611acc8,0
52,True,46.544043,16.029972,0.042146,0.03363,0.148107099533081,26.331728132565814,870.8582052598674,3.8169982972723,1.3914800650130426,1.1989536730490684,215,/tmp/ShineRunner-2f4fb2f3-10b0-4f08-a3ab-02aee76ca0ac,0
53,True,36.923971,13.457683,0.030068,0.025151,0.1938708583513895,26.369634795188905,891.3120523147734,4.098505291525578,1.4730135314086652,0.9773683476874312,386,/tmp/ShineRunner-a2ba43c5-0a03-48f4-b588-641703120d94,0
54,True,53.338127,15.371981,0.048344,0.047982,0.1919829646746317,26.37136266231537,515.4089172839697,2.5215565126223947,1.1072923364097649,1.0859700506072454,317,/tmp/ShineRunner-9c49fa6f-db9a-4167-8e41-fbae591943e8,0
55,True,46.92745,14.968634,0.138822,0.130284,0.2313616275787353,26.41290624141693,877.6650863973723,2.508627720219409,1.2346634670952006,0.9054710816692682,137,/tmp/ShineRunner-3e835d52-a071-4bb2-a708-4544335599a3,0
56,True,46.688788,13.533741,0.039201,0.036423,0.2320433576901753,26.41355848312378,653.767536210393,3.2332996428540413,1.003657228146508,0.9946154746205698,148,/tmp/ShineRunner-f5a17112-f632-4d1e-b051-607a608792ba,0
57,True,49.022288,17.785619,0.016716,0.01439,0.0155328869819641,26.45815311272939,950.8209267832192,4.932101876303318,1.4911833415522662,1.467099392937587,528,/tmp/ShineRunner-4810d220-3b8d-4d38-aad6-1ba050c07dc3,0
58,True,71.395872,21.738242,0.267399,0.271562,0.0166036923726399,26.460378313064574,535.9110702514422,1.2062915580823428,1.1522332632380166,1.1870287778451232,529,/tmp/ShineRunner-b8a991c8-f72a-4edb-83f0-d80161913795,0
60,True,59.195949,19.138191,0.155691,0.145591,0.0510407249132792,26.65289460420609,697.3149440750411,2.00418294983853,1.3043705644491237,1.2066925616236357,519,/tmp/ShineRunner-b1632e91-6756-401f-be2a-90d37a728e7a,0
61,True,57.777737,20.463099,0.197689,0.190808,0.0487152536710103,26.649378554026285,869.2901932286914,1.9954739529719068,1.4450097285588477,1.2156813836199134,500,/tmp/ShineRunner-80226071-ad8d-49f9-a977-210c6cd57fa1,0
63,True,61.66149,20.802216,0.278499,0.269433,0.0908991575241088,26.6927006483078,936.9442489519008,1.7161238288720453,1.3053850666177091,1.187478588062728,507,/tmp/ShineRunner-a7fadd14-11ad-445b-8b70-dc1dbb3d33a3,0
64,True,43.270078,13.927869,0.01536,0.011076,0.1113367756207784,26.711466721693675,879.211118592377,4.927035134368926,1.2096361939504026,1.1602081363198715,509,/tmp/ShineRunner-08e0254d-5581-47d2-b1cc-fd8ce99309bb,0
65,True,33.37999,11.921624,0.018453,0.014196,0.0715900103251139,26.94053018490473,937.5420995270412,4.892620841644958,1.436429479387089,0.9346104753245932,298,/tmp/ShineRunner-160b38dd-33ae-4f4b-ba0f-87de21798302,0
66,True,47.391151,16.648275,0.053747,0.049791,0.0487959742546081,27.100789320468905,924.2802443868122,3.471384298464449,1.4021959139735387,1.1729055932460182,81,/tmp/ShineRunner-1026433e-edf5-4882-bf7d-2cab02dde71a,0
67,True,52.360758,15.664545,0.141336,0.145737,0.0617028991381327,27.134734610716503,732.3398189286647,2.218779096975997,1.1095946082393162,0.9458655390045104,294,/tmp/ShineRunner-dc731275-d28f-4858-be6c-37c51bf7e071,0
68,True,56.579081,17.371162,0.029126,0.023247,0.0537717898686726,27.34691352446874,689.7320398634645,3.61727072000616,1.1484382372856428,1.4642005487007383,379,/tmp/ShineRunner-8931d007-f5c9-4119-84c4-9171805e72d2,0
69,True,55.041881,16.509267,0.13674,0.121883,0.0957186738650004,27.391824495792388,785.6163258713864,2.431554673094046,1.024627059963797,1.0615298969217002,71,/tmp/ShineRunner-220af994-76c3-4b61-8939-5ba4b9d2b2b1,0
70,True,48.791898,17.852942,0.112058,0.088755,0.1701730887095133,27.645581885178885,888.6715637645893,2.754678863994386,1.492770084747463,1.1254814193355571,455,/tmp/ShineRunner-1a3d488d-75e3-4878-b84e-67989ce32b24,0
71,True,45.896189,14.946824,0.040307,0.042146,0.2979473114013672,27.651766177018484,713.951606840675,3.2883452069611647,1.3173145587091315,1.0882676276098993,419,/tmp/ShineRunner-4b4c0a85-ef2f-41aa-8e90-a7f5905ddb91,0
72,True,46.674326,14.747601,0.013418,0.014001,0.1543404936790466,27.6707190712293,754.4670758756771,4.591179838401838,1.2096504939639052,1.2529502587003276,558,/tmp/ShineRunner-2d84e8e7-fb24-4d20-bd07-6ae6c31a2c72,0
74,True,62.589212,17.796415,0.094531,0.095841,0.0341050386428833,27.671257611115774,509.8832226713458,2.036806107755832,1.0989049236295985,1.3447059957808087,561,/tmp/ShineRunner-1f2729d4-4910-445e-b802-51df07740bae,0
75,True,49.509858,15.38006,0.114103,0.11567,0.3688636541366577,27.72459749380748,662.9126790690759,2.2300227065534237,1.234777905637904,0.932629951359,308,/tmp/ShineRunner-1657bf22-63d6-4a31-b8f6-006732930691,0
76,True,45.657808,14.910607,0.079698,0.068207,0.3683298230171203,27.724533025423685,817.3591600002953,3.035749362895182,1.2796035803727068,1.0127650686438283,316,/tmp/ShineRunner-1c69ef86-7f33-4ef8-806c-2276adb52682,0
78,True,53.571248,17.75886,0.040859,0.03419,0.0788375536600748,27.721839396158853,641.6234666250571,3.070553335423293,1.3959872125706871,1.3486768765629995,476,/tmp/ShineRunner-8c572a97-83fa-4cb9-bcb3-bedb6ef696db,0
79,True,52.832769,17.015803,0.033256,0.029315,0.0204255978266398,28.360491776466368,998.5173289187863,4.468480106954079,1.1419542189320195,1.3858276057626568,101,/tmp/ShineRunner-0167a644-07e0-4d05-9e77-926f915c37fe,0
80,True,33.362121,10.375103,0.004777,0.004975,0.0210287968317667,28.35888656377792,559.2392886085207,4.342348188439444,1.3185369419956037,0.8853451748345789,97,/tmp/ShineRunner-df806804-30cb-4ed6-aa7a-c4eb6852a4d7,0
82,True,46.851264,14.299513,0.102011,0.092724,0.0341522256533304,28.37586302757263,671.1812166500271,2.3958893402164576,1.220025054116776,0.8880649128185997,259,/tmp/ShineRunner-7393b004-ffc3-4df6-bd56-e2cb8e380446,0
83,True,30.98891,8.656942,0.00319,0.002991,0.0347441832224528,28.376051036516824,576.438561063168,4.650929776403698,1.170693533690864,0.8350746827878537,246,/tmp/ShineRunner-120a6ffc-d690-4d61-9bbc-834004956094,0
84,True,52.347873,17.052068,0.045073,0.035308,0.0354822079340616,28.374371802806856,562.4618396528215,2.819936356849141,1.3725940641644223,1.241008291203479,409,/tmp/ShineRunner-f3f71641-a6d8-4d18-b9ef-8e163919da86,0
85,True,44.901038,13.791063,0.030068,0.03232,0.02657444079717,28.440994600454967,792.113930030609,3.8345694810863873,1.1480164314550128,1.059876845961794,232,/tmp/ShineRunner-b67dd4fc-ffcf-4b6c-9135-b00615f31336,0
86,True,58.999461,17.424687,0.099261,0.090909,0.0264053702354431,28.443609603246053,648.1810285055824,2.3949445849776416,1.0684106390148131,1.2024103507361237,167,/tmp/ShineRunner-dc297316-c9d7-48b4-9aca-7d5c578cc284,0
87,True,44.798294,15.254669,0.058026,0.05482,0.0263892531394958,28.441742157936098,998.7900186314588,3.6838764445308976,1.297606420206686,1.0746583650452557,168,/tmp/ShineRunner-8663a093-1596-45ef-a234-db32d661f228,0
88,True,58.143687,17.674987,0.095186,0.090247,0.1217076738675435,28.54156550168991,740.3038154711533,2.6083896558627955,1.1201131380745015,1.2513734360515034,272,/tmp/ShineRunner-f0ec1749-f33b-4fcb-b08b-e8acf4e07f72,0
90,True,42.590215,12.542367,0.076127,0.069248,0.1899195075035095,28.609591801961265,727.5589212058812,2.870786325531294,1.156284974514292,0.8356723378024202,182,/tmp/ShineRunner-8da7a759-9d8b-493d-a8ce-322ab0dd002d,0
91,True,47.644479,15.615259,0.007937,0.004777,0.2474987785021464,28.66669083038966,599.8878258300288,4.138147915201956,1.3577035648079008,1.3172888027408791,53,/tmp/ShineRunner-4643292b-1c54-4f5a-a2b6-8f91024f0e46,0
92,True,58.747813,18.983348,0.18394,0.178982,0.2779569069544474,28.697814377148948,644.6600680511673,1.7343570026903596,1.2929806870480274,1.0869876717575302,273,/tmp/ShineRunner-0c2d8bdf-02dc-4850-8984-868646b353a6,0
93,True,49.369325,15.014697,0.02439,0.021718,0.033722960948944,28.699325442314148,847.3990644092491,4.387163900633934,1.066051418650772,1.2300658183793438,83,/tmp/ShineRunner-b87f8271-280c-4459-90c4-ad8cb2cf9ce0,0
94,True,53.338127,15.371981,0.054284,0.048525,0.2798585136731465,28.699852760632837,515.4089172839697,2.5215565126223947,1.1072923364097649,1.0859700506072454,17,/tmp/ShineRunner-a5d96c2e-4d96-46aa-8942-5aa45159560c,0
95,True,47.391151,16.648275,0.058203,0.052133,0.0455383022626241,28.72785265445709,924.2802443868122,3.471384298464449,1.4021959139735387,1.1729055932460182,381,/tmp/ShineRunner-9eefe5b4-2448-42bb-b849-e5a3b392384c,0
96,True,47.703273,15.534283,0.028749,0.027427,0.0452296018600463,28.728273105621337,881.9616950032939,4.116676752653094,1.2460766077877146,1.2197154090658286,389,/tmp/ShineRunner-5810f78a-79c6-4cc0-8d7d-d15a28fbb552,0
97,True,39.605533,13.114937,0.023628,0.021143,0.0523935635884602,28.779547417163847,945.3962454392624,4.531165214670598,1.2594291801932245,1.021150336281555,45,/tmp/ShineRunner-03217f70-b19f-4d5c-8cd9-9ad24f3c58ee,0
98,True,54.12012,17.114021,0.054642,0.051053,0.0526311556498209,28.77666153907776,711.7476973398269,3.0296136856610523,1.2503830745401392,1.2803140409306053,281,/tmp/ShineRunner-0bfd08d1-bfa8-44c8-bc3b-42cb7b500c9a,0
99,True,51.727217,16.667563,0.042146,0.034749,0.0523430943489074,28.77801170349121,560.9162523142655,2.8278516991307856,1.3471312178214432,1.2067816264546316,52,/tmp/ShineRunner-fd3214f8-304a-4efd-8176-e04cce5352c0,0
100,True,38.185813,12.72467,0.016135,0.012443,0.1012952884038289,28.82871563831965,718.5759594361654,4.2637840626544845,1.3501325510011246,1.0186566489674287,10,/tmp/ShineRunner-cc77717b-d72d-4045-b742-e9a4a9a09689,0
102,True,37.670103,10.470743,0.008723,0.005964,0.1022868355115254,28.83075467745463,561.378966205743,4.256895757349588,1.076642158312247,0.9254878157104174,48,/tmp/ShineRunner-463994ec-b768-4195-8624-8072d72d35a5,0
103,True,54.740604,18.241994,0.063495,0.053926,0.1046422322591145,28.828693934281667,511.6137911733792,2.360270362992924,1.437553806661256,1.227159211103272,267,/tmp/ShineRunner-5681bd34-45f2-40dd-a7cf-794ef860107d,0
104,True,45.395251,14.999774,0.002792,0.002195,0.1513547460238138,28.8788023352623,547.0886739438248,4.892738347201726,1.3805698509951765,1.3502450136938675,1,/tmp/ShineRunner-1238410d-7bd0-45d4-9819-ff9fdf2aa7ca,0
105,True,46.173039,13.57919,0.007937,0.006951,0.0206810156504313,28.908561166127523,643.2231134410275,4.669157088972919,1.0124297456931282,1.1886386296287772,56,/tmp/ShineRunner-50e84756-5d6b-40d7-9033-1dcb57975c91,0
106,True,49.221108,14.683458,0.050513,0.050693,0.1532987276713053,28.90806235472361,792.0489844563679,3.4593250468412085,1.0422221605699449,1.0910651815194268,330,/tmp/ShineRunner-5b04f952-e38b-432a-b791-7a1964d03b01,0
107,True,30.101536,10.562131,0.010293,0.010685,0.0274734894434611,28.911160592238108,809.8342629849308,4.704763442618314,1.4904105727665171,0.8487484456139763,278,/tmp/ShineRunner-4588023a-10b6-497a-a159-0b60d78dfd24,0
108,True,54.357465,17.950808,0.035122,0.02648,0.0332562804222106,28.914966770013173,789.008607903771,3.679014156191891,1.3246165776226544,1.458416086786863,116,/tmp/ShineRunner-cc0bdf2e-3d8d-4fa4-a0d8-4260c4f7ca83,0
109,True,66.565115,19.008804,0.169573,0.16346,0.0455902775128682,28.933695789178213,506.9681438541008,1.610486531994963,1.0659111088932605,1.2743610715290004,51,/tmp/ShineRunner-ba66620d-0a57-4d74-8419-e484f3db5057,0
110,True,47.437842,15.707477,0.082232,0.07885,0.0475229183832804,28.931350521246596,772.2742010206698,2.755226726806836,1.3161012500574312,1.033877886871129,269,/tmp/ShineRunner-5cd2aef8-b121-4528-8b81-ebe13941006b,0
111,True,43.349678,13.835782,0.005767,0.00319,0.1876798272132873,28.935178728898368,548.4889443527396,4.321506614329427,1.3083780895386543,1.1796550816115434,230,/tmp/ShineRunner-242e8430-f85a-4984-a3f6-220e9b1812d9,0
112,True,55.951436,15.933953,0.022483,0.018646,0.0605655948321024,28.94509209394455,527.2501574956478,3.311759467681145,1.0211752757900836,1.418901997956772,112,/tmp/ShineRunner-5a24f853-e004-4c2b-abbd-fe4a6c430077,0
113,True,51.909333,17.319736,0.059266,0.058558,0.0616522749265035,28.94511611064275,786.2289665610579,3.0893963619004525,1.3510010905551857,1.253563937540847,122,/tmp/ShineRunner-480f8e23-2e81-4cb2-832f-7fdee9ac2595,0
114,True,41.504875,12.487383,0.019416,0.016716,0.0827151219050089,28.972527027130127,799.6913957604218,4.448072979684844,1.0982173328572866,1.0172265710300663,49,/tmp/ShineRunner-1278eb60-d7ca-447c-9c2d-c90afd774454,0
115,True,53.519062,16.356457,0.111585,0.103139,0.1322508295377095,28.978493797779084,616.2849702644369,2.217051964506563,1.1831962249131238,1.029246895088782,78,/tmp/ShineRunner-395f5c79-6940-4104-9b7a-827d1544122f,0
116,True,64.124657,20.994285,0.150093,0.135845,0.2557708144187927,29.003028706709543,626.2181452747936,1.897005378127988,1.3824017763036172,1.4136975580852336,227,/tmp/ShineRunner-575924fa-0a16-4f99-b0f6-ddb5f3845934,0
117,True,42.330037,13.116056,0.029503,0.027805,0.1209957440694173,29.00782630840937,890.2905687632922,4.301296307345808,1.130174271707625,1.0257433086774108,187,/tmp/ShineRunner-5d95ba27-fcd8-4064-a932-1a8cfc5bd5d5,0
118,True,44.454323,15.402401,0.005964,0.003984,0.2525818228721618,29.007088673114776,717.548530001519,4.966452481845683,1.4458386331274569,1.3240256136198645,344,/tmp/ShineRunner-98cefbae-746c-4765-933f-de3429efaf2f,0
119,True,39.85274,12.293814,0.06068,0.049791,0.2526022553443908,29.00722895860672,886.006216055494,3.5113095579381493,1.186828864436855,0.8661266676430608,346,/tmp/ShineRunner-34a9bae1-15c8-4f25-9e71-762906491f30,0
120,True,34.566759,12.004632,0.020952,0.017296,0.1873005231221517,29.07404576142629,907.3192215589412,4.5712374645646205,1.3937949181146696,0.9296255414674972,178,/tmp/ShineRunner-b85f0b79-3f6f-445e-a2a8-1a3b2a437e2b,0
122,True,47.210419,14.188137,0.021335,0.021909,0.0515328009923299,29.121001048882803,810.9488866876229,4.375751340349222,1.0022500624698296,1.1602405394814448,161,/tmp/ShineRunner-987ea4df-ef1a-4597-8074-bf65c17b64eb,0
123,True,55.877913,19.260065,0.115201,0.118477,0.051442817846934,29.119312179088592,617.5485584403298,2.031508014273379,1.4545324072114745,1.1706794386995507,173,/tmp/ShineRunner-715e5956-3405-4476-84ee-05e7e64e222d,0
124,True,65.518481,20.839052,0.171637,0.1629,0.0513590653737386,29.12017470995585,817.2701324758987,2.1104868344671943,1.210190885752639,1.471446490991203,171,/tmp/ShineRunner-2b257922-27c8-4c6d-a3bf-18446b7bb93e,0
125,True,45.896189,14.946824,0.040675,0.03698,0.1270407199859619,29.196163948376974,713.951606840675,3.2883452069611647,1.3173145587091315,1.0882676276098993,119,/tmp/ShineRunner-dd5f25e9-6cc7-4982-bec9-6db1b834ba89,0
126,True,64.408519,19.479542,0.108576,0.098124,0.287617556254069,29.381798994541168,756.3660321500556,2.505078968618176,1.0179213757090817,1.4718421656304543,480,/tmp/ShineRunner-8ad2e1ff-ad6a-4040-8050-4c3b5ebe8d95,0
127,True,38.728831,12.208433,0.022292,0.022483,0.0261305809020996,29.528687385718023,821.9325600403322,4.220151098391652,1.2217070994136656,0.9590671052493438,303,/tmp/ShineRunner-338b0952-6efc-4304-b36c-44e7f1e04891,0
128,True,49.823654,15.327323,0.041778,0.045984,0.0164446870485941,29.522612206141154,715.709097589945,3.3544549161406514,1.1803286672251272,1.1589174712247308,424,/tmp/ShineRunner-d27c7253-acd4-4805-86b7-54caf7023557,0
129,True,61.213256,20.462816,0.083578,0.065246,0.0164178411165873,29.522848439216613,559.8362779324472,2.205645188744312,1.479214590450486,1.496825130808546,431,/tmp/ShineRunner-b263ca39-8ff0-4c73-b3a6-b2591637f5f8,0
130,True,33.362121,10.375103,0.005767,0.005964,0.0484103043874104,29.59033250808716,559.2392886085207,4.342348188439444,1.3185369419956037,0.8853451748345789,397,/tmp/ShineRunner-952434f3-5b86-4dff-8574-66a89a0f2e51,0
131,True,46.935265,15.949468,0.004975,0.003388,0.0481648047765096,29.59038316011429,528.6159700766302,4.124240956023376,1.4638977150861403,1.3404758793730664,407,/tmp/ShineRunner-e89c5310-24f2-4318-a572-a3bbae05b3b8,0
132,True,47.05478,15.626201,0.026669,0.025531,0.0389097968737284,29.633069396018985,698.0832500296244,3.581531359839094,1.3628848173577168,1.1968564567235709,208,/tmp/ShineRunner-42e38973-2081-447f-9f01-89bb353f7f41,0
133,True,60.296526,19.325869,0.080713,0.076809,0.0398915251096089,29.617032500108085,503.7535163999999,2.0789718615292445,1.3987554178403765,1.387421706364027,575,/tmp/ShineRunner-73295f8f-c7ff-4773-968b-e4b9dabe280d,0
134,True,58.812297,20.606161,0.287445,0.274942,0.1218615174293518,29.703980815410613,500.83035383740025,1.0931096323942693,1.4313822818704391,0.8008631437583358,485,/tmp/ShineRunner-36a9acdc-55dc-48a8-88f2-0e042ceb7d42,0
136,True,55.041881,16.509267,0.134349,0.125415,0.0932618141174316,29.741230777899425,785.6163258713864,2.431554673094046,1.024627059963797,1.0615298969217002,371,/tmp/ShineRunner-0b582d7d-25a6-4f76-aced-77a975cfc20e,0
137,True,36.498523,10.539328,0.010489,0.006754,0.0926238775253295,29.74137456417084,573.0866220963492,4.228522438007902,1.1551673369620372,0.9007103530797999,365,/tmp/ShineRunner-14373c04-3fdf-4386-9e4d-c988814a62b1,0
138,True,46.12582,15.544289,0.002991,0.002394,0.1688851157824198,29.764064613978068,552.3075484023876,4.577482479863376,1.432786269660514,1.3586682050728331,216,/tmp/ShineRunner-2005b108-83ff-4820-9b24-a495002f30bb,0
139,True,47.854276,15.228501,0.12142,0.106025,0.1658408999443054,29.761071197191875,732.5070659946365,2.3619854790792245,1.265943045673034,0.9310672612307392,244,/tmp/ShineRunner-f2d6ba77-4f52-496a-84c6-26d3b6fe89cf,0
140,True,55.877427,16.960531,0.014196,0.017682,0.0189958492914835,29.78371698458989,581.4357502772774,3.61207312293218,1.1697388771044517,1.4684288742990654,522,/tmp/ShineRunner-a0851a83-cddb-4e8a-92e5-9480b0393ada,0
141,True,39.538911,14.377792,0.012638,0.009705,0.0214309215545654,29.779576234022777,826.3433674346277,4.964984824323442,1.499710954612094,1.1615215818449487,582,/tmp/ShineRunner-bc65e426-b39c-4ab5-b88e-324173b6502a,0
142,True,30.101536,10.562131,0.010685,0.01088,0.0210792183876037,29.77948285738627,809.8342629849308,4.704763442618314,1.4904105727665171,0.8487484456139763,578,/tmp/ShineRunner-5689c61d-94a3-4ac9-b549-eb20c7d303e4,0
143,True,58.747813,18.983348,0.189233,0.176548,0.0211208820343017,29.779576313495635,644.6600680511673,1.7343570026903596,1.2929806870480274,1.0869876717575302,573,/tmp/ShineRunner-cdedbb91-785f-457e-b714-9f4396527d8d,0
144,True,60.475832,18.066645,0.107302,0.10778,0.0217361569404602,29.779548581441244,730.6044429187868,2.4690184691880064,1.0257095772784646,1.2705851018564114,584,/tmp/ShineRunner-d588f2ba-d355-4e22-9432-b4d77c6bb8a6,0
146,True,58.143687,17.674987,0.092888,0.095186,0.0212370912233988,29.779602984587356,740.3038154711533,2.6083896558627955,1.1201131380745015,1.2513734360515034,572,/tmp/ShineRunner-43901f02-4d81-4ef5-a487-03bc2e056e52,0
147,True,49.161305,16.625756,0.011076,0.012248,0.0215112765630086,29.779605837663016,676.6688475342339,4.06484104837861,1.416060037640993,1.3748615506184918,585,/tmp/ShineRunner-5342ec53-3122-49bb-bcca-0b66d677faa2,0
148,True,61.880115,20.53582,0.154549,0.134649,0.0217936118443806,29.779615020751955,708.3329990199401,2.014801001859958,1.3744103898335274,1.360972603689906,586,/tmp/ShineRunner-b0a99d56-0531-484a-850d-87d5ee64675d,0
149,True,37.06728,12.140889,0.014001,0.013223,0.0213439146677653,29.77968322833379,517.4191751399578,3.469933468449764,1.4115636587080933,0.9176005940045098,590,/tmp/ShineRunner-0fcfad50-6c5b-48e9-b059-30ba05e4009e,0
150,True,32.938595,9.22938,0.009116,0.009116,0.0643698692321777,29.865533753236136,753.6463507910216,4.963807694086327,1.0020038023666695,0.8116058613282899,502,/tmp/ShineRunner-aceca17a-0838-4e87-a54a-b220672d7910,0
151,True,44.901038,13.791063,0.034563,0.031758,0.0699274897575378,29.89302568435669,792.113930030609,3.8345694810863873,1.1480164314550128,1.059876845961794,532,/tmp/ShineRunner-e38b6f7d-ba97-4631-9b6b-47da5c1ed60f,0
152,True,42.330037,13.116056,0.028372,0.023247,0.0488325357437133,29.980570300420126,890.2905687632922,4.301296307345808,1.130174271707625,1.0257433086774108,487,/tmp/ShineRunner-b1a56741-1b0a-4b3a-8a3d-309a3208ce24,0
153,True,52.664015,17.143402,0.100396,0.092065,0.0490933219591776,30.02888553539912,888.6793566638462,2.877710693666008,1.245303957755936,1.1708219663277486,539,/tmp/ShineRunner-9088837d-9357-4737-81bf-195825de3a98,0
155,True,33.750997,11.348887,0.008133,0.006557,0.0849283099174499,30.177061553796133,609.4283043973161,4.190646473712457,1.430284959647188,0.9173896637744468,274,/tmp/ShineRunner-412b7b4f-aab4-45d1-9412-9c9248d45711,0
156,True,35.817141,12.480961,0.009509,0.007937,0.0467764933904012,30.294283016522726,721.9714431979882,4.718124997517194,1.4269921880736145,1.025550971676057,568,/tmp/ShineRunner-21be5a6d-4ffa-4baa-8d67-e91b802cb9af,0
157,True,49.356998,15.732151,0.014972,0.015166,0.0328874429066975,30.43766069014867,545.8618395295033,3.5369556618457354,1.327758869171526,1.2640367999470667,560,/tmp/ShineRunner-54d74e9f-0544-4d3e-9698-ec54c36c9213,0
158,True,61.891941,21.333081,0.196916,0.178307,0.0230414072672526,30.51453943649928,989.61231685364,2.259436593564996,1.3596562668454115,1.4212997619416303,518,/tmp/ShineRunner-cf87aa16-1376-4353-ba6a-53e33dc93b3f,0
159,True,56.176646,20.043815,0.266217,0.246875,0.0286024848620096,30.604541234175365,835.8064044279294,1.6456967987866284,1.4263905648159565,1.04362199638666,463,/tmp/ShineRunner-7d278030-a6a9-424f-adb5-997ebbbb2b04,0
160,True,34.566759,12.004632,0.02076,0.015942,0.0286917130152384,30.60348519484202,907.3192215589412,4.5712374645646205,1.3937949181146696,0.9296255414674972,478,/tmp/ShineRunner-b96023d0-4a83-45a7-b769-3e4bb056a943,0
163,True,61.880115,20.53582,0.149949,0.13897,0.0118532657623291,31.01279219786326,708.3329990199401,2.014801001859958,1.3744103898335274,1.360972603689906,286,/tmp/ShineRunner-ac610a47-0901-4c46-b2f3-92f789a04d0a,0
164,True,49.252324,14.714735,0.043062,0.040675,0.0141449292500813,31.05144800742467,794.1289999846103,3.618824006463975,1.0061513429443014,1.1180225732892226,398,/tmp/ShineRunner-6503ee89-ebc3-4e8b-95b8-9eec52619fb2,0
166,True,55.951436,15.933953,0.017875,0.020376,0.0538222392400105,31.091305136680603,527.2501574956478,3.311759467681145,1.0211752757900836,1.418901997956772,412,/tmp/ShineRunner-2cd83c9a-1d9f-4c48-a43f-5bf414822839,0
167,True,56.579081,17.371162,0.027048,0.024009,0.0477912505467732,31.094702955087023,689.7320398634645,3.61727072000616,1.1484382372856428,1.4642005487007383,79,/tmp/ShineRunner-c9d05f59-bbe2-493c-9b7f-d73fdad31657,0
168,True,57.164917,16.690069,0.061209,0.047075,0.0367315769195556,31.09322125911713,564.9607526677358,2.6931016753941086,1.113454674525442,1.268869796277757,309,/tmp/ShineRunner-d1921d63-692f-48ed-9b4b-2e988881b7b0,0
169,True,46.114972,13.878517,0.027048,0.020184,0.0736129244168599,31.114736799399054,839.0470304399141,4.322433269754799,1.020126869969962,1.1147428818958764,254,/tmp/ShineRunner-908bf1db-ec0e-4951-887b-1146a05dff7c,0
170,True,52.836101,16.42002,0.023628,0.020184,0.0727041244506836,31.10807630618413,760.1375573702845,4.119429807360881,1.157225345872101,1.386167653641548,426,/tmp/ShineRunner-144637b9-2ec3-4ade-acd3-742073cbae2b,0
171,True,48.093501,14.649875,0.060504,0.056426,0.0957860867182413,31.132991671562195,518.0299171386819,2.4409601942901857,1.2370663375450852,0.9579150077429476,421,/tmp/ShineRunner-f12e1554-98ab-452b-8704-4caa5cb08dec,0
172,True,54.659607,16.283814,0.131794,0.117699,0.1051878531773885,31.142362340291346,527.7839584534389,1.8346903189880857,1.1670650202507729,0.9210961116341156,428,/tmp/ShineRunner-a8183977-4582-4941-80e9-18d3d7e905bb,0
173,True,52.978038,15.582393,0.02076,0.020376,0.0466082652409871,31.17750160296758,525.2598481860026,3.216097479119804,1.1473775966013815,1.2645347326622465,205,/tmp/ShineRunner-6d50fe41-9807-4b67-985a-9d04bed49643,0
174,True,36.161411,10.283759,0.004182,0.003388,0.0475335637728373,31.17819193204244,574.6870781840754,4.830818369980543,1.0892208809109154,0.9396793950296431,212,/tmp/ShineRunner-8c532576-b640-4f8e-9752-58933f455645,0
175,True,57.67573,18.844986,0.096984,0.101527,0.038345181941986,31.3375084678332,834.2014808952358,2.6728233070297835,1.2826180532405944,1.3354992001912178,315,/tmp/ShineRunner-70840672-d74f-4390-83f6-0216f1bce530,0
178,True,52.564824,17.827967,0.051233,0.04489,0.0366889516512552,31.338007167975107,893.4621887510692,3.525343769004942,1.3525826893131676,1.3465103217153775,313,/tmp/ShineRunner-fbc06384-99eb-4921-b311-aee2ddb36082,0
179,True,38.185813,12.72467,0.013807,0.010685,0.0362613598505655,31.339041682084403,718.5759594361654,4.2637840626544845,1.3501325510011246,1.0186566489674287,310,/tmp/ShineRunner-919804bf-6ad9-492e-a150-a0f683eb6a2d,0
180,True,61.345712,20.690399,0.207607,0.201661,0.0424945672353108,31.355928099155427,886.0524456772928,1.9682306436513717,1.3438325245830465,1.293784455838809,132,/tmp/ShineRunner-550cd4e2-b639-4e21-ba94-3d4bc62f1593,0
181,True,48.383166,17.431919,0.056248,0.046893,0.0428711533546447,31.3565398812294,851.5167328494463,3.388587001504757,1.4909029737712678,1.2342503967606309,149,/tmp/ShineRunner-ce6d5d69-dddc-4fcb-9fde-f31e1cae1220,0
183,True,58.115966,17.852196,0.060327,0.057315,0.0533348282178243,31.36677973667781,683.3041924663062,2.9739207151513867,1.169228241648663,1.391135211301031,142,/tmp/ShineRunner-b6ff619f-a0df-4cc3-85c7-f91cf045e776,0
185,True,45.617475,15.918377,0.018068,0.016716,0.0580773750940958,31.398304518063863,635.3793756589001,3.7235806680377377,1.4901023924493408,1.2280805241839488,411,/tmp/ShineRunner-89810f28-3b67-461c-98f1-719fc0453e26,0
186,True,35.094225,12.435436,0.039016,0.034003,0.1233645558357238,31.437033450603487,981.6056117746898,4.04082275124798,1.4334007191309632,0.8798728498285461,151,/tmp/ShineRunner-491cdd50-9edb-4985-ad23-63f615c7836c,0
189,True,43.911792,12.642568,0.06068,0.064896,0.0358287890752156,31.435753361384076,729.4578877691699,3.1024612621927328,1.0698984990638287,0.8801710514751815,314,/tmp/ShineRunner-ddb7a884-557f-470c-a883-8ff2dd68026d,0
191,True,57.360536,18.444714,0.125109,0.12679,0.0781844894091288,31.44279832442601,928.7860720612788,2.63631720861147,1.1925447480501767,1.247694289865977,76,/tmp/ShineRunner-dfc3af8f-7a87-4f78-a50c-3586d0b6c187,0
192,True,63.25501,19.026168,0.215317,0.222153,0.0575587550799051,31.44557180404663,521.737531006396,1.398593002224706,1.118372435552198,0.9745713030825482,370,/tmp/ShineRunner-e106ffa3-9327-41b3-b133-0f5112164f22,0
193,True,45.006953,14.429861,0.019031,0.020568,0.057488469282786,31.445816763242085,526.6909663135878,3.2010327908882736,1.3403572633997531,1.0755413197824195,368,/tmp/ShineRunner-1e6c9404-dad0-45b0-9c0d-f2174d5e90e0,0
194,True,41.1129,13.547267,0.014001,0.016522,0.0578311840693155,31.44603918393453,803.0079103500054,4.418051396614449,1.3015535786693628,1.0888000984915762,361,/tmp/ShineRunner-c51a44e1-b0a5-4465-a64b-3f0745eb284f,0
195,True,40.463759,11.947291,0.030256,0.023056,0.1348534305890401,31.444781649112706,849.0603919893185,4.287112962083686,1.0200756497735333,0.9412474775033388,408,/tmp/ShineRunner-42283444-0516-4e4c-964f-86ffa627f20b,0
196,True,54.644889,16.22479,0.022292,0.015166,0.0252881566683451,31.441951898733773,656.9466849009946,3.867847293590377,1.0073414217800354,1.3790213971644805,429,/tmp/ShineRunner-f378c890-f7f4-4caa-a47c-037810b2b0c8,0
197,True,58.648824,19.332862,0.248346,0.233716,0.0254638036092122,31.442169618606567,704.3915547143486,1.5575655174666327,1.294153124204504,1.0219286379220665,420,/tmp/ShineRunner-3d52a03b-eb54-41af-9cd4-7527ba0dedf5,0
198,True,62.462503,20.986949,0.149371,0.143836,0.0561367909113566,31.45286697546641,542.057667278441,1.6721367978451398,1.4217941923812707,1.2463120903349214,140,/tmp/ShineRunner-b1c967f2-12bc-42bb-8a2d-114c475ae5d4,0
199,True,56.278299,16.988677,0.287038,0.279019,0.0510936737060546,31.454134504000347,777.2082760199668,1.5139559147467727,1.1265923030633007,0.8210382051328252,242,/tmp/ShineRunner-2881dcf2-dd42-4ec8-a502-2808029c72c5,0
200,True,52.318533,17.873742,0.034749,0.031383,0.0367464343706766,31.51439866224925,837.6528143337421,3.738336063771472,1.3868603413758132,1.405819583638964,459,/tmp/ShineRunner-26bbdf6d-229b-4c97-b85c-9e643151ae51,0
202,True,42.884055,13.955219,0.002792,0.001597,0.0553446650505065,31.555283029874165,553.2097659356914,4.99606081408665,1.3328423680532684,1.255087510891158,402,/tmp/ShineRunner-5fc32d8e-a7f8-4a46-aec2-9685e792b37e,0
203,True,58.915905,19.215018,0.242768,0.238849,0.0705997308095296,31.57071986595789,912.6997555981606,1.8995797115139956,1.2292740408992755,1.1096198889475253,399,/tmp/ShineRunner-bb8843f0-cee0-4d56-80a7-9551a16dc28d,0
204,True,44.44664,16.426255,0.046348,0.034376,0.0383849819501241,31.56139068603516,946.243844843663,3.8983219232606174,1.495903858248814,1.1719896681180706,555,/tmp/ShineRunner-016d6e01-2b6e-4b09-a3f8-89bba3ad76c7,0
205,True,49.369325,15.014697,0.02629,0.023056,0.0768314957618713,31.600195876757304,847.3990644092491,4.387163900633934,1.066051418650772,1.2300658183793438,383,/tmp/ShineRunner-5a71d324-90af-4ecf-869b-51cebc33a580,0
206,True,53.993798,15.764146,0.16318,0.168468,0.0782314141591389,31.6014696319898,682.096008886027,1.9835359128987569,1.0788058243124998,0.9034483607795342,393,/tmp/ShineRunner-908e4e9e-626f-4c32-9e8e-cbb9ec905a2d,0
207,True,55.227287,16.01483,0.012443,0.010097,0.101089068253835,31.624707468350728,547.5478741149673,3.7931487643942794,1.0422466094117602,1.4551578758904382,384,/tmp/ShineRunner-45b80c3c-8029-4b59-a4c0-c84e7e6e8fa2,0
208,True,54.420263,18.231929,0.113946,0.105386,0.1127194205919901,31.6586571931839,863.0900641919505,2.6288374926815936,1.3299756505646394,1.2197867497011932,252,/tmp/ShineRunner-4a36c33e-cf1f-4e22-8c6b-7939a43c7bbe,0
209,True,51.255663,17.641971,0.214701,0.198333,0.1411096294720967,31.66382284959157,816.4588146338103,1.867884702402832,1.3674465811551455,0.9416832151880028,382,/tmp/ShineRunner-5496ab44-0799-43ff-8cc1-6d8171047849,0
210,True,37.898609,10.582848,0.003984,0.005173,0.131064494450887,31.691967566808064,545.2203634920663,4.546946955145152,1.0144997516022347,0.968579640628803,103,/tmp/ShineRunner-a44125a6-5ef8-4ba9-b05b-940a6c1f7de0,0
212,True,53.760782,17.537643,0.013028,0.015166,0.0828185121218363,31.69395707845688,577.1447460337739,3.605415394266801,1.3723810779539083,1.477256812703947,7,/tmp/ShineRunner-5e438790-4a74-4947-b081-6c0d4e7424e6,0
213,True,52.999035,19.277873,0.207104,0.185137,0.1489790678024292,31.69484341541926,829.9978594005756,1.930913237006884,1.473767799832996,1.0564348419895755,256,/tmp/ShineRunner-2e167e1d-f1a8-40e0-a944-1f611a04f2e8,0
214,True,51.785108,15.363566,0.070632,0.07715,0.0728341460227966,31.712960223356884,749.4084792657426,2.938208580420142,1.0524898579480353,1.0789867546910783,445,/tmp/ShineRunner-0171f0a4-8ab1-4a62-afac-6dfd6d90a75c,0
215,True,48.240516,14.927319,0.07698,0.074417,0.0728612462679545,31.71313684384028,958.668836275838,3.3756618576048667,1.0887532912184836,1.0371989449267236,446,/tmp/ShineRunner-7a05fcad-33ef-4831-b828-eccb56f35c32,0
216,True,48.841905,16.300404,0.005569,0.004381,0.2124038775761922,31.773335520426432,688.1797367404131,4.941178797667017,1.3588801180018215,1.4658362620026888,96,/tmp/ShineRunner-777e1cf7-5577-4e29-beef-f298e9a99175,0
217,True,46.05993,14.375943,0.005569,0.004975,0.1646059274673462,31.773343563079838,660.2455808390081,4.894964919043514,1.1998380675818183,1.27979940453271,266,/tmp/ShineRunner-6a4e7c8b-32a3-467f-81be-012af516c54a,0
218,True,52.318533,17.873742,0.039016,0.031008,0.1647833267847697,31.7747908949852,837.6528143337421,3.738336063771472,1.3868603413758132,1.405819583638964,159,/tmp/ShineRunner-b43d293f-3fe4-48f4-9760-5ef5dfceb690,0
219,True,62.595331,19.424117,0.219847,0.205719,0.1487398823102315,31.776102948188782,736.7447005284769,1.774692917604332,1.1657844986712762,1.1644706817300765,336,/tmp/ShineRunner-a10d112e-1522-488c-bd67-22fb6504d100,0
221,True,31.426522,10.308044,0.006162,0.004381,0.2580668608347575,31.81982706387838,650.9636957212458,4.641144340268439,1.390647017715758,0.8774118876972774,100,/tmp/ShineRunner-06710f4b-288e-4742-8926-4cc1cb82bddb,0
222,True,35.495401,11.892419,0.010293,0.005569,0.2581380208333333,31.820861943562825,666.8188791641192,4.552812808390757,1.3812660735353262,0.989374458637123,92,/tmp/ShineRunner-c9a89a8b-989a-4d22-9f31-4be727a23274,0
223,True,58.915905,19.215018,0.241505,0.220698,0.2581614931424459,31.820889421304067,912.6997555981606,1.8995797115139956,1.2292740408992755,1.1096198889475253,99,/tmp/ShineRunner-edc04d47-6d81-4c52-b1f7-f0ee01c738b7,0
224,True,44.482098,14.44689,0.06367,0.052851,0.2649420460065206,31.890354855855307,621.2414265141664,2.711398962424687,1.3416291788294066,0.9597770128243944,188,/tmp/ShineRunner-66358e2e-3b0b-471a-9012-d88bc27fce26,0
225,True,52.921673,18.723763,0.080037,0.062617,0.281402838230133,31.907270602385204,719.1931292920965,2.695532157781593,1.4973508744675124,1.272218233885317,177,/tmp/ShineRunner-ad5f91db-d736-426c-b789-29e9d81ff507,0
226,True,63.895012,19.214354,0.229584,0.217527,0.0629820704460144,31.936833997567494,734.2083206233855,1.7415352953599506,1.0225865584947131,1.1370439382283966,525,/tmp/ShineRunner-bf54c2aa-292d-4a96-8367-3aaf44d130dd,0
227,True,70.275968,24.137969,0.264814,0.247894,0.0158940394719441,32.00816075801849,622.3982507750727,1.3095178765484663,1.4700095054037574,1.421592180023906,538,/tmp/ShineRunner-19e88c36-96fb-45aa-a20c-38e94be05e5b,0
228,True,67.539463,20.281816,0.233011,0.242195,0.0333476146062215,32.08669618368149,639.056678435744,1.489187647240103,1.0928830674355436,1.165408610956559,524,/tmp/ShineRunner-54afd90d-68de-4f06-916f-c7bd1cee7145,0
229,True,52.584277,17.953659,0.284078,0.273044,0.075486687819163,32.70840848684311,930.315200698065,1.6853936597950483,1.3339245794239931,0.8905539624207921,562,/tmp/ShineRunner-0dde36cf-14bc-4fdf-b3af-968d5da6a647,0
230,True,53.731555,19.358286,0.080882,0.072184,0.0339319904645284,32.833098840713504,983.1159560715907,3.222587234231241,1.4665116108001055,1.3630526409290795,358,/tmp/ShineRunner-c592fd47-2bd9-45ab-8ed9-520258f65d6d,0
231,True,49.252324,14.714735,0.0478,0.043245,0.0265955766042073,32.8459391951561,794.1289999846103,3.618824006463975,1.0061513429443014,1.1180225732892226,98,/tmp/ShineRunner-d69537f7-fe1d-4091-8d5a-60cec1436d96,0
233,True,53.993798,15.764146,0.164439,0.164299,0.0245126684506734,32.97759215037028,682.096008886027,1.9835359128987569,1.0788058243124998,0.9034483607795342,93,/tmp/ShineRunner-fc373df5-15ac-45ad-ac41-ba87280a1327,0
234,True,36.686486,12.235064,0.01439,0.018838,0.0329009095827738,33.2264505982399,702.4274822132669,3.9440658756737537,1.386176493837284,0.9447694692598222,533,/tmp/ShineRunner-7d8d949b-39fb-49a2-be48-847a7f46512f,0
235,True,58.078289,20.481395,0.098774,0.086424,0.0330883304278055,33.234745566050215,994.5665013418028,3.046265483325173,1.4195348654408568,1.4932251650283908,435,/tmp/ShineRunner-cdf2f4c5-da1f-4e3e-8042-48ea264f2eaf,0
236,True,43.349678,13.835782,0.004182,0.005173,0.0616607427597045,33.25399469534556,548.4889443527396,4.321506614329427,1.3083780895386543,1.1796550816115434,530,/tmp/ShineRunner-ee75fd81-5e60-43d3-bbe3-ed8144e00a12,0
237,True,43.958504,12.896223,0.009901,0.010293,0.0615201155344645,33.25498243172964,632.2699055756556,4.324505558699011,1.0897460361730438,1.089497551916979,535,/tmp/ShineRunner-1bca8915-b3b0-40c9-8242-8c9b0dd548e4,0
238,True,45.602932,13.781698,0.004579,0.003587,0.0617790301640828,33.25502713123957,559.4766553701056,4.634132993568461,1.160766495741166,1.225690448340214,543,/tmp/ShineRunner-cd14a637-309d-4cd2-98d1-cb8573f720ba,0
239,True,36.161411,10.283759,0.003388,0.003786,0.0352293531099955,33.35534568230311,574.6870781840754,4.830818369980543,1.0892208809109154,0.9396793950296431,512,/tmp/ShineRunner-1745b7d6-e3be-43e4-84fb-9ea187744e31,0
240,True,46.948766,14.394174,0.004381,0.003984,0.034604795773824,33.35531313816706,547.035981544698,4.514488255371748,1.1975036200202782,1.277807118746454,511,/tmp/ShineRunner-a39e4e55-4f2c-4695-943c-89a9cead651c,0
241,True,51.255663,17.641971,0.217037,0.202806,0.0168683886528015,33.41947646935781,816.4588146338103,1.867884702402832,1.3674465811551455,0.9416832151880028,82,/tmp/ShineRunner-401bd83d-0937-430a-bf78-22bf3b0cf5cc,0
242,True,47.05478,15.626201,0.030444,0.021335,0.0233513077100118,33.49768086671829,698.0832500296244,3.581531359839094,1.3628848173577168,1.1968564567235709,508,/tmp/ShineRunner-6226f82f-8e86-46fc-8507-1436690ad300,0
243,True,60.350769,19.062263,0.097473,0.088921,0.0260307312011718,33.494717892011,996.5422909652532,3.1724108701903284,1.0634549877592565,1.4281115398278654,503,/tmp/ShineRunner-b8e39a00-0838-4961-bc44-0b1c999d2637,0
244,True,43.212843,14.939922,0.019608,0.019031,0.0184369524319966,33.593304963906604,741.286254293647,3.981961393621269,1.4260077584405846,1.1533540380324487,143,/tmp/ShineRunner-50616f0f-fdba-4f41-8f2e-3d54fa97b474,0
245,True,63.25501,19.026168,0.217405,0.209986,0.0243517756462097,33.59341440200806,521.737531006396,1.398593002224706,1.118372435552198,0.9745713030825482,70,/tmp/ShineRunner-16941b8b-50fd-4b3b-8d01-25e31c316fd4,0
246,True,44.80073,13.992311,0.004579,0.006162,0.037118915716807,33.66574699481328,627.1317418770786,4.642692195971796,1.2272287151493289,1.222397118033325,495,/tmp/ShineRunner-f3614cf3-1bd9-474a-bf91-dc3660dcb498,0
247,True,59.763756,20.395117,0.136889,0.118321,0.0160940289497375,33.94716825882594,777.4262346957416,2.232058048994731,1.4148948715662066,1.3657760304450113,341,/tmp/ShineRunner-d662d71f-1934-49ed-8dc2-07f8a5f2bdc9,0
248,True,57.365491,16.544548,0.026101,0.026669,0.0196991205215454,33.95075876315435,551.7014838612758,3.185636117581933,1.0852964842684432,1.447584082863758,332,/tmp/ShineRunner-db4ddd38-86a1-4afd-b126-de194732d8f7,0
249,True,51.545891,15.643363,0.048525,0.041778,0.0125288923581441,33.9534192164739,574.219494960029,2.836752049166545,1.202017195370383,1.1319181106378329,117,/tmp/ShineRunner-4d5c2b6a-aaf2-4670-beab-4b3ec4d436b6,0
250,True,58.34548,17.906695,0.132998,0.137782,0.0123206138610839,33.95289580027262,603.510270762406,1.9291149026480092,1.1970628885890489,1.0916267431484037,184,/tmp/ShineRunner-c537445e-2e95-46b9-89e1-2d34bebf53d9,0
251,True,48.093501,14.649875,0.059089,0.049791,0.0160699685414632,33.95356662273407,518.0299171386819,2.4409601942901857,1.2370663375450852,0.9579150077429476,121,/tmp/ShineRunner-4d994eb2-83f4-4a37-bd72-619400b96341,0
252,True,59.905045,18.883368,0.083914,0.080206,0.0068014502525329,33.95242365996043,875.9815607874577,2.9797692025577858,1.1422704375559127,1.4278977591410966,172,/tmp/ShineRunner-225cd962-1b89-421d-b9fb-0ac58b61a8fc,0
254,True,59.763756,20.395117,0.140746,0.122191,0.0388154029846191,34.13670976559321,777.4262346957416,2.232058048994731,1.4148948715662066,1.3657760304450113,41,/tmp/ShineRunner-21742b65-30a2-4b82-95d8-e4337393039b,0
255,True,35.455079,10.715053,0.003786,0.003388,0.03865886926651,34.13690363566081,548.1954810767496,4.571450544792904,1.2278881449168055,0.9416543553566612,27,/tmp/ShineRunner-0c3cfcea-61e6-413b-89cd-1385c73125fe,0
256,True,41.860494,14.549924,0.135247,0.114103,0.0384489695231119,34.13801016410192,979.2796066207228,2.722135122548761,1.3913676136251432,0.8579109999457071,34,/tmp/ShineRunner-6eaf9c31-e533-4589-9a6d-9aef700a5271,0
257,True,57.416524,16.663124,0.0478,0.049249,0.037893267472585,34.13826550245285,580.635889516801,2.8045970104548,1.0761560513565842,1.2874242625544152,22,/tmp/ShineRunner-5408d767-becb-4ad2-95ef-3cd7f019460f,0
258,True,62.595331,19.424117,0.215071,0.197432,0.0384985208511352,34.13822874625524,736.7447005284769,1.774692917604332,1.1657844986712762,1.1644706817300765,36,/tmp/ShineRunner-a8b9b9da-b35c-40e1-b011-3fdc87b3fe13,0
259,True,42.026758,13.555382,0.048344,0.055178,0.0380452195803324,34.13741918802261,889.3754519828973,3.754316832299581,1.2246807510718942,0.9905690932916114,26,/tmp/ShineRunner-e4896828-f8e4-4a2e-bb75-9eee18b133b1,0
260,True,57.933875,18.521372,0.059089,0.05696,0.0387314597765604,34.13797455231349,954.2903453538036,3.678711388767298,1.1329349807297595,1.4784234641434066,25,/tmp/ShineRunner-8fb03bc2-062c-48e3-a2eb-f276824aacfe,0
261,True,49.221108,14.683458,0.045437,0.046893,0.0385514020919799,34.136677249272665,792.0489844563679,3.4593250468412085,1.0422221605699449,1.0910651815194268,30,/tmp/ShineRunner-ccab3c81-26d4-4bf0-bf79-ffecaba8eb1e,0
262,True,30.3433,8.056574,0.003388,0.00319,0.0390961170196533,34.13816142876943,553.8704729779483,4.630452118605475,1.1151069954474404,0.8261887893233258,40,/tmp/ShineRunner-b965094c-4541-466e-acf2-e2644ba07c70,0
263,True,50.949508,17.834745,0.079529,0.06699,0.0381365458170572,34.136755987008414,743.3291654190801,2.7591107751598924,1.4689132274874914,1.2002096366632529,35,/tmp/ShineRunner-fc995361-5bfe-4ba4-a0f9-401194d0bf6b,0
266,True,66.435709,19.459792,0.207104,0.196529,0.0695682446161905,34.172441772619884,533.5833344238835,1.488707765830639,1.0088343904999562,1.1172959415501145,170,/tmp/ShineRunner-f948199b-ce13-404d-94ee-b265eb03fbc2,0
267,True,52.027506,17.335713,0.218506,0.198333,0.0708542744318644,34.170165280501045,937.287569927786,2.0930174412408684,1.2654251971439072,0.973884482705956,237,/tmp/ShineRunner-67a17d91-6645-4108-ab95-29e935d25d27,0
268,True,60.047978,17.909163,0.056426,0.04961,0.0592016299565633,34.173815476894376,564.056816337773,2.581698126740496,1.1853990121162905,1.4487354921940212,2,/tmp/ShineRunner-0e6221f6-d084-4ba4-ae64-90ee58599215,0
270,True,54.644889,16.22479,0.018646,0.021526,0.1167566935221354,34.23026872078578,656.9466849009946,3.867847293590377,1.0073414217800354,1.3790213971644805,129,/tmp/ShineRunner-d526a3a1-13c0-4395-951d-1d5a8053a635,0
272,True,46.749252,16.082237,0.007346,0.002792,0.1301487445831299,34.24685320854187,622.1025003829441,4.615756075124359,1.461937249749253,1.3903260200333851,270,/tmp/ShineRunner-dcb91d8a-5a25-4314-91a2-1ee0d23c5e65,0
273,True,43.958504,12.896223,0.008723,0.010293,0.1599505345026652,34.259951933225,632.2699055756556,4.324505558699011,1.0897460361730438,1.089497551916979,235,/tmp/ShineRunner-a44c2497-1368-466d-9bf2-698afd0052ee,0
274,True,55.550339,16.048191,0.037906,0.049068,0.0371590256690979,34.276301085948944,570.1245444993053,3.037759031571817,1.054287870567722,1.270568065127868,38,/tmp/ShineRunner-b0cee6fc-0e28-4953-9b41-679749ad8249,0
276,True,51.205387,16.831316,0.025531,0.020184,0.0363348126411438,34.27717283964157,640.6168919195042,3.501459592644368,1.3634973071434413,1.33805324434236,39,/tmp/ShineRunner-5bed2a42-238c-44b8-91e0-cef028b8c707,0
277,True,57.365491,16.544548,0.02439,0.025341,0.0365633169809977,34.27601343393326,551.7014838612758,3.185636117581933,1.0852964842684432,1.447584082863758,32,/tmp/ShineRunner-fd6af17f-c68f-4fbf-9575-00889ea27560,0
278,True,59.998057,18.376717,0.118943,0.119873,0.0371571580568949,34.2757021466891,723.0781377870153,2.276493394824523,1.1507560445739382,1.241197815183222,23,/tmp/ShineRunner-6683cf71-5b0a-48ef-9839-8ae5fc1456c7,0
279,True,50.276669,16.150598,0.049249,0.04416,0.0366552790006001,34.277310796578725,879.259764917605,3.765637006184122,1.216046519887552,1.2391161884917103,29,/tmp/ShineRunner-cf999197-ad9f-4eff-815a-45f476414438,0
280,True,58.379537,17.40865,0.039385,0.03957,0.0370932579040527,34.27647530237834,652.9783120753262,3.1485661033443426,1.088386391469616,1.399629998864663,28,/tmp/ShineRunner-eeb86c6a-6896-4110-b6b7-e7d1003867f6,0
281,True,44.890989,12.994601,0.038646,0.034749,0.0366918524106343,34.27592894633611,520.8070869309463,2.773559604675884,1.1649306061663929,0.9011669322062328,31,/tmp/ShineRunner-d0613718-105b-4aa1-9e99-ac5a9bcff6d3,0
282,True,45.918295,14.658189,0.162198,0.150382,0.0366003950436909,34.27594550450643,790.5305698501975,2.1262271399532837,1.2954577457407084,0.8159627097207883,33,/tmp/ShineRunner-a5ab2fd6-0f2d-4aca-8606-fe6dc132e3af,0
283,True,68.220953,19.76755,0.171362,0.16833,0.0262272596359252,34.325955271720886,582.6556616836456,1.7143240873608685,1.0801560124911291,1.396353210456359,531,/tmp/ShineRunner-6d2a056a-d5a0-4379-99fe-10157acf00d0,0
284,True,53.078796,16.103721,0.014584,0.011858,0.0926071127255757,34.63764681418737,745.628723195683,4.529336485959734,1.071954348039279,1.4153481457612722,287,/tmp/ShineRunner-d0a5897a-55f2-4e64-98a9-2b341f3f1f80,0
285,True,41.663813,13.917179,0.003388,0.002991,0.0179302136103312,34.6552494208018,568.703965018901,4.819073081999954,1.4004420880425483,1.215577403126448,385,/tmp/ShineRunner-1ee0fd09-bf78-4322-a307-180564b06460,0
287,True,45.267225,14.37774,0.023819,0.020952,0.0051138559977213,34.77269707123438,866.7474522814149,4.464809228767527,1.1895263475186526,1.1619136407946005,214,/tmp/ShineRunner-47a6a8bb-ee41-4854-a698-9b00bf525f68,0
289,True,35.455079,10.715053,0.004381,0.002991,0.0044868151346842,34.77259227434794,548.1954810767496,4.571450544792904,1.2278881449168055,0.9416543553566612,327,/tmp/ShineRunner-b0eac51e-8b32-4b0f-99d7-3d910a4b2e24,0
290,True,53.519062,16.356457,0.097147,0.092724,0.0344793677330017,34.84487717549006,616.2849702644369,2.217051964506563,1.1831962249131238,1.029246895088782,378,/tmp/ShineRunner-61c3c26b-9fec-410c-a19a-000727f3f23b,0
292,True,42.026758,13.555382,0.043062,0.045802,0.0012675205866495,34.876418928305306,889.3754519828973,3.754316832299581,1.2246807510718942,0.9905690932916114,326,/tmp/ShineRunner-450d40e8-6130-46ed-a4b4-78c04958066c,0
297,True,54.500371,16.222984,0.01088,0.00892,0.0021689335505167,34.89938247203827,571.5109375833175,4.017778939045762,1.099102113606449,1.4374467589916198,404,/tmp/ShineRunner-39f6bb42-eef2-4ca4-8c4d-da2c958b0156,0
299,True,51.909333,17.319736,0.061209,0.058558,0.0229936838150024,34.978148492177326,786.2289665610579,3.0893963619004525,1.3510010905551857,1.253563937540847,422,/tmp/ShineRunner-9c314807-3ffa-46e4-a63b-b068917bcf3e,0
300,True,47.703273,15.534283,0.032882,0.027048,0.0056845347086588,35.00349077383677,881.9616950032939,4.116676752653094,1.2460766077877146,1.2197154090658286,89,/tmp/ShineRunner-4b4b3865-b241-4eb2-88cc-3a4284af5de1,0
301,True,53.655297,16.622501,0.02648,0.024771,0.0030717809995015,35.006721913814545,802.9625888238638,4.126519967781428,1.1192764103136943,1.3945861900461511,106,/tmp/ShineRunner-42ab31df-c7d3-4085-a74b-20a285755183,0
304,True,34.228451,10.958993,0.017102,0.012638,0.0629191676775614,35.50770386060079,888.7024191205887,4.876036274668256,1.250370593101171,0.9007282517858756,50,/tmp/ShineRunner-f6d8e0f3-3bea-4dbc-8412-052e682dd39f,0
306,True,44.80073,13.992311,0.00774,0.004975,0.0726462562878926,35.60761767625809,627.1317418770786,4.642692195971796,1.2272287151493289,1.222397118033325,195,/tmp/ShineRunner-c353292b-4b5c-4fb3-a3b7-bc3bb7f22b17,0
307,True,65.364416,23.489325,0.299131,0.279227,0.1062641501426696,35.66738374233246,565.5288757786566,1.1445167360615165,1.4637812755032538,1.0783047356774584,54,/tmp/ShineRunner-d19a1835-5b0f-4b0d-af26-24687dca434b,0
308,True,68.002035,20.737887,0.228633,0.226006,0.2240475932757059,35.69351909955343,726.9484410381499,1.690494076985976,1.1183311814987906,1.3222099961704123,63,/tmp/ShineRunner-3d8983de-ad91-4df7-8fe7-51cbac509de2,0
309,True,48.405547,17.460432,0.140893,0.126485,0.0662313779195149,35.723894492785135,816.141406515105,2.3288805229090266,1.4609262250774977,1.0234095462256492,551,/tmp/ShineRunner-1f10a19d-b0da-443f-ab6c-e3878b35e7a3,0
310,True,51.597917,15.18985,0.022865,0.022292,0.1725966453552246,35.727461723486584,555.3147337811016,3.328656861164504,1.120819454369543,1.1984484353014735,492,/tmp/ShineRunner-d783a170-b062-4500-bf1a-dfbf05681560,0
311,True,46.851264,14.299513,0.100881,0.094531,0.1046478986740112,35.7624959786733,671.1812166500271,2.3958893402164576,1.220025054116776,0.8880649128185997,559,/tmp/ShineRunner-c60a2bb0-38be-4f7e-88b2-18029d476434,0
312,True,52.999035,19.277873,0.200128,0.179925,0.1363638957341512,35.79446173111598,829.9978594005756,1.930913237006884,1.473767799832996,1.0564348419895755,556,/tmp/ShineRunner-f16be4e1-12a0-4d20-a3fb-40845e211463,0
313,True,55.794712,19.565358,0.134649,0.115201,0.1378602226575215,35.84995802243551,886.9780242779816,2.5310651349090305,1.4292989599556911,1.2881576203415548,300,/tmp/ShineRunner-00b69465-8927-47d8-981e-accaa8e45853,0
314,True,41.663813,13.917179,0.003984,0.001797,0.1383814215660095,35.85047562519709,568.703965018901,4.819073081999954,1.4004420880425483,1.215577403126448,85,/tmp/ShineRunner-de6e2b50-76e0-462c-93b9-9eabb25ad1ad,0
315,True,55.414279,17.711937,0.125721,0.126027,0.1202184319496154,35.84879374106725,958.174009769089,2.716005884520346,1.1641806025023445,1.1748043528810022,380,/tmp/ShineRunner-dd69a1b1-de7f-4ba4-af8e-2276e6a4c7e5,0
316,True,55.79695,18.883492,0.056782,0.052133,0.1362571080525716,35.85143469174703,658.9955484760247,2.8199154428978126,1.4375024711173043,1.395792138775544,69,/tmp/ShineRunner-e37b30bb-2547-464d-a189-03a8fcbe0f6b,0
317,True,50.393562,15.810567,0.015554,0.014196,0.1388910253842671,35.85122290849686,628.7259796619817,3.910247223507632,1.252089302195407,1.325186191563763,293,/tmp/ShineRunner-9ae7a95d-9f68-4452-86b1-28d2501f3b44,0
318,True,55.414279,17.711937,0.14222,0.130888,0.1357951958974202,35.85143156051636,958.174009769089,2.716005884520346,1.1641806025023445,1.1748043528810022,80,/tmp/ShineRunner-23ef92c1-98ec-47a4-9716-ef012097b000,0
319,True,47.68527,16.521581,0.021909,0.017296,0.1078578948974609,35.89108581542969,738.7529368138664,3.950303278009634,1.4516639359820265,1.3044871627028465,450,/tmp/ShineRunner-c7a0227b-f36d-489f-b713-0a3d1d8e8765,0
320,True,59.130627,19.421894,0.144129,0.137336,0.1005211949348449,35.883896533648176,869.2553563433144,2.3738168981239607,1.2809094650314996,1.3038477745150825,557,/tmp/ShineRunner-f6fb68d1-8ee8-4172-938e-6bfa1abc87ce,0
321,True,50.74895,16.154497,0.060504,0.058026,0.0471386313438415,35.92457435131073,782.4753057362209,3.118694261748939,1.2329925764906138,1.165842242859186,388,/tmp/ShineRunner-f2e18fe3-68d9-4c96-aa18-80298be030bc,0
322,True,35.384767,9.96859,0.007346,0.009705,0.1170120080312093,35.914607119560245,637.4125253775335,4.500853273556225,1.0937968409697456,0.8593681138650342,465,/tmp/ShineRunner-1b0503fe-1e07-4cac-9063-26bda106fc74,0
323,True,59.905045,18.883368,0.088589,0.082569,0.1173324386278788,35.91616456111272,875.9815607874577,2.9797692025577858,1.1422704375559127,1.4278977591410966,472,/tmp/ShineRunner-7c574eba-648c-4c48-8d39-de3bc33dc01c,0
324,True,52.775549,16.29524,0.125721,0.123729,0.1178266723950704,35.91481577157974,957.6493801427772,2.786433022973538,1.0671834566565308,1.0557649242393934,469,/tmp/ShineRunner-8953ee48-4e0a-4ca8-9dbf-70f9878ddd93,0
325,True,47.335974,16.62966,0.041595,0.035866,0.0587149858474731,35.934452577432,989.7853402932964,4.128913873203812,1.3897387703856643,1.2497382931968837,74,/tmp/ShineRunner-5aafc077-7898-4995-8eac-efa6c75ea8d0,0
327,True,48.517688,14.537005,0.096168,0.090909,0.0623049219449361,35.93056980768839,598.3710903753157,2.2597063246852174,1.1970534912965594,0.8917760851183539,521,/tmp/ShineRunner-c4b6eaac-4e28-4631-8a31-c37d4019234f,0
329,True,49.297213,15.816207,0.021143,0.020952,0.0578211069107055,35.95534992615382,984.9075583527848,4.932143558299148,1.1441141227439526,1.313627448206541,453,/tmp/ShineRunner-cd5e3fe4-722b-480d-a43a-621162922ae1,0
330,True,47.717231,13.43796,0.050513,0.051053,0.0427761435508728,35.94953052997589,531.0315532700777,2.6163529827606617,1.0645150285910208,0.906628697110303,550,/tmp/ShineRunner-fe7fbedd-d19b-46a0-8691-aabc8b3089b9,0
331,True,58.999461,17.424687,0.100719,0.096331,0.043191925684611,35.95450905561447,648.1810285055824,2.3949445849776416,1.0684106390148131,1.2024103507361237,467,/tmp/ShineRunner-75318484-4973-407c-b681-2289160c43ca,0
332,True,53.506423,17.92834,0.019031,0.014196,0.0386912624041239,35.95619599421819,670.9634692728303,3.7576122496228974,1.403715802988141,1.4991203590467357,466,/tmp/ShineRunner-40c9e8bf-49eb-4b39-b8ac-02adb637fce6,0
335,True,35.734885,10.775461,0.009509,0.008723,0.0708094239234924,35.9812707066536,736.391986379499,4.780268816347523,1.171356821377478,0.9240648508744908,553,/tmp/ShineRunner-7b2d9eff-c8fc-4789-850c-fc12e584b8d2,0
336,True,45.006953,14.429861,0.02076,0.01826,0.1256255785624186,36.00098997751872,526.6909663135878,3.2010327908882736,1.3403572633997531,1.0755413197824195,68,/tmp/ShineRunner-df938a03-d465-44fe-b006-e3324d348148,0
337,True,50.449658,14.153093,0.074417,0.07715,0.0983028610547383,35.99547437429428,518.4853636005871,2.2398903017496306,1.0243492361569255,0.8764976037801906,458,/tmp/ShineRunner-9b785b74-a999-4010-9896-ea023add16e5,0
338,True,43.212843,14.939922,0.0198,0.018453,0.1124860564867655,36.009266289075214,741.286254293647,3.981961393621269,1.4260077584405846,1.1533540380324487,443,/tmp/ShineRunner-912b4d77-850a-4503-8940-65fae005d1eb,0
339,True,57.360536,18.444714,0.126332,0.125874,0.1765114585558573,36.051610406239824,928.7860720612788,2.63631720861147,1.1925447480501767,1.247694289865977,376,/tmp/ShineRunner-5d903098-9f25-4294-9cd4-fad266d758e3,0
340,True,67.548992,21.609384,0.296765,0.296072,0.1756972750027974,36.05160235166549,633.2316587504231,1.2149810081974102,1.238938637011873,1.0918225580164196,377,/tmp/ShineRunner-d154d353-d56a-4773-99e5-59ca38af30ec,0
341,True,56.323915,19.168056,0.122961,0.117543,0.1723862767219543,36.051593816280366,828.931642520264,2.44187652347767,1.3871607080709216,1.2698619893160148,391,/tmp/ShineRunner-222f0902-f76f-4506-b1df-0854db4f79a4,0
342,True,47.335974,16.62966,0.040675,0.03363,0.1760590473810831,36.05177612702052,989.7853402932964,4.128913873203812,1.3897387703856643,1.2497382931968837,374,/tmp/ShineRunner-c5ae003a-cd17-4c86-9b4a-586f84994586,0
344,True,66.047477,19.329842,0.139415,0.132697,0.0268056472142537,36.10246158043544,620.6860308133314,2.0189663275421275,1.0777207820417112,1.4120200557035651,475,/tmp/ShineRunner-971a0f53-eb12-4f75-ba5e-1577276ad6a8,0
345,True,44.798294,15.254669,0.064546,0.05838,0.0276948809623718,36.10251911481222,998.7900186314588,3.6838764445308976,1.297606420206686,1.0746583650452557,468,/tmp/ShineRunner-6eab6309-f6c4-409e-afae-1c8cff6196e8,0
346,True,55.877913,19.260065,0.126485,0.106345,0.0247028509775797,36.10246975024541,617.5485584403298,2.031508014273379,1.4545324072114745,1.1706794386995507,473,/tmp/ShineRunner-59a3fec2-34f1-48a9-acc3-858537f9ed14,0
347,True,39.605533,13.114937,0.027237,0.020376,0.1306456645329793,36.58752833207448,945.3962454392624,4.531165214670598,1.2594291801932245,1.021150336281555,345,/tmp/ShineRunner-ce8930f3-2212-46f6-a09e-a15fdc35a554,0
348,True,37.670103,10.470743,0.009116,0.007149,0.1240374207496643,36.58768486976624,561.378966205743,4.256895757349588,1.076642158312247,0.9254878157104174,348,/tmp/ShineRunner-63d7ca9d-cd0e-47c5-828c-e3bd31b929f5,0
350,True,52.564824,17.827967,0.05303,0.045073,0.1600952704747517,36.86414887507757,893.4621887510692,3.525343769004942,1.3525826893131676,1.3465103217153775,13,/tmp/ShineRunner-c9e0d1f7-931d-46b0-9c03-fea220c135c4,0
351,True,67.539463,20.281816,0.241735,0.243685,0.1842812776565551,36.86105476220449,639.056678435744,1.489187647240103,1.0928830674355436,1.165408610956559,224,/tmp/ShineRunner-e797181c-611d-4d5e-9700-a31bbe1a8af0,0
352,True,49.509858,15.38006,0.115201,0.103782,0.1418394088745117,36.86458806594213,662.9126790690759,2.2300227065534237,1.234777905637904,0.932629951359,8,/tmp/ShineRunner-d9f9452c-928d-4fcc-937d-4f6de14e5332,0
353,True,44.454323,15.402401,0.006951,0.003984,0.1456815242767334,36.888565230369565,717.548530001519,4.966452481845683,1.4458386331274569,1.3240256136198645,44,/tmp/ShineRunner-1e710a42-cad7-4fb1-83eb-0f38967d72ce,0
354,True,52.564824,17.827967,0.050873,0.052312,0.1267137050628662,36.8396249850591,893.4621887510692,3.525343769004942,1.3525826893131676,1.3465103217153775,613,/tmp/ShineRunner-f7e4718a-9e7f-4692-96e5-67cb7fc34a17,0
355,True,51.968233,19.119011,0.245625,0.224205,0.1403747320175171,36.88788254261017,873.394805674513,1.7548262700606043,1.4684065752668896,0.9686794025039792,347,/tmp/ShineRunner-28deb6a5-861a-4d93-8f37-4ed530d77edb,0
356,True,55.550339,16.048191,0.033443,0.032508,0.1512627164522806,36.899001983801526,570.1245444993053,3.037759031571817,1.054287870567722,1.270568065127868,338,/tmp/ShineRunner-3317f260-3fd0-4f16-bc73-2b4d5acd7304,0
357,True,33.37999,11.921624,0.018646,0.014584,0.1390293955802917,36.85297754605611,937.5420995270412,4.892620841644958,1.436429479387089,0.9346104753245932,598,/tmp/ShineRunner-e794a1c8-6adf-4773-be1c-4874145d5735,0
358,True,45.395251,14.999774,0.001398,0.001398,0.1386012474695841,36.85187308390936,547.0886739438248,4.892738347201726,1.3805698509951765,1.3502450136938675,601,/tmp/ShineRunner-28693438-16e3-47a8-b2fb-93cac293bf80,0
359,True,52.360758,15.664545,0.144422,0.140155,0.1372218251228332,36.85233878691991,732.3398189286647,2.218779096975997,1.1095946082393162,0.9458655390045104,594,/tmp/ShineRunner-cfeba4eb-05ab-4825-a6cd-5afdceac4cef,0
360,True,49.509858,15.38006,0.122653,0.107939,0.1388069232304891,36.85315053462982,662.9126790690759,2.2300227065534237,1.234777905637904,0.932629951359,608,/tmp/ShineRunner-dd46946b-ff60-476e-9986-45a2bad96a08,0
361,True,57.164917,16.690069,0.052492,0.053747,0.1388220826784769,36.85315711100896,564.9607526677358,2.6931016753941086,1.113454674525442,1.268869796277757,609,/tmp/ShineRunner-63a87eb1-a8b8-4658-815b-e236fa6b6ddf,0
362,True,45.221722,13.827172,0.022101,0.019416,0.1355176170667012,36.85160235563914,568.6056288953062,3.475575233052031,1.2243647536006252,1.0750427236879518,597,/tmp/ShineRunner-e5db73aa-7985-45bc-96f2-7d82be877d34,0
363,True,50.949508,17.834745,0.07885,0.065944,0.1629759788513183,36.91039224068324,743.3291654190801,2.7591107751598924,1.4689132274874914,1.2002096366632529,335,/tmp/ShineRunner-e8b682f9-676b-4746-8fb2-f9c094d9d82b,0
364,True,49.022288,17.785619,0.014196,0.013807,0.2305854241053263,36.90756636460622,950.8209267832192,4.932101876303318,1.4911833415522662,1.467099392937587,228,/tmp/ShineRunner-00713987-0fa9-4cd6-9f7e-a5defc07b1c6,0
365,True,38.775901,11.039728,0.023819,0.019416,0.1260477066040039,36.91128155787786,733.6908007776458,4.052959176709625,1.008918391988494,0.8764007977360145,59,/tmp/ShineRunner-2ee5a101-1e1b-425f-86fe-8711ed5c4850,0
366,True,53.704716,16.346447,0.024009,0.023438,0.0726421435674031,36.91170065402984,795.0976913830631,4.337515465595028,1.002370696455937,1.3973586215396567,193,/tmp/ShineRunner-182af1fd-8557-4f5c-a0be-3767ac8ce2e9,0
367,True,64.408519,19.479542,0.103782,0.105546,0.0735801060994466,36.91257088184357,756.3660321500556,2.505078968618176,1.0179213757090817,1.4718421656304543,180,/tmp/ShineRunner-6e86e4bf-707e-47cb-9cf0-e0351dd50f18,0
368,True,59.811627,19.343334,0.088755,0.07902,0.1285215298334757,36.91499343713125,687.0920217035914,2.473881180043444,1.325965512789987,1.4072434422266276,62,/tmp/ShineRunner-eabeadd2-3d3d-4791-adb9-44c366a14d9b,0
369,True,39.538911,14.377792,0.011076,0.007937,0.0652759393056233,36.9260257601738,826.3433674346277,4.964984824323442,1.499710954612094,1.1615215818449487,282,/tmp/ShineRunner-1d483d7c-c1b0-44af-b9e1-b9eebd56abf9,0
370,True,45.918295,14.658189,0.165693,0.147485,0.0342341860135396,36.92863917350769,790.5305698501975,2.1262271399532837,1.2954577457407084,0.8159627097207883,333,/tmp/ShineRunner-77084e26-37a9-4c9d-81d7-2551097aaa88,0
371,True,43.646402,13.241912,0.006951,0.003984,0.0786696672439575,36.92858728965123,658.5694464113576,4.792757338306878,1.1454589190700593,1.1605399904622002,342,/tmp/ShineRunner-dfc29061-a08c-45b7-b160-c2ed671bd27d,0
372,True,51.205387,16.831316,0.0242,0.01826,0.0738646467526753,36.9286386013031,640.6168919195042,3.501459592644368,1.3634973071434413,1.33805324434236,339,/tmp/ShineRunner-e7aeb3e1-4480-4802-b075-f64e7ff163ef,0
373,True,56.539806,19.078508,0.232069,0.228395,0.0633940776189168,36.92817454735438,926.6723355720296,1.9153520649231843,1.2951601254415746,1.0778580474234838,164,/tmp/ShineRunner-b66726a1-b46b-40b3-8f7f-006b982b5e7e,0
374,True,30.3433,8.056574,0.003587,0.004579,0.0756808996200561,36.92878628969193,553.8704729779483,4.630452118605475,1.1151069954474404,0.8261887893233258,340,/tmp/ShineRunner-60bb2654-b504-4a8f-bfc2-8ee1725cdf23,0
375,True,41.504875,12.487383,0.0198,0.01826,0.0762622634569803,36.92907234430313,799.6913957604218,4.448072979684844,1.0982173328572866,1.0172265710300663,349,/tmp/ShineRunner-356e474c-5d0b-4762-9b97-976915efd7a6,0
377,True,44.890989,12.994601,0.042146,0.038277,0.0767964084943135,36.92908561229706,520.8070869309463,2.773559604675884,1.1649306061663929,0.9011669322062328,331,/tmp/ShineRunner-d57681f1-8584-4daf-8b85-2f9a16be8022,0
378,True,32.732515,8.980249,0.006162,0.005173,0.0747437119483947,36.92938300768535,627.9825452838014,4.718591708215438,1.0823039087910091,0.8314374335746303,343,/tmp/ShineRunner-7a30554a-3a81-4465-950b-49a3272f608e,0
379,True,36.686486,12.235064,0.017489,0.017875,0.2720211903254191,36.94885534842809,702.4274822132669,3.9440658756737537,1.386176493837284,0.9447694692598222,233,/tmp/ShineRunner-0ca712b4-4c42-4061-a197-9f42db799cb5,0
380,True,53.571248,17.75886,0.042512,0.034563,0.1127113302548726,36.95292807420095,641.6234666250571,3.070553335423293,1.3959872125706871,1.3486768765629995,176,/tmp/ShineRunner-c227784d-75ed-436c-905a-87e29029e446,0
381,True,35.384767,9.96859,0.00833,0.009509,0.1233851035435994,36.98549451033274,637.4125253775335,4.500853273556225,1.0937968409697456,0.8593681138650342,165,/tmp/ShineRunner-d11a6fdd-12d8-49a2-917f-0951e6a8f408,0
382,True,52.836101,16.42002,0.023628,0.021718,0.1882429043451945,36.99045122067134,760.1375573702845,4.119429807360881,1.157225345872101,1.386167653641548,126,/tmp/ShineRunner-0a59ca65-fd67-44b7-93c1-64ff97fb9eb0,0
383,True,45.390801,15.381602,0.109687,0.088921,0.0929964224497477,37.00501066446304,940.190150063846,2.9592818176900515,1.3108960149303783,0.9912310340506134,204,/tmp/ShineRunner-237b8928-92e9-4f04-8d69-7102159ade72,0
384,True,39.986305,12.954589,0.073388,0.066642,0.3253717223803202,37.001701072851816,979.6661738178042,3.4710844833117185,1.2477532783143093,0.8774844518207313,226,/tmp/ShineRunner-cfdd05c0-b705-4807-be5b-6dcc5c9674c7,0
385,True,37.06728,12.140889,0.016135,0.012053,0.0930016080538431,37.00404901901881,517.4191751399578,3.469933468449764,1.4115636587080933,0.9176005940045098,290,/tmp/ShineRunner-8bb87bca-6c3f-4f97-99ac-00e0c3110996,0
386,True,54.659607,16.283814,0.133299,0.133899,0.2226382414499918,37.0240222175916,527.7839584534389,1.8346903189880857,1.1670650202507729,0.9210961116341156,128,/tmp/ShineRunner-9a502478-5a6e-48d5-8e10-548e29ba0305,0
387,True,40.376072,13.831204,0.011272,0.01088,0.0697058757146199,37.028396209081016,776.49653262645,4.719015942089234,1.390150746954696,1.1355586948871783,95,/tmp/ShineRunner-94f3c1da-557e-4139-bf5d-c21c458a243b,0
388,True,48.791898,17.852942,0.106185,0.093217,0.1627365032831828,37.02761010726293,888.6715637645893,2.754678863994386,1.492770084747463,1.1254814193355571,155,/tmp/ShineRunner-5659231d-ab58-4a5c-90f2-4a45aaa9a632,0
389,True,42.020162,12.525159,0.03363,0.023819,0.1638322552045186,37.027695989608766,869.715734238255,4.123835005269181,1.0244818549116397,0.9641746053089092,160,/tmp/ShineRunner-153912cc-5843-4dcb-a401-352ab1b29521,0
390,True,44.273875,15.943324,0.093875,0.078341,0.1763610164324442,37.09976840416591,954.776121935675,3.183345338362715,1.425137149416861,1.0384135569140671,144,/tmp/ShineRunner-7781ca5d-92c8-478e-aa29-9d41308a4bdf,0
391,True,48.387571,15.073252,0.037721,0.033069,0.1580685933430989,37.09950993061066,914.7143074413682,4.105995188630712,1.1163203709832168,1.1715387134193374,360,/tmp/ShineRunner-dceb19ca-6b9c-4462-8a80-619f5ebceab9,0
392,True,41.48578,14.835853,0.018838,0.014196,0.1529419223467508,37.095361828804016,868.3528442411101,4.500172701584314,1.4605285986475958,1.1525430476281695,425,/tmp/ShineRunner-68c77ffe-8aaa-4d55-a4fe-7dd3597e6531,0
393,True,35.734885,10.775461,0.009901,0.009116,0.2395339608192443,37.16303154230118,736.391986379499,4.780268816347523,1.171356821377478,0.9240648508744908,253,/tmp/ShineRunner-f0ac1d65-d1df-4256-afef-73b20657d192,0
394,True,45.221722,13.827172,0.019223,0.017875,0.2552209615707397,37.16635864973068,568.6056288953062,3.475575233052031,1.2243647536006252,1.0750427236879518,297,/tmp/ShineRunner-e6803877-6aef-4cbf-adb4-41527f9e1982,0
395,True,54.913376,19.27314,0.145737,0.137187,0.4040342569351196,37.20594651301702,990.0135897770964,2.6176668268173557,1.392040474170704,1.2454858394754438,114,/tmp/ShineRunner-e23ec8ea-001b-4779-8b8f-07c0dc1d1993,0
396,True,53.563903,16.117212,0.021143,0.02076,0.3268264889717102,37.20225390593211,610.398960604467,3.486725068018279,1.1445417908190958,1.314307591546406,599,/tmp/ShineRunner-7a9ee06f-686a-40d4-822f-a4bc5c1029d4,0
397,True,47.68527,16.521581,0.022483,0.018068,0.3530414303143819,37.27171332041423,738.7529368138664,3.950303278009634,1.4516639359820265,1.3044871627028465,150,/tmp/ShineRunner-47ae838a-6836-44a1-a020-0691aebbb96c,0
398,True,44.092027,12.940196,0.007346,0.008723,0.3044538855552673,37.27311142683029,665.3678710274334,4.693692317392262,1.024284644923479,1.1225387236676965,189,/tmp/ShineRunner-5f9e2560-b281-41d5-9c35-ad491e6ae587,0
399,True,48.81502,17.130182,0.017875,0.01536,0.4814240415891012,37.271575065453845,777.730855068882,4.1290630627371865,1.4623508336099444,1.375808163432202,157,/tmp/ShineRunner-f34fad99-3a9d-4ce4-82a6-3c8bfbd67f90,0
400,True,52.078521,16.079825,0.086925,0.079698,0.3009190678596496,37.27348181804021,754.0836779064375,2.753808828631716,1.1665470805053189,1.1019289141025148,186,/tmp/ShineRunner-3f6839ea-62d1-4f75-984b-a9356633e859,0
402,True,58.812297,20.606161,0.297062,0.276097,0.3002660989761352,37.273478507995605,500.83035383740025,1.0931096323942693,1.4313822818704391,0.8008631437583358,185,/tmp/ShineRunner-5277cbc4-7b7e-468f-a700-8b32f4ec2c0b,0
403,True,60.715399,17.38001,0.084249,0.079868,0.3029088775316874,37.2735622326533,555.8001841246133,2.291819263155684,1.030264225413268,1.2887328079269391,183,/tmp/ShineRunner-d0e6b7a7-607e-404e-8c05-1755bd58186c,0
404,True,68.220953,19.76755,0.180597,0.161777,0.5955276687939962,37.27250534296036,582.6556616836456,1.7143240873608685,1.0801560124911291,1.396353210456359,231,/tmp/ShineRunner-9a0964c6-d2f9-491b-862f-bfe615bb106a,0
405,True,43.496809,15.23154,0.038462,0.034376,0.1745004892349243,37.286921219031015,994.3019492597882,4.200554622296997,1.3708073163657577,1.128131507909767,245,/tmp/ShineRunner-40d5269f-892e-482a-9371-a82bec009e2d,0
406,True,41.940582,14.034082,0.005964,0.005569,0.2035106658935546,37.30332590738932,573.4318674107021,4.387524283930359,1.4115623049750474,1.1772592363849308,291,/tmp/ShineRunner-803c466b-aaa3-4fc1-b4ea-a96d3a656595,0
407,True,44.847625,12.9259,0.00892,0.013418,0.4556936224301656,37.31702057123184,569.1645350580246,4.007077965205426,1.0578520836547147,1.0730438131095703,276,/tmp/ShineRunner-de13ace1-b01f-473f-b68a-358a7eeb8140,0
408,True,32.938595,9.22938,0.009116,0.006162,0.2360855023066203,37.332299721241,753.6463507910216,4.963807694086327,1.0020038023666695,0.8116058613282899,202,/tmp/ShineRunner-5109a1cb-eb37-48b3-99b1-c96519325894,0
409,True,60.350769,19.062263,0.104424,0.090413,0.2359710137049357,37.33287789026896,996.5422909652532,3.1724108701903284,1.0634549877592565,1.4281115398278654,203,/tmp/ShineRunner-dc04edf7-3ed6-479e-ab59-bc6764ad67c3,0
410,True,57.777737,20.463099,0.210485,0.177496,0.2362640539805094,37.33295689821243,869.2901932286914,1.9954739529719068,1.4450097285588477,1.2156813836199134,200,/tmp/ShineRunner-f6a1019a-a6ef-41f3-9ac9-3396fdb6ffcb,0
411,True,41.734591,12.899155,0.005964,0.002792,0.2373977263768514,37.33330266873042,506.2349389706066,4.102525647765665,1.260115033522997,1.0855730012523956,210,/tmp/ShineRunner-74df7009-f080-42b9-a8e8-4cc6560e7a07,0
412,True,45.26719,14.048936,0.025721,0.023247,0.2374421795209249,37.33351407051087,929.4914302788568,4.615364074224497,1.1060737037616506,1.1288606217223796,213,/tmp/ShineRunner-1db80644-f2b6-470a-bc97-ef353b6610b8,0
413,True,43.270078,13.927869,0.016329,0.01439,0.2372533003489176,37.33367407719295,879.211118592377,4.927035134368926,1.2096361939504026,1.1602081363198715,209,/tmp/ShineRunner-d93ba959-fd05-4dc2-a094-6e9174a0698a,0
414,True,61.66149,20.802216,0.285306,0.26384,0.237154730161031,37.33387605746587,936.9442489519008,1.7161238288720453,1.3053850666177091,1.187478588062728,207,/tmp/ShineRunner-9c3b68b3-6d54-403a-a00f-fc6000e21a1a,0
415,True,52.418024,17.24185,0.205087,0.182339,0.2382125298182169,37.33391089439392,549.9312385803647,1.4993484151582883,1.371800182553826,0.8161980662073626,217,/tmp/ShineRunner-5fc53b56-4553-445d-bb54-f98691468f37,0
416,True,48.240516,14.927319,0.078341,0.082064,0.4089469313621521,37.333141227563225,958.668836275838,3.3756618576048667,1.0887532912184836,1.0371989449267236,146,/tmp/ShineRunner-accd6b16-b6fb-49ac-af7a-4e9ef4842874,0
417,True,47.644479,15.615259,0.008723,0.008133,0.3901224931081136,37.33830847342809,599.8878258300288,4.138147915201956,1.3577035648079008,1.3172888027408791,353,/tmp/ShineRunner-243e7cdf-e800-4b67-9a20-07cabfb58589,0
418,True,57.416524,16.663124,0.048887,0.049791,0.2349971771240234,37.33874754905701,580.635889516801,2.8045970104548,1.0761560513565842,1.2874242625544152,322,/tmp/ShineRunner-7b9d6d16-5428-4e04-9039-706fe7733f52,0
419,True,57.933875,18.521372,0.058203,0.050513,0.2342085758845011,37.33925893306732,954.2903453538036,3.678711388767298,1.1329349807297595,1.4784234641434066,325,/tmp/ShineRunner-f46292d5-2966-4a31-b8a4-a9240c3d42c2,0
420,True,44.44664,16.426255,0.045984,0.037536,0.2267472267150879,37.3392040570577,946.243844843663,3.8983219232606174,1.495903858248814,1.1719896681180706,255,/tmp/ShineRunner-61867dad-5cc8-49b7-a768-5ee2eaf92618,0
422,True,45.409293,15.738648,0.132547,0.128464,0.2306468685468038,37.33980772892634,832.1567701636937,2.38810219033631,1.4070101923330174,0.9168810439353928,320,/tmp/ShineRunner-4b209116-92df-4ff9-a3a9-5054455bd654,0
423,True,45.617475,15.918377,0.018838,0.015942,0.5563745776812236,37.359354412555696,635.3793756589001,3.7235806680377377,1.4901023924493408,1.2280805241839488,111,/tmp/ShineRunner-749ed28c-4d50-4f3a-92ca-e55908f1925e,0
425,True,58.648824,19.332862,0.242768,0.238037,0.557860008875529,37.359353299935655,704.3915547143486,1.5575655174666327,1.294153124204504,1.0219286379220665,120,/tmp/ShineRunner-2200263b-cdcd-405f-b5bc-9f08d95b0e20,0
426,True,49.823654,15.327323,0.045073,0.036237,0.5562406698862712,37.35939389069875,715.709097589945,3.3544549161406514,1.1803286672251272,1.1589174712247308,124,/tmp/ShineRunner-964730ca-018f-419a-a47a-0f6756b630da,0
427,True,41.48578,14.835853,0.019416,0.013028,0.5567721605300904,37.35933859745661,868.3528442411101,4.500172701584314,1.4605285986475958,1.1525430476281695,125,/tmp/ShineRunner-ff3c53d9-3771-4be4-8e04-85e640c4b362,0
428,True,46.674326,14.747601,0.012638,0.010685,0.2503599007924398,37.36278934876124,754.4670758756771,4.591179838401838,1.2096504939639052,1.2529502587003276,258,/tmp/ShineRunner-7aa37402-14f2-4d81-b7cf-0a17a9b79a05,0
429,True,47.717231,13.43796,0.05321,0.049971,0.2505293806393941,37.36294997135799,531.0315532700777,2.6163529827606617,1.0645150285910208,0.906628697110303,250,/tmp/ShineRunner-7252dff3-d84a-4ecb-b243-0a8fe18f6ebd,0
430,True,62.589212,17.796415,0.096658,0.099099,0.2512962420781453,37.36307905515035,509.8832226713458,2.036806107755832,1.0989049236295985,1.3447059957808087,261,/tmp/ShineRunner-4bdd2c15-965c-4a66-87ef-04efd7b9588f,0
431,True,48.405547,17.460432,0.143249,0.132396,0.2510706981023152,37.36354334354401,816.141406515105,2.3288805229090266,1.4609262250774977,1.0234095462256492,251,/tmp/ShineRunner-a29a1970-f5d1-44ef-8009-ae53939cd5ff,0
432,True,45.602932,13.781698,0.004579,0.003587,0.2514248967170715,37.36390971740087,559.4766553701056,4.634132993568461,1.160766495741166,1.225690448340214,243,/tmp/ShineRunner-3a7a5ea8-7533-4b6d-9751-09409a58daac,0
433,True,59.998057,18.376717,0.120028,0.120028,0.2608733137448629,37.36455794175466,723.0781377870153,2.276493394824523,1.1507560445739382,1.241197815183222,323,/tmp/ShineRunner-367b8abc-6277-4e84-b0da-a1b292e6fad2,0
434,True,35.817141,12.480961,0.007543,0.008527,0.5263970414797465,37.382161680857344,721.9714431979882,4.718124997517194,1.4269921880736145,1.025550971676057,268,/tmp/ShineRunner-598d6ef1-b77c-41bf-ba8e-4badae66933b,0
435,True,60.296526,19.325869,0.084919,0.069248,0.5526997248331705,37.41215378840764,503.7535163999999,2.0789718615292445,1.3987554178403765,1.387421706364027,275,/tmp/ShineRunner-be8c15a2-c2e3-4603-93e6-e29ff9f33527,0
436,True,44.482098,14.44689,0.062266,0.051593,0.1564892570177714,37.39927886724472,621.2414265141664,2.711398962424687,1.3416291788294066,0.9597770128243944,488,/tmp/ShineRunner-197acd80-77ce-4c2c-97b2-f6dc7ad0fe61,0
437,True,60.458333,20.394174,0.279954,0.26697,0.0118905822436014,37.39910780588786,563.0131708733132,1.2323621104043505,1.3465477134648507,0.9210607555094548,501,/tmp/ShineRunner-9182edb5-4dfe-41d0-9573-818fe19b6f53,0
439,True,50.58445,18.363211,0.205214,0.180059,0.0130727807680765,37.4007336417834,992.3247668088218,2.1907587460124773,1.4065796729100564,1.0228793824799218,496,/tmp/ShineRunner-f68887a6-e4f0-4fa8-809f-6a71e02b1da1,0
440,True,44.092027,12.940196,0.007937,0.007543,0.0119653105735778,37.40085055033366,665.3678710274334,4.693692317392262,1.024284644923479,1.1225387236676965,489,/tmp/ShineRunner-282b3437-d06b-4504-bf04-807c863b3bfe,0
442,True,46.173039,13.57919,0.00774,0.005767,0.3201277613639831,37.42589741945267,643.2231134410275,4.669157088972919,1.0124297456931282,1.1886386296287772,356,/tmp/ShineRunner-2fa11cc0-b5dc-40f8-9700-0b7879dc60b0,0
444,True,59.811627,19.343334,0.089419,0.082569,0.3243801037470499,37.426515897115074,687.0920217035914,2.473881180043444,1.325965512789987,1.4072434422266276,362,/tmp/ShineRunner-a936499f-6153-4db0-8f45-67361a93cb22,0
445,True,60.047978,17.909163,0.056782,0.055713,0.3723829627037048,37.47293301026026,564.056816337773,2.581698126740496,1.1853990121162905,1.4487354921940212,302,/tmp/ShineRunner-08268498-8b94-414e-b4aa-1ab8f3a5cd00,0
446,True,45.395251,14.999774,0.002195,0.000999,0.410636814435323,37.511532775561015,547.0886739438248,4.892738347201726,1.3805698509951765,1.3502450136938675,301,/tmp/ShineRunner-2f2a7ae8-3517-446a-8bd5-53c8f7749ca7,0
447,True,50.74895,16.154497,0.061209,0.057137,0.3970697164535522,37.513425612449645,782.4753057362209,3.118694261748939,1.2329925764906138,1.165842242859186,88,/tmp/ShineRunner-592f4050-e000-49e0-8f86-90b848fc05fe,0
448,True,52.629659,16.674803,0.027048,0.020376,0.4633781711260478,37.57166348298391,646.7968788833418,3.5124326647983386,1.2785160761706391,1.3487287463744897,319,/tmp/ShineRunner-c37246de-760d-49d2-857a-2062ab8f1dce,0
449,True,51.785108,15.363566,0.075786,0.066816,0.5019721706708272,37.62259118556976,749.4084792657426,2.938208580420142,1.0524898579480353,1.0789867546910783,145,/tmp/ShineRunner-1d1dd1bc-1685-4aa1-9058-1fe610bae363,0
450,True,58.078289,20.481395,0.100234,0.090082,0.5055091579755148,37.62458539803823,994.5665013418028,3.046265483325173,1.4195348654408568,1.4932251650283908,135,/tmp/ShineRunner-983e3e8b-8e7e-4f05-8d54-638176cfa634,0
451,True,56.323915,19.168056,0.133749,0.112374,0.527350648244222,37.64419358968735,828.931642520264,2.44187652347767,1.3871607080709216,1.2698619893160148,91,/tmp/ShineRunner-0e84add7-7bdf-4af1-a0b6-7809e08053b9,0
452,True,46.935265,15.949468,0.003786,0.005371,0.6795824766159058,37.64409328699112,528.6159700766302,4.124240956023376,1.4638977150861403,1.3404758793730664,107,/tmp/ShineRunner-4ce637bd-b6e0-4322-9d3b-06ae8853079c,0
453,True,54.500371,16.222984,0.010097,0.006951,0.524701718489329,37.64273132483165,571.5109375833175,4.017778939045762,1.099102113606449,1.4374467589916198,104,/tmp/ShineRunner-afc421ef-2a79-4fdb-afd1-07d762953667,0
454,True,53.563903,16.117212,0.023437,0.021143,0.5588279366493225,37.65980345010757,610.398960604467,3.486725068018279,1.1445417908190958,1.314307591546406,299,/tmp/ShineRunner-7d46b5b9-72d8-4742-84bb-e58f2747b9e8,0
455,True,51.968233,19.119011,0.24812,0.235123,0.3611379186312357,37.659418066342674,873.394805674513,1.7548262700606043,1.4684065752668896,0.9686794025039792,47,/tmp/ShineRunner-1c04d523-b0a7-404a-aafc-6095e285fd7c,0
458,True,52.418024,17.24185,0.197174,0.190152,0.3139339884122212,37.7136759241422,549.9312385803647,1.4993484151582883,1.371800182553826,0.8161980662073626,517,/tmp/ShineRunner-caee8e40-574b-4f75-9ee1-044cfa45ac95,0
461,True,48.841905,16.300404,0.006359,0.005371,0.7012299815813701,37.80287655194601,688.1797367404131,4.941178797667017,1.3588801180018215,1.4658362620026888,396,/tmp/ShineRunner-8b2ab0b6-28fd-4f36-9ed8-0faf94c76b62,0
462,True,53.45965,16.565902,0.00833,0.007149,0.7059351046880086,37.80644314289093,587.673255726961,4.221673540350359,1.1992533117371065,1.4932719201523377,296,/tmp/ShineRunner-bdaa8d2a-c6b5-4467-8b1f-48d0632fe798,0
463,True,45.589617,15.893491,0.045619,0.035866,1.1283722996711731,37.80562138557434,704.5699888123986,3.247808925817917,1.4676906847832474,1.1273481796386176,220,/tmp/ShineRunner-f6dbe952-bacd-4b15-a3d8-a1c804b76d34,0
464,True,58.999758,19.06106,0.065071,0.051593,0.7578602949778239,37.85974625746409,650.4743458904699,2.7497697995467467,1.331432106381791,1.468936279932879,355,/tmp/ShineRunner-5b0bb055-d105-4749-aaa4-fdb3b9ab1a1d,0
465,True,55.79695,18.883492,0.056604,0.046711,0.7622639735539755,37.86124132474264,658.9955484760247,2.8199154428978126,1.4375024711173043,1.395792138775544,369,/tmp/ShineRunner-3cca5d02-b50a-4116-91a6-44df1bfe8809,0
466,True,44.212576,12.752917,0.040859,0.039201,0.7869885484377543,37.908992207050325,693.9208475818249,3.4199099921791016,1.005363822487838,0.946340361021569,133,/tmp/ShineRunner-1df304cd-8980-426f-87b8-963654967b94,0
467,True,44.212576,12.752917,0.041595,0.028938,0.7912230491638184,37.90007092158,693.9208475818249,3.4199099921791016,1.005363822487838,0.946340361021569,433,/tmp/ShineRunner-f5003c68-2040-46c0-b1cb-b41503dcee58,0
468,True,66.126217,21.808323,0.217527,0.204075,0.4909495592117309,37.90656207799911,724.9296499720631,1.6791394813021223,1.3551226006679933,1.3959342545815423,236,/tmp/ShineRunner-bc32c7f1-59ff-4936-a1c3-8d363d868a03,0
469,True,41.273801,13.187864,0.034376,0.037165,0.8026565512021383,37.90975699822108,916.1299006976004,4.140963172985928,1.1937391895150873,1.0018296727511709,11,/tmp/ShineRunner-c1974374-61bf-4049-b739-eb14bd1b151e,0
470,True,53.655297,16.622501,0.026101,0.022292,0.8215587218602498,37.91884438991546,802.9625888238638,4.126519967781428,1.1192764103136943,1.3945861900461511,406,/tmp/ShineRunner-23c3132d-c534-42b8-bb05-4ad4f11030be,0
471,True,52.832769,17.015803,0.033443,0.032508,0.8188959519068401,37.91890378793081,998.5173289187863,4.468480106954079,1.1419542189320195,1.3858276057626568,401,/tmp/ShineRunner-2e5d29bc-b9a0-4b36-aac6-e3e629ca0f9b,0
472,True,31.426522,10.308044,0.008133,0.006557,0.9631247480710348,37.918911802768704,650.9636957212458,4.641144340268439,1.390647017715758,0.8774118876972774,400,/tmp/ShineRunner-f5b4e031-34f9-4ccc-9656-a552b15f3e46,0
473,True,37.898609,10.582848,0.003388,0.003587,0.8226547439893087,37.91898140907288,545.2203634920663,4.546946955145152,1.0144997516022347,0.968579640628803,403,/tmp/ShineRunner-d05c1cc9-469e-409c-ac86-80d4ee47a58c,0
474,True,54.913376,19.27314,0.134798,0.135247,0.9617693265279134,37.9191551566124,990.0135897770964,2.6176668268173557,1.392040474170704,1.2454858394754438,414,/tmp/ShineRunner-3e3133ac-4f4e-4fd7-a3a9-d1f8d60f2b0a,0
476,True,61.238822,21.775957,0.17287,0.148356,0.8420039017995199,37.94248362779617,879.0438700426869,2.159914259771421,1.4853490121974515,1.4251847849255384,305,/tmp/ShineRunner-16c93487-34f9-49ac-b79b-90266513fcf2,0
478,True,41.1129,13.547267,0.020376,0.02076,1.0234615802764893,37.94255700508754,803.0079103500054,4.418051396614449,1.3015535786693628,1.0888000984915762,61,/tmp/ShineRunner-b31e210c-ed22-43d6-84e4-9f1103bf1f14,0
479,True,39.85274,12.293814,0.058558,0.055713,0.6244290908177693,37.94425681034724,886.006216055494,3.5113095579381493,1.186828864436855,0.8661266676430608,46,/tmp/ShineRunner-af311e80-d1a1-44f6-bc8d-8cc7fef12466,0
480,True,48.387571,15.073252,0.038646,0.034376,1.025396672884623,37.94430404106776,914.7143074413682,4.105995188630712,1.1163203709832168,1.1715387134193374,60,/tmp/ShineRunner-4204f5b3-b5c5-4f77-a671-5ed7c12de870,0
481,True,58.999758,19.06106,0.057315,0.0478,0.99748531182607,37.94273380438487,650.4743458904699,2.7497697995467467,1.331432106381791,1.468936279932879,55,/tmp/ShineRunner-48fd1204-f158-40c6-a2b4-ae4bd0b34b4b,0
482,True,51.23596,16.365048,0.056248,0.050152,0.8217255353927613,37.94378568728765,646.0296651572642,2.7568691865669805,1.293222586507398,1.1453029830954666,139,/tmp/ShineRunner-4a16a930-76fb-46f1-b82a-de9460fd0011,0
483,True,50.294647,14.953256,0.198075,0.18686,0.4757103482882182,37.94383270740509,874.9917689676342,2.124568589777415,1.0619348874321104,0.8286628722000039,154,/tmp/ShineRunner-2883705d-411a-4c03-8655-283323eaa353,0
484,True,70.275968,24.137969,0.272621,0.248685,0.6892621477444967,37.94194912513097,622.3982507750727,1.3095178765484663,1.4700095054037574,1.421592180023906,238,/tmp/ShineRunner-0e51a36b-e4f2-4162-b1f1-dcc12e7f95ce,0
485,True,44.06569,15.480709,0.1858,0.150527,0.5067128459612529,37.972350148359936,988.95848953692,2.4109344096538634,1.3968410752799862,0.8593734906182825,156,/tmp/ShineRunner-35eeba42-527d-485f-b59b-e37cebe9d808,0
486,True,55.227287,16.01483,0.011467,0.013028,0.0822630723317464,38.0199854850769,547.5478741149673,3.7931487643942794,1.0422466094117602,1.4551578758904382,84,/tmp/ShineRunner-ebb0e710-754f-497f-b0c7-3791de0bc5bb,0
487,True,38.185813,12.72467,0.016716,0.009705,0.3821556687355041,37.97278094291687,718.5759594361654,4.2637840626544845,1.3501325510011246,1.0186566489674287,610,/tmp/ShineRunner-a583e05e-e92a-42ef-b5da-9f9c0836d40b,0
488,True,38.728831,12.208433,0.02439,0.020952,0.3820368011792501,37.9728351910909,821.9325600403322,4.220151098391652,1.2217070994136656,0.9590671052493438,603,/tmp/ShineRunner-086bd65c-b595-465f-bc36-0ac2ae74cdaf,0
489,True,53.45965,16.565902,0.009312,0.006359,0.1941332101821899,37.97476136684418,587.673255726961,4.221673540350359,1.1992533117371065,1.4932719201523377,596,/tmp/ShineRunner-4e6ead6a-ca10-4ca7-9cb3-05d825a3d769,0
490,True,53.760782,17.537643,0.013807,0.012248,0.3780023495356241,37.97323964039485,577.1447460337739,3.605415394266801,1.3723810779539083,1.477256812703947,607,/tmp/ShineRunner-244791b1-2507-4d20-9ad8-ce5ff9268b14,0
491,True,71.395872,21.738242,0.278603,0.269433,0.803169826666514,38.05600827932358,535.9110702514422,1.2062915580823428,1.1522332632380166,1.1870287778451232,229,/tmp/ShineRunner-9c39ca05-94a1-427d-96bb-a1d222493d4c,0
492,True,44.556941,13.069201,0.061914,0.062266,0.9367099682490032,38.05874630610148,570.7979442843873,2.572280698319145,1.19628635792096,0.8560344985523296,136,/tmp/ShineRunner-88fa743f-8340-40c2-8fd9-25eada8220ab,0
493,True,43.911792,12.642568,0.061738,0.050152,0.8013426105181376,38.06032835642497,729.4578877691699,3.1024612621927328,1.0698984990638287,0.8801710514751815,14,/tmp/ShineRunner-57c911bf-1cf2-48b9-8c22-7e4ce2e7dbee,0
494,True,68.002035,20.737887,0.224686,0.221062,0.1009227514266967,38.0601856191953,726.9484410381499,1.690494076985976,1.1183311814987906,1.3222099961704123,363,/tmp/ShineRunner-707d4d85-5753-4f19-baef-86401fe9134b,0
496,True,59.130627,19.421894,0.143982,0.134499,0.0922680497169494,38.092060788472494,869.2553563433144,2.3738168981239607,1.2809094650314996,1.3038477745150825,257,/tmp/ShineRunner-19cfcbcc-8b7d-4ffc-b312-9696f1ced16c,0
497,True,52.629659,16.674803,0.022674,0.02076,1.0361934026082358,38.119879655043285,646.7968788833418,3.5124326647983386,1.2785160761706391,1.3487287463744897,19,/tmp/ShineRunner-7fb0c106-0852-4501-af50-fcb2d1596fe2,0
498,True,45.657808,14.910607,0.069767,0.061562,0.8612143874168396,38.119896884759264,817.3591600002953,3.035749362895182,1.2796035803727068,1.0127650686438283,16,/tmp/ShineRunner-c284282b-d760-4726-b0db-da5cfc756be6,0
499,True,38.728831,12.208433,0.023628,0.021335,0.8607076009114584,38.12003720998764,821.9325600403322,4.220151098391652,1.2217070994136656,0.9590671052493438,3,/tmp/ShineRunner-dc5e6e54-8da3-4e82-b010-c9ac5708c819,0
500,True,55.794712,19.565358,0.127704,0.112689,0.8612672170003255,38.12027010917664,886.9780242779816,2.5310651349090305,1.4292989599556911,1.2881576203415548,0,/tmp/ShineRunner-f2197f59-ed9e-4cc8-a175-dfbac143b555,0
501,True,57.67573,18.844986,0.106824,0.100396,1.036374815305074,38.12040766080221,834.2014808952358,2.6728233070297835,1.2826180532405944,1.3354992001912178,15,/tmp/ShineRunner-af1bbc3f-118f-4414-ba8a-f9f15a2e90ea,0
503,True,57.164917,16.690069,0.054999,0.05482,0.8614325602849324,38.12111259301504,564.9607526677358,2.6931016753941086,1.113454674525442,1.268869796277757,9,/tmp/ShineRunner-23e4a2a8-e9b3-45e5-bb7e-4e4b9179c5b6,0
504,True,57.465599,19.79829,0.192637,0.177902,1.0187480926513672,38.12790350914001,826.2165282605158,1.99134226802579,1.393716110992977,1.1844010685197757,423,/tmp/ShineRunner-23588f0f-a455-4cdd-8608-4b09445ed796,0
507,True,60.458333,20.394174,0.28459,0.260902,0.0512867252031962,38.15576540629069,563.0131708733132,1.2323621104043505,1.3465477134648507,0.9210607555094548,201,/tmp/ShineRunner-f1dc9f07-9f0a-4e57-bd55-a95defdbcbbd,0
508,True,44.556941,13.069201,0.06068,0.056782,1.070397142569224,38.18155115842819,570.7979442843873,2.572280698319145,1.19628635792096,0.8560344985523296,436,/tmp/ShineRunner-1f60ce79-046a-47a8-ac85-7308dd3aebb9,0
510,True,46.92745,14.968634,0.144568,0.130132,1.101784606774648,38.21013802687328,877.6650863973723,2.508627720219409,1.2346634670952006,0.9054710816692682,437,/tmp/ShineRunner-767fa6bf-fe79-4404-97b9-2ed215c99b5c,0
512,True,67.724214,20.873488,0.293086,0.288459,0.2842107693354289,38.25800381104151,559.6087630988723,1.1900162834401675,1.139037772890629,1.013293222632582,418,/tmp/ShineRunner-89abc1a9-e636-470c-9074-4ecc52f2936b,0
514,True,61.345712,20.690399,0.207733,0.203441,0.1788495024045308,38.31370443900426,886.0524456772928,1.9682306436513717,1.3438325245830465,1.293784455838809,432,/tmp/ShineRunner-42c13606-581b-4447-ba34-92e2dcb02400,0
515,True,61.511241,19.048003,0.194068,0.194068,0.3275705734888712,38.31197560230891,928.274011787279,2.237950922042812,1.0768064495303171,1.2205882855615566,430,/tmp/ShineRunner-7be9b322-2998-4fee-9a90-29d6263081ce,0
517,True,41.273801,13.187864,0.035494,0.031196,0.0318084677060445,38.37163353363673,916.1299006976004,4.140963172985928,1.1937391895150873,1.0018296727511709,611,/tmp/ShineRunner-1294b34f-f2dc-43f1-9bcd-92714cf2cafd,0
518,True,50.393562,15.810567,0.015166,0.009705,0.0224199016888936,22.788884202639263,628.7259796619817,3.910247223507632,1.252089302195407,1.325186191563763,593,/tmp/ShineRunner-2f37c2ed-b106-4c28-8dd0-de8b9c68faab,0
520,True,66.126217,21.808323,0.214454,0.203695,0.0320853352546691,38.61044525702794,724.9296499720631,1.6791394813021223,1.3551226006679933,1.3959342545815423,536,/tmp/ShineRunner-200ed8b2-8a58-499f-a9c7-806a6772a28b,0
521,True,42.398616,15.743302,0.126027,0.116764,0.0317373792330424,38.60896609226862,976.1248579228416,2.7209353421799425,1.4766027624525946,0.9145038143970772,541,/tmp/ShineRunner-f19494ef-d23c-4633-b9d6-4669c3d0f126,0
523,True,58.755337,18.713395,0.26112,0.256063,0.016212785243988,39.01358830531438,548.0476164859406,1.2755122970403012,1.26692000663698,0.8472629361311905,288,/tmp/ShineRunner-43bd4422-ab8f-4bc6-9449-ffdaeb940fd1,0
524,True,44.273875,15.943324,0.086925,0.073559,0.1214820623397827,40.537418993314105,954.776121935675,3.183345338362715,1.425137149416861,1.0384135569140671,444,/tmp/ShineRunner-87b0b180-90a3-488b-842f-738025f89f40,0
525,True,62.462503,20.986949,0.153403,0.134798,0.1218640565872192,40.53617061376572,542.057667278441,1.6721367978451398,1.4217941923812707,1.2463120903349214,440,/tmp/ShineRunner-353b6383-95bd-47cd-9a8c-a25cddec76a1,0
526,True,50.294647,14.953256,0.198718,0.192506,0.1214102745056152,40.537412818272905,874.9917689676342,2.124568589777415,1.0619348874321104,0.8286628722000039,454,/tmp/ShineRunner-5f2891ca-9a28-4836-9c90-7d8d4dbd1b1c,0
527,True,56.81027,18.649737,0.124036,0.114888,0.1217835386594136,40.53620438178381,866.2067514968938,2.536390277920422,1.2765519012056377,1.2578716866376498,452,/tmp/ShineRunner-c2c456b2-007c-4e8a-ac1a-1626bdaa2d0d,0
528,True,58.115966,17.852196,0.055178,0.052312,0.1216193596522013,40.53747331301371,683.3041924663062,2.9739207151513867,1.169228241648663,1.391135211301031,442,/tmp/ShineRunner-f99bf8c5-a748-4d0e-8650-fa070f2e5724,0
529,True,56.539806,19.078508,0.238269,0.223361,0.0986208875974019,40.542359014352165,926.6723355720296,1.9153520649231843,1.2951601254415746,1.0778580474234838,464,/tmp/ShineRunner-03b34b0a-8353-46e6-af87-d4ed50cf669d,0
530,True,54.435539,17.243284,0.084919,0.086257,0.0911254644393921,40.53671625057856,976.4612342427828,3.2842661247035654,1.1275534655136903,1.2378347098397553,565,/tmp/ShineRunner-296ae7cc-f13c-4f8c-bd0f-9d553fd450ac,0
531,True,46.114972,13.878517,0.028938,0.026859,0.1045339822769165,40.5541512409846,839.0470304399141,4.322433269754799,1.020126869969962,1.1147428818958764,554,/tmp/ShineRunner-fef942ce-1148-4c6a-be6f-f0bfb9e460b1,0
532,True,46.05993,14.375943,0.006754,0.004975,0.110722808043162,40.55430138508479,660.2455808390081,4.894964919043514,1.1998380675818183,1.27979940453271,566,/tmp/ShineRunner-f4aee55e-ca28-4d83-8a54-32ddeac2df66,0
533,True,54.420263,18.231929,0.125109,0.104745,0.13632839123408,40.57831385930379,863.0900641919505,2.6288374926815936,1.3299756505646394,1.2197867497011932,552,/tmp/ShineRunner-16ed36be-1cbe-4896-affe-89ca89aa9857,0
535,True,51.597917,15.18985,0.021143,0.025151,0.0727006554603576,40.674481920401256,555.3147337811016,3.328656861164504,1.120819454369543,1.1984484353014735,192,/tmp/ShineRunner-efe52017-a205-4846-a5a7-0885eac7996e,0
536,True,53.731555,19.358286,0.088423,0.068207,0.0682843764623006,40.69446781873703,983.1159560715907,3.222587234231241,1.4665116108001055,1.3630526409290795,58,/tmp/ShineRunner-7397dcc3-84c1-4c68-8ac2-87aca0ed802f,0
537,True,54.435539,17.243284,0.090082,0.07902,0.0948351144790649,40.697772459189096,976.4612342427828,3.2842661247035654,1.1275534655136903,1.2378347098397553,265,/tmp/ShineRunner-b470114a-1989-4f5e-bcf4-019ef73e281c,0
538,True,53.283714,16.039784,0.006754,0.007346,0.0941091855367024,40.71018119653066,568.9987586739527,4.079247085142373,1.1353160761354302,1.4193943416544523,279,/tmp/ShineRunner-63f09329-a274-4ed8-8356-9e206d1dc80d,0
539,True,42.026758,13.555382,0.04961,0.039201,0.0438705841700236,40.68977706829707,889.3754519828973,3.754316832299581,1.2246807510718942,0.9905690932916114,626,/tmp/ShineRunner-ac0ac589-75ad-48bc-bc2b-31d63a6a1dd7,0
540,True,37.941231,13.278585,0.008723,0.008133,0.0145864009857177,40.75382214784622,547.599543480432,3.802510515462361,1.4883320391082946,1.0228284713403142,283,/tmp/ShineRunner-64b7294b-f671-495c-a1c7-d5af4cba5a8a,0
541,True,50.667997,17.754658,0.047438,0.041043,0.0125319242477416,40.75368351141612,989.1022153822806,3.87796271343063,1.382333614281,1.3338130643738486,271,/tmp/ShineRunner-81f3f888-0fbe-4be6-9391-e4dac59d47a0,0
542,True,41.860494,14.549924,0.130435,0.119718,0.0079147299130757,40.77351187070211,979.2796066207228,2.722135122548761,1.3913676136251432,0.8579109999457071,334,/tmp/ShineRunner-5e40076c-61fe-4531-9e77-963759394851,0
543,True,57.465599,19.79829,0.190808,0.174236,0.0024629275004069,40.77647353808085,826.2165282605158,1.99134226802579,1.393716110992977,1.1844010685197757,123,/tmp/ShineRunner-73dff8bc-fe9e-435e-8460-90a5710f25d9,0
544,True,63.895012,19.214354,0.214207,0.222032,0.0018103957176208,40.77282385826111,734.2083206233855,1.7415352953599506,1.0225865584947131,1.1370439382283966,225,/tmp/ShineRunner-23fe0dd6-6cc5-4185-a323-bb5126997dc8,0
545,True,48.517688,14.537005,0.087091,0.095023,0.0046394189198811,40.78596476713816,598.3710903753157,2.2597063246852174,1.1970534912965594,0.8917760851183539,221,/tmp/ShineRunner-c87de927-09b1-4d7c-aea4-a8d65456da75,0
546,True,53.506423,17.92834,0.017875,0.015942,0.0058989206949869,40.78869902292888,670.9634692728303,3.7576122496228974,1.403715802988141,1.4991203590467357,166,/tmp/ShineRunner-9984dc5d-6de5-4422-b6be-57503acf643b,0
547,True,61.238822,21.775957,0.176277,0.154977,0.0053383390108744,40.79768431186676,879.0438700426869,2.159914259771421,1.4853490121974515,1.4251847849255384,5,/tmp/ShineRunner-bd54a5a3-f390-43cf-9c28-c429765eabf3,0
549,True,56.176646,20.043815,0.263406,0.244485,0.0091289361317952,40.79769680102666,835.8064044279294,1.6456967987866284,1.4263905648159565,1.04362199638666,163,/tmp/ShineRunner-c01b6400-cf95-4853-9d0e-fbeb01b20f0c,0
550,True,52.775549,16.29524,0.121883,0.129375,0.0090417146682739,40.79790402253469,957.6493801427772,2.786433022973538,1.0671834566565308,1.0557649242393934,169,/tmp/ShineRunner-de86bd5f-8aea-43ca-95f8-c95385f21450,0
551,True,50.449658,14.153093,0.071495,0.080544,0.0097436904907226,40.7987583120664,518.4853636005871,2.2398903017496306,1.0243492361569255,0.8764976037801906,158,/tmp/ShineRunner-5cc44537-b067-48f3-801a-07f67beb51b9,0
552,True,55.877427,16.960531,0.015942,0.014778,0.0020047346750895,40.80323397715886,581.4357502772774,3.61207312293218,1.1697388771044517,1.4684288742990654,222,/tmp/ShineRunner-f56ffb12-cd48-4d70-92ea-afea28aa3e25,0
553,True,45.918295,14.658189,0.169711,0.152399,0.02979203859965,40.83635842402776,790.5305698501975,2.1262271399532837,1.2954577457407084,0.8159627097207883,633,/tmp/ShineRunner-9ebcb41a-bab2-4843-b369-c89d293f2ccd,0
555,True,61.238822,21.775957,0.182739,0.157682,0.0255708853403727,41.720431749025984,879.0438700426869,2.159914259771421,1.4853490121974515,1.4251847849255384,605,/tmp/ShineRunner-0f1fa2c3-5e13-4121-b261-c7dd40d91efb,0
556,True,60.047978,17.909163,0.062441,0.051593,0.0254965583483378,41.720389207204185,564.056816337773,2.581698126740496,1.1853990121162905,1.4487354921940212,602,/tmp/ShineRunner-ab706ffe-300a-4d09-9601-f483adcd105d,0
557,True,64.124657,20.994285,0.149949,0.127704,0.0135174711545308,25.463117309411366,626.2181452747936,1.897005378127988,1.3824017763036172,1.4136975580852336,527,/tmp/ShineRunner-c9694584-2a9f-4ff1-ab27-9793b4437117,0
558,True,35.094225,12.435436,0.043977,0.036237,0.0175594011942545,42.259679114818574,981.6056117746898,4.04082275124798,1.4334007191309632,0.8798728498285461,451,/tmp/ShineRunner-8a29d15d-695a-47f9-86d3-1d736581bd7d,0
560,True,52.978038,15.582393,0.02076,0.023628,0.0140273769696553,22.046398039658865,525.2598481860026,3.216097479119804,1.1473775966013815,1.2645347326622465,505,/tmp/ShineRunner-63864d76-aac7-40fd-aa5f-a5b7e57a09dc,0
561,True,68.002035,20.737887,0.224806,0.22082,0.0133687814076741,24.334156246980037,726.9484410381499,1.690494076985976,1.1183311814987906,1.3222099961704123,663,/tmp/ShineRunner-66ba3214-7b28-4f22-81b0-bb06309af21f,0
563,True,52.664015,17.143402,0.100234,0.096821,0.0043281396230061,43.2685084660848,888.6793566638462,2.877710693666008,1.245303957755936,1.1708219663277486,239,/tmp/ShineRunner-2d335126-5b5e-4d54-a30f-25562bab2284,0
567,True,39.986305,12.954589,0.073559,0.068207,0.0084591507911682,22.69763235251109,979.6661738178042,3.4710844833117185,1.2477532783143093,0.8774844518207313,526,/tmp/ShineRunner-b279e72e-4647-4d06-a85a-4103d9f856f7,0
568,True,55.041881,16.509267,0.125262,0.127552,0.0125824411710103,21.661374354362486,785.6163258713864,2.431554673094046,1.024627059963797,1.0615298969217002,671,/tmp/ShineRunner-8ff3a4bb-3a9e-4307-a8df-fdd308712465,0
569,True,55.414279,17.711937,0.124956,0.11692,0.0266371965408325,21.37397873401642,958.174009769089,2.716005884520346,1.1641806025023445,1.1748043528810022,680,/tmp/ShineRunner-10e60065-4d62-439e-b6a2-2f8235e50343,0
570,True,42.020162,12.525159,0.034749,0.03082,0.0019188960393269,28.23648122549057,869.715734238255,4.123835005269181,1.0244818549116397,0.9641746053089092,460,/tmp/ShineRunner-39069ba3-ee42-43e1-9c12-1929b3291fbc,0
571,True,47.210419,14.188137,0.021909,0.018453,0.0124968489011128,28.30336011648178,810.9488866876229,4.375751340349222,1.0022500624698296,1.1602405394814448,461,/tmp/ShineRunner-11094645-c228-4add-89aa-810a6d8c2180,0
572,True,47.391151,16.648275,0.058558,0.056069,0.0042531887690226,21.48696130911509,924.2802443868122,3.471384298464449,1.4021959139735387,1.1729055932460182,681,/tmp/ShineRunner-ef998e0e-93e2-4912-bba7-511b48ee890f,0
573,True,55.227287,16.01483,0.013223,0.011662,0.0043510317802429,20.37444701989492,547.5478741149673,3.7931487643942794,1.0422466094117602,1.4551578758904382,684,/tmp/ShineRunner-6cec18dc-7529-4fb6-9eb5-da3299ecfaef,0
574,True,45.390801,15.381602,0.103461,0.104264,0.0050067067146301,21.53262428045273,940.190150063846,2.9592818176900515,1.3108960149303783,0.9912310340506134,504,/tmp/ShineRunner-666d9123-f6f0-4fa5-ba7c-47f35178a884,0
575,True,51.255663,17.641971,0.211729,0.190021,0.0057393272717793,21.488049976030982,816.4588146338103,1.867884702402832,1.3674465811551455,0.9416832151880028,682,/tmp/ShineRunner-1e2a1510-c210-4ef3-9019-8402e5c668d3,0
577,True,45.006953,14.429861,0.019992,0.014972,0.0026885271072387,22.95635759830475,526.6909663135878,3.2010327908882736,1.3403572633997531,1.0755413197824195,668,/tmp/ShineRunner-a13e5313-d859-4225-8a57-abbc64922e36,0
580,True,47.335974,16.62966,0.042329,0.03082,0.0021055579185485,20.184931528568267,989.7853402932964,4.128913873203812,1.3897387703856643,1.2497382931968837,674,/tmp/ShineRunner-ba374dc6-f390-4b75-bab7-b9d189d80e4c,0
581,True,49.369325,15.014697,0.024961,0.023819,0.0058683395385742,21.34341106414795,847.3990644092491,4.387163900633934,1.066051418650772,1.2300658183793438,683,/tmp/ShineRunner-45205e96-d37d-4b5b-8210-28b4d1b150ba,0
582,True,53.519062,16.356457,0.114103,0.101043,0.0049329121907552,21.598094749450684,616.2849702644369,2.217051964506563,1.1831962249131238,1.029246895088782,678,/tmp/ShineRunner-a91100ed-971b-4ed5-8df5-3f46d69d4624,0
583,True,67.548992,21.609384,0.29972,0.296963,0.003335944811503,21.59803172747294,633.2316587504231,1.2149810081974102,1.238938637011873,1.0918225580164196,677,/tmp/ShineRunner-ef4156e6-4d1c-4599-ad70-c4fa794a9ac8,0
585,True,57.360536,18.444714,0.126332,0.117232,0.0047611435254414,21.598462756474813,928.7860720612788,2.63631720861147,1.1925447480501767,1.247694289865977,676,/tmp/ShineRunner-84a7b9d0-757f-45a0-a473-637ac7906ad7,0
586,True,36.498523,10.539328,0.006557,0.005569,0.0027111093203226,21.59856572548548,573.0866220963492,4.228522438007902,1.1551673369620372,0.9007103530797999,665,/tmp/ShineRunner-083f6ebc-261f-4f0a-a30c-762851cd0ce1,0
589,True,50.949508,17.834745,0.08809,0.064196,0.0348168055216471,43.54328331152598,743.3291654190801,2.7591107751598924,1.4689132274874914,1.2002096366632529,635,/tmp/ShineRunner-5b6f4116-4665-4620-824d-0f90a6959bce,0
590,True,45.409293,15.738648,0.147921,0.12618,0.033384096622467,43.5433935324351,832.1567701636937,2.38810219033631,1.4070101923330174,0.9168810439353928,620,/tmp/ShineRunner-abcf9d36-9df8-4c32-99dd-d30d7adcd32d,0
591,True,65.364416,23.489325,0.298147,0.284795,0.0347425580024719,43.541370642185214,565.5288757786566,1.1445167360615165,1.4637812755032538,1.0783047356774584,654,/tmp/ShineRunner-d914e2f7-8b7c-47f8-ba80-4baf7f6cd02b,0
592,True,47.644479,15.615259,0.007149,0.006557,0.0346794446309407,43.54319432179133,599.8878258300288,4.138147915201956,1.3577035648079008,1.3172888027408791,653,/tmp/ShineRunner-8b67196c-19e9-46fc-b77c-af30032c0ac0,0
593,True,39.605533,13.114937,0.025531,0.025721,0.0335416595141092,43.54250732262929,945.3962454392624,4.531165214670598,1.2594291801932245,1.021150336281555,645,/tmp/ShineRunner-a2756f67-8033-42ab-ab0c-d4b0bcfe9c46,0
595,True,55.794712,19.565358,0.127704,0.116296,0.0060939828554789,43.9274956146876,886.9780242779816,2.5310651349090305,1.4292989599556911,1.2881576203415548,600,/tmp/ShineRunner-96b48ca9-749a-438a-8c40-39212dd557b5,0
596,True,59.998057,18.376717,0.127856,0.118787,0.0033766190210978,43.95437627633412,723.0781377870153,2.276493394824523,1.1507560445739382,1.241197815183222,623,/tmp/ShineRunner-5e344ae9-6a91-434f-b404-d64dded701d7,0
597,True,34.228451,10.958993,0.013807,0.01439,0.0150984446207682,44.14308152198792,888.7024191205887,4.876036274668256,1.250370593101171,0.9007282517858756,650,/tmp/ShineRunner-c390f6a8-ff7b-43b7-a209-8e68dc808d1a,0
598,True,41.504875,12.487383,0.017489,0.018838,0.0143628517786661,44.142235763867696,799.6913957604218,4.448072979684844,1.0982173328572866,1.0172265710300663,649,/tmp/ShineRunner-db268c81-ce77-4b59-92e8-7535edaeee02,0
599,True,32.732515,8.980249,0.005569,0.004777,0.0139422893524169,44.142470157146455,627.9825452838014,4.718591708215438,1.0823039087910091,0.8314374335746303,643,/tmp/ShineRunner-fb3800e5-b9da-4407-8674-915de4dd792a,0
600,True,66.565115,19.008804,0.171637,0.151967,0.0147308746973673,44.14191146294276,506.9681438541008,1.610486531994963,1.0659111088932605,1.2743610715290004,651,/tmp/ShineRunner-43a2fcb0-8d57-4599-85a8-8da8668d3df4,0
601,True,58.379537,17.40865,0.041411,0.037351,0.0140263795852661,44.14386298656464,652.9783120753262,3.1485661033443426,1.088386391469616,1.399629998864663,628,/tmp/ShineRunner-e2706025-2d1e-4601-969f-d8a87b0d3943,0
602,True,39.85274,12.293814,0.05321,0.053747,0.0148920615514119,44.14227248430253,886.006216055494,3.5113095579381493,1.186828864436855,0.8661266676430608,646,/tmp/ShineRunner-ba757b26-fcff-4bae-a652-52f48073b7c3,0
603,True,55.550339,16.048191,0.031946,0.037351,0.0152746001879374,44.14328469435374,570.1245444993053,3.037759031571817,1.054287870567722,1.270568065127868,638,/tmp/ShineRunner-be3d487e-8171-4014-82ed-b4f71825b9fd,0
604,True,57.933875,18.521372,0.057848,0.051953,0.0152149120966593,44.1439182917277,954.2903453538036,3.678711388767298,1.1329349807297595,1.4784234641434066,625,/tmp/ShineRunner-3cf6283d-baa7-4df0-9201-595b6a846915,0
605,True,51.727217,16.667563,0.036794,0.037351,0.0148860692977905,44.143238842487335,560.9162523142655,2.8278516991307856,1.3471312178214432,1.2067816264546316,652,/tmp/ShineRunner-cf7b9594-65b6-42a6-8ce8-0a1eea8f163f,0
606,True,35.455079,10.715053,0.003388,0.002991,0.0142847180366516,44.14395329157512,548.1954810767496,4.571450544792904,1.2278881449168055,0.9416543553566612,627,/tmp/ShineRunner-b1c87324-881c-4d7a-a20e-0edfc275e0bd,0
607,True,57.416524,16.663124,0.051233,0.044525,0.0141565998395284,44.14399491548538,580.635889516801,2.8045970104548,1.0761560513565842,1.2874242625544152,622,/tmp/ShineRunner-f74c1fef-cd7c-42f7-b852-ee082bb4c7b2,0
610,True,36.923971,13.457683,0.037536,0.025721,0.0062991062800089,21.26710828145345,891.3120523147734,4.098505291525578,1.4730135314086652,0.9773683476874312,686,/tmp/ShineRunner-4c29e351-f2e2-499f-b441-a8d3c6510810,0
611,True,50.74895,16.154497,0.060856,0.062441,0.0065349658330281,21.26819408337275,782.4753057362209,3.118694261748939,1.2329925764906138,1.165842242859186,688,/tmp/ShineRunner-645415c0-c579-45fc-b843-3ba55bcba401,0
612,True,40.376072,13.831204,0.01088,0.007346,0.0029415845870971,18.728979575634003,776.49653262645,4.719015942089234,1.390150746954696,1.1355586948871783,395,/tmp/ShineRunner-5e1eed0c-b77d-4cf2-9b36-ca28c745e8c9,0
613,True,44.890989,12.994601,0.037536,0.036423,0.0231644352277119,45.08013122479121,520.8070869309463,2.773559604675884,1.1649306061663929,0.9011669322062328,631,/tmp/ShineRunner-b381c39f-f0d9-4ad1-af01-64fb9915529b,0
614,True,50.276669,16.150598,0.042329,0.040307,0.0235455632209777,45.08015542825063,879.259764917605,3.765637006184122,1.216046519887552,1.2391161884917103,629,/tmp/ShineRunner-08850e37-a340-4008-8261-d76029609cae,0
615,True,53.338127,15.371981,0.05482,0.055535,0.0232082247734069,45.08015505075455,515.4089172839697,2.5215565126223947,1.1072923364097649,1.0859700506072454,617,/tmp/ShineRunner-735b5ca7-0e40-423c-80fa-f5cb7cff3d6a,0
616,True,49.221108,14.683458,0.054642,0.051413,0.0232874393463134,45.08019597927729,792.0489844563679,3.4593250468412085,1.0422221605699449,1.0910651815194268,630,/tmp/ShineRunner-b8f93102-e691-4939-879e-06ba53021374,0
617,True,59.811627,19.343334,0.090744,0.078511,0.0100998759269714,25.45566402673721,687.0920217035914,2.473881180043444,1.325965512789987,1.4072434422266276,662,/tmp/ShineRunner-d2fe20c4-6413-44dd-97cf-33637360e7e4,0
618,True,59.790843,19.392771,0.157114,0.146903,0.0081689715385437,19.416736197471614,968.063731687872,2.5267777636745143,1.191659911388705,1.3107799960741646,394,/tmp/ShineRunner-8338d755-924a-4013-9696-0e32ee4104d6,0
619,True,59.195949,19.138191,0.16051,0.140303,0.020971922079722,19.849460689226785,697.3149440750411,2.00418294983853,1.3043705644491237,1.2066925616236357,219,/tmp/ShineRunner-37ba3dc4-60d5-42b1-9735-d85db35cbc82,0
620,True,36.923971,13.457683,0.036052,0.031008,0.0266511003176371,19.09716940323512,891.3120523147734,4.098505291525578,1.4730135314086652,0.9773683476874312,86,/tmp/ShineRunner-507dcb61-6978-4f1b-83d2-990a5ae49e69,0
621,True,48.841905,16.300404,0.004579,0.003786,0.0266854604085286,22.943418927987416,688.1797367404131,4.941178797667017,1.3588801180018215,1.4658362620026888,696,/tmp/ShineRunner-6589c4c2-d5c6-46c8-8ee7-228c60b0a186,0
624,True,37.670103,10.470743,0.008723,0.00833,0.0382149457931518,46.58868550062179,561.378966205743,4.256895757349588,1.076642158312247,0.9254878157104174,648,/tmp/ShineRunner-24431033-8f33-47b9-8dfe-a439e0ad26a7,0
625,True,44.454323,15.402401,0.006754,0.006754,0.0386375466982523,46.58822103341421,717.548530001519,4.966452481845683,1.4458386331274569,1.3240256136198645,644,/tmp/ShineRunner-7b749589-110c-45b6-b87c-ca6f9cb3cf1b,0
626,True,43.646402,13.241912,0.008133,0.007149,0.0181218345959981,46.58971472978592,658.5694464113576,4.792757338306878,1.1454589190700593,1.1605399904622002,642,/tmp/ShineRunner-2d8379b6-6c77-4d65-9285-355c8909a580,0
627,True,52.629659,16.674803,0.024771,0.022674,0.0346472779909769,46.58973479270935,646.7968788833418,3.5124326647983386,1.2785160761706391,1.3487287463744897,619,/tmp/ShineRunner-10662d00-fad3-4675-95f9-3eaf50416a2b,0
628,True,30.3433,8.056574,0.004182,0.004975,0.0206528345743815,46.75810929934184,553.8704729779483,4.630452118605475,1.1151069954474404,0.8261887893233258,640,/tmp/ShineRunner-6ac5e2fe-a68e-4014-8678-8e72b6b6ed4a,0
629,True,51.205387,16.831316,0.027616,0.025151,0.0207324028015136,46.756839179992674,640.6168919195042,3.501459592644368,1.3634973071434413,1.33805324434236,639,/tmp/ShineRunner-02b796c1-6664-4484-8a42-b65d0b0f33ca,0
630,True,46.173039,13.57919,0.00774,0.010097,0.0207605600357055,46.75818757216136,643.2231134410275,4.669157088972919,1.0124297456931282,1.1886386296287772,656,/tmp/ShineRunner-e0ea0c46-30f0-4803-a92f-73dee781153e,0
631,True,55.79695,18.883492,0.05482,0.0478,0.017187488079071,23.339175816377004,658.9955484760247,2.8199154428978126,1.4375024711173043,1.395792138775544,669,/tmp/ShineRunner-093169a0-e585-4a3a-ac13-1d77ef9b1674,0
633,True,49.252324,14.714735,0.041595,0.041227,0.016826323668162,23.75322545369466,794.1289999846103,3.618824006463975,1.0061513429443014,1.1180225732892226,698,/tmp/ShineRunner-b74437f7-7a4b-4934-82a8-086849f73cb5,0
634,True,61.891941,21.333081,0.188575,0.180865,0.0082283775011698,21.480005367596945,989.61231685364,2.259436593564996,1.3596562668454115,1.4212997619416303,218,/tmp/ShineRunner-b1eecf3f-cb64-4b7a-86a3-b915d23eb9b4,0
635,True,60.715399,17.38001,0.083074,0.079698,0.0275351842244466,24.460980820655823,555.8001841246133,2.291819263155684,1.030264225413268,1.2887328079269391,483,/tmp/ShineRunner-3e1d405f-268f-4ac3-9d5d-c2b035983d74,0
636,True,53.993798,15.764146,0.165275,0.164857,0.0357716679573059,24.46551595926285,682.096008886027,1.9835359128987569,1.0788058243124998,0.9034483607795342,693,/tmp/ShineRunner-1a8b2b21-0d01-4c12-9481-61d08ee56c93,0
637,True,59.790843,19.392771,0.164299,0.148501,0.0606390039126078,24.49065006573995,968.063731687872,2.5267777636745143,1.191659911388705,1.3107799960741646,694,/tmp/ShineRunner-90ef1006-3865-4959-b9b7-08c09aa3864c,0
638,True,42.590215,12.542367,0.068728,0.068381,0.0703097780545552,24.491649572054545,727.5589212058812,2.870786325531294,1.156284974514292,0.8356723378024202,482,/tmp/ShineRunner-0a1caf57-4c08-4310-ae9d-9f4fa4985b47,0
639,True,53.760782,17.537643,0.014196,0.013612,0.0101402997970581,21.37635010878245,577.1447460337739,3.605415394266801,1.3723810779539083,1.477256812703947,307,/tmp/ShineRunner-7071e21d-366c-4276-9005-818c3eedead5,0
640,True,51.545891,15.643363,0.041778,0.043245,0.0209766070048014,19.95243340333303,574.219494960029,2.836752049166545,1.202017195370383,1.1319181106378329,417,/tmp/ShineRunner-6e390399-6470-4d9b-a64c-a4fcddf5e92d,0
641,True,35.495401,11.892419,0.009312,0.007937,0.0506222963333129,22.0147127866745,666.8188791641192,4.552812808390757,1.3812660735353262,0.989374458637123,692,/tmp/ShineRunner-01144318-4dd6-44dd-8347-03b6ed2e2aaa,0
642,True,51.968233,19.119011,0.247215,0.223602,0.064198899269104,48.55862583319346,873.394805674513,1.7548262700606043,1.4684065752668896,0.9686794025039792,647,/tmp/ShineRunner-7fc64e68-0181-45c9-9341-a48956186609,0
643,True,57.365491,16.544548,0.024771,0.027994,0.0673754413922627,48.55969206492106,551.7014838612758,3.185636117581933,1.0852964842684432,1.447584082863758,632,/tmp/ShineRunner-d089a722-dece-4031-8bfe-8bf8dd5d27bd,0
644,True,45.657808,14.910607,0.071322,0.069767,0.0673978288968404,48.55969978173574,817.3591600002953,3.035749362895182,1.2796035803727068,1.0127650686438283,616,/tmp/ShineRunner-0365fe3c-5d9f-4e15-8450-002b42ae3257,0
646,True,41.860494,14.549924,0.130284,0.11567,0.0327569087346394,48.599408050378166,979.2796066207228,2.722135122548761,1.3913676136251432,0.8579109999457071,634,/tmp/ShineRunner-1b38884c-8837-4bdb-9b2e-c3ed0e8917c7,0
648,True,58.999758,19.06106,0.057848,0.051233,0.0303724646568298,48.5988419175148,650.4743458904699,2.7497697995467467,1.331432106381791,1.468936279932879,655,/tmp/ShineRunner-a017c15b-ca38-453e-974e-cd8f6db2d111,0
649,True,59.763756,20.395117,0.131794,0.122653,0.0312171022097269,48.597943631807965,777.4262346957416,2.232058048994731,1.4148948715662066,1.3657760304450113,641,/tmp/ShineRunner-cd447cc8-07c8-479e-8dc3-7f10ec4562d2,0
651,True,49.823654,15.327323,0.045619,0.037536,0.0274452408154805,22.30925810734431,715.709097589945,3.3544549161406514,1.1803286672251272,1.1589174712247308,724,/tmp/ShineRunner-4d1dc258-d09f-4d61-a73f-3859f55b05e1,0
652,True,47.703273,15.534283,0.033816,0.031571,0.0279296278953552,22.32583305835724,881.9616950032939,4.116676752653094,1.2460766077877146,1.2197154090658286,689,/tmp/ShineRunner-42180c3b-b51a-48a0-82ad-3915539345be,0
654,True,46.935265,15.949468,0.006754,0.004381,0.0166040579477945,23.49858628908793,528.6159700766302,4.124240956023376,1.4638977150861403,1.3404758793730664,707,/tmp/ShineRunner-ca7be628-7f7a-4529-95b7-cd89cbd58bd6,0
655,True,53.655297,16.622501,0.021909,0.022865,0.0140131910641988,23.49867486556371,802.9625888238638,4.126519967781428,1.1192764103136943,1.3945861900461511,706,/tmp/ShineRunner-eae0295e-a67a-4f7e-aafb-f4bb117016a0,0
656,True,56.81027,18.649737,0.13119,0.110637,0.0142553567886352,23.508753939469656,866.2067514968938,2.536390277920422,1.2765519012056377,1.2578716866376498,152,/tmp/ShineRunner-9bc6837a-c098-4a67-a6a7-fa9ce1eabe00,0
657,True,49.297213,15.816207,0.019608,0.018838,0.0152746001879374,23.66993488470713,984.9075583527848,4.932143558299148,1.1441141227439526,1.313627448206541,153,/tmp/ShineRunner-53057009-2a11-4597-9506-5195438816da,0
658,True,51.23596,16.365048,0.064371,0.059089,0.0773520469665527,22.35198212067286,646.0296651572642,2.7568691865669805,1.293222586507398,1.1453029830954666,439,/tmp/ShineRunner-f9e34e7b-586e-446e-871f-d97aa332e936,0
659,True,46.749252,16.082237,0.003388,0.003388,0.0440734505653381,25.684591829776764,622.1025003829441,4.615756075124359,1.461937249749253,1.3903260200333851,570,/tmp/ShineRunner-a21cb328-0804-43cb-9f92-543ae87a7343,0
660,True,58.379537,17.40865,0.043977,0.042879,0.0092133283615112,24.03540978034337,652.9783120753262,3.1485661033443426,1.088386391469616,1.399629998864663,328,/tmp/ShineRunner-3fce5d75-3d2a-45c8-beb5-bc4086a19609,0
661,True,34.228451,10.958993,0.017682,0.014196,0.063641341527303,21.589669859409334,888.7024191205887,4.876036274668256,1.250370593101171,0.9007282517858756,350,/tmp/ShineRunner-1e8cd6cf-3e45-4c3e-a24b-67e92f751276,0
662,True,36.161411,10.283759,0.004777,0.003587,0.0761210163434346,20.555200656255085,574.6870781840754,4.830818369980543,1.0892208809109154,0.9396793950296431,812,/tmp/ShineRunner-dfd91205-85d2-4054-b9f4-bbbb5f3fcb60,0
663,True,41.48578,14.835853,0.019416,0.014584,0.0688911318778991,20.80341736872991,868.3528442411101,4.500172701584314,1.4605285986475958,1.1525430476281695,725,/tmp/ShineRunner-bc0dbddd-46e7-4eb5-b9e4-7716be1a04be,0
664,True,56.323915,19.168056,0.128008,0.120802,0.1204129219055175,24.16971528530121,828.931642520264,2.44187652347767,1.3871607080709216,1.2698619893160148,691,/tmp/ShineRunner-1b84173a-837d-4641-b47f-774ea44aaae5,0
665,True,53.078796,16.103721,0.014001,0.014972,0.0605924010276794,18.645075364907584,745.628723195683,4.529336485959734,1.071954348039279,1.4153481457612722,887,/tmp/ShineRunner-014213ae-f321-41c4-8321-cd1b01675011,0
666,True,50.667997,17.754658,0.048706,0.043611,0.0740835905075073,26.301444145043693,989.1022153822806,3.87796271343063,1.382333614281,1.3338130643738486,571,/tmp/ShineRunner-2bb1f7db-715e-49b4-b143-6c31404aae21,0
667,True,37.898609,10.582848,0.002792,0.00319,0.1342888394991556,23.564570252100623,545.2203634920663,4.546946955145152,1.0144997516022347,0.968579640628803,703,/tmp/ShineRunner-63ceb0a3-657b-4e75-aa16-3434529fd401,0
668,True,58.648824,19.332862,0.24116,0.233716,0.0726656317710876,24.285559606552123,704.3915547143486,1.5575655174666327,1.294153124204504,1.0219286379220665,720,/tmp/ShineRunner-a5f1a84d-1cfd-4a05-becf-1f1a5a550017,0
669,True,40.463759,11.947291,0.027427,0.025531,0.0146603226661682,24.708591282367703,849.0603919893185,4.287112962083686,1.0200756497735333,0.9412474775033388,108,/tmp/ShineRunner-0ed0d5f7-8503-428a-98a4-3fe26d9ac56d,0
670,True,44.80073,13.992311,0.007346,0.005371,0.0527974327405293,21.19802670478821,627.1317418770786,4.642692195971796,1.2272287151493289,1.222397118033325,795,/tmp/ShineRunner-6e59f62a-1f10-413b-a9b7-ae963d60cfab,0
671,True,63.25501,19.026168,0.219725,0.212474,0.0526421546936035,24.418292240301767,521.737531006396,1.398593002224706,1.118372435552198,0.9745713030825482,670,/tmp/ShineRunner-89ab3a8c-d505-4ad7-9ee4-a4195ac89303,0
673,True,46.948766,14.394174,0.004381,0.004381,0.0529448946317036,21.084570288658146,547.035981544698,4.514488255371748,1.1975036200202782,1.277807118746454,811,/tmp/ShineRunner-f726737a-3670-47f9-8688-6583fd89356d,0
674,True,43.212843,14.939922,0.020376,0.017489,0.0134438037872314,22.72075940767924,741.286254293647,3.981961393621269,1.4260077584405846,1.1533540380324487,743,/tmp/ShineRunner-e3fe986e-db63-4c78-a64b-1a56fc75c6db,0
675,True,57.465599,19.79829,0.197432,0.184073,0.034100592136383,22.18145882288615,826.2165282605158,1.99134226802579,1.393716110992977,1.1844010685197757,723,/tmp/ShineRunner-aaec73f9-367b-4885-80d4-8456ed115722,0
676,True,62.462503,20.986949,0.155548,0.144422,0.0257750431696573,23.78139840364456,542.057667278441,1.6721367978451398,1.4217941923812707,1.2463120903349214,740,/tmp/ShineRunner-c13bdbca-43a9-4996-9344-c8c190d677aa,0
677,True,59.195949,19.138191,0.16051,0.144275,0.0609944502512613,20.21514170964559,697.3149440750411,2.00418294983853,1.3043705644491237,1.2066925616236357,819,/tmp/ShineRunner-57f20b38-99da-4622-a81a-a0848455fe2d,0
678,True,48.387571,15.073252,0.041962,0.030068,0.0192748745282491,23.810095059871674,914.7143074413682,4.105995188630712,1.1163203709832168,1.1715387134193374,660,/tmp/ShineRunner-f420c131-10d5-42c3-b39e-a1bcd7568b2e,0
679,True,60.458333,20.394174,0.274416,0.259917,0.0309981664021809,21.678256054719288,563.0131708733132,1.2323621104043505,1.3465477134648507,0.9210607555094548,801,/tmp/ShineRunner-410bc826-94dd-478f-a3e8-14375dc896d2,0
680,True,45.896189,14.946824,0.040675,0.036052,0.0289292176564534,22.549852240085603,713.951606840675,3.2883452069611647,1.3173145587091315,1.0882676276098993,719,/tmp/ShineRunner-7376a6fd-3679-49d7-bbef-0acccb28986d,0
681,True,50.276669,16.150598,0.042879,0.034935,0.008583923180898,27.66025182008743,879.259764917605,3.765637006184122,1.216046519887552,1.2391161884917103,329,/tmp/ShineRunner-cd13f501-0b01-4ffb-8aa2-4f32dec6a0b3,0
682,True,42.884055,13.955219,0.003786,0.002195,0.0078498721122741,25.516666742165885,553.2097659356914,4.99606081408665,1.3328423680532684,1.255087510891158,702,/tmp/ShineRunner-9b5a171e-e8e8-40c4-bd2d-fa67692aef72,0
683,True,47.05478,15.626201,0.025721,0.021335,0.0568471471468607,24.249252875645958,698.0832500296244,3.581531359839094,1.3628848173577168,1.1968564567235709,808,/tmp/ShineRunner-9111afa2-174d-4f6c-8d72-b4bc79da31c1,0
684,True,56.579081,17.371162,0.02988,0.023628,0.0377569198608398,24.250421130657195,689.7320398634645,3.61727072000616,1.1484382372856428,1.4642005487007383,679,/tmp/ShineRunner-34473ac2-efa1-4d7c-804b-6fa7d9db00e9,0
687,True,52.584277,17.953659,0.28418,0.262428,0.0274086594581604,27.92516162792841,930.315200698065,1.6853936597950483,1.3339245794239931,0.8905539624207921,262,/tmp/ShineRunner-4d179db5-7d28-445d-96ad-b05a1b975c19,0
688,True,51.545891,15.643363,0.043977,0.042879,0.040893542766571,22.83800626595815,574.219494960029,2.836752049166545,1.202017195370383,1.1319181106378329,717,/tmp/ShineRunner-02db3450-5106-46bd-97df-9c553413216f,0
689,True,32.938595,9.22938,0.009116,0.006951,0.0731507937113444,24.423021137714382,753.6463507910216,4.963807694086327,1.0020038023666695,0.8116058613282899,802,/tmp/ShineRunner-5e7ce7a3-d173-4c02-9e21-7a06278248f1,0
690,True,58.999461,17.424687,0.100881,0.09535,0.0113344073295593,25.400314497947694,648.1810285055824,2.3949445849776416,1.0684106390148131,1.2024103507361237,767,/tmp/ShineRunner-5bf1764d-4f87-4703-934f-2ea44a9e1d3e,0
691,True,45.267225,14.37774,0.020376,0.019608,0.0263729731241861,22.7176918665568,866.7474522814149,4.464809228767527,1.1895263475186526,1.1619136407946005,814,/tmp/ShineRunner-e6f68b76-1bde-4206-8499-40171891306c,0
692,True,54.644889,16.22479,0.020184,0.021335,0.0138832132021586,26.189920536677043,656.9466849009946,3.867847293590377,1.0073414217800354,1.3790213971644805,729,/tmp/ShineRunner-3e9949ba-ab9a-4103-9fca-d1640085fb02,0
693,True,54.913376,19.27314,0.146612,0.12816,0.0107190291086832,26.42126381794612,990.0135897770964,2.6176668268173557,1.392040474170704,1.2454858394754438,714,/tmp/ShineRunner-e7e2c4a0-d339-4728-82e5-9b3ec9c3e224,0
694,True,48.866612,15.860695,0.015942,0.010293,0.0026527325312296,23.75071082115173,671.2018384053143,4.095610934181892,1.311354372494104,1.3255870093214015,847,/tmp/ShineRunner-919aa4d6-6fbc-401a-8f75-112025ba4f4c,0
695,True,56.278299,16.988677,0.289672,0.268257,0.0332747936248779,24.0539625843366,777.2082760199668,1.5139559147467727,1.1265923030633007,0.8210382051328252,842,/tmp/ShineRunner-277e3175-229a-42c5-83c4-9dee02449eee,0
696,True,35.384767,9.96859,0.008527,0.012833,0.0401982347170511,24.3437446475029,637.4125253775335,4.500853273556225,1.0937968409697456,0.8593681138650342,765,/tmp/ShineRunner-2c16ace8-dfe0-4344-82f2-8e39b20cd845,0
697,True,44.044101,14.874904,0.075956,0.068901,0.1276893655459086,27.82845807870229,871.1589747089884,3.1992770943205717,1.3267196045047476,1.009568304060378,174,/tmp/ShineRunner-8372613d-fbb9-4a9b-8e4b-c15ca6ce9a8d,0
700,True,50.294647,14.953256,0.189233,0.18818,0.0460130453109741,27.358209482828777,874.9917689676342,2.124568589777415,1.0619348874321104,0.8286628722000039,754,/tmp/ShineRunner-bd7cf9f6-d25c-4dfb-889c-4be65b52fd37,0
701,True,35.817141,12.480961,0.009705,0.006951,0.046650222937266,24.672678391138717,721.9714431979882,4.718124997517194,1.4269921880736145,1.025550971676057,868,/tmp/ShineRunner-ff552148-b39b-43fb-bac8-68f236204091,0
702,True,50.17316,15.501112,0.07902,0.073903,0.048000951608022,26.591675476233164,899.6067611207454,3.243229242995627,1.1081778476127009,1.0898182656524655,797,/tmp/ShineRunner-e271cca4-38a4-496e-a959-39cec5e24d68,0
703,True,49.161305,16.625756,0.01439,0.012443,0.0766675114631652,27.77915810743968,676.6688475342339,4.06484104837861,1.416060037640993,1.3748615506184918,285,/tmp/ShineRunner-38b032b0-ffe8-4686-a57d-d21a3b32e2bd,0
704,True,50.449658,14.153093,0.082569,0.077321,0.0412240028381347,27.576170972983043,518.4853636005871,2.2398903017496306,1.0243492361569255,0.8764976037801906,758,/tmp/ShineRunner-a83702c8-e601-4afa-a628-d1e3e756179e,0
705,True,56.176646,20.043815,0.265893,0.246534,0.0166419784228007,27.45102964639664,835.8064044279294,1.6456967987866284,1.4263905648159565,1.04362199638666,763,/tmp/ShineRunner-b84f5696-6c21-4808-b765-33cf9e8ebbe9,0
706,True,54.500371,16.222984,0.012638,0.009116,0.0727631529172261,28.61315571864446,571.5109375833175,4.017778939045762,1.099102113606449,1.4374467589916198,704,/tmp/ShineRunner-f1e30c54-bfaa-4421-844b-15af26721e97,0
707,True,42.590215,12.542367,0.073559,0.070977,0.0717455426851908,26.26682186126709,727.5589212058812,2.870786325531294,1.156284974514292,0.8356723378024202,782,/tmp/ShineRunner-18221fb3-1bf2-4213-a800-31afc291462f,0
708,True,50.17316,15.501112,0.07885,0.074417,0.0567482431729634,27.761745591958363,899.6067611207454,3.243229242995627,1.1081778476127009,1.0898182656524655,197,/tmp/ShineRunner-a3c6849c-bca1-4152-86ed-a897264bfd8f,0
709,True,61.511241,19.048003,0.18686,0.192897,0.0895188570022583,27.52510710159937,928.274011787279,2.237950922042812,1.0768064495303171,1.2205882855615566,130,/tmp/ShineRunner-c4c20a54-44ec-448b-9458-233897d94f95,0
710,True,52.775549,16.29524,0.127704,0.127247,0.0976701776186625,27.49281282822291,957.6493801427772,2.786433022973538,1.0671834566565308,1.0557649242393934,769,/tmp/ShineRunner-6ecfc152-6749-4589-a87e-5a33c7cbf747,0
712,True,44.901038,13.791063,0.03419,0.030256,0.1150455435117085,25.296303951740263,792.113930030609,3.8345694810863873,1.1480164314550128,1.059876845961794,832,/tmp/ShineRunner-66a6a8d9-a109-42a9-acd3-716d07c8c3d9,0
713,True,48.81502,17.130182,0.018838,0.017875,0.1601308385531107,24.892634896437325,777.730855068882,4.1290630627371865,1.4623508336099444,1.375808163432202,757,/tmp/ShineRunner-38d2be0f-44d1-4a23-b62f-4d1f00b26f16,0
714,True,35.710677,11.901122,0.04416,0.035308,0.1188378095626831,25.01228545109431,824.5745250671372,3.5488943235459622,1.3814515095197646,0.8406759372050132,741,/tmp/ShineRunner-0ed3eee5-ca28-424a-b4ff-c69695744c51,0
716,True,66.565115,19.008804,0.175462,0.164159,0.0806665062904357,27.58843834797541,506.9681438541008,1.610486531994963,1.0659111088932605,1.2743610715290004,351,/tmp/ShineRunner-16387db2-c4b3-4f11-810c-67151a305f80,0
717,True,61.511241,19.048003,0.185535,0.184871,0.2132872780164083,27.804083832105,928.274011787279,2.237950922042812,1.0768064495303171,1.2205882855615566,730,/tmp/ShineRunner-168aa706-ec16-4c0f-9d41-ebbaca8e9701,0
718,True,43.496809,15.23154,0.038646,0.033069,0.213731563091278,25.06248373190562,994.3019492597882,4.200554622296997,1.3708073163657577,1.128131507909767,845,/tmp/ShineRunner-39f5650d-3518-4cd1-b156-6dbbb2e7d511,0
719,True,47.210419,14.188137,0.021526,0.020376,0.2141760826110839,27.697390588124595,810.9488866876229,4.375751340349222,1.0022500624698296,1.1602405394814448,761,/tmp/ShineRunner-3ba776f6-96bc-4c10-90b8-6dcc0e4d8c53,0
720,True,31.426522,10.308044,0.006754,0.004777,0.0584251165390014,28.84557103713353,650.9636957212458,4.641144340268439,1.390647017715758,0.8774118876972774,700,/tmp/ShineRunner-f17bb6d9-bb68-41c4-9c31-79aa681cf640,0
721,True,44.044101,14.874904,0.078001,0.06209,0.0691675066947937,27.33033865292867,871.1589747089884,3.1992770943205717,1.3267196045047476,1.009568304060378,774,/tmp/ShineRunner-78ee8a1c-2222-4510-ac15-6a5140ecfc74,0
722,True,41.1129,13.547267,0.019416,0.015748,0.0215786616007486,25.148512931664783,803.0079103500054,4.418051396614449,1.3015535786693628,1.0888000984915762,661,/tmp/ShineRunner-f5eba16f-d241-4cf2-86a4-adac06e5c87a,0
724,True,52.832769,17.015803,0.032882,0.028749,0.0661655028661092,29.01908491452535,998.5173289187863,4.468480106954079,1.1419542189320195,1.3858276057626568,701,/tmp/ShineRunner-e108794a-1a68-4379-9b1a-3f6bbf6611b2,0
725,True,46.05993,14.375943,0.006951,0.004777,0.0112133304278055,25.23797326087952,660.2455808390081,4.894964919043514,1.1998380675818183,1.27979940453271,866,/tmp/ShineRunner-9493664c-b023-4483-9105-efae4a086b40,0
726,True,54.740604,18.241994,0.058912,0.054105,0.0111175457636515,25.213767941792806,511.6137911733792,2.360270362992924,1.437553806661256,1.227159211103272,867,/tmp/ShineRunner-11e2c30a-8565-442a-85d6-2610e9c0fad4,0
727,True,58.915905,19.215018,0.243227,0.23524,0.0436359127362569,29.53615101973216,912.6997555981606,1.8995797115139956,1.2292740408992755,1.1096198889475253,699,/tmp/ShineRunner-3ba8a4bc-06c0-4c65-bd28-9623b245c535,0
730,True,52.978038,15.582393,0.024961,0.023437,0.0446872472763061,28.027097868919373,525.2598481860026,3.216097479119804,1.1473775966013815,1.2645347326622465,805,/tmp/ShineRunner-e5c3af56-df9a-40b0-a88b-7edd8908bcdc,0
731,True,60.350769,19.062263,0.093053,0.088755,0.0474346160888671,28.02678722540537,996.5422909652532,3.1724108701903284,1.0634549877592565,1.4281115398278654,803,/tmp/ShineRunner-3f385090-430d-4937-8c13-fb38148a35ee,0
733,True,48.093501,14.649875,0.056604,0.05303,0.024761939048767,24.551716101169585,518.0299171386819,2.4409601942901857,1.2370663375450852,0.9579150077429476,721,/tmp/ShineRunner-6effbc8e-173b-4b02-b52b-c9ca1f4f3f7b,0
734,True,45.395251,14.999774,0.002991,0.0006,0.0248023351033528,24.409803926944733,547.0886739438248,4.892738347201726,1.3805698509951765,1.3502450136938675,901,/tmp/ShineRunner-57f0a8db-6275-4b87-b5f5-61e4055e6193,0
735,True,67.539463,20.281816,0.242309,0.245966,0.0238003333409627,26.57603393395742,639.056678435744,1.489187647240103,1.0928830674355436,1.165408610956559,824,/tmp/ShineRunner-549d5197-b721-4c43-88f1-fb394d79b32d,0
737,True,53.704716,16.346447,0.019416,0.018068,0.0180938641230265,28.178750316301983,795.0976913830631,4.337515465595028,1.002370696455937,1.3973586215396567,793,/tmp/ShineRunner-9fd1cc8f-2fe3-4d73-83fc-966913b63443,0
738,True,55.877427,16.960531,0.018068,0.014778,0.0237651507059733,26.927618416150413,581.4357502772774,3.61207312293218,1.1697388771044517,1.4684288742990654,822,/tmp/ShineRunner-6fafbc93-b686-4e12-8847-e947f3d58613,0
739,True,40.463759,11.947291,0.024771,0.02439,0.0149582068125406,23.1599693497022,849.0603919893185,4.287112962083686,1.0200756497735333,0.9412474775033388,708,/tmp/ShineRunner-62184355-8c06-4045-8ea9-168d4321fe25,0
741,True,52.836101,16.42002,0.021718,0.018068,0.0405721624692281,26.94684830904007,760.1375573702845,4.119429807360881,1.157225345872101,1.386167653641548,726,/tmp/ShineRunner-3b305c5c-c49c-4640-9ffe-15b84b1a855e,0
742,True,54.659607,16.283814,0.132848,0.131492,0.041055428981781,28.429575443267822,527.7839584534389,1.8346903189880857,1.1670650202507729,0.9210961116341156,728,/tmp/ShineRunner-223ae3d9-6904-4801-b30d-adbf236ff5ea,0
744,True,54.420263,18.231929,0.109369,0.112531,0.0305424451828002,24.54194527864456,863.0900641919505,2.6288374926815936,1.3299756505646394,1.2197867497011932,852,/tmp/ShineRunner-9cd2dd1d-64b9-4709-a298-fb816d94359d,0
745,True,35.734885,10.775461,0.009509,0.008723,0.0248759508132934,26.518947128454844,736.391986379499,4.780268816347523,1.171356821377478,0.9240648508744908,853,/tmp/ShineRunner-9f33a702-2374-406c-b774-8da1ca212693,0
746,True,39.538911,14.377792,0.011662,0.006557,0.0329232613245646,26.1444522023201,826.3433674346277,4.964984824323442,1.499710954612094,1.1615215818449487,882,/tmp/ShineRunner-1aa2ce0e-00c6-4faa-aafb-d0c90c80cb45,0
747,True,50.667997,17.754658,0.04943,0.040307,0.0284888585408528,26.16965022881826,989.1022153822806,3.87796271343063,1.382333614281,1.3338130643738486,871,/tmp/ShineRunner-d0680373-1312-4dba-99ca-fde723a3d4d6,0
748,True,52.347873,17.052068,0.040307,0.031196,0.0340650121370951,31.73083060582479,562.4618396528215,2.819936356849141,1.3725940641644223,1.241008291203479,109,/tmp/ShineRunner-f8b4089e-424c-4ae6-a394-c15de960deda,0
749,True,49.356998,15.732151,0.013418,0.016329,0.027777870496114,26.304313838481903,545.8618395295033,3.5369556618457354,1.327758869171526,1.2640367999470667,860,/tmp/ShineRunner-a29beb00-8333-488f-945c-1dd6ca3ae78f,0
750,True,46.114972,13.878517,0.024581,0.023056,0.1033284902572631,26.595372851689657,839.0470304399141,4.322433269754799,1.020126869969962,1.1147428818958764,854,/tmp/ShineRunner-9982c53f-b209-4edd-8ba9-212fca166d89,0
751,True,55.951436,15.933953,0.020952,0.016522,0.1042197744051615,28.293399107456207,527.2501574956478,3.311759467681145,1.0211752757900836,1.418901997956772,712,/tmp/ShineRunner-ef319704-370b-460e-afe1-a4908691df48,0
752,True,44.273875,15.943324,0.084081,0.073903,0.1026009956995646,28.27830088933309,954.776121935675,3.183345338362715,1.425137149416861,1.0384135569140671,744,/tmp/ShineRunner-ae787d16-74a8-4538-ab47-fb7f8e7b0129,0
753,True,51.597917,15.18985,0.024581,0.0242,0.107388969262441,26.983499733606973,555.3147337811016,3.328656861164504,1.120819454369543,1.1984484353014735,792,/tmp/ShineRunner-4fe26aaf-1b61-4ac5-9627-3f5dfa575649,0
754,True,52.584277,17.953659,0.279954,0.270286,0.086779248714447,26.44969977537791,930.315200698065,1.6853936597950483,1.3339245794239931,0.8905539624207921,862,/tmp/ShineRunner-8f4e1b3f-d1b9-467d-807c-fd31037fa5ef,0
755,True,64.124657,20.994285,0.137931,0.128008,0.149464738368988,26.68013481696447,626.2181452747936,1.897005378127988,1.3824017763036172,1.4136975580852336,827,/tmp/ShineRunner-96db845b-b852-417e-820e-1a9ff373d327,0
756,True,44.44664,16.426255,0.043611,0.036237,0.1509581446647644,25.24043459494909,946.243844843663,3.8983219232606174,1.495903858248814,1.1719896681180706,855,/tmp/ShineRunner-5d9b9138-e0bf-45f9-b736-f6bf3bc807dc,0
757,True,71.395872,21.738242,0.27777,0.261557,0.20514022509257,26.7971506635348,535.9110702514422,1.2062915580823428,1.1522332632380166,1.1870287778451232,829,/tmp/ShineRunner-522a51e1-7e61-4996-ba61-a5a5fd9c6a14,0
758,True,54.357465,17.950808,0.03568,0.02988,0.2866643985112508,28.62683129310608,789.008607903771,3.679014156191891,1.3246165776226544,1.458416086786863,416,/tmp/ShineRunner-d227f53d-2742-4e90-9c6f-040c556990da,0
759,True,52.027506,17.335713,0.211854,0.187124,0.27582079966863,26.87003023227056,937.287569927786,2.0930174412408684,1.2654251971439072,0.973884482705956,837,/tmp/ShineRunner-a95b8801-4796-4cd9-bf3e-0a68a69e3d68,0
760,True,50.58445,18.363211,0.194588,0.193028,0.2753821094830831,28.47620281378428,992.3247668088218,2.1907587460124773,1.4065796729100564,1.0228793824799218,796,/tmp/ShineRunner-c28f47a4-bd7f-4514-9715-bf4d62250c5c,0
761,True,46.674326,14.747601,0.013028,0.01088,0.1896755933761596,24.979567698637645,754.4670758756771,4.591179838401838,1.2096504939639052,1.2529502587003276,858,/tmp/ShineRunner-bbedb9fe-e6e7-45dc-b49d-10962e5e153b,0
763,True,33.750997,11.348887,0.010489,0.008723,0.3363200267155965,25.38902898232142,609.4283043973161,4.190646473712457,1.430284959647188,0.9173896637744468,874,/tmp/ShineRunner-712c623c-df94-4600-98df-a8e2c20b7fda,0
764,True,48.579594,14.240018,0.113632,0.110637,0.1380672494570414,26.83343468507131,768.2840067885446,2.512077572669837,1.0658774164460336,0.8879646970079752,840,/tmp/ShineRunner-c664d902-2ff1-44c2-80e4-9fd9cd930a5c,0
765,True,42.398616,15.743302,0.123422,0.108893,0.1489104231198628,26.91054225762685,976.1248579228416,2.7209353421799425,1.4766027624525946,0.9145038143970772,841,/tmp/ShineRunner-7146f3e7-42de-4eb7-8aa9-5fa5ed94e743,0
766,True,46.92745,14.968634,0.139563,0.132998,0.1465872208277384,27.176478215058644,877.6650863973723,2.508627720219409,1.2346634670952006,0.9054710816692682,737,/tmp/ShineRunner-d8b4be56-daed-4f02-808a-747b5d52e837,0
767,True,47.437842,15.707477,0.086758,0.079698,0.3577084541320801,26.5972465634346,772.2742010206698,2.755226726806836,1.3161012500574312,1.033877886871129,869,/tmp/ShineRunner-96377762-3570-4d6a-bf5f-dbc0871c7e35,0
768,True,57.777737,20.463099,0.198204,0.190415,0.3572976191838582,27.17524112065633,869.2901932286914,1.9954739529719068,1.4450097285588477,1.2156813836199134,800,/tmp/ShineRunner-53ba26b9-8240-4159-9325-135112273b46,0
769,True,52.318533,17.873742,0.039939,0.029691,0.038063887755076,29.470006986459097,837.6528143337421,3.738336063771472,1.3868603413758132,1.405819583638964,759,/tmp/ShineRunner-bfa7c730-02a4-4c63-9fe2-9261912e0446,0
770,True,67.724214,20.873488,0.291283,0.287242,0.0426637212435404,25.058487872282665,559.6087630988723,1.1900162834401675,1.139037772890629,1.013293222632582,718,/tmp/ShineRunner-98f9b672-e321-48d7-8af7-6e297f1fc5ee,0
771,True,53.563903,16.117212,0.023819,0.02439,0.0652522563934326,23.996785767873128,610.398960604467,3.486725068018279,1.1445417908190958,1.314307591546406,899,/tmp/ShineRunner-6b35cfce-fa21-4f96-91f4-0e02f659e283,0
772,True,45.221722,13.827172,0.021718,0.018838,0.0649227499961853,25.08084701697032,568.6056288953062,3.475575233052031,1.2243647536006252,1.0750427236879518,897,/tmp/ShineRunner-08ebc09c-4148-4b8d-82a4-44aac19a8ce6,0
774,True,58.755337,18.713395,0.26697,0.247555,0.0649717807769775,25.081896209716795,548.0476164859406,1.2755122970403012,1.26692000663698,0.8472629361311905,888,/tmp/ShineRunner-70e509ef-a2c6-44d9-b53a-68772195edda,0
775,True,48.579594,14.240018,0.119718,0.109369,0.0566761533419291,29.431185229619345,768.2840067885446,2.512077572669837,1.0658774164460336,0.8879646970079752,240,/tmp/ShineRunner-cd7746e1-a4f1-4a17-a24c-50c4c49064d7,0
776,True,42.020162,12.525159,0.032882,0.029315,0.059876000881195,29.53993504444758,869.715734238255,4.123835005269181,1.0244818549116397,0.9641746053089092,760,/tmp/ShineRunner-3f49ce77-50d7-4179-a4ab-dae2c08c45ca,0
778,True,51.909333,17.319736,0.064546,0.056248,0.1097090562184651,24.726427869002023,786.2289665610579,3.0893963619004525,1.3510010905551857,1.253563937540847,722,/tmp/ShineRunner-6ee64378-be3b-4fa9-9eb4-7538f2151bdc,0
779,True,53.760782,17.537643,0.01826,0.013223,0.1097925742467244,22.802240920066836,577.1447460337739,3.605415394266801,1.3723810779539083,1.477256812703947,907,/tmp/ShineRunner-09339b7f-546e-4243-b8b0-dcbfc0e27b45,0
780,True,45.26719,14.048936,0.018838,0.020568,0.1097021063168843,24.89708348512649,929.4914302788568,4.615364074224497,1.1060737037616506,1.1288606217223796,813,/tmp/ShineRunner-450e3d30-ba55-4219-aac9-deb974b56622,0
781,True,45.390801,15.381602,0.100719,0.096494,0.0981425126393636,28.635849404335023,940.190150063846,2.9592818176900515,1.3108960149303783,0.9912310340506134,804,/tmp/ShineRunner-7e662014-316d-4bc4-892d-72fa0abc39b1,0
782,True,38.728831,12.208433,0.023056,0.023247,0.1456661502520243,22.49248685836792,821.9325600403322,4.220151098391652,1.2217070994136656,0.9590671052493438,903,/tmp/ShineRunner-2c082036-79c7-4095-b5b6-353fcd2ee79d,0
783,True,61.213256,20.462816,0.084752,0.07184,0.0391246239344279,29.850045025348663,559.8362779324472,2.205645188744312,1.479214590450486,1.496825130808546,131,/tmp/ShineRunner-cc3dee4e-df09-4585-b6fe-7d84a700e865,0
784,True,50.74895,16.154497,0.057137,0.059266,0.0308293104171752,20.578438293933868,782.4753057362209,3.118694261748939,1.2329925764906138,1.165842242859186,988,/tmp/ShineRunner-38612253-286e-4b41-b1d3-5f0f4c3f3c37,0
785,True,46.688788,13.533741,0.04416,0.036237,0.0415934522946675,29.4348223288854,653.767536210393,3.2332996428540413,1.003657228146508,0.9946154746205698,748,/tmp/ShineRunner-2bca49e3-2dfd-4103-ae6c-4df75c764b77,0
786,True,41.663813,13.917179,0.003786,0.002792,0.023930557568868,28.837100005149843,568.703965018901,4.819073081999954,1.4004420880425483,1.215577403126448,685,/tmp/ShineRunner-2939c530-1aad-4ea7-9a82-49fdbb4ee4f9,0
787,True,61.66149,20.802216,0.278707,0.268471,0.0361737926801045,28.77867626746496,936.9442489519008,1.7161238288720453,1.3053850666177091,1.187478588062728,807,/tmp/ShineRunner-f649d307-2fe1-4e6b-b600-578550beab41,0
788,True,36.686486,12.235064,0.023438,0.016135,0.0201244433720906,27.613001239299773,702.4274822132669,3.9440658756737537,1.386176493837284,0.9447694692598222,833,/tmp/ShineRunner-5e1c19ad-2b97-47db-b78a-1f17f3380856,0
789,True,59.130627,19.421894,0.137931,0.140303,0.0346218903859456,27.628040401140847,869.2553563433144,2.3738168981239607,1.2809094650314996,1.3038477745150825,857,/tmp/ShineRunner-1013a136-6482-473b-b70a-15e78d833f12,0
790,True,44.092027,12.940196,0.006557,0.008133,0.0360386212666829,29.543449862798056,665.3678710274334,4.693692317392262,1.024284644923479,1.1225387236676965,789,/tmp/ShineRunner-08b476f0-bcda-4a87-ad4b-2a9b8a624675,0
791,True,38.698633,11.013065,0.005569,0.007937,0.0350040833155314,29.54343260526657,590.463326115434,4.591255937487346,1.0223245444871394,0.9629965994605943,438,/tmp/ShineRunner-c9b17485-8773-415e-ad6b-ffc3e7201eaf,0
792,True,39.986305,12.954589,0.077831,0.069075,0.036322804292043,27.960285453001656,979.6661738178042,3.4710844833117185,1.2477532783143093,0.8774844518207313,826,/tmp/ShineRunner-b077cf5b-c844-4f3f-8921-ba7de1c97715,0
793,True,36.498523,10.539328,0.00833,0.008527,0.0809182047843933,30.72969650030136,573.0866220963492,4.228522438007902,1.1551673369620372,0.9007103530797999,65,/tmp/ShineRunner-0deff7c8-996d-4621-baf1-7d8add89cad7,0
794,True,55.877913,19.260065,0.127856,0.116452,0.0496165593465169,25.49841039975484,617.5485584403298,2.031508014273379,1.4545324072114745,1.1706794386995507,773,/tmp/ShineRunner-2a0ffd4b-21fc-474d-9990-b1181145bdce,0
795,True,59.905045,18.883368,0.088921,0.080713,0.0639467994372049,30.47257394393285,875.9815607874577,2.9797692025577858,1.1422704375559127,1.4278977591410966,772,/tmp/ShineRunner-002073c2-fd5c-45cb-9f0b-8b8670c789f2,0
796,True,64.408519,19.479542,0.116764,0.114574,0.0301960070927937,27.6909038623174,756.3660321500556,2.505078968618176,1.0179213757090817,1.4718421656304543,780,/tmp/ShineRunner-9ae6653b-4abb-451e-8373-eb336a9b8da5,0
797,True,52.078521,16.079825,0.081726,0.084584,0.0402653694152832,25.694444541136424,754.0836779064375,2.753808828631716,1.1665470805053189,1.1019289141025148,786,/tmp/ShineRunner-3e078d29-a7dd-4012-b4a9-4ec7511ef71d,0
798,True,47.68527,16.521581,0.023628,0.016135,0.0379292170206705,30.702305150032043,738.7529368138664,3.950303278009634,1.4516639359820265,1.3044871627028465,750,/tmp/ShineRunner-d1822ccb-adfb-4fbe-a207-ed4ddd70f300,0
799,True,45.602932,13.781698,0.004381,0.003984,0.1088364680608113,25.660905571778617,559.4766553701056,4.634132993568461,1.160766495741166,1.225690448340214,843,/tmp/ShineRunner-b7c3d7c5-f46d-49c7-85c7-b26abba34415,0
800,True,30.98891,8.656942,0.005964,0.002792,0.0032235264778137,28.87119725147883,576.438561063168,4.650929776403698,1.170693533690864,0.8350746827878537,846,/tmp/ShineRunner-d7ea8074-30a2-450f-b0c8-b5692b23f161,0
801,True,47.854276,15.228501,0.11692,0.110479,0.0363390803337097,28.946190206209817,732.5070659946365,2.3619854790792245,1.265943045673034,0.9310672612307392,844,/tmp/ShineRunner-5264df14-1c09-4901-8649-5826335b1ba9,0
802,True,44.482098,14.44689,0.059443,0.058558,0.0292982816696166,29.381595166524253,621.2414265141664,2.711398962424687,1.3416291788294066,0.9597770128243944,788,/tmp/ShineRunner-2a22c035-15bf-49e1-8ac7-6508726c7391,0
803,True,47.335974,16.62966,0.039754,0.035308,0.0292221744855244,24.540569345156356,989.7853402932964,4.128913873203812,1.3897387703856643,1.2497382931968837,974,/tmp/ShineRunner-b527e8f3-a3bf-4fb0-80ff-61d9d21f2830,0
804,True,68.554223,22.2608,0.223482,0.207858,0.0231539805730183,29.29581752618154,509.51707390874327,1.32814613335981,1.3625916604254344,1.2956638649785115,799,/tmp/ShineRunner-d3c78d64-4b44-4d0b-8cec-d05ab993848a,0
806,True,53.571248,17.75886,0.040491,0.033443,0.0285385370254516,29.65308321714401,641.6234666250571,3.070553335423293,1.3959872125706871,1.3486768765629995,776,/tmp/ShineRunner-fe3e95e7-bf3d-44ed-beef-28c2ae3e5ebe,0
808,True,51.785108,15.363566,0.074759,0.06699,0.0145981788635253,25.86803235610326,749.4084792657426,2.938208580420142,1.0524898579480353,1.0789867546910783,745,/tmp/ShineRunner-8ed3fc7a-811f-4ccd-8486-204713b4a8f0,0
809,True,49.022288,17.785619,0.019031,0.011858,0.018446679910024,29.55583434502284,950.8209267832192,4.932101876303318,1.4911833415522662,1.467099392937587,828,/tmp/ShineRunner-f9f4b20d-b65c-4529-bb47-ae01cfc1a1aa,0
811,True,49.297213,15.816207,0.017682,0.0198,0.046619959672292,32.56751173734665,984.9075583527848,4.932143558299148,1.1441141227439526,1.313627448206541,753,/tmp/ShineRunner-97f6c87f-30d2-4996-916f-8323493b728d,0
812,True,46.544043,16.029972,0.039016,0.035866,0.0506751457850138,29.462183686097465,870.8582052598674,3.8169982972723,1.3914800650130426,1.1989536730490684,815,/tmp/ShineRunner-d1ca2aa9-23ec-4ebe-9d2c-473fede0cf14,0
813,True,58.812297,20.606161,0.295378,0.279539,0.0493665019671122,29.557006637255352,500.83035383740025,1.0931096323942693,1.4313822818704391,0.8008631437583358,785,/tmp/ShineRunner-ab70220a-9de6-4a44-ad83-c4c8dd0dde01,0
814,True,66.047477,19.329842,0.133599,0.12816,0.0632961392402648,32.91801363229752,620.6860308133314,2.0189663275421275,1.0777207820417112,1.4120200557035651,175,/tmp/ShineRunner-8d0bc97d-a136-4304-b003-d58027089bf4,0
815,True,56.539806,19.078508,0.240583,0.218628,0.0678060412406921,32.4612314581871,926.6723355720296,1.9153520649231843,1.2951601254415746,1.0778580474234838,764,/tmp/ShineRunner-5c1505c3-fa24-4ee7-b6f9-60a7ca7d1d7d,0
816,True,65.518481,20.839052,0.1715,0.150959,0.0683185617129008,31.190297695000968,817.2701324758987,2.1104868344671943,1.210190885752639,1.471446490991203,771,/tmp/ShineRunner-efb88f9a-cae3-44d5-97f8-445d31b16c1a,0
817,True,55.794712,19.565358,0.128464,0.115514,0.0544338981310526,23.636097514629363,886.9780242779816,2.5310651349090305,1.4292989599556911,1.2881576203415548,900,/tmp/ShineRunner-97e0297e-5cfe-4236-8379-c1fd779d8487,0
818,True,68.554223,22.2608,0.225167,0.211729,0.0332161744435628,25.22115164995193,509.51707390874327,1.32814613335981,1.3625916604254344,1.2956638649785115,1099,/tmp/ShineRunner-48e4a743-aadb-48ca-9203-c7930cc2b561,0
819,True,41.734591,12.899155,0.006754,0.004182,0.0358774701754252,24.31548858086268,506.2349389706066,4.102525647765665,1.260115033522997,1.0855730012523956,810,/tmp/ShineRunner-f8f21f62-d498-4ada-ada2-c7b25be650d5,0
821,True,55.041881,16.509267,0.142661,0.133299,0.035728899637858,25.38978023926417,785.6163258713864,2.431554673094046,1.024627059963797,1.0615298969217002,971,/tmp/ShineRunner-4a922056-d25d-42cd-a994-1fdf5de0a11b,0
822,True,50.17316,15.501112,0.073044,0.06994,0.0289097388585408,25.389844409624736,899.6067611207454,3.243229242995627,1.1081778476127009,1.0898182656524655,1097,/tmp/ShineRunner-bb512186-8053-4952-b966-476119f83a26,0
824,True,33.37999,11.921624,0.018453,0.012248,0.3640279372533162,24.56893772681554,937.5420995270412,4.892620841644958,1.436429479387089,0.9346104753245932,898,/tmp/ShineRunner-a835d38f-5088-4f5c-9599-3a997b1816b3,0
826,True,44.454323,15.402401,0.005767,0.006557,0.3616356333096822,24.5692053159078,717.548530001519,4.966452481845683,1.4458386331274569,1.3240256136198645,944,/tmp/ShineRunner-74fd2de0-5ba7-4067-8e41-e5edc9c42a87,0
827,True,54.12012,17.114021,0.061209,0.049068,0.1420289278030395,31.545588342348733,711.7476973398269,3.0296136856610523,1.2503830745401392,1.2803140409306053,881,/tmp/ShineRunner-001f1931-2c30-467c-b4ec-eda21beb127a,0
828,True,43.349678,13.835782,0.004975,0.002792,0.0234851797421773,31.92419901291529,548.4889443527396,4.321506614329427,1.3083780895386543,1.1796550816115434,830,/tmp/ShineRunner-0af6f83f-eb63-4879-ae7d-b94e10a917a8,0
829,True,51.727217,16.667563,0.038462,0.032133,0.0377697547276814,28.50656096140544,560.9162523142655,2.8278516991307856,1.3471312178214432,1.2067816264546316,952,/tmp/ShineRunner-ca249304-178e-4b15-8a9a-c022c75ec46f,0
830,True,52.921673,18.723763,0.077491,0.06332,0.0189885020256042,25.753107289473217,719.1931292920965,2.695532157781593,1.4973508744675124,1.272218233885317,1077,/tmp/ShineRunner-4612bf83-aaf5-44ac-9b81-c6d98d0d196f,0
831,True,39.85274,12.293814,0.055178,0.050873,0.1275159955024719,27.32814661661784,886.006216055494,3.5113095579381493,1.186828864436855,0.8661266676430608,946,/tmp/ShineRunner-444787fa-37c7-4ca3-ae23-f3d482f22785,0
832,True,39.605533,13.114937,0.027048,0.024009,0.1093533277511596,25.883681948979696,945.3962454392624,4.531165214670598,1.2594291801932245,1.021150336281555,945,/tmp/ShineRunner-96694a3c-0a5f-43ba-b349-816228a7a784,0
833,True,68.220953,19.76755,0.176684,0.169987,0.0236620068550109,32.26411947409312,582.6556616836456,1.7143240873608685,1.0801560124911291,1.396353210456359,831,/tmp/ShineRunner-c0218571-585a-4e31-9131-c68669a2507b,0
834,True,49.297213,15.816207,0.020952,0.02076,0.0206547141075134,25.49662213722865,984.9075583527848,4.932143558299148,1.1441141227439526,1.313627448206541,1053,/tmp/ShineRunner-b3f14463-8b79-4e52-8576-d21a47ed89f9,0
835,True,48.387571,15.073252,0.035122,0.034563,0.0336162447929382,26.29367825984955,914.7143074413682,4.105995188630712,1.1163203709832168,1.1715387134193374,960,/tmp/ShineRunner-0eee4160-6b3d-41eb-8f74-c6cb55c425e7,0
836,True,64.408519,19.479542,0.109211,0.113318,0.0959127783775329,26.09715001980464,756.3660321500556,2.505078968618176,1.0179213757090817,1.4718421656304543,1080,/tmp/ShineRunner-b8a6b419-179f-4808-9d57-9940256aef33,0
837,True,48.240516,14.927319,0.07902,0.069248,0.0614403287569681,26.28927544752757,958.668836275838,3.3756618576048667,1.0887532912184836,1.0371989449267236,1046,/tmp/ShineRunner-55c89d83-9c88-4917-a2ba-b0c9f82b40c2,0
838,True,46.544043,16.029972,0.039754,0.033069,0.0424879948298136,25.66012570858002,870.8582052598674,3.8169982972723,1.3914800650130426,1.1989536730490684,1115,/tmp/ShineRunner-4353ac8c-fb2a-4bff-93fb-7397f4960131,0
839,True,41.504875,12.487383,0.019992,0.014584,0.1174477656682332,28.58067824045817,799.6913957604218,4.448072979684844,1.0982173328572866,1.0172265710300663,949,/tmp/ShineRunner-fc9450d4-1867-49a5-a558-fe385c500ab2,0
841,True,66.126217,21.808323,0.233951,0.20861,0.1142526706059773,32.13280061086019,724.9296499720631,1.6791394813021223,1.3551226006679933,1.3959342545815423,836,/tmp/ShineRunner-7a10b03a-cb65-482e-8a79-23c7b9f6884f,0
842,True,52.999035,19.277873,0.201915,0.193678,0.0976250449816385,31.92597064177195,829.9978594005756,1.930913237006884,1.473767799832996,1.0564348419895755,856,/tmp/ShineRunner-e3d173f3-14f1-409e-ab9c-dd5cb739ffee,0
843,True,65.518481,20.839052,0.167222,0.157114,0.1186298052469889,26.151550388336183,817.2701324758987,2.1104868344671943,1.210190885752639,1.471446490991203,1071,/tmp/ShineRunner-87e4d42e-7685-49bd-b0ce-9c16670310e8,0
844,True,52.360758,15.664545,0.143249,0.132246,0.0355213244756062,28.56316899061203,732.3398189286647,2.218779096975997,1.1095946082393162,0.9458655390045104,894,/tmp/ShineRunner-a594cc3f-19f5-4b13-9dff-0579e94f378f,0
845,True,46.688788,13.533741,0.037351,0.042146,0.0359286626180013,26.053005385398865,653.767536210393,3.2332996428540413,1.003657228146508,0.9946154746205698,1048,/tmp/ShineRunner-1e05642b-1f28-48f8-9a4a-8a02ce6093c1,0
846,True,41.1129,13.547267,0.023056,0.013612,0.0361695726712544,28.563647615909577,803.0079103500054,4.418051396614449,1.3015535786693628,1.0888000984915762,961,/tmp/ShineRunner-5d7bc9f5-7862-48fd-b1a6-bc923f6f7326,0
847,True,47.05478,15.626201,0.02629,0.025911,0.0377367655436197,25.92253824075063,698.0832500296244,3.581531359839094,1.3628848173577168,1.1968564567235709,1108,/tmp/ShineRunner-2ca714a6-f32e-47eb-8d3c-c3aed79af302,0
848,True,54.357465,17.950808,0.036052,0.034749,0.0155165553092956,26.49718075990677,789.008607903771,3.679014156191891,1.3246165776226544,1.458416086786863,716,/tmp/ShineRunner-c53ae70e-3f7a-4405-af31-c49b813fff71,0
849,True,38.698633,11.013065,0.00774,0.005767,0.0220650712649027,33.1464479247729,590.463326115434,4.591255937487346,1.0223245444871394,0.9629965994605943,738,/tmp/ShineRunner-8afde35e-c3ef-4a6f-b3f3-81ba9e023c9b,0
850,True,62.589212,17.796415,0.096984,0.094203,0.0487275163332621,32.028246831893924,509.8832226713458,2.036806107755832,1.0989049236295985,1.3447059957808087,861,/tmp/ShineRunner-e24a3978-ea66-45b5-bde7-020f85217fae,0
851,True,58.078289,20.481395,0.094039,0.087924,0.1024531046549479,33.54733602205912,994.5665013418028,3.046265483325173,1.4195348654408568,1.4932251650283908,735,/tmp/ShineRunner-7ffc09f4-4e7f-4045-b2ac-4e61287e6ecf,0
852,True,40.376072,13.831204,0.010489,0.009509,0.0279104153315226,36.20129055579503,776.49653262645,4.719015942089234,1.390150746954696,1.1355586948871783,695,/tmp/ShineRunner-60d37ca3-5788-4332-b598-4b7121ab8e15,0
853,True,33.362121,10.375103,0.006557,0.004381,0.0503366629282633,36.223780544598895,559.2392886085207,4.342348188439444,1.3185369419956037,0.8853451748345789,697,/tmp/ShineRunner-e82a420d-b444-44c2-b947-b71598005ae9,0
855,True,60.296526,19.325869,0.083746,0.074759,0.0449676394462585,32.18183576265971,503.7535163999999,2.0789718615292445,1.3987554178403765,1.387421706364027,875,/tmp/ShineRunner-6b61f31b-d9c5-40f5-9e93-12d4ef114140,0
856,True,49.252324,14.714735,0.041043,0.042329,0.0457519968350728,27.9472531914711,794.1289999846103,3.618824006463975,1.0061513429443014,1.1180225732892226,998,/tmp/ShineRunner-0c6b764a-7de9-4131-80b1-e18b5f50413e,0
857,True,42.330037,13.116056,0.032695,0.031196,0.1193441192309061,33.412004387378694,890.2905687632922,4.301296307345808,1.130174271707625,1.0257433086774108,787,/tmp/ShineRunner-bdd98d01-3274-4bd7-99a1-d33fbb8fd0f5,0
858,True,51.23596,16.365048,0.058558,0.053389,0.1194312175114949,34.62133330901464,646.0296651572642,2.7568691865669805,1.293222586507398,1.1453029830954666,739,/tmp/ShineRunner-bedad740-e0b6-4858-98da-4cc83e12e5cf,0
859,True,61.891941,21.333081,0.194198,0.169435,0.0184849381446838,33.19527684450149,989.61231685364,2.259436593564996,1.3596562668454115,1.4212997619416303,818,/tmp/ShineRunner-23da3e12-5200-40f2-9d56-5819d4d37799,0
860,True,44.044101,14.874904,0.075786,0.067338,0.0133492549260457,27.87325962781906,871.1589747089884,3.1992770943205717,1.3267196045047476,1.009568304060378,1074,/tmp/ShineRunner-6e95c991-41c7-405e-b7f8-2a7020eabdc8,0
861,True,32.938595,9.22938,0.010489,0.009705,0.0024804790814717,27.63740606705348,753.6463507910216,4.963807694086327,1.0020038023666695,0.8116058613282899,1102,/tmp/ShineRunner-048d252c-c248-4da6-a8c7-5b2af7d78433,0
862,True,64.124657,20.994285,0.137931,0.135994,0.0131262342135111,27.291143238544464,626.2181452747936,1.897005378127988,1.3824017763036172,1.4136975580852336,1127,/tmp/ShineRunner-8bb26560-88a4-44e5-931e-55ec42316c7a,0
863,True,45.617475,15.918377,0.016909,0.013807,0.0055363575617472,30.07243270476659,635.3793756589001,3.7235806680377377,1.4901023924493408,1.2280805241839488,711,/tmp/ShineRunner-62081b31-ed70-43a9-a89c-9ba45e849c46,0
866,True,50.294647,14.953256,0.196658,0.184472,0.0225399335225423,28.122640816370645,874.9917689676342,2.124568589777415,1.0619348874321104,0.8286628722000039,1054,/tmp/ShineRunner-9d487922-d23d-4b34-ae91-d30545249170,0
867,True,58.999461,17.424687,0.102978,0.093382,0.0677072008450826,28.081945327917733,648.1810285055824,2.3949445849776416,1.0684106390148131,1.2024103507361237,1067,/tmp/ShineRunner-f3f571b1-8a69-410b-a5ad-a7383f09ca79,0
868,True,35.710677,11.901122,0.042512,0.038646,0.0250783840815226,28.45721855163574,824.5745250671372,3.5488943235459622,1.3814515095197646,0.8406759372050132,1041,/tmp/ShineRunner-939e28b2-c05f-4199-9660-cd1608e3e4c3,0
869,True,58.143687,17.674987,0.096004,0.09731,0.0128646294275919,33.94033083518346,740.3038154711533,2.6083896558627955,1.1201131380745015,1.2513734360515034,872,/tmp/ShineRunner-dacdf2e9-eb56-40d6-bf19-414b5b2ebc9c,0
870,True,45.918295,14.658189,0.170675,0.157398,0.0133253653844197,28.80835902293523,790.5305698501975,2.1262271399532837,1.2954577457407084,0.8159627097207883,933,/tmp/ShineRunner-83ae5ae6-c51d-48da-a091-baf6bc77e1b6,0
871,True,53.283714,16.039784,0.011076,0.006754,0.0068198005358378,31.78564057350159,568.9987586739527,4.079247085142373,1.1353160761354302,1.4193943416544523,879,/tmp/ShineRunner-de13af82-161d-4b15-a848-acb4d2cbc1ce,0
872,True,49.221108,14.683458,0.050693,0.051773,0.0011738816897074,28.873048905531565,792.0489844563679,3.4593250468412085,1.0422221605699449,1.0910651815194268,930,/tmp/ShineRunner-b46780d6-41d8-4eec-8b1f-6bd408d1f000,0
873,True,56.81027,18.649737,0.124036,0.129375,0.0077234784762064,30.07175730864207,866.2067514968938,2.536390277920422,1.2765519012056377,1.2578716866376498,752,/tmp/ShineRunner-97304355-b31a-4a97-a9bc-e4e32ad1895a,0
874,True,45.409293,15.738648,0.139118,0.12419,0.0097734769185384,36.90970096985499,832.1567701636937,2.38810219033631,1.4070101923330174,0.9168810439353928,20,/tmp/ShineRunner-9bc5cc4d-7843-42aa-9f97-c5bc8ecd1553,0
875,True,46.12582,15.544289,0.003984,0.002991,0.0105591654777526,34.04850613276164,552.3075484023876,4.577482479863376,1.432786269660514,1.3586682050728331,816,/tmp/ShineRunner-6c6a098f-952f-4d55-9ac0-1e1fe98b436d,0
876,True,49.161305,16.625756,0.015166,0.010489,0.0733799457550048,34.06281563838323,676.6688475342339,4.06484104837861,1.416060037640993,1.3748615506184918,885,/tmp/ShineRunner-52548b2f-3990-4adb-916a-f8c57af62351,0
877,True,58.115966,17.852196,0.056604,0.048887,0.0743768413861592,28.944178295135497,683.3041924663062,2.9739207151513867,1.169228241648663,1.391135211301031,1042,/tmp/ShineRunner-d67c392b-4bb9-4ac2-b2ab-f5649e4f1c3a,0
878,True,48.383166,17.431919,0.056782,0.049068,0.0791817744572957,31.72633483012517,851.5167328494463,3.388587001504757,1.4909029737712678,1.2342503967606309,749,/tmp/ShineRunner-af999462-5f97-4d4a-8a6f-7b0461ab9b2e,0
879,True,40.463759,11.947291,0.02439,0.02439,0.0804808378219604,29.369011314709983,849.0603919893185,4.287112962083686,1.0200756497735333,0.9412474775033388,1008,/tmp/ShineRunner-ecd8534e-435d-410f-83a3-7b2deb49b884,0
881,True,53.506423,17.92834,0.017102,0.016329,0.0828263918558756,37.04203821818034,670.9634692728303,3.7576122496228974,1.403715802988141,1.4991203590467357,766,/tmp/ShineRunner-c38e469a-c065-407f-a429-1dd38e7f4961,0
882,True,66.435709,19.459792,0.206727,0.195883,0.0829485893249511,37.0002458135287,533.5833344238835,1.488707765830639,1.0088343904999562,1.1172959415501145,770,/tmp/ShineRunner-56ddef43-c329-4fff-8be8-ce2a5c1b1536,0
883,True,48.240516,14.927319,0.078171,0.074246,0.0557438174883524,31.70944290955861,958.668836275838,3.3756618576048667,1.0887532912184836,1.0371989449267236,746,/tmp/ShineRunner-51536aee-1f82-4745-b1d1-ae61faf1442d,0
884,True,42.398616,15.743302,0.127095,0.113318,0.0562554836273193,37.52552456855774,976.1248579228416,2.7209353421799425,1.4766027624525946,0.9145038143970772,241,/tmp/ShineRunner-54137dab-9c46-494c-9e10-ffb5feb33e8a,0
886,True,60.715399,17.38001,0.08809,0.088921,0.1130889693895975,36.88662161429723,555.8001841246133,2.291819263155684,1.030264225413268,1.2887328079269391,783,/tmp/ShineRunner-660f01fd-7017-49fa-8e50-d008d62acf30,0
887,True,30.101536,10.562131,0.009312,0.011076,0.1187744140625,31.795686101913454,809.8342629849308,4.704763442618314,1.4904105727665171,0.8487484456139763,878,/tmp/ShineRunner-7d415dee-5659-4bef-aa65-e9de804bbf25,0
888,True,35.455079,10.715053,0.004579,0.003786,0.1142239411671956,29.08161633809408,548.1954810767496,4.571450544792904,1.2278881449168055,0.9416543553566612,927,/tmp/ShineRunner-1fe6e461-4671-4392-9253-60ae9f133280,0
889,True,34.566759,12.004632,0.023247,0.018068,0.1196363568305969,36.93902503649394,907.3192215589412,4.5712374645646205,1.3937949181146696,0.9296255414674972,778,/tmp/ShineRunner-7ccabfff-fe0a-4fca-ac7b-3ffc5f22670f,0
890,True,50.58445,18.363211,0.206601,0.183007,0.1187820474306742,36.99866816997528,992.3247668088218,2.1907587460124773,1.4065796729100564,1.0228793824799218,196,/tmp/ShineRunner-b4a5cd0b-a8a7-4014-b0eb-ed236319c6c1,0
891,True,61.880115,20.53582,0.155548,0.13808,0.1193832159042358,32.05998164812724,708.3329990199401,2.014801001859958,1.3744103898335274,1.360972603689906,886,/tmp/ShineRunner-b99b2d94-b9ab-4705-93bb-40fd7d6c8fe0,0
893,True,44.798294,15.254669,0.055713,0.054999,0.1459573229153951,37.107010034720105,998.7900186314588,3.6838764445308976,1.297606420206686,1.0746583650452557,768,/tmp/ShineRunner-f41982f4-fe39-4b65-b897-4aeef29da418,0
894,True,51.545891,15.643363,0.044708,0.04416,0.1474143266677856,29.131993079185484,574.219494960029,2.836752049166545,1.202017195370383,1.1319181106378329,1017,/tmp/ShineRunner-f1ac24bc-4c22-4820-a4e0-1e399a3f66e6,0
895,True,57.365491,16.544548,0.023056,0.027805,0.1129849433898925,29.04682584206263,551.7014838612758,3.185636117581933,1.0852964842684432,1.447584082863758,932,/tmp/ShineRunner-17540c44-9aef-46b2-92b4-35657e4cf31a,0
896,True,60.475832,18.066645,0.106824,0.105386,0.1787209630012512,37.36950067679087,730.6044429187868,2.4690184691880064,1.0257095772784646,1.2705851018564114,284,/tmp/ShineRunner-c1c75de4-cfce-4cf8-9ed9-2f225b8f348f,0
897,True,61.213256,20.462816,0.087258,0.075444,0.1796386202176411,29.142867414156598,559.8362779324472,2.205645188744312,1.479214590450486,1.496825130808546,1031,/tmp/ShineRunner-e9bd0c84-9d32-46c2-94c7-cc0231e63cc9,0
898,True,63.895012,19.214354,0.218628,0.221305,0.0446967403093973,28.597125915686288,734.2083206233855,1.7415352953599506,1.0225865584947131,1.1370439382283966,1125,/tmp/ShineRunner-bbc7a13a-e916-4613-9e86-89be7f1a5c91,0
899,True,50.449658,14.153093,0.082905,0.07115,0.0816199660301208,29.18694714307785,518.4853636005871,2.2398903017496306,1.0243492361569255,0.8764976037801906,1058,/tmp/ShineRunner-3a09a9ba-df32-40ae-af7a-2b6cd6342681,0
900,True,66.435709,19.459792,0.205466,0.206349,0.1057347138722737,29.198529394467677,533.5833344238835,1.488707765830639,1.0088343904999562,1.1172959415501145,1070,/tmp/ShineRunner-0dde583b-935a-4d62-97bd-0ee75806b67c,0
901,True,33.362121,10.375103,0.006359,0.005767,0.0156260013580322,28.68987080256144,559.2392886085207,4.342348188439444,1.3185369419956037,0.8853451748345789,997,/tmp/ShineRunner-bee54bc3-911a-4579-a5eb-cb8140c74170,0
902,True,56.579081,17.371162,0.031196,0.024009,0.0156599283218383,30.63457403977712,689.7320398634645,3.61727072000616,1.1484382372856428,1.4642005487007383,979,/tmp/ShineRunner-457ce6db-9775-4d8b-9011-ce7aa000d0d9,0
904,True,61.213256,20.462816,0.087758,0.070113,0.0323867917060852,30.63915372689565,559.8362779324472,2.205645188744312,1.479214590450486,1.496825130808546,731,/tmp/ShineRunner-77c79237-61cf-421b-81f9-ec856abc4139,0
905,True,35.495401,11.892419,0.00892,0.008133,0.0950513998667399,30.698750348885856,666.8188791641192,4.552812808390757,1.3812660735353262,0.989374458637123,992,/tmp/ShineRunner-66a90b55-dbb4-401d-8f03-639fd2742a28,0
906,True,46.851264,14.299513,0.108893,0.095023,0.0668719927469889,33.069856989383695,671.1812166500271,2.3958893402164576,1.220025054116776,0.8880649128185997,859,/tmp/ShineRunner-3d2b6877-0ed8-462b-8c95-6381f8002672,0
907,True,39.986305,12.954589,0.073559,0.068728,0.0702805519104003,28.6029714345932,979.6661738178042,3.4710844833117185,1.2477532783143093,0.8774844518207313,1126,/tmp/ShineRunner-0db4ac2f-c9f8-45a1-80a4-02ab36a6a274,0
908,True,45.589617,15.893491,0.03957,0.039201,0.1235867023468017,30.75580951770147,704.5699888123986,3.247808925817917,1.4676906847832474,1.1273481796386176,820,/tmp/ShineRunner-baa2fe39-a831-4b8b-b167-ff9162b2026a,0
909,True,41.663813,13.917179,0.002195,0.001996,0.0234429121017456,30.78754307428996,568.703965018901,4.819073081999954,1.4004420880425483,1.215577403126448,985,/tmp/ShineRunner-8f58cc3d-f177-47d9-85f6-451c3528b61b,0
910,True,49.369325,15.014697,0.0242,0.02076,0.0240138212839762,30.81601619720459,847.3990644092491,4.387163900633934,1.066051418650772,1.2300658183793438,983,/tmp/ShineRunner-d0b1d07e-83c0-412a-ae97-6de1eb7986e9,0
911,True,57.416524,16.663124,0.045802,0.045437,0.0436336239178975,24.626827772458395,580.635889516801,2.8045970104548,1.0761560513565842,1.2874242625544152,1222,/tmp/ShineRunner-ced2ee59-db03-43ea-b711-883234874592,0
912,True,39.538911,14.377792,0.008723,0.007149,0.1234122077624003,24.92076890071233,826.3433674346277,4.964984824323442,1.499710954612094,1.1615215818449487,1182,/tmp/ShineRunner-97667740-e4ce-44b7-9812-d3011e6e8498,0
913,True,55.550339,16.048191,0.036423,0.032133,0.1246800382932027,23.750899052619936,570.1245444993053,3.037759031571817,1.054287870567722,1.270568065127868,1238,/tmp/ShineRunner-736d957a-833a-4a9a-ac42-55b96a0b66d6,0
914,True,35.094225,12.435436,0.042329,0.038277,0.0144977927207946,30.050653223196665,981.6056117746898,4.04082275124798,1.4334007191309632,0.8798728498285461,1051,/tmp/ShineRunner-4589819d-b769-44f2-9310-7f2f14705448,0
915,True,63.895012,19.214354,0.218994,0.222878,0.0020030260086059,36.23162010908127,734.2083206233855,1.7415352953599506,1.0225865584947131,1.1370439382283966,825,/tmp/ShineRunner-fe19b60c-9dfa-420c-b37e-c886e1e232eb,0
916,True,35.734885,10.775461,0.00833,0.009116,0.0299250205357869,29.42527132431666,736.391986379499,4.780268816347523,1.171356821377478,0.9240648508744908,1153,/tmp/ShineRunner-a8a0daa5-bf53-4144-b190-2929e935fd00,0
917,True,66.565115,19.008804,0.168468,0.156118,0.0161999861399332,31.645409456888835,506.9681438541008,1.610486531994963,1.0659111088932605,1.2743610715290004,951,/tmp/ShineRunner-780192b3-2d9f-47bf-a28c-4094a3bed08b,0
918,True,52.832769,17.015803,0.02988,0.033069,0.0288518071174621,31.45981119076411,998.5173289187863,4.468480106954079,1.1419542189320195,1.3858276057626568,1001,/tmp/ShineRunner-96e28f62-8b1c-43ca-89ee-0ae3295cd7a3,0
919,True,52.347873,17.052068,0.03698,0.037721,0.0209658861160278,35.704858561356865,562.4618396528215,2.819936356849141,1.3725940641644223,1.241008291203479,709,/tmp/ShineRunner-3ec1d77f-4b31-4b0b-8212-50bb83d58bc9,0
921,True,59.811627,19.343334,0.087258,0.075615,0.0415668527285258,30.51700107653936,687.0920217035914,2.473881180043444,1.325965512789987,1.4072434422266276,962,/tmp/ShineRunner-fcf32622-fde8-4b76-8a33-b161d972d086,0
924,True,54.435539,17.243284,0.089916,0.07902,0.0447988986968994,35.030566350619,976.4612342427828,3.2842661247035654,1.1275534655136903,1.2378347098397553,865,/tmp/ShineRunner-fef467c5-5000-4085-bebe-01e075ae03b5,0
925,True,47.391151,16.648275,0.062793,0.046893,0.0450081904729207,31.79841537475586,924.2802443868122,3.471384298464449,1.4021959139735387,1.1729055932460182,981,/tmp/ShineRunner-08c91ac4-7b21-4221-a6ae-7fb1a46c75c0,0
926,True,52.418024,17.24185,0.199359,0.186595,0.0451145529747009,37.281972805658974,549.9312385803647,1.4993484151582883,1.371800182553826,0.8161980662073626,817,/tmp/ShineRunner-7421dbd5-71c3-4aa1-9249-56d4e507f981,0
928,True,56.323915,19.168056,0.123115,0.113632,0.0451609412829081,31.765475825468695,828.931642520264,2.44187652347767,1.3871607080709216,1.2698619893160148,991,/tmp/ShineRunner-78339e5f-77fb-4dd9-a4b9-042d0b09e679,0
929,True,55.227287,16.01483,0.010685,0.012443,0.0396942615509033,31.662544719378158,547.5478741149673,3.7931487643942794,1.0422466094117602,1.4551578758904382,984,/tmp/ShineRunner-706c9dcc-b965-4eba-8d7d-ecc058414f9f,0
930,True,48.517688,14.537005,0.0919,0.089751,0.0301967501640319,31.99546012083689,598.3710903753157,2.2597063246852174,1.1970534912965594,0.8917760851183539,821,/tmp/ShineRunner-7e113c9e-17ee-45d5-acdc-5a02402c9259,0
931,True,54.500371,16.222984,0.011467,0.009116,0.0308509627978007,31.81485141913096,571.5109375833175,4.017778939045762,1.099102113606449,1.4374467589916198,1004,/tmp/ShineRunner-8f702480-9b6c-49a3-9b64-e4703f7c297a,0
932,True,53.993798,15.764146,0.165415,0.16318,0.0328840057055155,31.814358536402384,682.096008886027,1.9835359128987569,1.0788058243124998,0.9034483607795342,993,/tmp/ShineRunner-f4c04e9d-82f4-4d1b-8291-746e1f954055,0
933,True,59.195949,19.138191,0.156545,0.138525,0.0461469888687133,25.16929568052292,697.3149440750411,2.00418294983853,1.3043705644491237,1.2066925616236357,1119,/tmp/ShineRunner-4e8edbc2-9a6a-4574-aa12-b7e61c949cbf,0
934,True,66.126217,21.808323,0.222032,0.21235,0.0461330374081929,26.304217596848805,724.9296499720631,1.6791394813021223,1.3551226006679933,1.3959342545815423,1136,/tmp/ShineRunner-5850f7a5-7873-41f7-9cdd-3a7c3b34216d,0
935,True,52.347873,17.052068,0.034749,0.036794,0.1107369661331176,31.71173857053121,562.4618396528215,2.819936356849141,1.3725940641644223,1.241008291203479,1009,/tmp/ShineRunner-c9556106-1210-47ff-9957-9146fe08e3be,0
936,True,49.823654,15.327323,0.04416,0.036609,0.1115802764892578,31.67008740901947,715.709097589945,3.3544549161406514,1.1803286672251272,1.1589174712247308,1024,/tmp/ShineRunner-216db35f-3534-45b6-9b71-027c17d475e6,0
937,True,46.851264,14.299513,0.103782,0.099261,0.2901050925254821,30.67513484954834,671.1812166500271,2.3958893402164576,1.220025054116776,0.8880649128185997,1159,/tmp/ShineRunner-8b0dd016-69fc-4661-9be3-40808a244d92,0
938,True,66.047477,19.329842,0.133749,0.13119,0.3082315007845561,33.283800896008806,620.6860308133314,2.0189663275421275,1.0777207820417112,1.4120200557035651,775,/tmp/ShineRunner-3797b5f2-fb5b-4552-b771-3ef50e7fee5f,0
939,True,48.579594,14.240018,0.11692,0.120493,0.3085179050763448,30.851882402102152,768.2840067885446,2.512077572669837,1.0658774164460336,0.8879646970079752,1140,/tmp/ShineRunner-ecf01b93-6c9c-4471-b85d-71e121bd0f49,0
940,True,44.847625,12.9259,0.010293,0.011662,0.2163046598434448,32.89028764565786,569.1645350580246,4.007077965205426,1.0578520836547147,1.0730438131095703,876,/tmp/ShineRunner-7a3e9f9c-8b52-48ff-981e-e8c4b8e73958,0
942,True,52.078521,16.079825,0.086591,0.081051,0.334429383277893,31.476269646485648,754.0836779064375,2.753808828631716,1.1665470805053189,1.1019289141025148,1086,/tmp/ShineRunner-73f7afe2-7e46-4559-9748-7997484891a9,0
943,True,58.747813,18.983348,0.192115,0.17095,0.084593375523885,30.55266942977905,644.6600680511673,1.7343570026903596,1.2929806870480274,1.0869876717575302,1173,/tmp/ShineRunner-aefc8314-992c-4bb1-82b0-9468c69a2cf3,0
944,True,33.750997,11.348887,0.009705,0.006162,0.0883154034614563,30.51885296901067,609.4283043973161,4.190646473712457,1.430284959647188,0.9173896637744468,1174,/tmp/ShineRunner-f6ba6657-6e77-4c12-abac-aaee25e86bbb,0
945,True,41.48578,14.835853,0.019416,0.014584,0.3761124730110168,31.90552254517873,868.3528442411101,4.500172701584314,1.4605285986475958,1.1525430476281695,1025,/tmp/ShineRunner-2418dd81-669b-462f-b6c3-3275330b05e0,0
946,True,54.659607,16.283814,0.133449,0.131341,0.3804149150848389,31.91304870446523,527.7839584534389,1.8346903189880857,1.1670650202507729,0.9210961116341156,1028,/tmp/ShineRunner-9f38c2b4-1f39-4b31-b608-378e996bbd50,0
948,True,51.785108,15.363566,0.073216,0.074588,0.4053871234258016,31.61592971086502,749.4084792657426,2.938208580420142,1.0524898579480353,1.0789867546910783,1045,/tmp/ShineRunner-d0828920-f4ad-4b77-8165-96f831af1aaf,0
949,True,62.462503,20.986949,0.156403,0.142661,0.403872267405192,31.885975074768066,542.057667278441,1.6721367978451398,1.4217941923812707,1.2463120903349214,1040,/tmp/ShineRunner-16302c9f-38c3-42fa-b4dc-0c618940a4b2,0
950,True,44.06569,15.480709,0.17369,0.149226,0.0514107108116149,34.03644839127858,988.95848953692,2.4109344096538634,1.3968410752799862,0.8593734906182825,756,/tmp/ShineRunner-47624c61-8924-46fa-bbd6-6cdad022bd4e,0
951,True,43.958504,12.896223,0.010489,0.012053,0.0404013077418009,30.73956396182378,632.2699055756556,4.324505558699011,1.0897460361730438,1.089497551916979,1135,/tmp/ShineRunner-a0e8990f-044d-4f64-9954-fb85eb9abc27,0
952,True,46.948766,14.394174,0.004777,0.00319,0.0773633440335591,31.023800253868103,547.035981544698,4.514488255371748,1.1975036200202782,1.277807118746454,1111,/tmp/ShineRunner-83dbb033-ea3f-4be7-9e33-de55fa53f67a,0
953,True,52.775549,16.29524,0.129829,0.128768,0.0648230552673339,31.60061497688293,957.6493801427772,2.786433022973538,1.0671834566565308,1.0557649242393934,1069,/tmp/ShineRunner-dd3665e1-faa6-464d-9256-e07a7e12406d,0
956,True,52.978038,15.582393,0.023247,0.021335,0.079230511188507,31.04097912311554,525.2598481860026,3.216097479119804,1.1473775966013815,1.2645347326622465,1105,/tmp/ShineRunner-5ec5f32d-5690-4d41-86bf-32caa27b381c,0
957,True,47.437842,15.707477,0.084752,0.07698,0.119427490234375,30.76085429191589,772.2742010206698,2.755226726806836,1.3161012500574312,1.033877886871129,1169,/tmp/ShineRunner-66386d39-780a-4135-94a4-2eff96fe4227,0
958,True,51.255663,17.641971,0.215194,0.202043,0.1329880038897196,33.01634268760681,816.4588146338103,1.867884702402832,1.3674465811551455,0.9416832151880028,982,/tmp/ShineRunner-32ef0126-1d3e-47fb-935f-97e58d12001e,0
959,True,31.426522,10.308044,0.005569,0.003587,0.1451605598131815,32.937925883134206,650.9636957212458,4.641144340268439,1.390647017715758,0.8774118876972774,1000,/tmp/ShineRunner-0ec0f897-f54f-45d6-82ea-015b43a4f54a,0
960,True,37.898609,10.582848,0.005371,0.003388,0.1729319771130879,24.0470676223437,545.2203634920663,4.546946955145152,1.0144997516022347,0.968579640628803,1003,/tmp/ShineRunner-4fc2ba8e-2994-4de9-aa43-82f8d1f11794,0
961,True,59.790843,19.392771,0.153833,0.143396,0.1724425315856933,32.96560600598653,968.063731687872,2.5267777636745143,1.191659911388705,1.3107799960741646,994,/tmp/ShineRunner-828d23bf-7107-40ad-b2d9-3f0fa9b31b73,0
962,True,47.703273,15.534283,0.029315,0.02648,0.1723323504130045,33.02629739046097,881.9616950032939,4.116676752653094,1.2460766077877146,1.2197154090658286,989,/tmp/ShineRunner-6067ad2c-bd6f-43b9-8231-e10c3853c70f,0
963,True,45.602932,13.781698,0.003786,0.004182,0.0095800518989563,30.959260483582813,559.4766553701056,4.634132993568461,1.160766495741166,1.225690448340214,1143,/tmp/ShineRunner-45acc338-0de4-4e8e-802b-ce06f223eece,0
964,True,55.877427,16.960531,0.01439,0.015554,0.002088991800944,31.099208104610444,581.4357502772774,3.61207312293218,1.1697388771044517,1.4684288742990654,1122,/tmp/ShineRunner-182b5727-f7c8-4b51-b753-78f079581384,0
965,True,44.901038,13.791063,0.03419,0.031008,0.0392775535583496,31.140548360347747,792.113930030609,3.8345694810863873,1.1480164314550128,1.059876845961794,1132,/tmp/ShineRunner-748f791c-a3fe-4ca2-a3ba-35aede602b21,0
966,True,34.566759,12.004632,0.019608,0.018646,0.0615252971649169,31.6624480287234,907.3192215589412,4.5712374645646205,1.3937949181146696,0.9296255414674972,1078,/tmp/ShineRunner-1f14cacf-64b4-4f1a-9159-3b164c44525b,0
967,True,43.958504,12.896223,0.013223,0.008527,0.0470545093218485,34.31219878594081,632.2699055756556,4.324505558699011,1.0897460361730438,1.089497551916979,835,/tmp/ShineRunner-b6cc84ca-4e83-435b-8d87-e862b72961ab,0
968,True,60.475832,18.066645,0.108098,0.112531,0.0560461242993672,36.2412433664004,730.6044429187868,2.4690184691880064,1.0257095772784646,1.2705851018564114,884,/tmp/ShineRunner-05a3f8da-58ab-40b4-bf9c-7ebf5b95976e,0
970,True,38.775901,11.039728,0.024961,0.023819,0.0530929883321126,33.24033586978912,733.6908007776458,4.052959176709625,1.008918391988494,0.8764007977360145,959,/tmp/ShineRunner-c4af4eb6-67c5-4a36-81bd-4bdf6c77c6ed,0
971,True,37.941231,13.278585,0.010489,0.006557,0.0818192998568217,36.143861309687296,547.599543480432,3.802510515462361,1.4883320391082946,1.0228284713403142,883,/tmp/ShineRunner-39d7c21b-89c4-4948-84c7-f0639cac1865,0
972,True,59.905045,18.883368,0.085422,0.086758,0.0785946766535441,31.789203556378684,875.9815607874577,2.9797692025577858,1.1422704375559127,1.4278977591410966,1072,/tmp/ShineRunner-03943fb8-97de-472d-8a98-a8530308bd0a,0
973,True,55.877913,19.260065,0.116608,0.115201,0.082783297697703,31.798676629861195,617.5485584403298,2.031508014273379,1.4545324072114745,1.1706794386995507,1073,/tmp/ShineRunner-0d45cf17-36fb-4162-99ce-1de5a573dc78,0
974,True,53.571248,17.75886,0.034376,0.03568,0.0873935341835022,30.975966290632883,641.6234666250571,3.070553335423293,1.3959872125706871,1.3486768765629995,1076,/tmp/ShineRunner-c9998d1a-25b2-4c8b-9087-535c1ffefd3d,0
975,True,34.228451,10.958993,0.015554,0.014584,0.032098110516866,31.796475128332773,888.7024191205887,4.876036274668256,1.250370593101171,0.9007282517858756,950,/tmp/ShineRunner-7bd6ac11-eaf1-41ba-9857-cd0960ecb680,0
976,True,36.161411,10.283759,0.004182,0.002593,0.1171466549237569,31.505551115671796,574.6870781840754,4.830818369980543,1.0892208809109154,0.9396793950296431,1112,/tmp/ShineRunner-6eb94d91-a6e2-4104-b8e2-d8e517dafc7b,0
977,True,44.273875,15.943324,0.085254,0.073388,0.1063739736874898,31.819787720839184,954.776121935675,3.183345338362715,1.425137149416861,1.0384135569140671,1044,/tmp/ShineRunner-33d4beb4-88d9-45ee-b01b-e0d152fb0344,0
978,True,37.670103,10.470743,0.006754,0.008133,0.1288145462671915,31.841716516017915,561.378966205743,4.256895757349588,1.076642158312247,0.9254878157104174,948,/tmp/ShineRunner-2bba8bc8-616f-4801-9092-d7358f32f4e3,0
979,True,47.644479,15.615259,0.009312,0.007543,0.013172713915507,31.91929003794988,599.8878258300288,4.138147915201956,1.3577035648079008,1.3172888027408791,953,/tmp/ShineRunner-2dad4074-fa23-4720-8a37-78d9881599bc,0
980,True,52.921673,18.723763,0.082737,0.06367,0.0475185394287109,35.22464651664098,719.1931292920965,2.695532157781593,1.4973508744675124,1.272218233885317,777,/tmp/ShineRunner-ad95bf03-73de-4245-9982-ed256e435a2b,0
981,True,52.999035,19.277873,0.204835,0.18354,0.0211618860562642,31.62542346318563,829.9978594005756,1.930913237006884,1.473767799832996,1.0564348419895755,1156,/tmp/ShineRunner-a3365cc9-28f8-4afa-a188-5f55f76ff977,0
982,True,44.44664,16.426255,0.041595,0.037165,0.0170508742332458,31.76670328378677,946.243844843663,3.8983219232606174,1.495903858248814,1.1719896681180706,1155,/tmp/ShineRunner-bb61266b-4d89-40a8-a9a3-5940c2cd63f5,0
983,True,53.45965,16.565902,0.00892,0.007937,0.0209349274635314,31.80398550828298,587.673255726961,4.221673540350359,1.1992533117371065,1.4932719201523377,896,/tmp/ShineRunner-e84c6b9b-aeb7-4c12-8471-d2e45f3171cb,0
984,True,61.238822,21.775957,0.176412,0.160087,0.0436674356460571,32.39700133403142,879.0438700426869,2.159914259771421,1.4853490121974515,1.4251847849255384,905,/tmp/ShineRunner-a998698b-cac2-43da-864e-de268395f2f9,0
985,True,45.390801,15.381602,0.098937,0.084919,0.0359200636545817,32.6839623093605,940.190150063846,2.9592818176900515,1.3108960149303783,0.9912310340506134,1104,/tmp/ShineRunner-702881ae-3158-4c48-bf4b-1202e9249718,0
986,True,48.791898,17.852942,0.113161,0.092559,0.0190730810165405,35.952202932039896,888.6715637645893,2.754678863994386,1.492770084747463,1.1254814193355571,755,/tmp/ShineRunner-4f759a7b-4f1a-4d42-8b67-516e70406cee,0
987,True,54.357465,17.950808,0.037536,0.032133,0.0219087998072306,33.49000917673111,789.008607903771,3.679014156191891,1.3246165776226544,1.458416086786863,1016,/tmp/ShineRunner-0d1237d8-3449-461c-b161-4a6ec801bce9,0
989,True,43.212843,14.939922,0.0198,0.018068,0.0435317834218343,33.39232372045517,741.286254293647,3.981961393621269,1.4260077584405846,1.1533540380324487,1043,/tmp/ShineRunner-00034a91-e34f-4180-ae14-f327c1f8f62c,0
990,True,60.296526,19.325869,0.085254,0.08122,0.0378206610679626,32.08766642014186,503.7535163999999,2.0789718615292445,1.3987554178403765,1.387421706364027,1175,/tmp/ShineRunner-cc5f0fa0-d275-4879-82d6-40c594b7a8b9,0
991,True,68.220953,19.76755,0.16833,0.174236,0.0279711683591206,32.49547154903412,582.6556616836456,1.7143240873608685,1.0801560124911291,1.396353210456359,1131,/tmp/ShineRunner-6fa6a7e9-613d-4dbb-9b1f-7ae9bcd5c7c2,0
992,True,48.405547,17.460432,0.140303,0.120802,0.0294460495313008,38.99883407354355,816.141406515105,2.3288805229090266,1.4609262250774977,1.0234095462256492,851,/tmp/ShineRunner-ed061667-6be8-4219-8ea0-6aeb42b5343b,0
993,True,60.475832,18.066645,0.111427,0.102173,0.0552240928014119,22.118527483940124,730.6044429187868,2.4690184691880064,1.0257095772784646,1.2705851018564114,1184,/tmp/ShineRunner-a3ae0bfb-c01a-4e46-8da1-2e971c461c55,0
994,True,52.664015,17.143402,0.097147,0.092559,0.0198629697163899,39.11218624909719,888.6793566638462,2.877710693666008,1.245303957755936,1.1708219663277486,839,/tmp/ShineRunner-68379634-8423-4e23-978c-66328795b664,0
995,True,61.511241,19.048003,0.195236,0.188575,0.0929397940635681,33.14421503941218,928.274011787279,2.237950922042812,1.0768064495303171,1.2205882855615566,1030,/tmp/ShineRunner-025f7c91-803d-474f-8bf3-b745ac945958,0
996,True,56.81027,18.649737,0.126485,0.119098,0.0248140136400858,33.124528193473814,866.2067514968938,2.536390277920422,1.2765519012056377,1.2578716866376498,1052,/tmp/ShineRunner-89a9b72c-f6a4-44f0-b743-1b4237571afc,0
997,True,48.791898,17.852942,0.099748,0.099586,0.0155920108159383,33.26360887686412,888.6715637645893,2.754678863994386,1.492770084747463,1.1254814193355571,1055,/tmp/ShineRunner-8b85fe8b-356d-41d0-9be1-944cb539490e,0
998,True,50.667997,17.754658,0.048525,0.048706,0.0084389368693033,32.29708141883214,989.1022153822806,3.87796271343063,1.382333614281,1.3338130643738486,1171,/tmp/ShineRunner-a5142dad-70bf-45a7-b34c-25b132e29133,0
999,True,53.519062,16.356457,0.103461,0.107143,0.011405877272288,33.5617156346639,616.2849702644369,2.217051964506563,1.1831962249131238,1.029246895088782,978,/tmp/ShineRunner-80ab9ea1-4d96-419d-adac-79238de14bc4,0
1000,True,54.435539,17.243284,0.083242,0.085923,0.0082070151964823,32.37657967011134,976.4612342427828,3.2842661247035654,1.1275534655136903,1.2378347098397553,1165,/tmp/ShineRunner-dbaae5fe-f991-4e04-9825-f35aada9ef64,0
1001,True,47.717231,13.43796,0.043977,0.048887,0.0016163428624471,35.787088485558826,531.0315532700777,2.6163529827606617,1.0645150285910208,0.906628697110303,850,/tmp/ShineRunner-2215d701-2735-4f37-8231-684c78f62556,0
1003,True,60.715399,17.38001,0.08341,0.081726,0.0017513950665791,33.20283498764038,555.8001841246133,2.291819263155684,1.030264225413268,1.2887328079269391,1083,/tmp/ShineRunner-a602c622-b0ec-4be5-ab0b-915aa216f039,0
1004,True,35.455079,10.715053,0.005767,0.004777,0.0133128801981608,27.487074422836304,548.1954810767496,4.571450544792904,1.2278881449168055,0.9416543553566612,1227,/tmp/ShineRunner-e01c4344-90da-4cf1-b706-036356250c88,0
1005,True,50.276669,16.150598,0.042696,0.040123,0.0105016152064005,27.50470248063405,879.259764917605,3.765637006184122,1.216046519887552,1.2391161884917103,1229,/tmp/ShineRunner-9d1065ec-912a-4e33-ace0-28d034993ed7,0
1010,True,46.173039,13.57919,0.00774,0.007149,0.006176471710205,35.31456985870997,643.2231134410275,4.669157088972919,1.0124297456931282,1.1886386296287772,956,/tmp/ShineRunner-e3141dac-d5ed-4905-ba7d-070fbfff2126,0
1011,True,60.047978,17.909163,0.054463,0.054284,0.0069189111391703,35.31474898258845,564.056816337773,2.581698126740496,1.1853990121162905,1.4487354921940212,902,/tmp/ShineRunner-4a9bca16-a1a8-43b9-a69f-837028f8f08b,0
1012,True,44.556941,13.069201,0.065421,0.055891,0.0030778884887695,39.818729031085965,570.7979442843873,2.572280698319145,1.19628635792096,0.8560344985523296,736,/tmp/ShineRunner-27587588-ac82-4214-8da1-65be9476e3c8,0
1014,True,70.275968,24.137969,0.256063,0.255509,0.0031687180201212,36.29649864435196,622.3982507750727,1.3095178765484663,1.4700095054037574,1.421592180023906,838,/tmp/ShineRunner-728a2d43-68c2-402a-b671-536855880d51,0
1015,True,53.506423,17.92834,0.021143,0.014584,0.0101089358329772,33.842048760255174,670.9634692728303,3.7576122496228974,1.403715802988141,1.4991203590467357,1066,/tmp/ShineRunner-edc8b20d-4b22-401e-872e-0dca0f7eba73,0
1016,True,52.027506,17.335713,0.218994,0.199359,0.006482175985972,32.16879024108251,937.287569927786,2.0930174412408684,1.2654251971439072,0.973884482705956,1137,/tmp/ShineRunner-1ee34ad3-85d0-441a-ad2f-36c19b688a28,0
1017,True,68.002035,20.737887,0.222274,0.218384,0.0014113823572794,34.078806567192075,726.9484410381499,1.690494076985976,1.1183311814987906,1.3222099961704123,963,/tmp/ShineRunner-a2574606-042f-44f9-b50b-379b26ebdca9,0
1018,True,61.345712,20.690399,0.210859,0.204202,0.0016231139500935,36.20820904175441,886.0524456772928,1.9682306436513717,1.3438325245830465,1.293784455838809,732,/tmp/ShineRunner-c1c9f67d-bc58-4013-b4d5-84986e4abf90,0
1020,True,44.092027,12.940196,0.010685,0.00774,0.0123731176058451,33.96381822427114,665.3678710274334,4.693692317392262,1.024284644923479,1.1225387236676965,1089,/tmp/ShineRunner-b7c7490e-8b90-4e2c-b564-1c2960275b87,0
1021,True,58.115966,17.852196,0.055713,0.052492,0.0104528268178304,34.15604161818822,683.3041924663062,2.9739207151513867,1.169228241648663,1.391135211301031,742,/tmp/ShineRunner-bba97d8d-dfd9-483a-af92-9ce696e91411,0
1022,True,59.130627,19.421894,0.147049,0.137634,0.0106847961743672,33.111642662684126,869.2553563433144,2.3738168981239607,1.2809094650314996,1.3038477745150825,1157,/tmp/ShineRunner-510d737b-3060-4b45-984c-8f8e9ce9f6f7,0
1023,True,41.940582,14.034082,0.005767,0.003984,0.0014273246129353,33.90932449499766,573.4318674107021,4.387524283930359,1.4115623049750474,1.1772592363849308,891,/tmp/ShineRunner-c090ec27-303a-4ba1-9c15-5f461afe363b,0
1024,True,45.896189,14.946824,0.037536,0.042146,0.0507943590482076,34.763406268755595,713.951606840675,3.2883452069611647,1.3173145587091315,1.0882676276098993,1019,/tmp/ShineRunner-9fbd3723-4b3e-4563-acb5-03555b1f680b,0
1025,True,44.890989,12.994601,0.03568,0.037721,0.0479684273401896,37.427012638250986,520.8070869309463,2.773559604675884,1.1649306061663929,0.9011669322062328,931,/tmp/ShineRunner-eec3f812-6913-4e66-adee-2b4892a004ba,0
1026,True,48.517688,14.537005,0.100072,0.102011,0.0436585426330566,33.553043115139005,598.3710903753157,2.2597063246852174,1.1970534912965594,0.8917760851183539,1121,/tmp/ShineRunner-29545ea9-8b07-4505-80a5-721ae0fe8212,0
1027,True,55.79695,18.883492,0.055713,0.049791,0.0427794178326924,34.78600399494171,658.9955484760247,2.8199154428978126,1.4375024711173043,1.395792138775544,969,/tmp/ShineRunner-359bae9f-fa4d-43ed-82f9-88e0d1ddf569,0
1028,True,61.238822,21.775957,0.17519,0.147921,0.0387907067934672,30.895191009839376,879.0438700426869,2.159914259771421,1.4853490121974515,1.4251847849255384,1205,/tmp/ShineRunner-561d6e9e-6d2f-46a2-b0eb-5e50d4930c34,0
1029,True,58.747813,18.983348,0.192506,0.175598,0.057507308324178,37.47020330429077,644.6600680511673,1.7343570026903596,1.2929806870480274,1.0869876717575302,873,/tmp/ShineRunner-4cb53af3-9745-4ad9-9fa7-d764bcc93a97,0
1030,True,62.589212,17.796415,0.095186,0.095023,0.0579888860384623,33.56682740449905,509.8832226713458,2.036806107755832,1.0989049236295985,1.3447059957808087,1161,/tmp/ShineRunner-4866dd09-e652-4de4-a262-902e208312d2,0
1031,True,51.23596,16.365048,0.059089,0.060504,0.0296803832054138,30.913533171017963,646.0296651572642,2.7568691865669805,1.293222586507398,1.1453029830954666,1039,/tmp/ShineRunner-27a37ae7-f6b3-4adb-a392-f54a7ba91752,0
1032,True,41.273801,13.187864,0.03363,0.033256,0.0332778612772623,30.894321338335672,916.1299006976004,4.140963172985928,1.1937391895150873,1.0018296727511709,1211,/tmp/ShineRunner-cc578b60-2983-46c5-8014-7c2830d10f5e,0
1033,True,58.078289,20.481395,0.099099,0.080037,0.030930205186208,34.75940951108932,994.5665013418028,3.046265483325173,1.4195348654408568,1.4932251650283908,1035,/tmp/ShineRunner-044d2c39-2f21-4277-8ce5-7ce8e20c8e23,0
1034,True,52.664015,17.143402,0.102817,0.093546,0.0588389555613199,33.74522851308187,888.6793566638462,2.877710693666008,1.245303957755936,1.1708219663277486,1139,/tmp/ShineRunner-d4bd2f05-a71a-4d3e-96a4-7e2f157b0a0d,0
1035,True,52.836101,16.42002,0.020952,0.019223,0.0585817694664001,34.77854599157969,760.1375573702845,4.119429807360881,1.157225345872101,1.386167653641548,1026,/tmp/ShineRunner-a87472db-a818-4fc7-8764-4b1493196b7c,0
1036,True,56.278299,16.988677,0.292886,0.278811,0.0585726579030354,30.994458889961244,777.2082760199668,1.5139559147467727,1.1265923030633007,0.8210382051328252,1142,/tmp/ShineRunner-c3838ebe-c8f6-4dfa-b59e-8a5359f12de3,0
1037,True,54.644889,16.22479,0.02076,0.022101,0.0589690367380778,34.02358767191569,656.9466849009946,3.867847293590377,1.0073414217800354,1.3790213971644805,1029,/tmp/ShineRunner-afd298dd-ec36-4329-ab0c-d47f5b79642d,0
1038,True,38.185813,12.72467,0.013223,0.010489,0.018821632862091,30.895728158950806,718.5759594361654,4.2637840626544845,1.3501325510011246,1.0186566489674287,1210,/tmp/ShineRunner-4c202976-c72e-4b30-886f-30dea78f8942,0
1039,True,55.041881,16.509267,0.133749,0.123268,0.0287916858990987,27.217163614432017,785.6163258713864,2.431554673094046,1.024627059963797,1.0615298969217002,1271,/tmp/ShineRunner-979318fc-4716-4fcc-a778-e5809af380cb,0
1040,True,44.454323,15.402401,0.00833,0.004777,0.0252149065335591,28.25387406349182,717.548530001519,4.966452481845683,1.4458386331274569,1.3240256136198645,1244,/tmp/ShineRunner-e454ad74-a1cd-4355-bcb7-b30475b4231f,0
1041,True,59.998057,18.376717,0.12618,0.118787,0.0256098747253417,28.381620077292123,723.0781377870153,2.276493394824523,1.1507560445739382,1.241197815183222,1223,/tmp/ShineRunner-4877fb91-e1d6-47bf-adce-e1a7736dd069,0
1042,True,42.026758,13.555382,0.042879,0.042329,0.0917145053545634,27.279891995588937,889.3754519828973,3.754316832299581,1.2246807510718942,0.9905690932916114,1226,/tmp/ShineRunner-077c7201-2d8a-413b-9e96-a82939fb73b1,0
1043,True,51.205387,16.831316,0.024581,0.018068,0.0811880826950073,28.333081698417665,640.6168919195042,3.501459592644368,1.3634973071434413,1.33805324434236,1239,/tmp/ShineRunner-dfe447f2-1f1e-43f8-a81c-447875a197ac,0
1044,True,30.3433,8.056574,0.004182,0.005371,0.1171045104662577,28.3692772547404,553.8704729779483,4.630452118605475,1.1151069954474404,0.8261887893233258,1240,/tmp/ShineRunner-270e7872-c859-46b1-8c92-a64e4ad29a5f,0
1045,True,58.379537,17.40865,0.046529,0.038646,0.1446486155192057,27.332765515645345,652.9783120753262,3.1485661033443426,1.088386391469616,1.399629998864663,1228,/tmp/ShineRunner-ba2e04d7-46ef-455e-8875-5744eb738c92,0
1048,True,45.006953,14.429861,0.0198,0.015554,0.1140690048535664,36.21113279660543,526.6909663135878,3.2010327908882736,1.3403572633997531,1.0755413197824195,968,/tmp/ShineRunner-58d2bbce-14f1-474b-b57c-5fa0c1c2f523,0
1049,True,45.617475,15.918377,0.0198,0.014584,0.1300602237383524,35.05106885035833,635.3793756589001,3.7235806680377377,1.4901023924493408,1.2280805241839488,1011,/tmp/ShineRunner-e3281532-3140-45f3-a2cd-a6c62928882b,0
1050,True,49.509858,15.38006,0.118787,0.106983,0.0522393266359965,34.989846293131514,662.9126790690759,2.2300227065534237,1.234777905637904,0.932629951359,908,/tmp/ShineRunner-df231e2f-d818-4753-8440-12eb5ac3ea61,0
1051,True,54.913376,19.27314,0.138674,0.137038,0.130967644850413,35.009295268853506,990.0135897770964,2.6176668268173557,1.392040474170704,1.2454858394754438,1014,/tmp/ShineRunner-06f45f8d-032d-4809-b401-23c744d6a6db,0
1052,True,47.854276,15.228501,0.11692,0.103782,0.10346227089564,33.9446369210879,732.5070659946365,2.3619854790792245,1.265943045673034,0.9310672612307392,1144,/tmp/ShineRunner-78b4bc99-4724-429b-b8da-11c6823edef2,0
1053,True,47.68527,16.521581,0.019223,0.015554,0.0969909230868021,34.63701994816462,738.7529368138664,3.950303278009634,1.4516639359820265,1.3044871627028465,1050,/tmp/ShineRunner-bb3fa3e2-faeb-4291-9d6a-c99b9baef02c,0
1054,True,38.185813,12.72467,0.014196,0.010293,0.133858052889506,34.56503947575887,718.5759594361654,4.2637840626544845,1.3501325510011246,1.0186566489674287,910,/tmp/ShineRunner-3d2572ef-8704-4a33-88dd-fd87a96ec538,0
1055,True,50.276669,16.150598,0.043062,0.039939,0.1412094354629516,34.01698160171509,879.259764917605,3.765637006184122,1.216046519887552,1.2391161884917103,929,/tmp/ShineRunner-99365839-0d94-4352-a222-48d7834bc1ee,0
1056,True,46.114972,13.878517,0.028372,0.027048,0.151334257920583,33.81652480363846,839.0470304399141,4.322433269754799,1.020126869969962,1.1147428818958764,1154,/tmp/ShineRunner-b6e80456-d64e-4966-9a16-217aa2060b12,0
1057,True,57.933875,18.521372,0.053389,0.059797,0.1736769398053487,37.740678028265634,954.2903453538036,3.678711388767298,1.1329349807297595,1.4784234641434066,925,/tmp/ShineRunner-285fa4f6-ec19-41e6-8529-a1c750c07b15,0
1058,True,70.275968,24.137969,0.26557,0.244371,0.1865169048309326,34.03051740725835,622.3982507750727,1.3095178765484663,1.4700095054037574,1.421592180023906,1138,/tmp/ShineRunner-4e1a025e-7f79-4381-ab2c-42bbb15edede,0
1059,True,54.740604,18.241994,0.061738,0.047982,0.0945427894592285,25.418852814038598,511.6137911733792,2.360270362992924,1.437553806661256,1.227159211103272,1167,/tmp/ShineRunner-df744c54-7af6-4e0e-afe6-531b9a2a50f9,0
1060,True,41.860494,14.549924,0.133749,0.116296,0.1858969171841939,35.13499439954758,979.2796066207228,2.722135122548761,1.3913676136251432,0.8579109999457071,934,/tmp/ShineRunner-e96461b6-9a6f-45f4-af85-fd71ae8042c8,0
1061,True,44.482098,14.44689,0.06367,0.056069,0.2086082498232523,31.336109721660613,621.2414265141664,2.711398962424687,1.3416291788294066,0.9597770128243944,1088,/tmp/ShineRunner-d28db495-a4f9-43c4-827a-232dc6e56180,0
1062,True,52.564824,17.827967,0.047075,0.043977,0.2215358893076578,34.09901129007339,893.4621887510692,3.525343769004942,1.3525826893131676,1.3465103217153775,913,/tmp/ShineRunner-11b8fc99-33f9-484d-a075-f4ff7a71e138,0
1064,True,51.597917,15.18985,0.02439,0.019031,0.132154647509257,34.67722588777542,555.3147337811016,3.328656861164504,1.120819454369543,1.1984484353014735,1092,/tmp/ShineRunner-26a75906-3472-4403-b19f-9b0cb6745eee,0
1065,True,50.393562,15.810567,0.013418,0.011467,0.1322344183921814,34.67729781866073,628.7259796619817,3.910247223507632,1.252089302195407,1.325186191563763,893,/tmp/ShineRunner-33c256be-2bef-4fb9-a91d-4873e4c805fd,0
1066,True,53.704716,16.346447,0.016909,0.02439,0.1332060813903808,33.9485178510348,795.0976913830631,4.337515465595028,1.002370696455937,1.3973586215396567,1093,/tmp/ShineRunner-7eb2ac07-7190-44e0-8973-111df53e7bc8,0
1067,True,58.34548,17.906695,0.145445,0.129981,0.2779854377110799,34.70905943711599,603.510270762406,1.9291149026480092,1.1970628885890489,1.0916267431484037,1084,/tmp/ShineRunner-a163298b-7909-4077-8ddf-3e74327119f8,0
1068,True,49.221108,14.683458,0.051773,0.0478,0.1969257434209188,28.586002365748087,792.0489844563679,3.4593250468412085,1.0422221605699449,1.0910651815194268,1230,/tmp/ShineRunner-473cb04c-f853-4649-8f8d-c527f3c72c55,0
1069,True,61.345712,20.690399,0.211232,0.206979,0.2240745027860005,35.163690340518954,886.0524456772928,1.9682306436513717,1.3438325245830465,1.293784455838809,1032,/tmp/ShineRunner-f9394675-5570-4ed4-953f-9665a6c9b658,0
1070,True,44.06569,15.480709,0.160228,0.157256,0.2999608596165975,34.73131271203359,988.95848953692,2.4109344096538634,1.3968410752799862,0.8593734906182825,1056,/tmp/ShineRunner-7149d03c-b28a-49a5-b58b-2048b0ea1d32,0
1071,True,30.98891,8.656942,0.003388,0.00319,0.2744895299275716,31.30376853942871,576.438561063168,4.650929776403698,1.170693533690864,0.8350746827878537,1146,/tmp/ShineRunner-3f47f9cc-8e6b-4832-92aa-aa4281235b4c,0
1072,True,42.020162,12.525159,0.033069,0.033069,0.2772013942400614,34.369286847114566,869.715734238255,4.123835005269181,1.0244818549116397,0.9641746053089092,1060,/tmp/ShineRunner-3b71184f-1dd0-4c65-a5b9-02fd9f2b58b7,0
1073,True,48.383166,17.431919,0.055535,0.045619,0.277924382686615,35.06662218173345,851.5167328494463,3.388587001504757,1.4909029737712678,1.2342503967606309,1049,/tmp/ShineRunner-4d92d065-04b2-455b-90b5-1154e9cd4784,0
1074,True,58.34548,17.906695,0.139267,0.133599,0.2752307931582133,37.877443647384645,603.510270762406,1.9291149026480092,1.1970628885890489,1.0916267431484037,784,/tmp/ShineRunner-9118ca6f-a557-42c9-830e-05ddd28efa59,0
1075,True,53.760782,17.537643,0.016135,0.013028,0.2750070571899414,31.29563561280569,577.1447460337739,3.605415394266801,1.3723810779539083,1.477256812703947,1207,/tmp/ShineRunner-3eb78de0-69a5-46d4-a7fd-5903187dfa0f,0
1076,True,36.498523,10.539328,0.006162,0.008723,0.3123745640118917,34.155885926882426,573.0866220963492,4.228522438007902,1.1551673369620372,0.9007103530797999,965,/tmp/ShineRunner-b32c60ed-6c0c-4ca6-bffd-6f6647b1af7b,0
1077,True,39.85274,12.293814,0.054999,0.053389,0.2315048615137736,28.618420060475668,886.006216055494,3.5113095579381493,1.186828864436855,0.8661266676430608,1246,/tmp/ShineRunner-0b58c6cd-6af4-44dc-9e14-87f902190c47,0
1078,True,43.270078,13.927869,0.012248,0.015554,0.228784163792928,29.609283542633055,879.211118592377,4.927035134368926,1.2096361939504026,1.1602081363198715,809,/tmp/ShineRunner-7a745b06-015b-4096-8514-66e71f7024e0,0
1079,True,39.605533,13.114937,0.023247,0.022101,0.2295209527015686,28.6189123471578,945.3962454392624,4.531165214670598,1.2594291801932245,1.021150336281555,1245,/tmp/ShineRunner-e03a73c4-0bbb-4734-8f3b-371fd7881fe9,0
1080,True,43.646402,13.241912,0.007346,0.006557,0.2304695844650268,28.618315132459006,658.5694464113576,4.792757338306878,1.1454589190700593,1.1605399904622002,1242,/tmp/ShineRunner-5ce9a514-7bf3-4ec7-8d14-5243124ce0ed,0
1081,True,53.283714,16.039784,0.007937,0.009509,0.2301839113235473,28.618244699637096,568.9987586739527,4.079247085142373,1.1353160761354302,1.4193943416544523,1179,/tmp/ShineRunner-2a43e71b-a17c-41ab-be9b-26e71db83215,0
1083,True,46.92745,14.968634,0.144129,0.131492,0.3109537959098816,35.24895457426707,877.6650863973723,2.508627720219409,1.2346634670952006,0.9054710816692682,1037,/tmp/ShineRunner-c07cf65c-b165-426f-9c47-ebdfd7fad891,0
1084,True,56.539806,19.078508,0.238385,0.224445,0.0551156004269917,31.52236959139506,926.6723355720296,1.9153520649231843,1.2951601254415746,1.0778580474234838,1064,/tmp/ShineRunner-3c435986-ec10-4b73-a33c-6ad2023b36a1,0
1086,True,36.923971,13.457683,0.035308,0.028372,0.0827377438545227,36.26162852446238,891.3120523147734,4.098505291525578,1.4730135314086652,0.9773683476874312,986,/tmp/ShineRunner-92dd7d26-874d-4384-a0b3-7160b7bdaf8a,0
1087,True,46.749252,16.082237,0.005569,0.003587,0.0954578200976053,37.53721302350362,622.1025003829441,4.615756075124359,1.461937249749253,1.3903260200333851,870,/tmp/ShineRunner-57e6c4d2-4b9b-4851-87f3-3eac1e7c3600,0
1088,True,67.539463,20.281816,0.24208,0.245283,0.4106568376223246,28.925028884410857,639.056678435744,1.489187647240103,1.0928830674355436,1.165408610956559,1124,/tmp/ShineRunner-db7d8ddd-2430-4f64-93ee-51387764a88e,0
1089,True,42.884055,13.955219,0.002195,0.0002,0.1003210028012593,26.39719045559565,553.2097659356914,4.99606081408665,1.3328423680532684,1.255087510891158,1002,/tmp/ShineRunner-88b94b4b-b99e-4db8-959d-85f64f30a672,0
1090,True,57.360536,18.444714,0.137038,0.124036,0.0999685287475586,36.26792608102163,928.7860720612788,2.63631720861147,1.1925447480501767,1.247694289865977,976,/tmp/ShineRunner-0e9c69e6-5993-4df8-a721-b030d89e1e1a,0
1091,True,58.999758,19.06106,0.05696,0.048163,0.0880111416180928,37.31485488414764,650.4743458904699,2.7497697995467467,1.331432106381791,1.468936279932879,955,/tmp/ShineRunner-bde4aa80-1c6d-4937-b415-23545bcc3d6c,0
1093,True,56.176646,20.043815,0.266755,0.251273,0.2112215956052144,31.405667984485625,835.8064044279294,1.6456967987866284,1.4263905648159565,1.04362199638666,1063,/tmp/ShineRunner-818a0247-00c1-4c96-8f87-6a70ff23638a,0
1095,True,48.866612,15.860695,0.013418,0.013807,0.0880221048990885,25.70535709063212,671.2018384053143,4.095610934181892,1.311354372494104,1.3255870093214015,1147,/tmp/ShineRunner-41940373-e329-402b-96ce-a87961cec8cd,0
1096,True,46.935265,15.949468,0.008133,0.004579,0.0158206780751546,32.056446611881256,528.6159700766302,4.124240956023376,1.4638977150861403,1.3404758793730664,1007,/tmp/ShineRunner-6b0310f4-0926-4d0c-a1ff-c5a6857b0219,0
1097,True,61.880115,20.53582,0.157256,0.144568,0.0157546599706014,32.0623627503713,708.3329990199401,2.014801001859958,1.3744103898335274,1.360972603689906,1186,/tmp/ShineRunner-53ddfc29-d755-499a-a8c0-8208905dfa75,0
1098,True,63.25501,19.026168,0.217527,0.214824,0.0277867277463277,36.63042187690735,521.737531006396,1.398593002224706,1.118372435552198,0.9745713030825482,970,/tmp/ShineRunner-060443c0-5421-4187-9f5c-a145b8b6fdc8,0
1099,True,37.06728,12.140889,0.013223,0.01088,0.0277312755584716,36.85975838104884,517.4191751399578,3.469933468449764,1.4115636587080933,0.9176005940045098,890,/tmp/ShineRunner-c657805b-4264-4860-9812-476b5954fafd,0
1100,True,44.212576,12.752917,0.03568,0.033816,0.0276585737864176,36.853031929334,693.9208475818249,3.4199099921791016,1.005363822487838,0.946340361021569,733,/tmp/ShineRunner-b5697c21-dd3f-4eab-91da-d2c9b78792d6,0
1101,True,50.393562,15.810567,0.017682,0.01439,0.0279673258463541,32.03730738560359,628.7259796619817,3.910247223507632,1.252089302195407,1.325186191563763,1193,/tmp/ShineRunner-ff9d44c4-6e84-4d08-9dbd-51c2c76d0c77,0
1103,True,60.350769,19.062263,0.096494,0.090413,0.0371244708697001,26.277255896727244,996.5422909652532,3.1724108701903284,1.0634549877592565,1.4281115398278654,1103,/tmp/ShineRunner-ddfb8b17-32b1-47ed-a95d-28814f8cb86d,0
1104,True,52.418024,17.24185,0.201533,0.185402,0.055674389998118,34.93631756703059,549.9312385803647,1.4993484151582883,1.371800182553826,0.8161980662073626,1117,/tmp/ShineRunner-225ad42c-9b9e-43cd-8437-4b4cfea614ae,0
1105,True,51.968233,19.119011,0.251049,0.232658,0.0555074334144592,34.96449075937271,873.394805674513,1.7548262700606043,1.4684065752668896,0.9686794025039792,947,/tmp/ShineRunner-df7de371-5d54-42cb-ba1f-ef87bac4373d,0
1106,True,46.05993,14.375943,0.006359,0.003984,0.0562545935312906,24.5188981294632,660.2455808390081,4.894964919043514,1.1998380675818183,1.27979940453271,1166,/tmp/ShineRunner-3c97d519-cd67-4e2f-a6c7-f4afdaff376e,0
1107,True,53.731555,19.358286,0.083914,0.075273,0.0560631155967712,35.17716755867004,983.1159560715907,3.222587234231241,1.4665116108001055,1.3630526409290795,958,/tmp/ShineRunner-fc78074d-8c7d-464a-ae7a-571fffc3b7f3,0
1108,True,45.267225,14.37774,0.023819,0.019223,0.0143840710322062,21.87186235189438,866.7474522814149,4.464809228767527,1.1895263475186526,1.1619136407946005,1114,/tmp/ShineRunner-5b421156-d49f-4f01-a58f-9bf962c433e0,0
1109,True,44.847625,12.9259,0.011272,0.012248,0.0133602976799011,22.831311802069347,569.1645350580246,4.007077965205426,1.0578520836547147,1.0730438131095703,1176,/tmp/ShineRunner-6b100b78-546a-44df-afda-800bb9ad903c,0
1111,True,35.817141,12.480961,0.00774,0.007346,0.0182252923647562,25.847721095879876,721.9714431979882,4.718124997517194,1.4269921880736145,1.025550971676057,1168,/tmp/ShineRunner-b9caaa8c-12fa-4205-a829-cdc997f61bcd,0
1112,True,50.58445,18.363211,0.210111,0.193678,0.0261417229970296,32.28335349559784,992.3247668088218,2.1907587460124773,1.4065796729100564,1.0228793824799218,1096,/tmp/ShineRunner-2218f2d7-d277-40a9-a8d3-fa9ee91a77b1,0
1113,True,66.047477,19.329842,0.131341,0.127704,0.0114883303642272,26.911239739259084,620.6860308133314,2.0189663275421275,1.0777207820417112,1.4120200557035651,1075,/tmp/ShineRunner-6c268ce3-721d-4418-b1b9-0a379261c437,0
1114,True,42.590215,12.542367,0.075444,0.076127,0.0133969028790791,32.2814424832662,727.5589212058812,2.870786325531294,1.156284974514292,0.8356723378024202,1082,/tmp/ShineRunner-2df60c34-34c5-4634-b7ba-8c6f10f04f61,0
1115,True,53.993798,15.764146,0.16276,0.162479,0.0308379014333089,25.298375125726064,682.096008886027,1.9835359128987569,1.0788058243124998,0.9034483607795342,1293,/tmp/ShineRunner-568a6e36-4333-4903-aba8-aea24ec023e3,0
1116,True,54.357465,17.950808,0.034935,0.030632,0.0298892021179199,23.141376252969103,789.008607903771,3.679014156191891,1.3246165776226544,1.458416086786863,1316,/tmp/ShineRunner-5935fd9e-e8ff-4634-85ea-3ac48ca83e44,0
1117,True,42.026758,13.555382,0.04943,0.041778,0.0210534930229187,35.739349246025085,889.3754519828973,3.754316832299581,1.2246807510718942,0.9905690932916114,926,/tmp/ShineRunner-55907eb7-a79e-42f3-9bdc-90dc7a14eab4,0
1118,True,44.798294,15.254669,0.059443,0.055356,0.0238956252733866,35.7864283323288,998.7900186314588,3.6838764445308976,1.297606420206686,1.0746583650452557,1068,/tmp/ShineRunner-aafff581-99eb-43a6-a408-d20ccf1fc92d,0
1119,True,55.951436,15.933953,0.021718,0.017102,0.0151469906171162,36.22073134183884,527.2501574956478,3.311759467681145,1.0211752757900836,1.418901997956772,1012,/tmp/ShineRunner-ae797d91-c80b-49c7-b8d1-d5897047ad20,0
1120,True,53.563903,16.117212,0.023247,0.021335,0.0100260257720947,32.37720318635305,610.398960604467,3.486725068018279,1.1445417908190958,1.314307591546406,1199,/tmp/ShineRunner-8b946ea9-3928-4b2b-94f1-06bfcae9cf16,0
1121,True,49.356998,15.732151,0.016522,0.011076,0.0454918503761291,35.05271415313085,545.8618395295033,3.5369556618457354,1.327758869171526,1.2640367999470667,1160,/tmp/ShineRunner-c0479a5c-a378-4c56-8907-e809d4e277a2,0
1122,True,50.949508,17.834745,0.079359,0.062793,0.0122910936673482,29.80154821475347,743.3291654190801,2.7591107751598924,1.4689132274874914,1.2002096366632529,1235,/tmp/ShineRunner-3f6f270c-6fc2-42dc-8ec8-d02a9970c4b9,0
1123,True,35.094225,12.435436,0.04489,0.038277,0.0263725360234578,38.242664603392285,981.6056117746898,4.04082275124798,1.4334007191309632,0.8798728498285461,751,/tmp/ShineRunner-6a345c5a-e6e8-44c5-83f6-0560a99da927,0
1124,True,41.734591,12.899155,0.005569,0.005371,0.007605489095052,23.865624964237213,506.2349389706066,4.102525647765665,1.260115033522997,1.0855730012523956,1110,/tmp/ShineRunner-eed3ae83-5964-466b-9be6-57c9b78fda07,0
1125,True,43.270078,13.927869,0.015554,0.013028,0.00137779712677,23.366088422139487,879.211118592377,4.927035134368926,1.2096361939504026,1.1602081363198715,1109,/tmp/ShineRunner-f8ad972b-3af6-4fa5-a14d-fc85ba5954ac,0
1127,True,41.273801,13.187864,0.034749,0.031946,0.0278337081273396,36.58702948888143,916.1299006976004,4.140963172985928,1.1937391895150873,1.0018296727511709,911,/tmp/ShineRunner-24d7bbdc-cad0-4d44-ac32-3a7e62546dd1,0
1128,True,52.318533,17.873742,0.035866,0.031571,0.0298273921012878,36.58679107824961,837.6528143337421,3.738336063771472,1.3868603413758132,1.405819583638964,1059,/tmp/ShineRunner-c043c99a-6db7-41a5-a5c3-c75eb765e3b7,0
1129,True,60.458333,20.394174,0.280161,0.26308,0.0110934575398763,31.52303276459376,563.0131708733132,1.2323621104043505,1.3465477134648507,0.9210607555094548,1101,/tmp/ShineRunner-3cbed49a-66b6-459d-9b0b-4a274a590148,0
1131,True,41.860494,14.549924,0.132697,0.120493,0.0115243792533874,30.549381784598037,979.2796066207228,2.722135122548761,1.3913676136251432,0.8579109999457071,1234,/tmp/ShineRunner-b4373e0f-4195-4d94-9720-32e9eb9fd607,0
1134,True,47.210419,14.188137,0.025911,0.020184,0.0206113179524739,36.76540705362956,810.9488866876229,4.375751340349222,1.0022500624698296,1.1602405394814448,1061,/tmp/ShineRunner-cb7aa2f0-d712-48b1-a861-27c84c8d85e9,0
1135,True,45.589617,15.893491,0.042146,0.029315,0.0217106938362121,19.923366423447927,704.5699888123986,3.247808925817917,1.4676906847832474,1.1273481796386176,1120,/tmp/ShineRunner-50dd3e3b-1ccc-4a45-90c8-18da0bb6b94b,0
1136,True,56.579081,17.371162,0.02856,0.021143,0.0205712080001831,23.170901556809746,689.7320398634645,3.61727072000616,1.1484382372856428,1.4642005487007383,1279,/tmp/ShineRunner-98bdf0b0-b2e4-4ec7-8d2c-e6b53535b689,0
1137,True,48.791898,17.852942,0.106983,0.098124,0.0203179677327473,18.670942123730978,888.6715637645893,2.754678863994386,1.492770084747463,1.1254814193355571,1355,/tmp/ShineRunner-44a2b688-c64c-4799-8bc9-3060b2f381c4,0
1138,True,58.143687,17.674987,0.096984,0.097636,0.0205917477607727,24.1779084444046,740.3038154711533,2.6083896558627955,1.1201131380745015,1.2513734360515034,1172,/tmp/ShineRunner-51429511-1fe3-4dbb-b3b2-188e3fb50377,0
1139,True,67.724214,20.873488,0.289672,0.304106,0.0216795365015665,19.885251998901367,559.6087630988723,1.1900162834401675,1.139037772890629,1.013293222632582,1318,/tmp/ShineRunner-547fd542-2fe3-4baf-848e-1a375e59a39e,0
1141,True,43.212843,14.939922,0.017102,0.015166,0.0230747024218241,19.9336941242218,741.286254293647,3.981961393621269,1.4260077584405846,1.1533540380324487,1343,/tmp/ShineRunner-195dd9c5-321a-4679-8943-44ca7522286b,0
1142,True,51.545891,15.643363,0.04489,0.040123,0.0271208564440409,24.183186050256094,574.219494960029,2.836752049166545,1.202017195370383,1.1319181106378329,1317,/tmp/ShineRunner-138ef501-9b79-4657-be21-975060acca39,0
1143,True,48.383166,17.431919,0.050693,0.045255,0.0273086945215861,18.89387898047765,851.5167328494463,3.388587001504757,1.4909029737712678,1.2342503967606309,1349,/tmp/ShineRunner-9c8fad65-3152-4cd3-a7e0-51fdf052bd7c,0
1144,True,46.749252,16.082237,0.006162,0.004182,0.0235876560211181,22.991715256373087,622.1025003829441,4.615756075124359,1.461937249749253,1.3903260200333851,1170,/tmp/ShineRunner-d4836b6e-522f-4372-b486-9ce52ea5c0ca,0
1145,True,51.23596,16.365048,0.060327,0.056426,0.0240591287612915,20.201527269681296,646.0296651572642,2.7568691865669805,1.293222586507398,1.1453029830954666,1339,/tmp/ShineRunner-e286b06d-ea29-4dac-b618-1c36ff787205,0
1146,True,45.26719,14.048936,0.024961,0.023056,0.0261363665262858,21.96226910352707,929.4914302788568,4.615364074224497,1.1060737037616506,1.1288606217223796,1113,/tmp/ShineRunner-f423fa37-ea36-42f6-b32c-6b74383543bb,0
1147,True,57.777737,20.463099,0.19859,0.185933,0.047899846235911,30.66094162861506,869.2901932286914,1.9954739529719068,1.4450097285588477,1.2156813836199134,1100,/tmp/ShineRunner-2524847b-7b8a-4f77-a81d-9bf59ee1f135,0
1148,True,46.674326,14.747601,0.012638,0.011662,0.0236727317174275,36.0825834830602,754.4670758756771,4.591179838401838,1.2096504939639052,1.2529502587003276,1158,/tmp/ShineRunner-f22e56c7-b912-473c-87b2-9b2e616df3d9,0
1149,True,46.12582,15.544289,0.004975,0.003388,0.0213231563568115,36.2587291876475,552.3075484023876,4.577482479863376,1.432786269660514,1.3586682050728331,1116,/tmp/ShineRunner-046b310b-670c-4aeb-a4e9-a543ea72fe59,0
1150,True,43.349678,13.835782,0.005173,0.004975,0.0237494826316833,36.143599434693655,548.4889443527396,4.321506614329427,1.3083780895386543,1.1796550816115434,1130,/tmp/ShineRunner-22145c02-b3b5-4880-8e49-c91ef4201f28,0
1151,True,52.564824,17.827967,0.049971,0.046711,0.0065692106882731,30.930931711196894,893.4621887510692,3.525343769004942,1.3525826893131676,1.3465103217153775,1213,/tmp/ShineRunner-b6158b1d-25a1-4fbc-990d-9ab7f24930c6,0
1152,True,44.212576,12.752917,0.040491,0.03957,0.0063301682472229,37.27468301852544,693.9208475818249,3.4199099921791016,1.005363822487838,0.946340361021569,1033,/tmp/ShineRunner-0c566463-80b9-4fd6-9172-a00b65b59a92,0
1153,True,46.92745,14.968634,0.140303,0.132547,0.0191626628239949,20.094960232575733,877.6650863973723,2.508627720219409,1.2346634670952006,0.9054710816692682,1337,/tmp/ShineRunner-9d151178-ce57-417a-8733-adae0d15c79c,0
1154,True,44.80073,13.992311,0.006557,0.004975,0.043758471806844,36.858819957574205,627.1317418770786,4.642692195971796,1.2272287151493289,1.222397118033325,1095,/tmp/ShineRunner-959802df-ed07-480a-8d31-ad1db19deb22,0
1155,True,44.556941,13.069201,0.066468,0.053568,0.0103604674339294,37.434863432248434,570.7979442843873,2.572280698319145,1.19628635792096,0.8560344985523296,1036,/tmp/ShineRunner-f5c356a1-5eb8-4e17-b453-a0e6b497016b,0
1156,True,57.164917,16.690069,0.051953,0.048163,0.0116569439570109,37.76124287048976,564.9607526677358,2.6931016753941086,1.113454674525442,1.268869796277757,909,/tmp/ShineRunner-50e8c803-9239-4825-aaab-2beb0c8e95d4,0
1157,True,33.37999,11.921624,0.020376,0.016135,0.0018552184104919,33.6664969642957,937.5420995270412,4.892620841644958,1.436429479387089,0.9346104753245932,1198,/tmp/ShineRunner-abd528f6-cfbc-4232-a933-b5a3dbee9a56,0
1158,True,59.763756,20.395117,0.132095,0.132998,0.0190713047981262,26.008961876233418,777.4262346957416,2.232058048994731,1.4148948715662066,1.3657760304450113,1241,/tmp/ShineRunner-3736f9cf-5c83-4cf2-9282-f2902ccdb4ba,0
1159,True,45.409293,15.738648,0.140746,0.121111,0.0193286538124084,31.15809872150421,832.1567701636937,2.38810219033631,1.4070101923330174,0.9168810439353928,1220,/tmp/ShineRunner-556d0bfc-6bd0-41de-893b-7a49defbf067,0
1160,True,54.12012,17.114021,0.054999,0.051053,0.0121772766113281,23.87312556505203,711.7476973398269,3.0296136856610523,1.2503830745401392,1.2803140409306053,1181,/tmp/ShineRunner-9fc6d39c-f1b1-4797-bdf8-f254717f3413,0
1161,True,57.465599,19.79829,0.194977,0.169573,0.0120543400446573,23.87314625581105,826.2165282605158,1.99134226802579,1.393716110992977,1.1844010685197757,1323,/tmp/ShineRunner-d5004b2b-9b7c-4490-b2fc-7558230144c8,0
1162,True,41.48578,14.835853,0.018838,0.01826,0.011969236532847,22.052463070551557,868.3528442411101,4.500172701584314,1.4605285986475958,1.1525430476281695,1325,/tmp/ShineRunner-011b5fcb-fa72-4554-a664-0165b7bd4022,0
1164,True,49.161305,16.625756,0.016716,0.012053,0.0628428816795349,34.405110851923624,676.6688475342339,4.06484104837861,1.416060037640993,1.3748615506184918,1185,/tmp/ShineRunner-1d5944cd-d023-4830-9ea4-3268e82cffd0,0
1165,True,47.717231,13.43796,0.051593,0.054463,0.0352749466896057,36.87740467786789,531.0315532700777,2.6163529827606617,1.0645150285910208,0.906628697110303,1150,/tmp/ShineRunner-1c12a394-d340-4a7b-b732-fc8b1da84184,0
1166,True,30.101536,10.562131,0.015554,0.00833,0.036672818660736,36.56265725294749,809.8342629849308,4.704763442618314,1.4904105727665171,0.8487484456139763,1178,/tmp/ShineRunner-f52ee5c1-2420-40fe-b2cd-e7cac57a36d3,0
1167,True,51.909333,17.319736,0.062441,0.05321,0.0370155930519104,37.24076556364695,786.2289665610579,3.0893963619004525,1.3510010905551857,1.253563937540847,1022,/tmp/ShineRunner-f8d79d74-78a6-4cf0-aee0-08ed9005e35b,0
1168,True,48.093501,14.649875,0.057493,0.051773,0.0359272599220275,38.39059544801712,518.0299171386819,2.4409601942901857,1.2370663375450852,0.9579150077429476,1021,/tmp/ShineRunner-bc234d0f-05b4-4de2-ac33-74909825b5e3,0
1169,True,58.648824,19.332862,0.24185,0.236641,0.0354847828547159,38.39066960811615,704.3915547143486,1.5575655174666327,1.294153124204504,1.0219286379220665,1020,/tmp/ShineRunner-32b8b3a1-f4b6-46f0-8f2a-43622c05af63,0
1170,True,57.67573,18.844986,0.102978,0.099099,0.0368565042813619,38.39069981972376,834.2014808952358,2.6728233070297835,1.2826180532405944,1.3354992001912178,615,/tmp/ShineRunner-7e30ac84-7075-4d8d-974c-70468c06fa9f,0
1172,True,58.812297,20.606161,0.288762,0.281299,0.0031685511271158,38.2196957230568,500.83035383740025,1.0931096323942693,1.4313822818704391,0.8008631437583358,1085,/tmp/ShineRunner-2576349f-d01d-4eb9-a47e-6e24d7a31254,0
1173,True,38.698633,11.013065,0.006754,0.007346,0.0032593965530395,24.971968241532643,590.463326115434,4.591255937487346,1.0223245444871394,0.9629965994605943,1038,/tmp/ShineRunner-f6616814-61f5-46a2-96f7-586956e75c3e,0
1174,True,43.496809,15.23154,0.043428,0.038646,0.0105823953946431,37.53690729141236,994.3019492597882,4.200554622296997,1.3708073163657577,1.128131507909767,1145,/tmp/ShineRunner-d33d3dad-8b29-4858-8781-6a592a87bb69,0
1175,True,58.379537,17.40865,0.037165,0.044708,0.0102259119351704,37.68806454737981,652.9783120753262,3.1485661033443426,1.088386391469616,1.399629998864663,928,/tmp/ShineRunner-822af0ac-5245-4209-b79f-6f8c9810373b,0
1177,True,54.420263,18.231929,0.11692,0.106025,0.0107807358105977,34.82389399607976,863.0900641919505,2.6288374926815936,1.3299756505646394,1.2197867497011932,1152,/tmp/ShineRunner-58d516b9-53ac-4aed-a937-5f9a98da1670,0
1178,True,35.384767,9.96859,0.009116,0.009116,0.0108003656069437,37.772192521890005,637.4125253775335,4.500853273556225,1.0937968409697456,0.8593681138650342,1065,/tmp/ShineRunner-5e348f9e-b0e3-4402-b16b-1fb2178fd358,0
1182,True,55.951436,15.933953,0.021526,0.018068,0.0638766050338745,26.618383463223772,527.2501574956478,3.311759467681145,1.0211752757900836,1.418901997956772,1312,/tmp/ShineRunner-9ec92d72-546e-4b79-bbaa-a6ac44eac1d4,0
1184,True,45.617475,15.918377,0.018453,0.015554,0.0643425504366556,26.61828472614288,635.3793756589001,3.7235806680377377,1.4901023924493408,1.2280805241839488,1311,/tmp/ShineRunner-9c3ef741-068f-4a8e-a1cf-90f90f43dfd1,0
1185,True,38.698633,11.013065,0.006951,0.005569,0.0641122063000996,23.43101376692454,590.463326115434,4.591255937487346,1.0223245444871394,0.9629965994605943,1338,/tmp/ShineRunner-96dc75d3-5ba7-49d9-9f4c-90eb35daaf65,0
1186,True,49.823654,15.327323,0.037906,0.039016,0.0646018743515014,24.905674914518997,715.709097589945,3.3544549161406514,1.1803286672251272,1.1589174712247308,1324,/tmp/ShineRunner-45ce3af4-431f-4bdd-9c9d-0f719fdd94d5,0
1187,True,55.414279,17.711937,0.136442,0.117387,0.0136846502621968,35.36633066733678,958.174009769089,2.716005884520346,1.1641806025023445,1.1748043528810022,980,/tmp/ShineRunner-4fcc5068-6332-4a5d-bea9-13c8f4df035d,0
1188,True,53.078796,16.103721,0.015942,0.012833,0.0143382271130879,35.367054561773934,745.628723195683,4.529336485959734,1.071954348039279,1.4153481457612722,1187,/tmp/ShineRunner-5f455e41-c990-48b3-a787-2054d653baf9,0
1189,True,45.918295,14.658189,0.164578,0.15168,0.0236530741055806,24.862255414326984,790.5305698501975,2.1262271399532837,1.2954577457407084,0.8159627097207883,1233,/tmp/ShineRunner-01e24e40-5e6f-45d5-8a40-9e2d5d9c0ddb,0
1191,True,61.213256,20.462816,0.08341,0.064371,0.0236028273900349,24.862303431828817,559.8362779324472,2.205645188744312,1.479214590450486,1.496825130808546,1331,/tmp/ShineRunner-4f57fae5-181a-4dbf-bac9-11bb64f7fa44,0
1192,True,54.644889,16.22479,0.0198,0.017102,0.0234862883885701,24.862352832158408,656.9466849009946,3.867847293590377,1.0073414217800354,1.3790213971644805,1329,/tmp/ShineRunner-413ebc2d-8f43-451b-a66b-17b03878f173,0
1193,True,62.595331,19.424117,0.215071,0.202806,0.0234555800755818,24.98283258676529,736.7447005284769,1.774692917604332,1.1657844986712762,1.1644706817300765,1236,/tmp/ShineRunner-ffbb5d29-b66f-444f-a494-7b3ce0e35a1b,0
1194,True,61.345712,20.690399,0.213465,0.195754,0.023888087272644,24.862356833616893,886.0524456772928,1.9682306436513717,1.3438325245830465,1.293784455838809,1332,/tmp/ShineRunner-fb25ca72-93da-4ead-857d-d2823d613d2e,0
1195,True,49.297213,15.816207,0.021526,0.0198,0.0235274672508239,20.923119954268135,984.9075583527848,4.932143558299148,1.1441141227439526,1.313627448206541,1353,/tmp/ShineRunner-17f75058-e053-4c49-8e29-2c90c1ab348f,0
1196,True,59.998057,18.376717,0.128312,0.122961,0.0316247781117757,41.86876016457875,723.0781377870153,2.276493394824523,1.1507560445739382,1.241197815183222,923,/tmp/ShineRunner-2e59c514-312f-4d1e-909a-6790c97d26ae,0
1197,True,53.338127,15.371981,0.054463,0.051053,0.0315284172693888,42.01837107340495,515.4089172839697,2.5215565126223947,1.1072923364097649,1.0859700506072454,917,/tmp/ShineRunner-0c13f34b-077e-4341-9675-fc0c69710b98,0
1198,True,62.595331,19.424117,0.205087,0.214824,0.0320679823557535,35.44386310180028,736.7447005284769,1.774692917604332,1.1657844986712762,1.1644706817300765,636,/tmp/ShineRunner-5df336c3-328c-4b12-9344-b9666b742121,0
1199,True,61.66149,20.802216,0.292686,0.262319,0.0102401177088419,38.6938739657402,936.9442489519008,1.7161238288720453,1.3053850666177091,1.187478588062728,1107,/tmp/ShineRunner-59bf378f-60c8-42fc-a404-0c611cbb5172,0
1200,True,58.115966,17.852196,0.054105,0.050152,0.0274622559547424,19.97318121592204,683.3041924663062,2.9739207151513867,1.169228241648663,1.391135211301031,1342,/tmp/ShineRunner-74c82a54-a3c4-4933-8068-69131e1aeacd,0
1201,True,54.659607,16.283814,0.129223,0.127856,0.0337554216384887,21.407806122303008,527.7839584534389,1.8346903189880857,1.1670650202507729,0.9210961116341156,1328,/tmp/ShineRunner-4b809c72-4d90-4046-ba92-d44e3b291933,0
1203,True,52.629659,16.674803,0.025531,0.02076,0.0277742226918538,33.043199042479195,646.7968788833418,3.5124326647983386,1.2785160761706391,1.3487287463744897,1219,/tmp/ShineRunner-effe0d70-401c-4d36-af59-8cccf5c995c1,0
1204,True,44.890989,12.994601,0.037906,0.036052,0.0279338081677754,33.043175196647645,520.8070869309463,2.773559604675884,1.1649306061663929,0.9011669322062328,1231,/tmp/ShineRunner-f73c2c4b-9a39-42f5-a485-10ada059f2c3,0
1206,True,48.841905,16.300404,0.006951,0.00319,0.0661612073580424,35.88829518953959,688.1797367404131,4.941178797667017,1.3588801180018215,1.4658362620026888,996,/tmp/ShineRunner-78a6921c-45d0-4fe0-a8bb-77cc52afb351,0
1207,True,40.376072,13.831204,0.01088,0.010097,0.0661291758219401,35.87535076936086,776.49653262645,4.719015942089234,1.390150746954696,1.1355586948871783,995,/tmp/ShineRunner-9ba5ec75-2c21-4340-8bd1-4e7970450824,0
1208,True,71.395872,21.738242,0.266647,0.264706,0.0266603589057922,38.51692407925923,535.9110702514422,1.2062915580823428,1.1522332632380166,1.1870287778451232,1129,/tmp/ShineRunner-57583513-e72b-42d3-9f32-5d19cfd40af8,0
1210,True,48.81502,17.130182,0.020376,0.018453,0.0363476792971293,38.96502991517385,777.730855068882,4.1290630627371865,1.4623508336099444,1.375808163432202,1057,/tmp/ShineRunner-f918076f-dc20-47e8-958b-39801b312ca4,0
1211,True,57.164917,16.690069,0.054642,0.049791,0.0273414134979248,20.729028856754304,564.9607526677358,2.6931016753941086,1.113454674525442,1.268869796277757,1209,/tmp/ShineRunner-2cad3829-6812-4f42-a699-a48e62158d3a,0
1213,True,45.221722,13.827172,0.023247,0.016909,0.033039633433024,20.77928213675817,568.6056288953062,3.475575233052031,1.2243647536006252,1.0750427236879518,1197,/tmp/ShineRunner-bfd66c68-d54d-48f4-8776-c1b7bff4a2ee,0
1215,True,49.509858,15.38006,0.118787,0.105866,0.0369451761245727,21.07408800125122,662.9126790690759,2.2300227065534237,1.234777905637904,0.932629951359,1208,/tmp/ShineRunner-a1c6e1b3-2af3-486c-a06b-47a5f6583941,0
1216,True,53.45965,16.565902,0.007346,0.008133,0.028368870417277,20.73044614394506,587.673255726961,4.221673540350359,1.1992533117371065,1.4932719201523377,1196,/tmp/ShineRunner-5fe10fa7-9aff-4b90-b4e2-232d8299e477,0
1218,True,47.391151,16.648275,0.061385,0.052492,0.0123528321584065,16.447892502943674,924.2802443868122,3.471384298464449,1.4021959139735387,1.1729055932460182,1281,/tmp/ShineRunner-118dc04f-6403-4f0a-81fd-8e6884d7b49e,0
1219,True,48.240516,14.927319,0.075444,0.075615,0.0118899544080098,21.040200956662492,958.668836275838,3.3756618576048667,1.0887532912184836,1.0371989449267236,1346,/tmp/ShineRunner-af8717fe-f35f-477a-9e6e-210ca5188246,0
1220,True,47.210419,14.188137,0.024581,0.020568,0.0128185749053955,20.871038750807443,810.9488866876229,4.375751340349222,1.0022500624698296,1.1602405394814448,1361,/tmp/ShineRunner-c5669cdd-8b5e-4e68-a91c-3098885280cf,0
1221,True,52.978038,15.582393,0.024771,0.018646,0.0120053768157958,16.621172698338828,525.2598481860026,3.216097479119804,1.1473775966013815,1.2645347326622465,1405,/tmp/ShineRunner-63044ca1-2aac-4ece-8d13-1f6e06ee7ef2,0
1222,True,34.566759,12.004632,0.022292,0.016716,0.0122349262237548,20.871056858698527,907.3192215589412,4.5712374645646205,1.3937949181146696,0.9296255414674972,1378,/tmp/ShineRunner-40760479-9aaf-4e61-ae55-56f46e3e5765,0
1223,True,55.227287,16.01483,0.011076,0.012638,0.0012270132700602,21.152918907006583,547.5478741149673,3.7931487643942794,1.0422466094117602,1.4551578758904382,1284,/tmp/ShineRunner-be2be94d-a7a2-4aa2-9034-fe076fe71a66,0
1224,True,46.12582,15.544289,0.005569,0.00319,0.0020859042803446,19.265273892879485,552.3075484023876,4.577482479863376,1.432786269660514,1.3586682050728331,1416,/tmp/ShineRunner-90478175-5a7a-441e-b273-cd343180a654,0
1225,True,36.686486,12.235064,0.021335,0.017682,0.0022309064865112,19.523939661184947,702.4274822132669,3.9440658756737537,1.386176493837284,0.9447694692598222,1133,/tmp/ShineRunner-3e92bdb1-7412-4fca-9fe0-9d1af53a2b8f,0
1226,True,52.078521,16.079825,0.088921,0.081051,0.0019614418347676,20.65423080921173,754.0836779064375,2.753808828631716,1.1665470805053189,1.1019289141025148,1386,/tmp/ShineRunner-00f2046f-48cf-469e-8f5f-69c5a42cda3b,0
1227,True,40.376072,13.831204,0.015166,0.009312,0.0136009732882181,19.87595569690069,776.49653262645,4.719015942089234,1.390150746954696,1.1355586948871783,1295,/tmp/ShineRunner-ad28d08e-6744-47dd-ad43-8f55af4e8ebb,0
1228,True,35.094225,12.435436,0.043611,0.035308,0.0360062440236409,21.422039731343588,981.6056117746898,4.04082275124798,1.4334007191309632,0.8798728498285461,1351,/tmp/ShineRunner-7cb159e2-7c9e-47d8-94d9-9f66835f8384,0
1229,True,38.728831,12.208433,0.025341,0.021335,0.0065781275431315,23.57140355904897,821.9325600403322,4.220151098391652,1.2217070994136656,0.9590671052493438,1203,/tmp/ShineRunner-3b17f08b-ca2e-4bc3-ab89-33c8a9b7d353,0
1230,True,58.915905,19.215018,0.235123,0.222395,0.0293001651763916,37.536727674802144,912.6997555981606,1.8995797115139956,1.2292740408992755,1.1096198889475253,999,/tmp/ShineRunner-877ff8be-b6a7-49b8-b392-db306a76be84,0
1231,True,37.06728,12.140889,0.01536,0.007543,0.0371139685312906,30.181670331954955,517.4191751399578,3.469933468449764,1.4115636587080933,0.9176005940045098,1190,/tmp/ShineRunner-9c824892-a779-4675-8be4-620722ab484f,0
1232,True,52.318533,17.873742,0.035494,0.033816,0.0277586619059244,21.764940480391186,837.6528143337421,3.738336063771472,1.3868603413758132,1.405819583638964,1359,/tmp/ShineRunner-e18dcc84-ced6-4727-beb6-8e5f95736d0a,0
1233,True,35.384767,9.96859,0.00892,0.007937,0.0122890750567118,21.844045654932657,637.4125253775335,4.500853273556225,1.0937968409697456,0.8593681138650342,1365,/tmp/ShineRunner-d87a1946-c63c-4758-ac90-69aace14b52f,0
1234,True,48.841905,16.300404,0.005371,0.003587,0.0487052202224731,30.2747354110082,688.1797367404131,4.941178797667017,1.3588801180018215,1.4658362620026888,1296,/tmp/ShineRunner-4d617dbf-6e5f-4ec5-9190-d93e3dc4f5ec,0
1235,True,57.365491,16.544548,0.025341,0.029315,0.0532175143559773,34.78056006431579,551.7014838612758,3.185636117581933,1.0852964842684432,1.447584082863758,1232,/tmp/ShineRunner-1ac088ef-f0da-42ac-a24a-f81432441364,0
1236,True,37.670103,10.470743,0.006162,0.00774,0.0550090591112772,32.59039579629898,561.378966205743,4.256895757349588,1.076642158312247,0.9254878157104174,1248,/tmp/ShineRunner-87c78a3c-f5a8-4d6e-9eea-481f2a4e17b0,0
1237,True,33.362121,10.375103,0.005371,0.004579,0.064939546585083,30.260792072614034,559.2392886085207,4.342348188439444,1.3185369419956037,0.8853451748345789,1297,/tmp/ShineRunner-ca8ca238-f526-45ef-be9c-1057e125998d,0
1238,True,32.732515,8.980249,0.006162,0.006754,0.0366859594980875,24.246828099091847,627.9825452838014,4.718591708215438,1.0823039087910091,0.8314374335746303,1243,/tmp/ShineRunner-b12e0d91-06e8-4c6a-8439-3987b7cafd4f,0
1239,True,35.710677,11.901122,0.046711,0.037165,0.0391187787055969,23.554635711510976,824.5745250671372,3.5488943235459622,1.3814515095197646,0.8406759372050132,1341,/tmp/ShineRunner-462816b4-5ec7-42ec-b255-5631ae29d605,0
1240,True,52.836101,16.42002,0.021335,0.021143,0.0509282231330871,26.134472262859344,760.1375573702845,4.119429807360881,1.157225345872101,1.386167653641548,1326,/tmp/ShineRunner-7fda6c77-29c1-42b1-ab63-be3028ca539c,0
1241,True,53.655297,16.622501,0.025721,0.020568,0.0784616231918335,31.748009586334227,802.9625888238638,4.126519967781428,1.1192764103136943,1.3945861900461511,1006,/tmp/ShineRunner-25182b1e-ada2-4d5e-bc8f-424091bbe8b6,0
1242,True,49.252324,14.714735,0.046348,0.039016,0.0788450598716735,30.27453232606252,794.1289999846103,3.618824006463975,1.0061513429443014,1.1180225732892226,1298,/tmp/ShineRunner-dadd97b7-dd92-4a30-8206-bf283037c038,0
1243,True,51.785108,15.363566,0.073388,0.073216,0.0749203483263651,24.105155233542124,749.4084792657426,2.938208580420142,1.0524898579480353,1.0789867546910783,1345,/tmp/ShineRunner-f26a1fb0-a618-4967-8d87-42c1ef413701,0
1244,True,47.68527,16.521581,0.020952,0.018646,0.0748201251029968,20.641145622730257,738.7529368138664,3.950303278009634,1.4516639359820265,1.3044871627028465,1350,/tmp/ShineRunner-7e5f4322-2f53-4957-9768-a5a2361947d2,0
1245,True,51.968233,19.119011,0.24608,0.237223,0.0749287883440653,24.285326973597208,873.394805674513,1.7548262700606043,1.4684065752668896,0.9686794025039792,1247,/tmp/ShineRunner-7df41d34-9c34-40ba-a767-68f3b0c56dc6,0
1246,True,57.67573,18.844986,0.112058,0.102817,0.0158203244209289,36.60123200416565,834.2014808952358,2.6728233070297835,1.2826180532405944,1.3354992001912178,1215,/tmp/ShineRunner-7c896839-1168-4596-9f56-06779727096a,0
1247,True,47.05478,15.626201,0.027994,0.027048,0.0113328059514363,20.41913407246272,698.0832500296244,3.581531359839094,1.3628848173577168,1.1968564567235709,1408,/tmp/ShineRunner-f0f417a7-a634-4cfc-b897-95ccfb55d037,0
1249,True,39.986305,12.954589,0.076639,0.065246,0.0047547896703084,17.988595974445342,979.6661738178042,3.4710844833117185,1.2477532783143093,0.8774844518207313,1426,/tmp/ShineRunner-042f569c-e13d-4030-a703-4479111682a0,0
1250,True,44.06569,15.480709,0.169297,0.151824,0.0048865755399068,20.115352507432306,988.95848953692,2.4109344096538634,1.3968410752799862,0.8593734906182825,1356,/tmp/ShineRunner-47deff74-e7f8-4df4-8f6c-a3d52f4043b3,0
1251,True,37.941231,13.278585,0.013223,0.006359,0.0122256954511006,37.02138260602951,547.599543480432,3.802510515462361,1.4883320391082946,1.0228284713403142,1183,/tmp/ShineRunner-ac90b4bc-13e2-416d-ab01-d8f9ef4fbad2,0
1252,True,43.911792,12.642568,0.069075,0.06209,0.0120561838150024,41.63262637058894,729.4578877691699,3.1024612621927328,1.0698984990638287,0.8801710514751815,614,/tmp/ShineRunner-975dff55-f349-46ae-a31b-43f7174a3882,0
1255,True,58.999758,19.06106,0.061209,0.055178,0.0014698108037312,34.57525416612625,650.4743458904699,2.7497697995467467,1.331432106381791,1.468936279932879,1255,/tmp/ShineRunner-871a3699-13ad-405a-bd58-4716b3a1dac2,0
1256,True,53.338127,15.371981,0.056426,0.054463,0.0009517669677734,34.586550970872246,515.4089172839697,2.5215565126223947,1.1072923364097649,1.0859700506072454,1217,/tmp/ShineRunner-deca4dd0-9c8a-4522-8af2-6df712c3775c,0
1257,True,48.405547,17.460432,0.140303,0.134948,0.0015192508697509,40.12562799453735,816.141406515105,2.3288805229090266,1.4609262250774977,1.0234095462256492,1151,/tmp/ShineRunner-18f236e4-e4f2-4ad9-8798-0717c1ab375d,0
1259,True,57.465599,19.79829,0.192246,0.184339,0.0019306182861328,41.27950016260147,826.2165282605158,1.99134226802579,1.393716110992977,1.1844010685197757,1023,/tmp/ShineRunner-7c4859fb-0bbe-4b04-ab25-23b08c810ff3,0
1261,True,45.589617,15.893491,0.042146,0.033816,0.0198365052541097,20.51333696047465,704.5699888123986,3.247808925817917,1.4676906847832474,1.1273481796386176,1420,/tmp/ShineRunner-bf176793-16a5-4c62-8a70-6845faf6ae3e,0
1262,True,41.734591,12.899155,0.004381,0.003388,0.009274951616923,20.74175459941228,506.2349389706066,4.102525647765665,1.260115033522997,1.0855730012523956,1410,/tmp/ShineRunner-75c8b418-8e4f-43a6-a2c4-94f5c9acaa37,0
1263,True,49.022288,17.785619,0.015748,0.010489,0.0073040525118509,22.344400656223296,950.8209267832192,4.932101876303318,1.4911833415522662,1.467099392937587,1128,/tmp/ShineRunner-66689ac1-059f-4083-b015-d9c879dd55f4,0
1264,True,46.948766,14.394174,0.004975,0.003786,0.0232937812805175,20.74627414941788,547.035981544698,4.514488255371748,1.1975036200202782,1.277807118746454,1411,/tmp/ShineRunner-8fe2543a-6a10-4e6f-b712-a19ffe0d7ae7,0
1266,True,49.022288,17.785619,0.016716,0.011858,0.0151070356369018,20.498735837141677,950.8209267832192,4.932101876303318,1.4911833415522662,1.467099392937587,1428,/tmp/ShineRunner-499ac52d-1b14-4a4e-8049-36b3dd6687f8,0
1267,True,45.267225,14.37774,0.022292,0.018453,0.0147773027420043,20.71048296689987,866.7474522814149,4.464809228767527,1.1895263475186526,1.1619136407946005,1414,/tmp/ShineRunner-486d1ae9-8f6f-40c5-978c-6d40549d8f71,0
1268,True,55.414279,17.711937,0.130284,0.128008,0.0211007714271545,20.8442950963974,958.174009769089,2.716005884520346,1.1641806025023445,1.1748043528810022,1280,/tmp/ShineRunner-842e8a56-6563-4419-8d58-0f04d35c7e69,0
1269,True,52.832769,17.015803,0.029315,0.032508,0.0206124862035115,18.025271129608157,998.5173289187863,4.468480106954079,1.1419542189320195,1.3858276057626568,1301,/tmp/ShineRunner-7bfe958b-9c00-40c0-b45c-d13dbaa83909,0
1270,True,42.330037,13.116056,0.031383,0.027427,0.0211837371190389,20.74783716996511,890.2905687632922,4.301296307345808,1.130174271707625,1.0257433086774108,1387,/tmp/ShineRunner-f11a21e6-c0b1-4ffd-9c5e-32ee12fd5a0b,0
1271,True,46.688788,13.533741,0.041595,0.037721,0.02465793689092,20.8309965689977,653.767536210393,3.2332996428540413,1.003657228146508,0.9946154746205698,1348,/tmp/ShineRunner-5e736962-0c74-4abb-97a8-7da134b153ca,0
1272,True,45.26719,14.048936,0.025721,0.025721,0.0250141064325968,20.527867913246155,929.4914302788568,4.615364074224497,1.1060737037616506,1.1288606217223796,1413,/tmp/ShineRunner-27dbb9af-0daf-4709-887a-4c6930225ef8,0
1273,True,44.044101,14.874904,0.072528,0.062441,0.0219603220621744,21.958588862419127,871.1589747089884,3.1992770943205717,1.3267196045047476,1.009568304060378,1374,/tmp/ShineRunner-c9044f46-216d-4e6f-89b0-c797e3c527ad,0
1274,True,45.390801,15.381602,0.100396,0.097961,0.0207551399866739,20.75680297613144,940.190150063846,2.9592818176900515,1.3108960149303783,0.9912310340506134,1404,/tmp/ShineRunner-d77b83b0-6536-46dd-bac0-c2d2929247f9,0
1276,True,50.17316,15.501112,0.079698,0.078001,0.0237634023030598,20.8467560172081,899.6067611207454,3.243229242995627,1.1081778476127009,1.0898182656524655,1397,/tmp/ShineRunner-2d091076-db42-45cf-8b59-11d4c2215f05,0
1277,True,32.732515,8.980249,0.005569,0.007346,0.011668582757314,45.00017354091008,627.9825452838014,4.718591708215438,1.0823039087910091,0.8314374335746303,43,/tmp/ShineRunner-9ef05fa3-9b66-454c-9c2d-7bb09d6745f3,0
1278,True,57.416524,16.663124,0.048525,0.047256,0.0117145776748657,45.00020154714584,580.635889516801,2.8045970104548,1.0761560513565842,1.2874242625544152,922,/tmp/ShineRunner-0b2f3400-511b-403d-a56e-3f1db0c8c8fc,0
1279,True,30.3433,8.056574,0.003984,0.005371,0.0100494265556335,45.004121784369154,553.8704729779483,4.630452118605475,1.1151069954474404,0.8261887893233258,940,/tmp/ShineRunner-0f9bacdd-7696-47e2-a225-44d68ceb4508,0
1280,True,57.67573,18.844986,0.104585,0.100396,0.0101302504539489,45.15408956607183,834.2014808952358,2.6728233070297835,1.2826180532405944,1.3354992001912178,915,/tmp/ShineRunner-510790ae-9df0-4a6c-9d31-275e8dec662a,0
1281,True,60.458333,20.394174,0.279123,0.272727,0.019311519463857,18.85206618706385,563.0131708733132,1.2323621104043505,1.3465477134648507,0.9210607555094548,1401,/tmp/ShineRunner-8ceee3eb-bcb7-4e98-a029-f96a5b06408f,0
1282,True,66.047477,19.329842,0.14222,0.13674,0.0127410769462585,21.370222075780237,620.6860308133314,2.0189663275421275,1.0777207820417112,1.4120200557035651,1375,/tmp/ShineRunner-a53a4761-60aa-437a-bd98-01c08aba4c66,0
1283,True,56.176646,20.043815,0.27188,0.251049,0.014497172832489,21.37122161785761,835.8064044279294,1.6456967987866284,1.4263905648159565,1.04362199638666,1363,/tmp/ShineRunner-7de3e6c9-171a-4e24-bbbb-f6feeb8ab666,0
1284,True,50.294647,14.953256,0.199616,0.184605,0.0115683674812316,23.00221906900406,874.9917689676342,2.124568589777415,1.0619348874321104,0.8286628722000039,1354,/tmp/ShineRunner-221da3c3-ac9b-413a-895d-531a7e114403,0
1285,True,59.195949,19.138191,0.151536,0.141189,0.0083932439486185,19.027875006198883,697.3149440750411,2.00418294983853,1.3043705644491237,1.2066925616236357,1419,/tmp/ShineRunner-6b0de7dc-b631-4c87-a070-75237d8cc493,0
1286,True,47.437842,15.707477,0.086591,0.086424,0.0086529334386189,18.37362980445226,772.2742010206698,2.755226726806836,1.3161012500574312,1.033877886871129,1469,/tmp/ShineRunner-dbd5d62f-ea96-431a-bc7c-caca0320c4ef,0
1287,True,67.539463,20.281816,0.243799,0.240237,0.0105125745137532,21.048804807662965,639.056678435744,1.489187647240103,1.0928830674355436,1.165408610956559,1424,/tmp/ShineRunner-437b6205-a8f2-4fc8-b524-f0215001e568,0
1288,True,63.895012,19.214354,0.231715,0.225647,0.0070163091023763,21.08237328926722,734.2083206233855,1.7415352953599506,1.0225865584947131,1.1370439382283966,1425,/tmp/ShineRunner-372ff18f-8b81-43a1-8f24-77eea9e2a613,0
1289,True,61.891941,21.333081,0.196529,0.178037,0.0088737607002258,21.170376328627267,989.61231685364,2.259436593564996,1.3596562668454115,1.4212997619416303,1418,/tmp/ShineRunner-c6b8211f-c909-44f5-8426-9c5bc45d862d,0
1290,True,58.999461,17.424687,0.098287,0.102495,0.0090534369150797,21.23078115781148,648.1810285055824,2.3949445849776416,1.0684106390148131,1.2024103507361237,1367,/tmp/ShineRunner-cf13c472-6d25-4be4-ab12-f2b6828f884f,0
1291,True,53.731555,19.358286,0.089419,0.070113,0.0081906159718831,35.846488841374715,983.1159560715907,3.222587234231241,1.4665116108001055,1.3630526409290795,658,/tmp/ShineRunner-dfb53d5e-5f2e-48dd-8d07-e4d7a13a958c,0
1292,True,51.727217,16.667563,0.040859,0.036423,0.0082799037297566,35.84671164751053,560.9162523142655,2.8278516991307856,1.3471312178214432,1.2067816264546316,1252,/tmp/ShineRunner-ee133bc8-3581-4d14-b51e-d7b5d86e4443,0
1293,True,47.644479,15.615259,0.00833,0.006557,0.0043370922406514,35.25771154959997,599.8878258300288,4.138147915201956,1.3577035648079008,1.3172888027408791,1253,/tmp/ShineRunner-9ef98240-a50d-4e66-9de8-14d47963f64c,0
1294,True,52.629659,16.674803,0.025721,0.024581,0.0028926173845926,45.30924210548401,646.7968788833418,3.5124326647983386,1.2785160761706391,1.3487287463744897,919,/tmp/ShineRunner-b108709b-2b9c-4b4f-a617-40b64fa851a9,0
1295,True,66.565115,19.008804,0.174917,0.162479,0.0048243244489034,35.446798439820604,506.9681438541008,1.610486531994963,1.0659111088932605,1.2743610715290004,1251,/tmp/ShineRunner-f0bba7a4-432f-4c4d-97b4-445a88ca3380,0
1296,True,45.409293,15.738648,0.129375,0.12816,0.0035454869270324,45.310446794827776,832.1567701636937,2.38810219033631,1.4070101923330174,0.9168810439353928,920,/tmp/ShineRunner-323f294d-c82d-435c-829c-27e4a0f3d4fa,0
1297,True,55.550339,16.048191,0.038646,0.037351,0.003672432899475,45.16072907050451,570.1245444993053,3.037759031571817,1.054287870567722,1.270568065127868,938,/tmp/ShineRunner-8d934a2d-46bc-4a61-8113-d5e079258dcb,0
1299,True,46.544043,16.029972,0.039016,0.037351,0.0150061289469401,16.103918679555257,870.8582052598674,3.8169982972723,1.3914800650130426,1.1989536730490684,1415,/tmp/ShineRunner-11a802f0-99fd-40f6-a12b-22f5fb143e6c,0
1300,True,36.161411,10.283759,0.004777,0.004777,0.0040007313092549,21.398604822158813,574.6870781840754,4.830818369980543,1.0892208809109154,0.9396793950296431,1412,/tmp/ShineRunner-cd800a26-6e4e-4dc5-9e86-bd74f7ef9fa7,0
1301,True,52.418024,17.24185,0.196141,0.182472,0.0046273072560628,21.258575510978694,549.9312385803647,1.4993484151582883,1.371800182553826,0.8161980662073626,1417,/tmp/ShineRunner-da9b0e3c-5f26-4575-bf26-c0cbb5e43cb8,0
1302,True,48.517688,14.537005,0.092559,0.089419,0.0040661613146464,18.71071563164393,598.3710903753157,2.2597063246852174,1.1970534912965594,0.8917760851183539,1421,/tmp/ShineRunner-68946bf2-d10e-44e2-a672-ce4608603a4c,0
1303,True,45.657808,14.910607,0.077661,0.069767,0.0098679025967915,45.48194892406464,817.3591600002953,3.035749362895182,1.2796035803727068,1.0127650686438283,916,/tmp/ShineRunner-74491cb4-0bcd-4a80-b014-b1503c6216f9,0
1304,True,38.775901,11.039728,0.023819,0.0198,0.0227426846822102,36.01998474597931,733.6908007776458,4.052959176709625,1.008918391988494,0.8764007977360145,659,/tmp/ShineRunner-c40c2637-3275-4efa-85ec-04b8a554d234,0
1308,True,50.949508,17.834745,0.079359,0.069421,0.0108293573061625,45.33295811017354,743.3291654190801,2.7591107751598924,1.4689132274874914,1.2002096366632529,935,/tmp/ShineRunner-b073e149-b0ac-4cef-9004-906e95a53290,0
1309,True,43.646402,13.241912,0.006754,0.006951,0.0104501326878865,45.48255263964335,658.5694464113576,4.792757338306878,1.1454589190700593,1.1605399904622002,42,/tmp/ShineRunner-d227db15-c124-4254-b37e-22abbe964e67,0
1310,True,51.205387,16.831316,0.025341,0.022292,0.0103930870691935,45.33356057802836,640.6168919195042,3.501459592644368,1.3634973071434413,1.33805324434236,939,/tmp/ShineRunner-7e9e5608-7135-4c09-bdc8-7038ca4a6b48,0
1311,True,59.763756,20.395117,0.131341,0.129072,0.0106478174527486,45.33352408409119,777.4262346957416,2.232058048994731,1.4148948715662066,1.3657760304450113,941,/tmp/ShineRunner-da68df1c-ab97-498e-af37-8b3f321f7e3f,0
1312,True,62.462503,20.986949,0.157682,0.142661,0.0267190774281819,21.78301521142324,542.057667278441,1.6721367978451398,1.4217941923812707,1.2463120903349214,1340,/tmp/ShineRunner-72674b7f-ee49-422f-bb67-41081452640e,0
1313,True,63.25501,19.026168,0.226006,0.221911,0.0266736984252929,21.782589697837828,521.737531006396,1.398593002224706,1.118372435552198,0.9745713030825482,1270,/tmp/ShineRunner-3730a9bc-2f06-4107-8e3b-28b0f912bb38,0
1314,True,53.704716,16.346447,0.021718,0.024009,0.027119493484497,21.783191959063213,795.0976913830631,4.337515465595028,1.002370696455937,1.3973586215396567,1393,/tmp/ShineRunner-6c8b6e9f-516b-4162-95ea-6d850f5bc013,0
1315,True,44.80073,13.992311,0.006754,0.006754,0.0266701062520345,21.268304113547007,627.1317418770786,4.642692195971796,1.2272287151493289,1.222397118033325,1395,/tmp/ShineRunner-406ed090-d65f-4439-bc60-9fc6be61e320,0
1316,True,58.755337,18.713395,0.263406,0.251049,0.018786597251892,32.86330829064051,548.0476164859406,1.2755122970403012,1.26692000663698,0.8472629361311905,1188,/tmp/ShineRunner-f8ec889b-9f43-4c52-a5c7-f06eb6ea5ad3,0
1317,True,52.360758,15.664545,0.142073,0.144714,0.013561201095581,29.52468333641688,732.3398189286647,2.218779096975997,1.1095946082393162,0.9458655390045104,1194,/tmp/ShineRunner-8d54134c-5bf9-490e-8de0-e5fcf907d38f,0
1318,True,37.06728,12.140889,0.012053,0.012638,0.0178949276606241,16.488298734029133,517.4191751399578,3.469933468449764,1.4115636587080933,0.9176005940045098,1490,/tmp/ShineRunner-b897e14a-fec7-4f91-89ae-7d94d7a70408,0
1319,True,41.940582,14.034082,0.006557,0.005371,0.0033110499382019,16.382666528224945,573.4318674107021,4.387524283930359,1.4115623049750474,1.1772592363849308,1491,/tmp/ShineRunner-44f47cff-b27a-4fcf-9aa9-47591fa117b3,0
1320,True,44.556941,13.069201,0.05838,0.05838,0.0181828737258911,21.61240375439326,570.7979442843873,2.572280698319145,1.19628635792096,0.8560344985523296,1336,/tmp/ShineRunner-fe6dabd2-ccac-43fa-a42e-8858becdfeea,0
1321,True,42.884055,13.955219,0.001797,0.002195,0.0083537737528483,21.687112963199617,553.2097659356914,4.99606081408665,1.3328423680532684,1.255087510891158,1302,/tmp/ShineRunner-cf27c8c0-7800-44e5-8a2a-62b34fb6341f,0
1322,True,44.273875,15.943324,0.08341,0.076639,0.0180679639180501,22.17442413965861,954.776121935675,3.183345338362715,1.425137149416861,1.0384135569140671,1344,/tmp/ShineRunner-c508938f-17b1-46a4-810e-d207c83fc257,0
1324,True,68.220953,19.76755,0.166806,0.173417,0.0095542987187703,21.68735599120458,582.6556616836456,1.7143240873608685,1.0801560124911291,1.396353210456359,1431,/tmp/ShineRunner-85fdfaaf-232f-4195-8c69-de82a6fc76a1,0
1325,True,44.212576,12.752917,0.037351,0.034376,0.0193270762761433,21.61400725841522,693.9208475818249,3.4199099921791016,1.005363822487838,0.946340361021569,1333,/tmp/ShineRunner-1eb0ca89-28cf-4fb6-924d-e7d1bb66dbd2,0
1326,True,48.579594,14.240018,0.116764,0.112846,0.0194051345189412,21.614037998517357,768.2840067885446,2.512077572669837,1.0658774164460336,0.8879646970079752,1440,/tmp/ShineRunner-a461412f-f505-4d13-afe6-7073ef4383e4,0
1327,True,44.901038,13.791063,0.034003,0.028749,0.0102340618769327,21.688344271977744,792.113930030609,3.8345694810863873,1.1480164314550128,1.059876845961794,1432,/tmp/ShineRunner-d34d7c79-531d-455d-b5c0-1b85b2fee540,0
1328,True,56.278299,16.988677,0.28551,0.291785,0.0198877334594726,21.40923241774241,777.2082760199668,1.5139559147467727,1.1265923030633007,0.8210382051328252,1442,/tmp/ShineRunner-efac7860-071b-4642-ae09-62190171c1d0,0
1329,True,44.092027,12.940196,0.005173,0.008133,0.0205597043037414,22.175942265987395,665.3678710274334,4.693692317392262,1.024284644923479,1.1225387236676965,1389,/tmp/ShineRunner-3de88c2e-014d-42bc-815c-5cbfeea22ee0,0
1330,True,56.81027,18.649737,0.121265,0.119408,0.0111088116963704,21.68960185845693,866.2067514968938,2.536390277920422,1.2765519012056377,1.2578716866376498,1352,/tmp/ShineRunner-124a4555-2c91-4718-9a0c-36a161c6361f,0
1331,True,70.275968,24.137969,0.26986,0.253509,0.0203177014986674,21.614429990450542,622.3982507750727,1.3095178765484663,1.4700095054037574,1.421592180023906,1438,/tmp/ShineRunner-7f9684e3-0028-4321-8d4b-4d5c9a4374c5,0
1332,True,36.686486,12.235064,0.019992,0.013223,0.0111371994018554,21.68920730749766,702.4274822132669,3.9440658756737537,1.386176493837284,0.9447694692598222,1433,/tmp/ShineRunner-f8fd0a0a-4ce8-4ec7-a3de-c1f7579c85bc,0
1334,True,51.597917,15.18985,0.019608,0.019608,0.0207483768463134,21.59531933069229,555.3147337811016,3.328656861164504,1.120819454369543,1.1984484353014735,1392,/tmp/ShineRunner-82cc52dd-23f3-45a8-8cc9-72739c5f326b,0
1335,True,55.877427,16.960531,0.019992,0.015748,0.0091503381729125,21.09899775981903,581.4357502772774,3.61207312293218,1.1697388771044517,1.4684288742990654,1422,/tmp/ShineRunner-1841930a-f63d-400e-8342-948ed17c53e5,0
1336,True,50.667997,17.754658,0.047619,0.040123,0.0100268125534057,16.70023114681244,989.1022153822806,3.87796271343063,1.382333614281,1.3338130643738486,1471,/tmp/ShineRunner-dbd2e1b5-96f6-49bd-ac00-4d7af846ed1c,0
1337,True,43.270078,13.927869,0.015748,0.010097,0.0120377659797668,19.463617058595023,879.211118592377,4.927035134368926,1.2096361939504026,1.1602081363198715,1409,/tmp/ShineRunner-5a3eb857-0ab6-4749-9d5d-0ac12f0f2a43,0
1338,True,71.395872,21.738242,0.276934,0.274205,0.0100473562876383,16.805609945456187,535.9110702514422,1.2062915580823428,1.1522332632380166,1.1870287778451232,1429,/tmp/ShineRunner-23ea333b-8816-4dbf-b25c-9155726c36d9,0
1339,True,46.851264,14.299513,0.103139,0.09157,0.0235298832257588,16.62398279507955,671.1812166500271,2.3958893402164576,1.220025054116776,0.8880649128185997,1459,/tmp/ShineRunner-2e835572-bfa0-4d1f-a08b-a6428e6cc8c0,0
1341,True,52.584277,17.953659,0.284999,0.266324,0.0470376809438069,15.201966639359792,930.315200698065,1.6853936597950483,1.3339245794239931,0.8905539624207921,1462,/tmp/ShineRunner-cddee463-bc27-455c-bbcf-43ab3b6261f7,0
1342,True,64.124657,20.994285,0.141336,0.12618,0.0406910498936971,17.087612346808115,626.2181452747936,1.897005378127988,1.3824017763036172,1.4136975580852336,1427,/tmp/ShineRunner-abc9037e-1782-4d35-a435-ee7fc9609673,0
1343,True,68.554223,22.2608,0.218872,0.204075,0.0223479827245076,22.555241135756173,509.51707390874327,1.32814613335981,1.3625916604254344,1.2956638649785115,1399,/tmp/ShineRunner-495f6051-54f1-4925-a2ed-4f84948e0c8f,0
1344,True,45.896189,14.946824,0.043062,0.033816,0.0551341692606608,22.28495818376541,713.951606840675,3.2883452069611647,1.3173145587091315,1.0882676276098993,1319,/tmp/ShineRunner-8007b38c-e2ad-4ab9-b46c-9034f27f31d5,0
1345,True,61.66149,20.802216,0.272939,0.270712,0.0124729593594868,22.54386854966481,936.9442489519008,1.7161238288720453,1.3053850666177091,1.187478588062728,1407,/tmp/ShineRunner-fc66a353-f541-4fc0-ad60-2406e05915f5,0
1346,True,54.435539,17.243284,0.089585,0.082905,0.0078610976537068,17.070922509829202,976.4612342427828,3.2842661247035654,1.1275534655136903,1.2378347098397553,1465,/tmp/ShineRunner-ccd3b842-73f0-4db9-9b3d-a09a41719edc,0
1347,True,42.398616,15.743302,0.12618,0.111743,0.0025819818178812,24.212104133764903,976.1248579228416,2.7209353421799425,1.4766027624525946,0.9145038143970772,1141,/tmp/ShineRunner-3144a10e-6db4-48cd-b548-b415daf2064c,0
1348,True,53.571248,17.75886,0.042146,0.035494,0.0023301680882771,22.00851956208547,641.6234666250571,3.070553335423293,1.3959872125706871,1.3486768765629995,1376,/tmp/ShineRunner-9492579e-ed50-4d8a-aca4-68fc6a3a8c9a,0
1349,True,61.891941,21.333081,0.18394,0.175054,0.0026830196380615,24.075355772177375,989.61231685364,2.259436593564996,1.3596562668454115,1.4212997619416303,1118,/tmp/ShineRunner-3dcbca4a-9e75-46e7-97ac-c1ff670e9a7c,0
1350,True,59.905045,18.883368,0.094039,0.084919,0.0027203679084777,24.045472101370493,875.9815607874577,2.9797692025577858,1.1422704375559127,1.4278977591410966,1372,/tmp/ShineRunner-78dc92c1-81b0-437b-8efd-fedbdc68cf44,0
1351,True,42.590215,12.542367,0.068381,0.069594,0.0022363225618998,22.101785643895468,727.5589212058812,2.870786325531294,1.156284974514292,0.8356723378024202,1382,/tmp/ShineRunner-abf77a3e-3686-4a7a-9e5b-0ef6b646ef19,0
1352,True,42.330037,13.116056,0.032133,0.028372,0.0019515911738077,24.14088063637416,890.2905687632922,4.301296307345808,1.130174271707625,1.0257433086774108,1087,/tmp/ShineRunner-ac524d17-10cc-4cd3-82e1-2cb04d7f6d8f,0
1353,True,60.047978,17.909163,0.059797,0.048344,0.0019674738248189,24.21535723606745,564.056816337773,2.581698126740496,1.1853990121162905,1.4487354921940212,1202,/tmp/ShineRunner-a4236b64-9c77-4ca8-aae2-f9ae9acf9b46,0
1354,True,65.518481,20.839052,0.176684,0.164299,0.0020356218020121,24.00648634036382,817.2701324758987,2.1104868344671943,1.210190885752639,1.471446490991203,1371,/tmp/ShineRunner-380becf6-97bf-463b-aa00-fb50675ce6f6,0
1356,True,44.44664,16.426255,0.038462,0.035494,0.0022186279296875,20.92415513594945,946.243844843663,3.8983219232606174,1.495903858248814,1.1719896681180706,1455,/tmp/ShineRunner-7b760eb4-29c5-44e9-bd29-e190a5c59d71,0
1357,True,45.395251,14.999774,0.002792,0.002792,0.0024457891782124,22.271714878082275,547.0886739438248,4.892738347201726,1.3805698509951765,1.3502450136938675,1201,/tmp/ShineRunner-29b53b77-6bda-4c65-aa3c-d1df960f3e27,0
1358,True,46.674326,14.747601,0.012833,0.011272,0.0022519787152608,20.924321818351743,754.4670758756771,4.591179838401838,1.2096504939639052,1.2529502587003276,1458,/tmp/ShineRunner-18dfea5e-12b2-4aff-86b0-3eb42f91037e,0
1360,True,55.877913,19.260065,0.119408,0.120028,0.0022599776585896,22.353629247347516,617.5485584403298,2.031508014273379,1.4545324072114745,1.1706794386995507,1373,/tmp/ShineRunner-c4a2d95a-948b-4f9a-8bde-808a2cbd508f,0
1361,True,47.717231,13.43796,0.052312,0.052671,0.0022868831952412,21.504885371526083,531.0315532700777,2.6163529827606617,1.0645150285910208,0.906628697110303,1450,/tmp/ShineRunner-b942c7f9-4d98-4eab-862f-671de49c1a52,0
1362,True,46.05993,14.375943,0.006359,0.006359,0.0041966875394185,17.068389813105266,660.2455808390081,4.894964919043514,1.1998380675818183,1.27979940453271,1466,/tmp/ShineRunner-74677443-ed87-42e8-a83e-abf7413f22d0,0
1363,True,55.794712,19.565358,0.129829,0.117543,0.0095000783602396,37.06707900365193,886.9780242779816,2.5310651349090305,1.4292989599556911,1.2881576203415548,1200,/tmp/ShineRunner-b99ceb03-95f6-4d64-947a-388b0b4fc6f8,0
1364,True,43.911792,12.642568,0.05696,0.057137,0.0094743887583414,37.06715820630392,729.4578877691699,3.1024612621927328,1.0698984990638287,0.8801710514751815,1214,/tmp/ShineRunner-430820e6-e6b5-4032-aa0b-5b0c07f02adf,0
1365,True,38.775901,11.039728,0.024771,0.0198,0.0097245613733927,36.47876411279042,733.6908007776458,4.052959176709625,1.008918391988494,0.8764007977360145,1259,/tmp/ShineRunner-97170736-fd7d-4717-88ed-f4a4d5ae00c6,0
1366,True,59.811627,19.343334,0.087258,0.080544,0.0098715861638387,36.47890535593033,687.0920217035914,2.473881180043444,1.325965512789987,1.4072434422266276,1262,/tmp/ShineRunner-fa02e1df-87ba-4cd3-bafd-4eac59afff1a,0
1367,True,41.504875,12.487383,0.020568,0.0198,0.0099294145901997,37.0673435608546,799.6913957604218,4.448072979684844,1.0982173328572866,1.0172265710300663,1249,/tmp/ShineRunner-9d79696d-7045-460b-a976-b541d606b490,0
1368,True,41.1129,13.547267,0.020376,0.014778,0.0098323027292887,36.47866659164429,803.0079103500054,4.418051396614449,1.3015535786693628,1.0888000984915762,1261,/tmp/ShineRunner-8d1e0e1d-30be-45aa-8494-5a3a3a7aa8aa,0
1369,True,48.405547,17.460432,0.13897,0.126332,0.0118759751319885,21.616743842760723,816.141406515105,2.3288805229090266,1.4609262250774977,1.0234095462256492,1451,/tmp/ShineRunner-cd5d2479-f556-4c61-8997-254d7d225d34,0
1370,True,52.775549,16.29524,0.126943,0.124803,0.0028363188107808,19.34657103617986,957.6493801427772,2.786433022973538,1.0671834566565308,1.0557649242393934,1369,/tmp/ShineRunner-5c9575f2-fe2b-4eae-b12c-56026c9c1ec2,0
1371,True,52.921673,18.723763,0.078681,0.072528,0.00176735719045,21.20500077803929,719.1931292920965,2.695532157781593,1.4973508744675124,1.272218233885317,1377,/tmp/ShineRunner-ae86731d-2dc1-4a76-b9f9-12ed235bfc14,0
1372,True,53.506423,17.92834,0.020376,0.015166,0.0030960321426391,22.322186700503032,670.9634692728303,3.7576122496228974,1.403715802988141,1.4991203590467357,1366,/tmp/ShineRunner-78122e1c-bd30-449a-8837-8a58274e07fb,0
1373,True,42.020162,12.525159,0.033069,0.034003,0.0030494252840677,21.283250061670937,869.715734238255,4.123835005269181,1.0244818549116397,0.9641746053089092,1360,/tmp/ShineRunner-bf9f0e5a-bbe3-44f3-b480-782f8a967f38,0
1374,True,57.933875,18.521372,0.051233,0.055356,0.0008955637613932,22.32948419650396,954.2903453538036,3.678711388767298,1.1329349807297595,1.4784234641434066,1225,/tmp/ShineRunner-37c62807-b5ed-43e3-a14b-e5f869ec5b16,0
1376,True,49.369325,15.014697,0.025721,0.019223,0.0022441029548645,15.498573092619578,847.3990644092491,4.387163900633934,1.066051418650772,1.2300658183793438,1283,/tmp/ShineRunner-82d4b84a-9f13-468e-b485-1bda7959b304,0
1377,True,43.911792,12.642568,0.061738,0.061738,0.0110215584437052,46.71738971471787,729.4578877691699,3.1024612621927328,1.0698984990638287,0.8801710514751815,914,/tmp/ShineRunner-10240b5d-266e-4d9b-bf30-86b82ff1a659,0
1379,True,62.595331,19.424117,0.219725,0.210609,0.0113977591196695,46.567887822786965,736.7447005284769,1.774692917604332,1.1657844986712762,1.1644706817300765,936,/tmp/ShineRunner-110dc2cf-5335-4acd-8ea2-510b28ac81c1,0
1381,True,43.496809,15.23154,0.040675,0.034003,0.0048164288202921,19.397179341316225,994.3019492597882,4.200554622296997,1.3708073163657577,1.128131507909767,1445,/tmp/ShineRunner-03ec354d-6a0d-4e0a-bbf4-4f8ffad38b63,0
1382,True,52.584277,17.953659,0.289369,0.282434,0.0031963547070821,24.690343256791436,930.315200698065,1.6853936597950483,1.3339245794239931,0.8905539624207921,1162,/tmp/ShineRunner-222e0e6b-1184-4d43-a0cc-3993a34b98bd,0
1383,True,66.435709,19.459792,0.201915,0.204328,0.0080196857452392,21.534633807341255,533.5833344238835,1.488707765830639,1.0088343904999562,1.1172959415501145,1370,/tmp/ShineRunner-4613f7fd-f680-400f-a709-801b3d3a5218,0
1384,True,50.449658,14.153093,0.081051,0.077491,0.0048155943552652,19.64152477582296,518.4853636005871,2.2398903017496306,1.0243492361569255,0.8764976037801906,1358,/tmp/ShineRunner-68a51342-3790-4320-8d1d-b0bb7cd70436,0
1385,True,33.750997,11.348887,0.008723,0.009509,0.0051602880160013,19.63233990271886,609.4283043973161,4.190646473712457,1.430284959647188,0.9173896637744468,1474,/tmp/ShineRunner-781a115e-41f8-48a9-9156-8d2412a2ad51,0
1387,True,48.093501,14.649875,0.061738,0.057493,0.0018046100934346,17.688763201236725,518.0299171386819,2.4409601942901857,1.2370663375450852,0.9579150077429476,1321,/tmp/ShineRunner-35714303-15f1-4019-a9fd-f55d8aece4bb,0
1388,True,53.45965,16.565902,0.00833,0.006951,0.0022252877553304,15.903554439544678,587.673255726961,4.221673540350359,1.1992533117371065,1.4932719201523377,1496,/tmp/ShineRunner-f9405584-879f-475e-a017-07598f235747,0
1389,True,45.221722,13.827172,0.019031,0.017682,0.0019060452779134,17.640108021100364,568.6056288953062,3.475575233052031,1.2243647536006252,1.0750427236879518,1497,/tmp/ShineRunner-00bfb377-873e-4cc4-867e-62bb177b5358,0
1390,True,32.938595,9.22938,0.008527,0.010489,0.0024176875750223,23.169720836480455,753.6463507910216,4.963807694086327,1.0020038023666695,0.8116058613282899,1402,/tmp/ShineRunner-e336248c-ccfa-46f8-9093-602019eb06d6,0
1391,True,31.426522,10.308044,0.006557,0.005569,0.0024700999259948,20.728925251960757,650.9636957212458,4.641144340268439,1.390647017715758,0.8774118876972774,1300,/tmp/ShineRunner-4d66a48d-24bf-4cd3-87b6-cdf8d6b0710a,0
1392,True,60.715399,17.38001,0.087091,0.087258,0.0026971340179443,24.047268267472585,555.8001841246133,2.291819263155684,1.030264225413268,1.2887328079269391,1383,/tmp/ShineRunner-7fcb7c6c-1a9a-43da-9b38-1111856e6601,0
1393,True,59.790843,19.392771,0.160228,0.146175,0.0037273605664571,24.566733833154043,968.063731687872,2.5267777636745143,1.191659911388705,1.3107799960741646,1294,/tmp/ShineRunner-10223283-b384-44f8-a432-daa9ed8df9a8,0
1394,True,35.495401,11.892419,0.008723,0.005569,0.0027825196584065,33.93194274107615,666.8188791641192,4.552812808390757,1.3812660735353262,0.989374458637123,1292,/tmp/ShineRunner-8a0852a3-93a0-4eee-8203-48fa05ab4bb3,0
1396,True,43.958504,12.896223,0.008133,0.008527,0.0017153104146321,18.06844637393952,632.2699055756556,4.324505558699011,1.0897460361730438,1.089497551916979,1435,/tmp/ShineRunner-1fcf2e1e-0bd8-4c1e-8976-b937cb01064a,0
1397,True,49.161305,16.625756,0.011467,0.011076,0.001550801595052,18.068226424853005,676.6688475342339,4.06484104837861,1.416060037640993,1.3748615506184918,1485,/tmp/ShineRunner-4132cc4b-1625-4139-abd5-37d9edc3c627,0
1398,True,58.078289,20.481395,0.097799,0.094695,0.0034358580907185,15.975787206490834,994.5665013418028,3.046265483325173,1.4195348654408568,1.4932251650283908,1335,/tmp/ShineRunner-80044f6f-53a4-49ee-b7b8-6e3ab83ccfd4,0
1399,True,54.740604,18.241994,0.061562,0.054105,0.0009909351666768,17.820163563887277,511.6137911733792,2.360270362992924,1.437553806661256,1.227159211103272,1467,/tmp/ShineRunner-742967e5-a0a0-49bd-8bf3-25d51091a244,0
1400,True,41.940582,14.034082,0.005964,0.007543,0.0095560868581136,30.56587326526642,573.4318674107021,4.387524283930359,1.4115623049750474,1.1772592363849308,1191,/tmp/ShineRunner-7434c868-1c27-486b-a910-ff09dc5bd99a,0
1403,True,58.755337,18.713395,0.25816,0.254177,0.0068198005358378,18.075690249602,548.0476164859406,1.2755122970403012,1.26692000663698,0.8472629361311905,1488,/tmp/ShineRunner-19969f4b-10a0-4725-96c7-6b178497e926,0
1404,True,61.511241,19.048003,0.1858,0.18633,0.006750210126241,18.279140373071037,928.274011787279,2.237950922042812,1.0768064495303171,1.2205882855615566,1330,/tmp/ShineRunner-091ca40e-d4da-4e83-a10b-94d200e272aa,0
1406,True,48.81502,17.130182,0.019608,0.016135,0.0093243439992268,16.23565764427185,777.730855068882,4.1290630627371865,1.4623508336099444,1.375808163432202,1357,/tmp/ShineRunner-c5d635bd-c13b-4341-9afe-72cd95793f28,0
1407,True,57.777737,20.463099,0.208736,0.182739,0.0089741985003153,18.164753874142963,869.2901932286914,1.9954739529719068,1.4450097285588477,1.2156813836199134,1400,/tmp/ShineRunner-b7aa3ee5-80e9-4e47-ae71-be624148cf86,0
1408,True,60.350769,19.062263,0.098937,0.097147,0.0073846936225891,21.34239585796992,996.5422909652532,3.1724108701903284,1.0634549877592565,1.4281115398278654,1403,/tmp/ShineRunner-3472924a-1fa9-429f-bc0a-a9a51acd06de,0
1409,True,57.360536,18.444714,0.128768,0.12142,0.0092008908589681,33.05407985846202,928.7860720612788,2.63631720861147,1.1925447480501767,1.247694289865977,1276,/tmp/ShineRunner-1d42373f-ef4c-4177-96aa-0b0edde89dc9,0
1410,True,35.734885,10.775461,0.012248,0.010685,0.0062152663866678,18.270325728257497,736.391986379499,4.780268816347523,1.171356821377478,0.9240648508744908,1453,/tmp/ShineRunner-eafc6d79-dcd0-4f01-8c0c-251b36ad56c4,0
1411,True,43.349678,13.835782,0.004182,0.003984,0.0009255409240722,20.36082005500793,548.4889443527396,4.321506614329427,1.3083780895386543,1.1796550816115434,1430,/tmp/ShineRunner-b0ec84f9-3d66-4eba-a70d-eabeff68238f,0
1412,True,58.143687,17.674987,0.089419,0.086424,0.0011955857276916,20.343335429827373,740.3038154711533,2.6083896558627955,1.1201131380745015,1.2513734360515034,1472,/tmp/ShineRunner-fe6bc981-bea7-421e-86f5-a3d8aaa36519,0
1413,True,64.408519,19.479542,0.114103,0.106983,0.0012357791264851,16.021460882822673,756.3660321500556,2.505078968618176,1.0179213757090817,1.4718421656304543,1380,/tmp/ShineRunner-41c7541e-73e7-4ce9-8d92-3a33cfea75e1,0
1415,True,48.387571,15.073252,0.036609,0.036237,0.0152015606562296,37.62239526112874,914.7143074413682,4.105995188630712,1.1163203709832168,1.1715387134193374,1260,/tmp/ShineRunner-edbf7510-3864-4ad7-8e01-f2ad89b38bba,0
1416,True,53.655297,16.622501,0.026101,0.023438,0.015480371316274,33.17680290540059,802.9625888238638,4.126519967781428,1.1192764103136943,1.3945861900461511,1306,/tmp/ShineRunner-232edaa2-a5c1-4b47-948f-bf08f3fc3519,0
1418,True,47.335974,16.62966,0.043245,0.033443,0.0154937426249186,36.69110946257909,989.7853402932964,4.128913873203812,1.3897387703856643,1.2497382931968837,1274,/tmp/ShineRunner-5158c03d-2511-4f36-b97f-adf9ea0268a0,0
1419,True,40.463759,11.947291,0.025341,0.0242,0.0154281576474507,33.17675292491913,849.0603919893185,4.287112962083686,1.0200756497735333,0.9412474775033388,1308,/tmp/ShineRunner-0a04dad7-6b62-4a20-9bec-36ebdc6eb63f,0
1420,True,56.323915,19.168056,0.134199,0.118166,0.0154569943745931,33.2088739156723,828.931642520264,2.44187652347767,1.3871607080709216,1.2698619893160148,1291,/tmp/ShineRunner-05809d93-1959-415b-9045-3e7ad87e7022,0
1421,True,50.74895,16.154497,0.065071,0.05696,0.0160229404767354,33.20909575621287,782.4753057362209,3.118694261748939,1.2329925764906138,1.165842242859186,1288,/tmp/ShineRunner-3c6449c8-f8c1-4eb7-bbaf-121c2de1acd0,0
1423,True,50.58445,18.363211,0.197174,0.191331,0.0048101902008056,23.937459683418275,992.3247668088218,2.1907587460124773,1.4065796729100564,1.0228793824799218,1396,/tmp/ShineRunner-6fc72d08-5b49-4627-81fd-f2d1f4e08027,0
1424,True,54.913376,19.27314,0.142514,0.125568,0.004633092880249,23.93750980695089,990.0135897770964,2.6176668268173557,1.392040474170704,1.2454858394754438,1314,/tmp/ShineRunner-833c8503-51bb-413d-9837-47052c952460,0
1425,True,54.12012,17.114021,0.052671,0.050693,0.0053849856058756,19.05503073533376,711.7476973398269,3.0296136856610523,1.2503830745401392,1.2803140409306053,1481,/tmp/ShineRunner-dc406136-17d7-4926-8e0d-9baceb9d897a,0
1426,True,37.941231,13.278585,0.012638,0.007543,0.00556587378184,19.055270799001057,547.599543480432,3.802510515462361,1.4883320391082946,1.0228284713403142,1483,/tmp/ShineRunner-8137fb1d-4c55-4050-926a-cf2eb7426e05,0
1427,True,53.283714,16.039784,0.008527,0.009116,0.0061152458190917,19.0559614777565,568.9987586739527,4.079247085142373,1.1353160761354302,1.4193943416544523,1479,/tmp/ShineRunner-2286fdf7-d0e7-49b8-bc41-08bc54eba79d,0
1428,True,56.539806,19.078508,0.238617,0.235123,0.0050299366315205,20.52516078154246,926.6723355720296,1.9153520649231843,1.2951601254415746,1.0778580474234838,1364,/tmp/ShineRunner-19b73b8d-e96d-4485-b381-bebf78ef0ef1,0
1429,True,48.866612,15.860695,0.016135,0.013807,0.0034767945607503,16.127069449424745,671.2018384053143,4.095610934181892,1.311354372494104,1.3255870093214015,1447,/tmp/ShineRunner-9b6c7215-69a2-4e1b-b17c-1306365a8ceb,0
1431,True,46.114972,13.878517,0.025151,0.023438,0.003866155942281,16.381420159339903,839.0470304399141,4.322433269754799,1.020126869969962,1.1147428818958764,1454,/tmp/ShineRunner-f23df58c-69bb-46ab-b3d1-9a47f7965b33,0
1432,True,42.398616,15.743302,0.135994,0.111585,0.005523403485616,19.44558934768041,976.1248579228416,2.7209353421799425,1.4766027624525946,0.9145038143970772,1441,/tmp/ShineRunner-0125f31b-2d19-429c-8a1a-f3ad78c18005,0
1433,True,39.538911,14.377792,0.012443,0.009312,0.00538303454717,16.140579501787823,826.3433674346277,4.964984824323442,1.499710954612094,1.1615215818449487,1482,/tmp/ShineRunner-3c81d1b8-b14d-4620-b34a-3151d7676319,0
1434,True,52.664015,17.143402,0.100072,0.089916,0.0063775340716044,19.279484661420188,888.6793566638462,2.877710693666008,1.245303957755936,1.1708219663277486,1439,/tmp/ShineRunner-018462b3-ffee-482c-ae76-82f11e8de05d,0
1436,True,52.360758,15.664545,0.14222,0.140007,0.0029238820075988,18.832693660259245,732.3398189286647,2.218779096975997,1.1095946082393162,0.9458655390045104,1494,/tmp/ShineRunner-46b9ad12-a5f5-4abe-bd48-435596440f77,0
1437,True,58.915905,19.215018,0.241044,0.239428,0.0015061895052591,18.522262720266976,912.6997555981606,1.8995797115139956,1.2292740408992755,1.1096198889475253,1299,/tmp/ShineRunner-32dd8219-4063-4a07-b253-b615d03b4ab3,0
1438,True,30.101536,10.562131,0.012053,0.009312,0.0106509327888488,16.261383966604868,809.8342629849308,4.704763442618314,1.4904105727665171,0.8487484456139763,1478,/tmp/ShineRunner-a7fd41f3-8a86-40b2-acf3-c18640fb32f7,0
1439,True,53.078796,16.103721,0.014972,0.014196,0.002639627456665,16.350067778428397,745.628723195683,4.529336485959734,1.071954348039279,1.4153481457612722,1487,/tmp/ShineRunner-c9ee3297-b565-482d-8bc5-92b6332b7af4,0
1442,True,36.498523,10.539328,0.010685,0.010293,0.0022221684455871,38.23511399825414,573.0866220963492,4.228522438007902,1.1551673369620372,0.9007103530797999,1265,/tmp/ShineRunner-65c04b1d-20de-473c-9905-36e91f69efcc,0
1443,True,37.898609,10.582848,0.005767,0.006951,0.0020578066507975,33.789258138338724,545.2203634920663,4.546946955145152,1.0144997516022347,0.968579640628803,1303,/tmp/ShineRunner-da2b099a-e456-4e26-9342-9f5e4cc9630f,0
1444,True,53.731555,19.358286,0.080882,0.068901,0.0015634417533874,38.23454314072927,983.1159560715907,3.222587234231241,1.4665116108001055,1.3630526409290795,1258,/tmp/ShineRunner-2646ca7c-4bdf-4b9e-8073-8a51ad045869,0
1445,True,41.663813,13.917179,0.003388,0.003984,0.0022837797800699,35.79250647624334,568.703965018901,4.819073081999954,1.4004420880425483,1.215577403126448,1285,/tmp/ShineRunner-421b09a6-bf1b-4c55-8e6c-68a9f791be41,0
1446,True,55.79695,18.883492,0.055535,0.043977,0.0027147889137268,37.30420761903127,658.9955484760247,2.8199154428978126,1.4375024711173043,1.395792138775544,1269,/tmp/ShineRunner-3ffe4e10-859b-46b0-af09-0d4a47e12050,0
1450,True,45.006953,14.429861,0.019223,0.019031,0.0021834135055541,38.23567074934642,526.6909663135878,3.2010327908882736,1.3403572633997531,1.0755413197824195,1268,/tmp/ShineRunner-ccb8c34f-0866-4056-b3e8-10b65a4c77e3,0
1451,True,34.228451,10.958993,0.01536,0.012638,0.002682093779246,38.23574775854747,888.7024191205887,4.876036274668256,1.250370593101171,0.9007282517858756,1250,/tmp/ShineRunner-62c59dad-a2ff-44f3-ac9d-26c0ee408a16,0
1452,True,47.703273,15.534283,0.029315,0.029503,0.0029113451639811,35.6259666800499,881.9616950032939,4.116676752653094,1.2460766077877146,1.2197154090658286,1289,/tmp/ShineRunner-cb4afcef-b345-49bb-8a4b-11c7c8e9c5ca,0
1453,True,36.923971,13.457683,0.036794,0.030444,0.0016751170158386,35.626336280504866,891.3120523147734,4.098505291525578,1.4730135314086652,0.9773683476874312,1286,/tmp/ShineRunner-6d8fdef3-2b49-4c39-9000-8b2dc5127013,0
1455,True,50.393562,15.810567,0.013223,0.014972,0.0026645978291829,18.97323051293691,628.7259796619817,3.910247223507632,1.252089302195407,1.325186191563763,1493,/tmp/ShineRunner-109382b3-0f29-48c4-b82c-16ffb9932e76,0
1456,True,44.798294,15.254669,0.061033,0.055713,0.0021842201550801,18.41286132335663,998.7900186314588,3.6838764445308976,1.297606420206686,1.0746583650452557,1368,/tmp/ShineRunner-743862e0-22ff-4db4-8c00-38ae02834f34,0
1457,True,44.847625,12.9259,0.011467,0.010489,0.0019647638003031,18.47682854334513,569.1645350580246,4.007077965205426,1.0578520836547147,1.0730438131095703,1476,/tmp/ShineRunner-120f70d3-e5f8-44e0-8f0f-45f1d13ae307,0
1458,True,49.356998,15.732151,0.016522,0.012248,0.0019737362861633,18.405707923571267,545.8618395295033,3.5369556618457354,1.327758869171526,1.2640367999470667,1460,/tmp/ShineRunner-332e2d86-d930-4c05-b350-22dd38963953,0
1459,True,51.255663,17.641971,0.211356,0.20217,0.0025408347447713,18.5097363392512,816.4588146338103,1.867884702402832,1.3674465811551455,0.9416832151880028,1282,/tmp/ShineRunner-d6a7a396-d0c8-409c-801c-414a772235d5,0
1461,True,45.602932,13.781698,0.004381,0.00319,0.0007665356000264,16.541290024916332,559.4766553701056,4.634132993568461,1.160766495741166,1.225690448340214,1443,/tmp/ShineRunner-1eca75e8-865e-44b9-8b97-a5c00962c24d,0
1462,True,46.749252,16.082237,0.005569,0.004579,0.0006111502647399,16.509976430734,622.1025003829441,4.615756075124359,1.461937249749253,1.3903260200333851,1470,/tmp/ShineRunner-848943ac-a8d8-456f-a80b-9b2743418539,0
1463,True,33.37999,11.921624,0.016522,0.014001,0.0010442415873209,19.044048873583478,937.5420995270412,4.892620841644958,1.436429479387089,0.9346104753245932,1498,/tmp/ShineRunner-597e01e5-5922-430a-bec5-3e613eea8498,0
1464,True,62.589212,17.796415,0.096331,0.095514,0.0013959089914957,16.530511661370596,509.8832226713458,2.036806107755832,1.0989049236295985,1.3447059957808087,1461,/tmp/ShineRunner-47a930c2-db7f-4586-9a60-7f741983613c,0
1465,True,65.364416,23.489325,0.288965,0.285408,0.0036550164222717,38.46189905802409,565.5288757786566,1.1445167360615165,1.4637812755032538,1.0783047356774584,1254,/tmp/ShineRunner-ec4fea65-bfea-41cf-b115-4ab3665942e1,0
1466,True,68.002035,20.737887,0.213218,0.221911,0.0021044810612996,36.01901706457138,726.9484410381499,1.690494076985976,1.1183311814987906,1.3222099961704123,1263,/tmp/ShineRunner-97a952dc-2757-4fca-bbfa-766eef1a571f,0
1468,True,51.909333,17.319736,0.064021,0.055535,0.0009241461753845,17.079459794362386,786.2289665610579,3.0893963619004525,1.3510010905551857,1.253563937540847,1322,/tmp/ShineRunner-5a3694df-b9e2-4cf1-8dc1-89994166fae7,0
1469,True,32.732515,8.980249,0.005964,0.005173,0.0012704650561014,16.69775466124217,627.9825452838014,4.718591708215438,1.0823039087910091,0.8314374335746303,943,/tmp/ShineRunner-f491fdb3-fa20-44bb-8fbe-622946cbc9e5,0
1470,True,35.817141,12.480961,0.009705,0.006951,0.0009417494138081,16.63990563551585,721.9714431979882,4.718124997517194,1.4269921880736145,1.025550971676057,1468,/tmp/ShineRunner-6f77a360-f561-4b60-9dca-47f54c3e08d5,0
1471,True,30.98891,8.656942,0.005173,0.00319,0.0011341492335001,16.935374116897584,576.438561063168,4.650929776403698,1.170693533690864,0.8350746827878537,1446,/tmp/ShineRunner-893638a4-1ddc-40cb-b175-05deb9f53c39,0
1473,True,52.347873,17.052068,0.044525,0.031571,0.0010234038035074,16.680740519364676,562.4618396528215,2.819936356849141,1.3725940641644223,1.241008291203479,1309,/tmp/ShineRunner-cd1fc98c-a487-438e-83ea-0fc382d49e5d,0
1474,True,58.648824,19.332862,0.254621,0.234889,0.0011809031168619,26.01171183586121,704.3915547143486,1.5575655174666327,1.294153124204504,1.0219286379220665,1320,/tmp/ShineRunner-a901c345-8c00-4f98-b4fd-b3c8fbe344d4,0
1475,True,54.420263,18.231929,0.120493,0.106824,0.0006630818049112,19.34825496673584,863.0900641919505,2.6288374926815936,1.3299756505646394,1.2197867497011932,1452,/tmp/ShineRunner-ed9ff2bb-b1de-4e91-902e-a29bd10048d5,0
1476,True,52.999035,19.277873,0.208861,0.189496,0.0010350505510965,16.87916685740153,829.9978594005756,1.930913237006884,1.473767799832996,1.0564348419895755,1456,/tmp/ShineRunner-659c7657-2e55-46ed-93b7-65a94fa88fd5,0
1478,True,58.812297,20.606161,0.297161,0.284283,0.0015086968739827,18.995018657048544,500.83035383740025,1.0931096323942693,1.4313822818704391,0.8008631437583358,1385,/tmp/ShineRunner-40b20f65-0001-4f36-9dbe-0ecd412e41af,0
1479,True,54.500371,16.222984,0.009705,0.009705,0.0011071602503458,16.798015956083933,571.5109375833175,4.017778939045762,1.099102113606449,1.4374467589916198,1304,/tmp/ShineRunner-83952f1c-f52c-43b4-beb8-46851570e167,0
1480,True,47.854276,15.228501,0.121883,0.104585,0.0005541682243347,16.90666797955831,732.5070659946365,2.3619854790792245,1.265943045673034,0.9310672612307392,1444,/tmp/ShineRunner-982009ac-ad36-403d-895d-a1d096934a61,0
1481,True,58.747813,18.983348,0.181267,0.170124,0.0009252786636352,17.146303236484528,644.6600680511673,1.7343570026903596,1.2929806870480274,1.0869876717575302,1473,/tmp/ShineRunner-c6187f31-653e-4c6f-8b05-1cada4c96c12,0
1482,True,53.519062,16.356457,0.112846,0.092724,0.0010228355725606,19.002179729938508,616.2849702644369,2.217051964506563,1.1831962249131238,1.029246895088782,1278,/tmp/ShineRunner-aa0696a0-463c-4a5b-bdf0-e38d203b105d,0
1483,True,66.126217,21.808323,0.218872,0.206601,0.0008121609687805,18.988740519682565,724.9296499720631,1.6791394813021223,1.3551226006679933,1.3959342545815423,1436,/tmp/ShineRunner-ed3615d1-70f0-46f5-8053-d25c000bff85,0
1484,True,60.296526,19.325869,0.083746,0.072872,0.0007723927497863,19.00105933348338,503.7535163999999,2.0789718615292445,1.3987554178403765,1.387421706364027,1475,/tmp/ShineRunner-9cf9d30c-7250-4b9b-8e4a-890600593158,0
1485,True,44.482098,14.44689,0.062793,0.054284,0.0007219235102335,19.157811331748963,621.2414265141664,2.711398962424687,1.3416291788294066,0.9597770128243944,1388,/tmp/ShineRunner-78d47455-a78e-40a1-be99-ac9f6cee67db,0
1486,True,52.027506,17.335713,0.204708,0.202043,0.000575832525889,17.025146746635436,937.287569927786,2.0930174412408684,1.2654251971439072,0.973884482705956,1437,/tmp/ShineRunner-34e95131-a980-498a-a6f0-05d9ae2b7308,0
1487,True,46.173039,13.57919,0.004579,0.008133,0.000353984038035,16.999267955621082,643.2231134410275,4.669157088972919,1.0124297456931282,1.1886386296287772,1256,/tmp/ShineRunner-74d83ed4-692d-4f45-b5b8-b21dfefec2ab,0
1488,True,46.935265,15.949468,0.006951,0.005371,0.0005354324976603,17.244987448056538,528.6159700766302,4.124240956023376,1.4638977150861403,1.3404758793730664,1307,/tmp/ShineRunner-509570e0-816b-4049-943a-40ab8a76c135,0
1490,True,53.563903,16.117212,0.02629,0.0198,0.0005236307779947,17.607012287775675,610.398960604467,3.486725068018279,1.1445417908190958,1.314307591546406,1499,/tmp/ShineRunner-fcb7b55d-b81c-4ffd-ac8e-6e74436977c9,0
1491,True,61.880115,20.53582,0.150093,0.148646,0.0004006465276082,16.971550353368123,708.3329990199401,2.014801001859958,1.3744103898335274,1.360972603689906,1486,/tmp/ShineRunner-e5682be3-d496-4ded-81d7-a8724ca1cf03,0
1492,True,59.130627,19.421894,0.145445,0.147921,0.0005765239397684,17.056872773170472,869.2553563433144,2.3738168981239607,1.2809094650314996,1.3038477745150825,1457,/tmp/ShineRunner-23576c8f-0110-4b1a-9981-a96ab1b367fa,0
1493,True,43.646402,13.241912,0.009509,0.005964,0.0004560311635335,16.993031390508015,658.5694464113576,4.792757338306878,1.1454589190700593,1.1605399904622002,942,/tmp/ShineRunner-486a0e9d-7494-4431-b6d0-d5b881c747cc,0
1495,True,45.657808,14.910607,0.080206,0.069594,0.0002905925114949,17.35576105117798,817.3591600002953,3.035749362895182,1.2796035803727068,1.0127650686438283,1216,/tmp/ShineRunner-ac7df4c1-23f3-45b1-8ca6-ed6970518eaa,0
1496,True,60.475832,18.066645,0.108734,0.111427,0.0003852764765421,17.186582589149474,730.6044429187868,2.4690184691880064,1.0257095772784646,1.2705851018564114,1484,/tmp/ShineRunner-2f113205-215b-4888-9cc7-1abfe8f29564,0
1498,True,58.34548,17.906695,0.144568,0.139711,0.0009122769037882,19.007455913225808,603.510270762406,1.9291149026480092,1.1970628885890489,1.0916267431484037,1384,/tmp/ShineRunner-e370212a-681d-4d68-beea-a9ae714d49b2,0
