sdcc_preruntime_min,ascot_runtime_min,cleaning_time_min,total_runtime_min,lost_power_W_output,number_particles,current_drive_A,parallel_current_A,current_drive_correction_factor,power_deposited_to_ions_W,power_deposited_to_electrons_W,shine_inj1,shine_inj2,te0,teav,shine_success,success,enbi,nbar,np,hfactor,index,run_dir,batch_num
4.59,0.79,0.0,5.38,54222.28456941335,1.1737865972019578e+20,272604.9389782761,1859679.442591044,0.14658705835800528,4506994.533980823,5673481.398935746,0.006162,0.003587,41.211522,13.946068,True,True,796.6841558034178,5.528917783875849,1.3435565554557487,1.2222973018565835,48,/scratch/project_2013233/enchanted_plugins/data/ascot_DT-D_random_extended/batch_0/ascot_sdcc_workflow_runner-9b1b0703-1272-481c-adb7-f4eb0c82ed42,0
5.25,0.29,0.0,5.54,294997.7150912571,8.762050933977783e+18,-441.37963950511636,98988.89009081782,-0.0044588805784181494,1217974.9493525957,14825014.057572119,0.0,0.0,6.53001,1.416708,True,True,800.3962727964573,11.83302409063689,1.2846246220104927,0.8230587215493932,18,/scratch/project_2013233/enchanted_plugins/data/ascot_DT-D_random_extended/batch_0/ascot_sdcc_workflow_runner-5e68d056-015f-4290-868b-419eef0d838e,0
5.19,0.7,0.0,5.89,37413.301603102365,8.710877133925222e+19,137129.55956479587,1148127.7909626137,0.11943754052832713,4800364.815810664,6067811.109075478,0.001199,0.000799,36.644941,11.467451,True,True,717.4106026296137,7.000578863870946,1.1552248852743396,1.1247617826063423,40,/scratch/project_2013233/enchanted_plugins/data/ascot_DT-D_random_extended/batch_0/ascot_sdcc_workflow_runner-cde98af9-51c5-4348-b192-557a7abce6d7,0
5.28,0.75,0.0,6.03,108271.85206271063,1.0381619456022741e+20,148973.5583543774,1237042.2246635782,0.12042722179098757,6981103.906333238,8746453.359576922,0.0002,0.0002,28.546557,10.581134,True,True,807.386317533276,8.187374520685276,1.4955516761432819,1.0325861995293406,52,/scratch/project_2013233/enchanted_plugins/data/ascot_DT-D_random_extended/batch_0/ascot_sdcc_workflow_runner-5a39e6e3-beea-49b6-ab02-74f07481eea2,0
6.3,0.78,0.0,7.09,128355.06023371976,1.0253096346387708e+20,57445.468237307075,1537494.323860565,0.03736304410741798,5210027.08764589,10426155.608462218,0.003786,0.002394,29.172376,8.418103,True,True,858.243463186918,6.710234118098094,1.051699559844141,0.8301341603572787,30,/scratch/project_2013233/enchanted_plugins/data/ascot_DT-D_random_extended/batch_0/ascot_sdcc_workflow_runner-f13d12cb-9c1d-48f8-9d7f-879619dd0893,0
6.69,0.7,0.0,7.39,37565.56690811466,6.9656452009499255e+19,96519.29833877775,826195.3230464311,0.11682382560927847,4883300.789913319,6820788.875928566,0.0,0.0002,34.416742,10.601276,True,True,718.5621556792661,8.597610396876009,1.0883933792325495,1.1109352961666539,14,/scratch/project_2013233/enchanted_plugins/data/ascot_DT-D_random_extended/batch_0/ascot_sdcc_workflow_runner-25b2a2bd-0db7-465a-a245-d0862ac9da5d,0
7.37,0.75,0.0,8.12,41544.11247576137,7.054497485386819e+19,102209.24162867593,787233.1778685387,0.12983350359471765,4967063.544572198,5947565.463929678,0.0,0.0002,32.677461,10.775991,True,True,688.4854792565276,8.340671794947424,1.2565279571406018,1.1126434719416822,42,/scratch/project_2013233/enchanted_plugins/data/ascot_DT-D_random_extended/batch_0/ascot_sdcc_workflow_runner-654a161d-afc0-4c16-8836-63865cf1f2db,0
7.73,0.78,0.0,8.52,1906.0589431106298,5.243242297396835e+19,69863.25853975865,544548.4536851711,0.12829576150105068,2862111.8391569406,2422558.1742010494,0.0004,0.0004,38.287026,11.934746,True,True,517.3111726363709,6.082911098557858,1.209338212414482,1.1591147623322837,10,/scratch/project_2013233/enchanted_plugins/data/ascot_DT-D_random_extended/batch_0/ascot_sdcc_workflow_runner-57ed4156-1292-46f5-9476-d367565fb0f1,0
8.25,0.71,0.0,8.96,49259.150228792576,1.0178732652787207e+20,154038.5519034215,1647615.791708409,0.0934917913985877,4086388.223805639,6273718.846627446,0.005964,0.004381,39.831338,11.903205,True,True,777.455684255511,5.691401998989718,1.0242849891617394,1.0783603741933283,4,/scratch/project_2013233/enchanted_plugins/data/ascot_DT-D_random_extended/batch_0/ascot_sdcc_workflow_runner-8a08b0e8-8599-4d0b-8ff0-61adb9ef2046,0
8.27,0.71,0.0,8.98,12295.678285418628,3.5080638383085154e+19,43491.20656304639,321908.8718635304,0.1351040942465357,3511915.3204606096,5077973.501102472,0.0,0.0,29.453137,9.695172,True,True,626.2727017539264,11.356018402984105,1.2187861779866636,1.1039210478468373,44,/scratch/project_2013233/enchanted_plugins/data/ascot_DT-D_random_extended/batch_0/ascot_sdcc_workflow_runner-bf2ebba9-a89a-4556-aff6-d86d936c4399,0
8.18,0.86,0.0,9.04,65629.48192799062,1.1421896151736173e+20,295361.01439881895,1954815.5436052945,0.15109405865173364,4160236.6862786836,5939557.684979157,0.00774,0.005767,46.397241,14.74965,True,True,859.8294912837646,5.5320652624769675,1.1538335301545275,1.3091387843401512,20,/scratch/project_2013233/enchanted_plugins/data/ascot_DT-D_random_extended/batch_0/ascot_sdcc_workflow_runner-4b35dbf9-0e5f-4b89-9bcf-f1aa012cef01,0
9.14,0.74,0.0,9.88,1739.0917556314241,4.178535231042761e+19,67106.38358556107,402910.936725116,0.1665538893806302,3486389.228939049,3794626.884122008,0.0,0.0,38.855036,12.268728,True,True,586.5123739663057,9.573793666512655,1.1025360070833339,1.309543176108477,28,/scratch/project_2013233/enchanted_plugins/data/ascot_DT-D_random_extended/batch_0/ascot_sdcc_workflow_runner-80040b61-ef34-4e5e-a8f1-cfa03622ebbc,0
9.29,0.77,0.0,10.06,101572.34224302783,8.161853264619969e+19,112082.0630389243,896818.3411810406,0.12497744291371302,6421334.307060281,8572309.688526545,0.0002,0.0,27.163908,9.964266,True,True,781.4810514962317,9.417450388968215,1.4782639491812115,1.0323327104058266,6,/scratch/project_2013233/enchanted_plugins/data/ascot_DT-D_random_extended/batch_0/ascot_sdcc_workflow_runner-e5ccd3f1-95b0-495e-870f-861a223b7e7a,0
9.28,0.9,0.0,10.18,77590.84486847164,6.858905316331177e+19,102000.1162136184,804794.5901459426,0.12674055897309344,5643134.632190286,8312111.800300515,0.0,0.0,33.673535,10.577125,True,True,785.37821520766,10.181730202901587,1.0861959965666634,1.136591470056218,0,/scratch/project_2013233/enchanted_plugins/data/ascot_DT-D_random_extended/batch_0/ascot_sdcc_workflow_runner-2924db18-de46-4c9c-a6a1-176c8fadbf37,0
9.52,0.83,0.0,10.36,0.0,3.9085185560605024e+19,61870.5402697447,325053.0527880968,0.19033982218920528,2950805.104187313,2185752.461890395,0.0,0.0,37.498662,12.979779,True,True,502.1743826323674,8.326472867640701,1.4016755881391976,1.3320427380463375,12,/scratch/project_2013233/enchanted_plugins/data/ascot_DT-D_random_extended/batch_0/ascot_sdcc_workflow_runner-c2ec7c1d-347e-4b02-aadb-9d0d1a5af8e3,0
9.71,0.7,0.0,10.4,7509.698376660612,4.180417152080451e+19,34958.14247130394,443361.75586543075,0.07884789792720516,2809875.699941015,3677752.676383789,0.0002,0.0,31.677953,9.227355,True,True,553.530354230629,7.419598531582857,1.0104285515850495,0.9858027721755029,36,/scratch/project_2013233/enchanted_plugins/data/ascot_DT-D_random_extended/batch_0/ascot_sdcc_workflow_runner-e7e7a55d-9304-45a4-8e17-01f4b70b10ed,0
9.76,0.8,0.0,10.56,109032.91547885734,1.272421118647642e+20,314958.13390372606,1857746.561861008,0.1695377294027744,6664455.250700784,8443605.933913043,0.001398,0.0004,40.472959,13.889401,True,True,917.1144685878141,7.412068193711263,1.311290468178956,1.3027048926495621,56,/scratch/project_2013233/enchanted_plugins/data/ascot_DT-D_random_extended/batch_0/ascot_sdcc_workflow_runner-f04a4cdd-9b91-4405-908d-b4d70499e09e,0
10.99,0.69,0.0,11.68,69615.37901680841,1.227321324819629e+20,285219.28271842364,1859945.9357380841,0.1533481577276276,5335745.328656866,6732759.275033671,0.002991,0.003786,40.170558,13.744512,True,True,835.9915665694098,6.18862823929015,1.3417273227939615,1.236971410700054,24,/scratch/project_2013233/enchanted_plugins/data/ascot_DT-D_random_extended/batch_0/ascot_sdcc_workflow_runner-08ee6346-2d7d-4e8d-95c6-19f4ef58edbb,0
10.86,0.84,0.0,11.7,150630.92734981288,1.216799065191051e+20,88929.47287323861,2013379.240311385,0.04416926085891547,4930746.206382046,9976848.7030803,0.005569,0.008527,31.535338,9.544025,True,True,914.8607837330923,5.782467385010186,1.1467825299220025,0.8541379550949717,32,/scratch/project_2013233/enchanted_plugins/data/ascot_DT-D_random_extended/batch_0/ascot_sdcc_workflow_runner-83a45942-ef30-4536-b20f-7b27a452e223,0
5.32,0.59,0.0,5.91,218589.4121631195,1.1317231641207867e+20,219921.5982144978,1584671.253884279,0.13878058157200449,7414725.019367753,11269309.990551684,0.0002,0.0006,38.171531,12.249222,True,True,989.4345195251569,9.062898887461904,1.0973311405083797,1.2106447759121932,41,/scratch/project_2013233/enchanted_plugins/data/ascot_DT-D_random_extended/batch_0/ascot_sdcc_workflow_runner-a99c7cb7-43fa-4264-85f0-f2c94a7dd398,0
5.23,0.62,0.0,5.86,47560.190228714535,1.1319175082144422e+20,183405.6687991047,2125583.1978128627,0.08628486948326537,3077281.0892388355,5356110.391294879,0.022865,0.018838,41.483678,13.15986,True,True,844.2350343702353,4.293303114627573,1.2004016380542217,1.039320416481262,53,/scratch/project_2013233/enchanted_plugins/data/ascot_DT-D_random_extended/batch_0/ascot_sdcc_workflow_runner-a4d2b50e-8321-4a17-a452-cb2a4472f94f,0
5.73,0.88,0.0,6.61,140524.96762296095,1.130936640667301e+20,230914.3946540842,1764834.4337565727,0.1308419590174059,5506067.944621174,8445481.294862991,0.002593,0.002593,41.140005,12.858929,True,True,902.6688581076917,7.02802718575416,1.0804769218528596,1.2076560522083175,19,/scratch/project_2013233/enchanted_plugins/data/ascot_DT-D_random_extended/batch_0/ascot_sdcc_workflow_runner-2907475b-8b29-4e95-bd29-f8b4436783d2,0
12.1,0.32,0.0,12.42,260465.24052906004,1.149802706651816e+19,-1194.475215521587,134006.34355069176,-0.008913572177795764,1470869.729655727,15058407.50725362,0.0002,0.0,7.243037,1.606337,True,True,804.4374369619061,11.216150541791944,1.298056158115208,0.8196864922535942,54,/scratch/project_2013233/enchanted_plugins/data/ascot_DT-D_random_extended/batch_0/ascot_sdcc_workflow_runner-507b858f-5c9a-433d-abb7-8e3a9eacc2f9,0
11.92,0.8,0.0,12.72,0.0,3.6154558884281262e+19,51021.57518689793,294671.2520179885,0.17314744766409473,2932718.428838729,2481812.264957609,0.0,0.0,33.740423,11.821124,True,True,512.1040964930456,8.959394627782103,1.425623983503851,1.232153811759964,34,/scratch/project_2013233/enchanted_plugins/data/ascot_DT-D_random_extended/batch_0/ascot_sdcc_workflow_runner-69f2a564-17c6-423f-bb8f-011909e1bae7,0
4.93,0.75,0.0,5.67,23565.629183042685,6.6530531921402044e+19,99124.8174644882,764266.0350755336,0.1296993624146748,4430168.777081103,5305088.297787821,0.0,0.0,35.751681,11.20651,True,True,662.2872729965693,7.972568726774096,1.1458531731270643,1.1518997020525354,15,/scratch/project_2013233/enchanted_plugins/data/ascot_DT-D_random_extended/batch_0/ascot_sdcc_workflow_runner-0f856067-5f37-4710-88b3-467f6212cc9e,0
12.71,0.8,0.0,13.51,15430.09476069434,5.18734675973186e+19,85670.23759807978,481251.6569434116,0.17801546521875847,4453853.01285284,4514205.052029881,0.0,0.0,33.285569,11.784914,True,True,627.928933983861,10.060177168148952,1.419560461776577,1.2399513789285943,8,/scratch/project_2013233/enchanted_plugins/data/ascot_DT-D_random_extended/batch_0/ascot_sdcc_workflow_runner-56db8f88-0b06-440f-9c64-791015cde650,0
5.55,0.49,0.0,6.03,28413.83591785419,9.85176049445516e+19,166140.0634202954,1581883.2165062854,0.10502675651823964,3878698.0029741186,5594410.679044514,0.006359,0.004381,41.793276,12.473166,True,True,744.4578065685173,5.528485217037136,1.0075414784916972,1.1267943072056905,43,/scratch/project_2013233/enchanted_plugins/data/ascot_DT-D_random_extended/batch_0/ascot_sdcc_workflow_runner-edf139fd-2ea1-448d-aa7a-37fbebf3ae8e,0
4.66,0.6,0.0,5.26,104423.62771584734,1.3070554229282596e+20,387867.43053735554,2234408.7155516716,0.1735883985046092,5044553.29447722,6958832.878714984,0.006162,0.002792,41.876019,15.359202,True,True,949.5667096145746,6.064038009936006,1.4810507019615553,1.3102584957895733,45,/scratch/project_2013233/enchanted_plugins/data/ascot_DT-D_random_extended/batch_0/ascot_sdcc_workflow_runner-a2309ae2-adbe-4b4d-b107-b1b56de4cf60,0
7.2,0.75,0.0,7.95,4781.485291628158,6.857100840890068e+19,47780.09159719054,847188.8198666287,0.05639839723653632,2700614.7963985745,2683740.444451728,0.004777,0.004579,32.992681,10.320612,True,True,532.7861190952971,4.506598198566356,1.3310059682031734,0.9062670454276025,31,/scratch/project_2013233/enchanted_plugins/data/ascot_DT-D_random_extended/batch_0/ascot_sdcc_workflow_runner-274e4169-6104-48d2-a5ff-dfa42e41e3f9,0
14.57,0.55,0.0,15.12,4034.668722875996,7.355837582515806e+19,105382.79266045662,1049885.074520353,0.1003755508274098,2615131.1158724627,2690047.9165090104,0.004579,0.005964,44.070779,12.876642,True,True,569.2176834271932,4.523341458878491,1.0858592976362005,1.125146121313771,26,/scratch/project_2013233/enchanted_plugins/data/ascot_DT-D_random_extended/batch_0/ascot_sdcc_workflow_runner-0eb7bfb8-ea1e-4f20-af0a-8e91858df209,0
6.37,0.73,0.0,7.1,1942.1647821057823,6.190622057291271e+19,64717.714287713316,670043.339077512,0.09658735564301556,2947468.877007334,2486864.3366315053,0.001797,0.001597,33.86322,11.196846,True,True,521.833431544148,5.271955726336271,1.3661457338708196,1.0231358774080659,5,/scratch/project_2013233/enchanted_plugins/data/ascot_DT-D_random_extended/batch_0/ascot_sdcc_workflow_runner-1ab9da1c-9a36-43a4-8c6b-165639af4212,0
4.91,0.8,0.0,5.71,18904.290393682135,4.594417212174019e+19,59277.07294033701,440174.2021219577,0.13466730365972993,4138262.404082504,5451858.025811636,0.0,0.0,28.266049,9.769282,True,True,647.5231137129142,10.373342954051155,1.3457122106224761,1.0779137772587655,37,/scratch/project_2013233/enchanted_plugins/data/ascot_DT-D_random_extended/batch_0/ascot_sdcc_workflow_runner-642b86b8-37a7-4047-9a18-244c0ca6cdd6,0
15.82,0.76,0.0,16.58,46666.70002184559,4.689511040925909e+19,52523.24843823349,459609.2904236172,0.11427803904882633,4103045.3192092595,5789815.988898258,0.0,0.0,25.681842,8.965032,True,True,653.326836437239,9.975940240645494,1.3766470771422545,1.0025143558362035,46,/scratch/project_2013233/enchanted_plugins/data/ascot_DT-D_random_extended/batch_0/ascot_sdcc_workflow_runner-97f7c934-e4eb-4f3a-a85e-e279a56099d7,0
5.94,0.88,0.0,6.82,80284.05535016429,1.2231074557175562e+20,343765.48816549656,2129312.29867082,0.1614443726174339,4384488.1716582645,6603910.466941472,0.006359,0.00892,45.155687,15.227361,True,True,945.1906510530996,5.667546357399371,1.2831623270034456,1.3201089427597372,29,/scratch/project_2013233/enchanted_plugins/data/ascot_DT-D_random_extended/batch_0/ascot_sdcc_workflow_runner-89aa40f3-50a9-4376-868d-419136bbc479,0
6.34,0.5,0.0,6.84,28442.292932597553,1.0489350968826302e+20,198906.37095192756,1608756.0280813284,0.12363986053817734,3960724.8945914153,4776923.300656271,0.004777,0.005964,40.579477,13.074779,True,True,714.0165465416366,5.183999766025959,1.2695519002939695,1.1514815442040849,1,/scratch/project_2013233/enchanted_plugins/data/ascot_DT-D_random_extended/batch_0/ascot_sdcc_workflow_runner-1502cc64-af0f-4d7a-939a-8d9db75142e2,0
6.56,0.4,0.0,6.97,2174.5295582423096,7.814708468381758e+19,158064.3446701311,1153272.4538781343,0.1370572444859883,2191831.7708662553,1746487.6778342384,0.010685,0.011662,47.683418,15.412524,True,True,545.3125632357853,3.642398657057811,1.356157126592673,1.238446455140799,7,/scratch/project_2013233/enchanted_plugins/data/ascot_DT-D_random_extended/batch_0/ascot_sdcc_workflow_runner-c4270351-95cf-4379-b495-95b7466e33b3,0
4.97,0.66,0.0,5.63,2359.2279114613893,2.4787912932233777e+19,29533.29210581533,215856.5489932407,0.13681906916217831,2621604.128745802,3828142.108399553,0.0,0.0,33.692939,10.397468,True,True,563.3832365317588,11.560032226778468,1.0018873763199418,1.1759782651752757,25,/scratch/project_2013233/enchanted_plugins/data/ascot_DT-D_random_extended/batch_0/ascot_sdcc_workflow_runner-9cd4588f-996a-4861-a426-8a58fd483aa3,0
4.87,0.93,0.0,5.8,20735.169904749906,5.651071919090359e+19,104157.04378135734,630975.5853431281,0.16507301740481156,4605573.258369651,5631481.476152993,0.0,0.0,40.202485,12.568853,True,True,688.5387313304253,9.965850342153107,1.0216713785722846,1.3321646346570892,33,/scratch/project_2013233/enchanted_plugins/data/ascot_DT-D_random_extended/batch_0/ascot_sdcc_workflow_runner-6079ecf5-48fb-46a0-99e1-440de068af32,0
17.66,0.91,0.0,18.56,399946.25066691847,1.0498092835575903e+20,73234.4324928534,1379200.5633720756,0.05309918980441751,7592357.692329571,14654452.417188214,0.0004,0.000999,24.338299,7.771589,True,True,966.3454199047862,8.756516359836198,1.231743052868032,0.8321863983622646,38,/scratch/project_2013233/enchanted_plugins/data/ascot_DT-D_random_extended/batch_0/ascot_sdcc_workflow_runner-574a7000-1dfb-4a6f-8abb-8ba3b3c9ca27,0
17.88,0.86,0.0,18.74,75894.40442214024,1.2813188115526394e+20,81381.02230660549,1812024.1304281638,0.04491166587686442,6273263.385459721,10683640.393486153,0.004182,0.003388,25.330214,8.773357,True,True,865.4383978376752,6.130405535242926,1.462812431927193,0.8023884458695619,2,/scratch/project_2013233/enchanted_plugins/data/ascot_DT-D_random_extended/batch_0/ascot_sdcc_workflow_runner-c601653c-9110-40ec-b36a-508d19b7ebe2,0
4.87,0.78,0.0,5.65,9143.979175511737,4.792453865521052e+19,8661.091542564674,515891.2578885832,0.016788599167220638,2440206.464890188,3033578.6026484966,0.002394,0.0004,26.321662,7.398401,True,True,508.83177485689174,5.2429299894450185,1.2751363505030928,0.8499046939216117,9,/scratch/project_2013233/enchanted_plugins/data/ascot_DT-D_random_extended/batch_0/ascot_sdcc_workflow_runner-8405ab20-4934-49b9-a966-b215ae7dca4a,0
8.06,0.7,0.0,8.75,338114.05011269543,7.383163259456365e+19,61419.3568390419,856906.7673889032,0.07167565851556289,6338709.144835373,12172595.20978553,0.0004,0.0,21.469884,7.464639,True,True,863.1984498574274,9.980673173097,1.4283518317061337,0.8476013770109685,57,/scratch/project_2013233/enchanted_plugins/data/ascot_DT-D_random_extended/batch_0/ascot_sdcc_workflow_runner-c546e170-8332-4c86-89b0-2fb0184d1b6f,0
5.78,0.58,0.0,6.36,50239.79540212908,1.2636961767365406e+20,356721.4181380814,1777376.4915761256,0.2007011006552423,6547529.4033541195,6807529.942482626,0.001797,0.0002,41.573103,15.153242,True,True,847.7502954927652,7.208753941349769,1.4893712080573747,1.4062608661684184,65,/scratch/project_2013233/enchanted_plugins/data/ascot_DT-D_random_extended/batch_0/ascot_sdcc_workflow_runner-fdf0db53-ec96-4a38-bce0-30e172d1c8a8,0
6.93,0.76,0.0,7.69,58569.57173846641,8.568132090747558e+19,52996.40988059853,1137918.900871464,0.046573099225271454,4548828.060002925,7338516.461460845,0.000799,0.001996,28.182941,8.442495,True,True,722.471450468278,6.4026685928960125,1.1847801618402019,0.8446967730928465,62,/scratch/project_2013233/enchanted_plugins/data/ascot_DT-D_random_extended/batch_0/ascot_sdcc_workflow_runner-3c100e06-ca13-4844-b187-d528af3ebcbb,0
6.65,0.37,0.0,7.02,237074.03182293812,1.235821390973412e+19,-2985.989838367646,149508.76466004472,-0.01997200528783202,1445184.012092511,13635985.364207856,0.0,0.0,9.019614,1.880917,True,True,782.3665947514,10.82352577274198,1.0814107106253321,0.8902324912098021,69,/scratch/project_2013233/enchanted_plugins/data/ascot_DT-D_random_extended/batch_0/ascot_sdcc_workflow_runner-90f98e41-6cd2-416e-b2ac-e6d6bc02a1da,0
11.8,0.89,0.0,12.69,258399.92208191642,1.1755856158342522e+20,186949.74607727252,1408204.5496001611,0.13275752171824337,8903114.921876123,11923733.797360368,0.0002,0.0,28.80673,10.749899,True,True,933.4505113724845,9.480875948028531,1.4910514594168167,1.0631756677386477,21,/scratch/project_2013233/enchanted_plugins/data/ascot_DT-D_random_extended/batch_0/ascot_sdcc_workflow_runner-e4a38f8b-9caa-46c5-b3d2-8775e9fa4380,0
5.19,0.59,0.0,5.79,90451.0230394888,9.845179634132743e+19,175312.10925764905,1395519.1880398656,0.1256250080687826,5752398.83703071,8441185.05449676,0.001398,0.0002,38.712805,11.928374,True,True,843.0385432122571,7.9402729652346125,1.0203721369910086,1.1788745411248474,47,/scratch/project_2013233/enchanted_plugins/data/ascot_DT-D_random_extended/batch_0/ascot_sdcc_workflow_runner-1555e61c-2b50-4fee-a459-efdc0a5c7656,0
9.12,0.83,0.0,9.95,83029.98395000014,6.6764288713723765e+19,93723.19008226309,696981.4537655051,0.13447013485927797,5772524.766640668,7804542.0732110385,0.0,0.0002,27.218234,9.866686,True,True,747.9861652148592,10.308046922216768,1.463062203287511,1.056481621628355,55,/scratch/project_2013233/enchanted_plugins/data/ascot_DT-D_random_extended/batch_0/ascot_sdcc_workflow_runner-eac056b7-f615-4833-a4e9-7e649804f3aa,0
21.82,0.67,0.0,22.5,82658.79523941535,1.1435802095498594e+20,193762.08798889018,1506874.26689452,0.12858543824509638,7007563.489282422,9336684.751044406,0.001199,0.000999,33.355947,11.388342,True,True,864.8479757984417,7.947947729642545,1.3018501113055838,1.1081055017993382,50,/scratch/project_2013233/enchanted_plugins/data/ascot_DT-D_random_extended/batch_0/ascot_sdcc_workflow_runner-e759f569-af5c-4cfa-abf5-1806015603b1,0
11.7,0.81,0.0,12.51,9842.63693605367,9.13205144230592e+19,116953.79071973244,1351017.8236113659,0.08656717082170443,3045479.3396496447,3362592.5190609917,0.009116,0.007346,37.191111,12.211423,True,True,616.5209440358169,4.343991943336661,1.345033649683531,1.012291468338545,13,/scratch/project_2013233/enchanted_plugins/data/ascot_DT-D_random_extended/batch_0/ascot_sdcc_workflow_runner-6100346a-d33b-464f-ae5e-103858f2aeaf,0
10.19,0.85,0.0,11.04,50601.50501562825,7.907103148851644e+19,252408.46344061516,1627531.6915191684,0.15508666575027635,1618019.3525026247,3203745.9895776357,0.072012,0.062266,58.065548,18.363642,True,True,982.9762300019285,3.6010309304687436,1.0926654438986214,1.4295315144423966,35,/scratch/project_2013233/enchanted_plugins/data/ascot_DT-D_random_extended/batch_0/ascot_sdcc_workflow_runner-ef83afcf-b7bc-4ec4-ae3b-45c5c5fe9e97,0
6.09,0.69,0.0,6.78,8764.351514279768,3.0673830891402154e+19,9543.739705672933,286468.0919459105,0.03331519277014257,2170394.0570632946,3157826.9208237175,0.0,0.0,22.01502,6.571901,True,True,500.2749638603433,7.057391950500836,1.3872786091975058,0.8955545390932083,72,/scratch/project_2013233/enchanted_plugins/data/ascot_DT-D_random_extended/batch_0/ascot_sdcc_workflow_runner-ac31dfa8-a775-4618-9099-6430d5f40e28,0
7.47,0.55,0.0,8.02,31411.948788218466,1.0960741918285562e+20,164771.16978087276,1740894.022819676,0.09464744414137148,3692507.4944160334,4849698.978118659,0.00892,0.007937,36.558477,12.347642,True,True,715.1757413835139,4.698171248001411,1.3756750389489043,1.026869467503773,75,/scratch/project_2013233/enchanted_plugins/data/ascot_DT-D_random_extended/batch_0/ascot_sdcc_workflow_runner-77ef3aa5-b6a6-4867-a443-900cb0cd5f6d,0
8.96,0.28,0.0,9.23,17024.5246904955,3.374293632124757e+18,-490.5689411078551,29919.47748663088,-0.01639630709884754,484801.624758765,4651440.654797113,0.0,0.0,8.592881,1.72493,True,True,510.340489059671,11.443982721192768,1.1796338521786072,0.8965499171761853,27,/scratch/project_2013233/enchanted_plugins/data/ascot_DT-D_random_extended/batch_0/ascot_sdcc_workflow_runner-b1418fe9-2631-4dd3-a54f-bdd7da9c5765,0
6.56,0.83,0.0,7.39,115419.36587006897,9.34673908417742e+19,206318.89040284432,1010838.4528334582,0.2041066896738213,8443574.617694613,9286679.088127004,0.0,0.0,35.341484,12.951528,True,True,866.6716170385608,11.521630304519977,1.4919687151100318,1.3329972904086698,73,/scratch/project_2013233/enchanted_plugins/data/ascot_DT-D_random_extended/batch_0/ascot_sdcc_workflow_runner-e619d438-f950-4d08-a07b-d2db76ed9f07,0
8.46,0.94,0.0,9.4,380080.6702239617,7.156940604279583e+19,43325.53505378433,877606.2763021818,0.0493678500526884,6230017.657955622,13970126.142369905,0.0002,0.0,21.673577,6.791774,True,True,911.9711445417136,10.140771097110864,1.2185784811095004,0.8057000320067735,64,/scratch/project_2013233/enchanted_plugins/data/ascot_DT-D_random_extended/batch_0/ascot_sdcc_workflow_runner-c6186b5e-77d7-4871-9df1-f6d0e9a4a188,0
7.27,0.8,0.0,8.08,48197.818095633185,1.0825854600906713e+20,200641.7698289459,1643461.7685855387,0.12208484168246285,4956460.545554078,6923567.249233957,0.002394,0.002991,39.53488,12.413262,True,True,806.54657464179,6.365033340130091,1.1490638523909877,1.1554817639175385,71,/scratch/project_2013233/enchanted_plugins/data/ascot_DT-D_random_extended/batch_0/ascot_sdcc_workflow_runner-20bbf6b3-8217-40e6-bfef-1eef081c88fa,0
8.15,0.65,0.0,8.8,44478.611255192845,1.0065320221793288e+20,210046.79671651163,1368098.7194687782,0.15353190067897374,5502285.808954293,6686739.662733851,0.0006,0.001398,40.750305,13.059843,True,True,780.9405472190472,7.278592376396875,1.1713025826083745,1.2696326152391526,68,/scratch/project_2013233/enchanted_plugins/data/ascot_DT-D_random_extended/batch_0/ascot_sdcc_workflow_runner-c84a5671-2a5f-4ba9-b77e-7bdca614dc6f,0
7.11,0.53,0.0,7.64,17384.780715453282,9.929283603247779e+19,272466.11486341653,1480594.328572709,0.1840248267910586,4744405.877732841,5531530.21421338,0.001398,0.001199,49.16695,15.294417,True,True,773.9365220384016,6.683403976984671,1.0452095927132652,1.4939958761819994,78,/scratch/project_2013233/enchanted_plugins/data/ascot_DT-D_random_extended/batch_0/ascot_sdcc_workflow_runner-7b3d96cc-997d-439e-9e37-45b7796fd47b,0
5.53,0.62,0.0,6.15,16023.559733348715,7.743391421888445e+19,118817.80915144946,1027514.6857231688,0.11563611771429333,3941857.9078587955,4730491.859056382,0.001199,0.000999,39.178653,11.796705,True,True,654.8833945962078,6.419441668259593,1.0847867012622967,1.143063836288268,79,/scratch/project_2013233/enchanted_plugins/data/ascot_DT-D_random_extended/batch_0/ascot_sdcc_workflow_runner-dc9d5827-23ed-4990-a1f4-486a4e177b22,0
10.82,0.95,0.0,11.77,92647.04808520428,1.1327909265565707e+20,273884.4053989435,1682980.979038085,0.16273767131669148,6455104.683841937,9076241.68672775,0.000799,0.0004,43.256728,13.836164,True,True,937.2442877383036,8.135032641922578,1.0887375221286144,1.3456563145851228,66,/scratch/project_2013233/enchanted_plugins/data/ascot_DT-D_random_extended/batch_0/ascot_sdcc_workflow_runner-e313add1-f075-48b5-a21e-75e7a93350cf,0
6.5,0.53,0.0,7.03,2060.340991683575,6.749704403428854e+19,140372.442044192,925609.9381992242,0.15165399187187514,2372975.802335173,1969529.8335081881,0.005964,0.003587,51.571416,15.165264,True,True,533.6357868676091,4.381395356121881,1.05828277622523,1.3662446332449285,85,/scratch/project_2013233/enchanted_plugins/data/ascot_DT-D_random_extended/batch_0/ascot_sdcc_workflow_runner-596cc2de-cf2c-4976-b797-e6afc4450f4d,0
7.76,0.86,0.0,8.62,218556.84598612928,9.746666786234176e+19,128220.16189530304,1188038.0999478863,0.10792596794743153,7535827.139287615,11475697.241517864,0.0,0.0002,28.004505,9.641332,True,True,892.5161090762056,9.501664129671667,1.3040781543502726,1.0099222429792356,39,/scratch/project_2013233/enchanted_plugins/data/ascot_DT-D_random_extended/batch_0/ascot_sdcc_workflow_runner-ed1a164d-b96a-4b51-b2ec-fbe8339d550f,0
5.32,0.61,0.0,5.93,30643.026248445854,7.986433235726511e+19,24987.519910992447,1106286.4363203184,0.022586844682020005,3796390.0713464506,6502074.175070249,0.002792,0.002593,27.9788,7.855615,True,True,683.887590689934,5.759033220116184,1.133346981134007,0.8017553932917098,70,/scratch/project_2013233/enchanted_plugins/data/ascot_DT-D_random_extended/batch_0/ascot_sdcc_workflow_runner-4ae000bf-ea59-4376-9617-1ae0bc3f2d85,0
5.9,0.7,0.0,6.6,5918.519537238448,9.062686560085169e+19,231313.0713000203,1424252.4210049296,0.16241016542335207,3218344.511946179,3456397.341452002,0.007149,0.005964,51.300112,15.422761,True,True,663.4778146890412,4.932792463656435,1.065941383428973,1.4119120750270289,87,/scratch/project_2013233/enchanted_plugins/data/ascot_DT-D_random_extended/batch_0/ascot_sdcc_workflow_runner-2cf208a5-910d-4ee3-9afa-e8b668b6f839,0
5.42,0.81,0.0,6.23,41875.01183830905,1.0604394512366284e+20,253826.34628237606,1579593.9424184964,0.16069088356577624,4875931.171868843,5836003.127904661,0.001597,0.001199,43.930948,14.019875,True,True,774.8636486764314,6.369405569076651,1.177308913280744,1.3208510655617003,82,/scratch/project_2013233/enchanted_plugins/data/ascot_DT-D_random_extended/batch_0/ascot_sdcc_workflow_runner-b1c728ef-4e46-4155-a312-e03dbe097cff,0
9.32,0.45,0.0,9.77,16336.538106780416,1.0939436926471506e+19,-1955.8973806009492,106352.94175309886,-0.01839062792585104,1135766.1859835915,5284017.189605685,0.0,0.0,11.550153,2.621813,True,True,541.3035002282913,9.134638395705144,1.373384426749807,0.9190264541773933,84,/scratch/project_2013233/enchanted_plugins/data/ascot_DT-D_random_extended/batch_0/ascot_sdcc_workflow_runner-0b1fa402-c6ff-45ad-b27f-efe5e7baaa3e,0
10.0,0.52,0.0,10.52,655.6641932587045,7.2250802155994776e+19,146651.92790635733,914908.8410535477,0.16029130042888515,2575751.056577027,1749638.0422021989,0.004975,0.002394,45.163254,15.20067,True,True,523.8791739709243,4.31482342541278,1.4418901925249465,1.2938739586142851,3,/scratch/project_2013233/enchanted_plugins/data/ascot_DT-D_random_extended/batch_0/ascot_sdcc_workflow_runner-4b0f8e35-17b7-4a86-837e-a955dd021942,0
16.81,0.69,0.0,17.49,86192.78085701204,4.374184777774893e+19,6653.219188286875,498113.1136976718,0.013356844068805274,3493223.2168782945,8506593.327291457,0.0,0.0,18.341184,5.306615,True,True,698.6965365056632,8.440529098484902,1.3418123398733701,0.8251523310468012,63,/scratch/project_2013233/enchanted_plugins/data/ascot_DT-D_random_extended/batch_0/ascot_sdcc_workflow_runner-c16b2a50-de9c-4b12-a585-a672916f7b0a,0
5.09,0.72,0.0,5.81,8002.706424519805,9.706915161515124e+19,230897.19459148782,1337964.2640264293,0.17257351395666784,4066906.1234032055,3644058.6411852003,0.00319,0.001398,42.851259,14.66152,True,True,654.2986433295091,5.456992567213975,1.4211458591347652,1.3196460990680028,83,/scratch/project_2013233/enchanted_plugins/data/ascot_DT-D_random_extended/batch_0/ascot_sdcc_workflow_runner-446ec468-3c3b-4780-b704-a08a8f30a63a,0
5.3,0.75,0.0,6.05,564274.2398563675,7.847652894640203e+19,61833.91378746653,940842.0598704008,0.06572188513339214,7215185.496978673,15296564.731606273,0.0,0.0,20.84248,7.137913,True,True,960.7048375837124,10.766560949939109,1.3809096228054434,0.8286141696288729,94,/scratch/project_2013233/enchanted_plugins/data/ascot_DT-D_random_extended/batch_0/ascot_sdcc_workflow_runner-388758fa-49b3-4a61-bc47-3de7ccde8ef9,0
21.47,0.83,0.0,22.3,780.9613594652773,3.2527439993943425e+19,54294.87604031785,262239.2578052133,0.2070432798457931,3321055.7164681954,3257456.4235428814,0.0,0.0,35.47517,12.486979,True,True,561.8068150280982,11.831954374545104,1.3869069626918962,1.3598751074136457,11,/scratch/project_2013233/enchanted_plugins/data/ascot_DT-D_random_extended/batch_0/ascot_sdcc_workflow_runner-c3ec0aef-bacf-4711-a22a-e642e7c57072,0
5.36,0.79,0.0,6.16,57186.38762664961,9.218157956953938e+19,194706.9015338234,1023699.4982158047,0.19019927417486876,7231052.367548042,7766786.258671645,0.0004,0.0,36.562801,12.974385,True,True,802.7899485589013,9.875902251548832,1.3896163322022594,1.3199107627508901,97,/scratch/project_2013233/enchanted_plugins/data/ascot_DT-D_random_extended/batch_0/ascot_sdcc_workflow_runner-701a0942-803e-4a8c-ae4e-d11c2525977f,0
4.69,0.91,0.0,5.6,117083.88386074027,1.0846997050341163e+20,80517.50725789784,1794593.1036124132,0.04486672053727428,4255999.071697679,8176160.006869809,0.007543,0.007346,33.826464,9.809199,True,True,833.0365607830246,5.569260671761446,1.008585894659343,0.8819293740457698,100,/scratch/project_2013233/enchanted_plugins/data/ascot_DT-D_random_extended/batch_0/ascot_sdcc_workflow_runner-8f6044ea-5bdf-44a8-801d-41a55572da22,0
5.33,0.69,0.0,6.02,0.0,2.7064535439098094e+19,33779.82793214488,234333.953051967,0.14415251179863683,2479606.873308075,2970548.355728257,0.0,0.0,36.566583,11.206612,True,True,524.4831922723794,9.935933545554176,1.0160995182849548,1.224065275990964,86,/scratch/project_2013233/enchanted_plugins/data/ascot_DT-D_random_extended/batch_0/ascot_sdcc_workflow_runner-885c73b8-82fa-4452-bbe5-87e44ca563e9,0
5.66,0.64,0.0,6.3,23665.89157865947,1.1072643498591809e+20,233616.46498643933,1654993.16252173,0.14115856806953542,4471296.859409859,5284257.286264758,0.004182,0.002593,40.32755,13.469176,True,True,744.3015806297116,5.562782734193708,1.3271943824737105,1.1988806134471692,103,/scratch/project_2013233/enchanted_plugins/data/ascot_DT-D_random_extended/batch_0/ascot_sdcc_workflow_runner-98ddcd67-3c77-4a1c-aec1-5a18c68d1f6f,0
7.38,0.75,0.0,8.13,46677.068034761585,1.1654656791365386e+20,299278.9061800477,1503682.2847375246,0.19903067903223212,6906478.5008001765,7009632.771914285,0.0004,0.0002,40.800005,14.520502,True,True,823.1224609243027,7.9073107104553575,1.426491286330002,1.399975958376908,93,/scratch/project_2013233/enchanted_plugins/data/ascot_DT-D_random_extended/batch_0/ascot_sdcc_workflow_runner-2bfdcf91-40e6-490e-9123-47bb97250186,0
12.95,0.87,0.0,13.82,187364.30791642974,1.0087788516879429e+20,224404.13441033076,1264336.5093344864,0.17748766467912186,8688818.402244791,11437244.531975804,0.0,0.0,40.604426,13.301914,True,True,991.3570124495569,11.586940520552506,1.0907669958607178,1.3762090689279551,76,/scratch/project_2013233/enchanted_plugins/data/ascot_DT-D_random_extended/batch_0/ascot_sdcc_workflow_runner-c1a29764-76e9-4777-b126-09474c469e02,0
9.91,0.87,0.0,10.78,175081.313449135,8.570407516949994e+19,150258.4210882837,955497.4072412378,0.15725675438734857,8079919.342198313,11104600.23979806,0.0,0.0,29.312616,10.684907,True,True,894.9463819935107,11.726455463077068,1.4392337191722318,1.1284895559613408,51,/scratch/project_2013233/enchanted_plugins/data/ascot_DT-D_random_extended/batch_0/ascot_sdcc_workflow_runner-7786d61f-59c8-43f4-b82c-d2bb4795ef8a,0
8.38,1.17,0.0,9.55,132067.92516926723,9.50522935620672e+19,209673.37577797144,1149921.6636417413,0.18233709513215615,7854316.639216574,9719713.70388399,0.0,0.0,39.713977,13.181649,True,True,900.4316796273748,10.842498752839946,1.1610986758464144,1.368416566049011,95,/scratch/project_2013233/enchanted_plugins/data/ascot_DT-D_random_extended/batch_0/ascot_sdcc_workflow_runner-13d15413-002c-4a37-a48f-5f9b8c99baee,0
8.3,0.74,0.0,9.04,30802.057480162748,8.233638129056609e+19,64793.572153929956,1050626.7166588122,0.06167135398953639,3962782.365432967,5096623.79281304,0.002593,0.001398,29.710054,9.403033,True,True,644.3422161955466,5.685564894355471,1.3052858553928075,0.8911369897737548,90,/scratch/project_2013233/enchanted_plugins/data/ascot_DT-D_random_extended/batch_0/ascot_sdcc_workflow_runner-43d13b38-3204-4ac2-ba41-310e952ab466,0
10.28,0.77,0.0,11.06,39852.52179667283,7.498732989914009e+19,95377.80387318613,831507.8610119787,0.11470463280660688,4690818.470085159,5134272.253221132,0.0002,0.0004,30.063644,10.513912,True,True,653.4345224960429,7.245901814240103,1.4097786153049146,1.0371496185057598,74,/scratch/project_2013233/enchanted_plugins/data/ascot_DT-D_random_extended/batch_0/ascot_sdcc_workflow_runner-0f65e6e1-ad74-481d-97d4-718c5733e3e1,0
5.43,0.48,0.0,5.91,77141.63073050612,1.1648766370474295e+20,233360.9766321106,1868534.6770000374,0.124889829182499,4869058.88201235,7163461.019631758,0.005173,0.003388,40.31667,12.889759,True,True,850.8073916216554,6.050944550533364,1.1874272159407946,1.1648028556086265,107,/scratch/project_2013233/enchanted_plugins/data/ascot_DT-D_random_extended/batch_0/ascot_sdcc_workflow_runner-8503a50f-e185-4da9-bf9f-cf9793d9b748,0
4.96,0.66,0.0,5.62,236066.11795199625,1.372232171559224e+20,328092.3385624205,1884305.1592786529,0.17411847382937717,8350635.676865842,10447828.562342066,0.0004,0.0004,37.752804,13.622508,True,True,997.2851719111468,8.46699466431356,1.405960288789698,1.2795821649855612,102,/scratch/project_2013233/enchanted_plugins/data/ascot_DT-D_random_extended/batch_0/ascot_sdcc_workflow_runner-54625195-9041-4820-9084-140d3912a0e2,0
6.94,0.87,0.0,7.8,32553.950764970374,1.056853148636153e+20,280288.8878626791,2065761.6049595,0.13568307552515202,2551615.9789010524,3790630.123206867,0.032882,0.027616,48.716593,15.806885,True,True,824.0200033600488,3.929088032799568,1.26220205236366,1.24385382488883,98,/scratch/project_2013233/enchanted_plugins/data/ascot_DT-D_random_extended/batch_0/ascot_sdcc_workflow_runner-b3ff76ac-0cf3-4809-b162-2c259da0a9e0,0
11.03,0.72,0.0,11.75,32405.145903232387,1.1220058864682145e+20,134417.46505169693,2131885.886593385,0.06305096623463617,2660327.2740816246,4458437.360602191,0.031383,0.027994,36.679098,12.70944,True,True,773.0375376191196,3.7059547921132316,1.433781035453917,0.921564277138504,91,/scratch/project_2013233/enchanted_plugins/data/ascot_DT-D_random_extended/batch_0/ascot_sdcc_workflow_runner-f60d9707-5750-44fe-9533-f176b5de55fb,0
4.29,0.39,0.0,4.68,48913.659415107155,6.070266725427186e+18,-1540.6623833955343,63657.61881243665,-0.024202325065519704,741395.4929277366,6684622.599283214,0.0,0.0,10.248199,2.010475,True,True,592.6629909310896,10.722616224729956,1.0220324929086033,0.9343559405154127,118,/scratch/project_2013233/enchanted_plugins/data/ascot_DT-D_random_extended/batch_0/ascot_sdcc_workflow_runner-bbc5ef88-4514-4e49-af92-8aa10e4b086f,0
35.85,0.76,0.0,36.61,32647.017149142288,8.188716302683926e+19,162103.85083632224,938794.1959345923,0.17267240417367935,6169587.690811668,6854898.086333917,0.0002,0.0002,37.301747,12.505462,True,True,754.4901181932466,9.358495908335987,1.249629005106772,1.2886936113794822,58,/scratch/project_2013233/enchanted_plugins/data/ascot_DT-D_random_extended/batch_0/ascot_sdcc_workflow_runner-f8571fa3-d258-4e9d-865a-8932b447a23b,0
7.1,0.4,0.0,7.5,55961.95708222676,1.0967677753300158e+20,158692.56802661362,1979965.1234419476,0.08014917341106714,3442629.2978361263,6213339.762241458,0.016909,0.01826,41.648179,12.488479,True,True,842.7477832189552,4.804801972952909,1.030851223028661,1.0392867613803554,110,/scratch/project_2013233/enchanted_plugins/data/ascot_DT-D_random_extended/batch_0/ascot_sdcc_workflow_runner-b343b02e-5605-46d0-9a84-0b7bbba0ed91,0
6.0,0.73,0.0,6.73,3742.4994464836254,5.6970751580198306e+19,19612.32577396321,678222.4165251326,0.028917247935340756,2444767.3817065256,2731185.2010601265,0.001398,0.001398,30.926105,8.787764,True,True,513.520430158936,4.708505412873976,1.2182879736222385,0.8815024781535722,67,/scratch/project_2013233/enchanted_plugins/data/ascot_DT-D_random_extended/batch_0/ascot_sdcc_workflow_runner-27de6db5-137f-42f0-8615-38351e58de8d,0
5.22,0.8,0.0,6.02,3737.614436342403,2.6642685658789937e+19,28821.353270494565,214964.47654429794,0.13407495849462048,2489561.3374476684,2846318.282013217,0.0,0.0,28.113792,9.620404,True,True,513.227217842038,10.100602325024353,1.3480726307755613,1.0771650958686958,121,/scratch/project_2013233/enchanted_plugins/data/ascot_DT-D_random_extended/batch_0/ascot_sdcc_workflow_runner-bafb44e2-5192-4601-8fbb-bf43f0c2e763,0
4.28,0.67,0.0,4.95,5466.158130714957,8.527721727042598e+19,101684.19972338963,1089771.7790724689,0.09330779313255433,3481060.7961374624,3460431.603731864,0.002394,0.002394,33.702625,11.650138,True,True,597.505038510499,4.944585867350767,1.4474867077975873,1.006703329143891,111,/scratch/project_2013233/enchanted_plugins/data/ascot_DT-D_random_extended/batch_0/ascot_sdcc_workflow_runner-83c3d6fe-0896-40a5-af7b-88f33c38c7b5,0
6.29,0.85,0.0,7.14,107484.23151167475,7.918532210545335e+19,158842.29956481195,905270.5645241882,0.1754638953143249,7313314.02810477,9676711.496112261,0.0,0.0,37.882854,12.498314,True,True,870.9041580022297,11.80155510487532,1.139797611686176,1.32563860037946,120,/scratch/project_2013233/enchanted_plugins/data/ascot_DT-D_random_extended/batch_0/ascot_sdcc_workflow_runner-db9e2a84-9e13-44a2-8327-6577f8665d26,0
10.71,0.78,0.0,11.49,46076.98133186552,1.1898687662182641e+20,120050.15820551074,1991560.4964047775,0.060279443392369327,3704649.865067178,6134990.969553521,0.014584,0.01088,32.688942,11.177122,True,True,779.7189294403556,4.509731018903378,1.4268827844995784,0.8943800800878293,105,/scratch/project_2013233/enchanted_plugins/data/ascot_DT-D_random_extended/batch_0/ascot_sdcc_workflow_runner-9414c743-18d6-4536-974d-42f79fcb09e1,0
5.55,0.78,0.0,6.33,2884.5586031305834,5.426568170828356e+19,67806.20682863359,515823.12686364364,0.13145243649875737,3424004.4796307473,2981764.8420820776,0.0,0.0004,32.173001,11.193766,True,True,544.1840221095042,6.970212949567314,1.4311868098189675,1.09921364191318,108,/scratch/project_2013233/enchanted_plugins/data/ascot_DT-D_random_extended/batch_0/ascot_sdcc_workflow_runner-7d02a3c8-f389-4085-9b4b-37184e7afb33,0
6.99,0.81,0.0,7.8,287585.3015129309,1.1688973663381237e+20,106419.59906798645,1794905.4113171739,0.05928980903227177,6383133.448911476,12704134.059844075,0.002593,0.002195,30.958024,9.342792,True,True,991.5595899230116,7.525757042720208,1.062979177472047,0.9106620124594241,119,/scratch/project_2013233/enchanted_plugins/data/ascot_DT-D_random_extended/batch_0/ascot_sdcc_workflow_runner-ee5cfae8-03f1-48a3-9c75-7ca636bf0fe3,0
5.22,0.38,0.0,5.6,17473.678377031065,7.289785611800872e+18,-1177.7569931303235,67221.48531731365,-0.017520544028011516,840021.9321535061,4796047.4470378235,0.0,0.0,10.154571,2.232152,True,True,514.3914372729251,9.734746657549717,1.3469407984517134,0.937517151446245,122,/scratch/project_2013233/enchanted_plugins/data/ascot_DT-D_random_extended/batch_0/ascot_sdcc_workflow_runner-eead0f7a-b2e5-4dfd-a19e-079a32c0fa14,0
9.73,0.48,0.0,10.21,53940.408836542796,1.0330380694106458e+20,189137.2223844428,1711141.1993430865,0.11053279674234558,3848453.847937266,5815354.088179741,0.007149,0.006557,43.279103,13.006213,True,True,784.2451613415391,5.402458253817105,1.0219855060007115,1.1547648229774354,114,/scratch/project_2013233/enchanted_plugins/data/ascot_DT-D_random_extended/batch_0/ascot_sdcc_workflow_runner-94a5fd8e-fac0-46b1-9d79-449ed488fbf8,0
40.12,0.71,0.0,40.83,5826.441111177098,2.9710957451822653e+19,30583.698054116936,268979.6267760717,0.11370265629663537,2635815.3395748804,3554641.198429907,0.0,0.0,31.360017,9.613951,True,True,546.3517301571358,9.587018610493018,1.0931853910572267,1.0774967172433072,16,/scratch/project_2013233/enchanted_plugins/data/ascot_DT-D_random_extended/batch_0/ascot_sdcc_workflow_runner-c034ab8e-77e0-4640-9d5e-16b689ebec1c,0
6.36,0.77,0.0,7.12,69237.01279937109,8.15854585711915e+19,160462.11629997753,899382.3916667077,0.1784136734127228,6900184.367621371,8116672.8298609,0.0,0.0,36.006774,12.345338,True,True,805.6461702650732,10.561851583463513,1.2869688722163903,1.2896311431211502,117,/scratch/project_2013233/enchanted_plugins/data/ascot_DT-D_random_extended/batch_0/ascot_sdcc_workflow_runner-db345885-e3b4-4713-8c10-47152dbbeb6e,0
5.08,0.62,0.0,5.7,40054.86893263962,1.0856450889040906e+20,323638.70717321825,1762307.8234750652,0.18364482235290797,4518925.01085504,5746438.264125143,0.002792,0.003587,50.355293,15.837751,True,True,835.87548872655,6.141169157963905,1.0856298779011393,1.499050490625824,59,/scratch/project_2013233/enchanted_plugins/data/ascot_DT-D_random_extended/batch_0/ascot_sdcc_workflow_runner-308111e6-647f-4aa3-b8df-c40c15ba4f29,0
8.71,0.98,0.0,9.7,168508.34828056907,1.3581247924985746e+20,304068.193464342,2135674.519931914,0.14237571812863872,6018444.886000588,8927103.090635207,0.004777,0.002593,37.738786,13.383401,True,True,963.625257964878,6.593241653625088,1.3827752103355297,1.1776618163949821,101,/scratch/project_2013233/enchanted_plugins/data/ascot_DT-D_random_extended/batch_0/ascot_sdcc_workflow_runner-25ba8c0c-7a86-4a12-805b-5d3c36381ed0,0
5.35,0.52,0.0,5.86,21840.66326929031,1.0191829155766115e+20,255235.57884101695,1627248.1648668821,0.15685104727827218,3696428.8290330586,4300096.447785636,0.006359,0.006162,47.789737,14.876931,True,True,720.7865316442545,5.142665918768982,1.1555366472476802,1.3414349238757617,129,/scratch/project_2013233/enchanted_plugins/data/ascot_DT-D_random_extended/batch_0/ascot_sdcc_workflow_runner-15d48cf6-a06b-46eb-a9bd-3ee1df5272af,0
25.21,0.61,0.0,25.82,1293.676461762586,6.976033541588766e+19,165116.29066369333,924438.6245707645,0.17861249657364778,2343881.3712552055,1627042.3943480805,0.005569,0.005371,51.973036,16.202227,True,True,520.9966503400652,4.123277009132191,1.2495178634000386,1.4461051938426839,77,/scratch/project_2013233/enchanted_plugins/data/ascot_DT-D_random_extended/batch_0/ascot_sdcc_workflow_runner-7f036fa7-0337-44d3-a9e2-414c0df1802f,0
6.59,0.71,0.0,7.3,250464.15630203328,7.411845958148609e+19,57203.25507666585,935176.1586485342,0.06116842751779824,5906898.246651574,11720093.751036588,0.0002,0.0002,25.303149,7.696582,True,True,858.9020067215495,9.530641675931077,1.1244486021395779,0.8744561888177114,112,/scratch/project_2013233/enchanted_plugins/data/ascot_DT-D_random_extended/batch_0/ascot_sdcc_workflow_runner-b513dd1d-fc18-424b-a8bd-37a96e9c36e5,0
4.96,0.83,0.0,5.79,22349.453228031514,6.9689975696581394e+19,5113.88785356154,968530.0157671467,0.005280050974476993,2968188.5936350673,4910171.604095665,0.005371,0.003388,28.738472,7.628477,True,True,613.2689353024962,5.075416639424483,1.094631196607713,0.8020179343576447,131,/scratch/project_2013233/enchanted_plugins/data/ascot_DT-D_random_extended/batch_0/ascot_sdcc_workflow_runner-6ac118d1-7114-46b3-86b7-8b65dfff4178,0
8.67,0.8,0.0,9.47,68265.49812128801,1.2001527293456933e+20,260125.50378621568,1712691.7588958654,0.15188109736331823,5812866.264979481,6991941.135253237,0.002593,0.001398,38.274892,13.231451,True,True,819.6778740695113,6.626869045594389,1.3672938761691755,1.2151296295935035,126,/scratch/project_2013233/enchanted_plugins/data/ascot_DT-D_random_extended/batch_0/ascot_sdcc_workflow_runner-dc1b64c7-98d5-421d-a468-fe003a2241d5,0
9.27,0.61,0.0,9.88,14518.472006860828,8.370508456931687e+19,185554.51664740415,1121534.3356009705,0.16544702267004188,4182091.6491340273,4405492.464250737,0.000999,0.0004,45.504269,14.047102,True,True,669.283497021311,6.478379333939836,1.1008443219998811,1.3675922401587068,125,/scratch/project_2013233/enchanted_plugins/data/ascot_DT-D_random_extended/batch_0/ascot_sdcc_workflow_runner-bd321375-21d7-4dde-bea7-04c8e4f45eb9,0
10.7,0.94,0.0,11.64,37526.220324803275,6.48914252249703e+19,114648.0467895988,736614.8452108466,0.15564178150222083,5776278.997031293,7870659.277698782,0.0,0.0,37.214336,11.798715,True,True,782.5771212732695,11.156746373401873,1.0624252030170993,1.264696576220098,116,/scratch/project_2013233/enchanted_plugins/data/ascot_DT-D_random_extended/batch_0/ascot_sdcc_workflow_runner-7cff3fd8-493d-4dca-8aca-3b62867c8c1a,0
4.91,0.79,0.0,5.7,142829.07105286318,1.1066867399210728e+20,266105.33061909187,1533637.566595251,0.17351252761097818,7271302.138447277,9498638.37234825,0.000999,0.0002,42.114576,13.707557,True,True,929.1618580269665,9.081115047555773,1.1227224035122307,1.3686611106119093,138,/scratch/project_2013233/enchanted_plugins/data/ascot_DT-D_random_extended/batch_0/ascot_sdcc_workflow_runner-48fe4ae7-2bf7-4cb5-b478-2f1039a932aa,0
6.64,0.76,0.0,7.4,98844.76235336918,8.92081005583891e+19,142881.0070003797,1031299.9497435215,0.1385445689548549,6692056.768428736,8545212.80151682,0.0,0.0,31.41946,10.890212,True,True,801.9266955316006,9.225291767886606,1.341897316678423,1.1177889349635448,139,/scratch/project_2013233/enchanted_plugins/data/ascot_DT-D_random_extended/batch_0/ascot_sdcc_workflow_runner-0abdaef5-0380-434e-87d1-64d3b7f6534a,0
5.03,0.66,0.0,5.69,123907.63716530187,1.1645143036752855e+20,71960.49800370206,2016586.9196645357,0.03568430267100655,4292463.052504071,9528748.062883358,0.010685,0.006754,33.528766,9.772428,True,True,921.888720113632,5.4263647128606065,1.0288672362076434,0.8460262298293865,144,/scratch/project_2013233/enchanted_plugins/data/ascot_DT-D_random_extended/batch_0/ascot_sdcc_workflow_runner-f2745c0e-c8b6-4b33-98c1-a3feb01413e5,0
4.94,0.79,0.0,5.72,25462.91841034634,5.7415203897948955e+19,100919.5927559629,620112.2523137562,0.16274407154416448,5010336.4897307195,6420070.244532039,0.0,0.0,37.313453,11.941873,True,True,712.4863962432463,10.607736043178408,1.109670807537403,1.2804856251355676,130,/scratch/project_2013233/enchanted_plugins/data/ascot_DT-D_random_extended/batch_0/ascot_sdcc_workflow_runner-15a4293c-8f42-466c-809a-04d0a3e89392,0
5.08,0.84,0.0,5.93,7970.104533092954,5.284331565969526e+19,106841.96899749096,480770.0519938465,0.22223091591166427,4980792.374622368,4670572.451257421,0.0,0.0,37.335098,13.422341,True,True,653.2558898303918,11.395366913516188,1.4529626046819089,1.4303356319070728,17,/scratch/project_2013233/enchanted_plugins/data/ascot_DT-D_random_extended/batch_0/ascot_sdcc_workflow_runner-45ab89e9-c48f-427c-b508-bed023852e7f,0
5.6,0.74,0.0,6.34,4764.820518937577,3.2840863666901025e+19,28214.097293266168,272605.7473168824,0.10349780799180852,2537643.536155189,2770281.4721346837,0.0,0.0002,26.092528,9.065959,True,True,504.13847414101883,8.233124691323509,1.422141619068698,0.9789269756704957,140,/scratch/project_2013233/enchanted_plugins/data/ascot_DT-D_random_extended/batch_0/ascot_sdcc_workflow_runner-4c483d80-4e46-432f-a213-49d9826fb4d2,0
4.66,0.57,0.0,5.24,145084.78466864937,1.3132747557048348e+20,211400.53513974923,2139134.5736059006,0.098825262210313,4999848.440156649,7816871.1433406165,0.008527,0.007346,33.755184,12.07976,True,True,877.1275299748356,5.564717505393601,1.4215552175836743,1.0164038096858126,147,/scratch/project_2013233/enchanted_plugins/data/ascot_DT-D_random_extended/batch_0/ascot_sdcc_workflow_runner-5e8b59f2-fbae-41fd-8d86-5e76ae0edbcb,0
10.86,0.85,0.0,11.71,128792.80610295897,1.2854721585890918e+20,282372.53946745454,1717425.5786444857,0.16441617207676795,7337736.626585849,8644800.329378933,0.0006,0.0006,36.136077,13.17736,True,True,884.6966174563162,7.708218344900347,1.4598811147133475,1.2242119989500515,132,/scratch/project_2013233/enchanted_plugins/data/ascot_DT-D_random_extended/batch_0/ascot_sdcc_workflow_runner-4096f5a1-7b9f-4157-a5af-1f220fac03d1,0
7.5,0.81,0.0,8.31,113200.16815278669,4.93034769108059e+19,51720.95024430329,507152.8552461215,0.1019829617624909,4693366.339963702,8280042.79273795,0.0,0.0,22.815627,8.086124,True,True,739.2104182976926,11.099013410766595,1.4070360426159259,0.9469138808123305,135,/scratch/project_2013233/enchanted_plugins/data/ascot_DT-D_random_extended/batch_0/ascot_sdcc_workflow_runner-e4b62800-a4b7-412f-8af9-60434b5d0ef6,0
5.05,0.67,0.0,5.72,33700.17781582935,1.1512138427960525e+20,285341.788421753,1527179.1975686867,0.1868423750637943,6143839.680121522,6122972.823771236,0.001398,0.000799,39.989845,14.322133,True,True,780.0904755727518,7.0870549584000155,1.4596020124559845,1.3401038093638507,137,/scratch/project_2013233/enchanted_plugins/data/ascot_DT-D_random_extended/batch_0/ascot_sdcc_workflow_runner-7627be85-7647-42b2-98cd-3cab95427cc1,0
48.07,0.78,0.0,48.85,108105.3406273192,1.115065058414501e+20,269588.8862754448,1555145.7829718983,0.17335280668045017,6716745.572056791,8505898.828741571,0.0006,0.0006,42.418778,13.843502,True,True,896.7669443150412,8.339686722980522,1.1540452905601395,1.363930348504503,22,/scratch/project_2013233/enchanted_plugins/data/ascot_DT-D_random_extended/batch_0/ascot_sdcc_workflow_runner-03eb621a-2bf0-4d78-a48a-fc9056d187b8,0
11.11,0.76,0.0,11.87,22017.003802928626,3.131639150278192e+19,17670.784985961753,305660.48078032845,0.05781180786227109,2697979.623535212,4349263.652753094,0.0,0.0,26.188453,7.887591,True,True,571.6126219321815,9.239727649133687,1.1332945287177218,0.9486742613476884,133,/scratch/project_2013233/enchanted_plugins/data/ascot_DT-D_random_extended/batch_0/ascot_sdcc_workflow_runner-31b4dad2-54bd-4093-8439-df14dd4b07da,0
9.93,0.73,0.0,10.66,57248.921236849084,1.0460346485062689e+20,94061.88943917393,1333979.2178455186,0.07051225999689206,5128437.023230228,6828904.559159572,0.001797,0.001797,27.48973,9.784819,True,True,723.1988843952861,5.9359712087394385,1.4976923380127702,0.8912373742217699,134,/scratch/project_2013233/enchanted_plugins/data/ascot_DT-D_random_extended/batch_0/ascot_sdcc_workflow_runner-a6fd5c32-82ee-4b0e-acd9-80772cb2e4f2,0
6.02,0.87,0.0,6.89,97012.33567618325,9.621646884308635e+19,219660.2890423395,1116524.5505432026,0.19673574480334724,8005786.052033093,8907669.578105118,0.0,0.0002,39.050056,13.434597,True,True,867.0089480906852,10.711002431669465,1.2765260067050228,1.3916102250105564,148,/scratch/project_2013233/enchanted_plugins/data/ascot_DT-D_random_extended/batch_0/ascot_sdcc_workflow_runner-d26ac8ec-8241-44c8-8436-a380d8080394,0
26.75,0.76,0.0,27.51,6071.916194625524,6.731566392887481e+19,91459.69270290752,703403.7779549416,0.13002445475742982,3985266.3429772486,3618753.652705143,0.0004,0.0,32.274029,11.398417,True,True,585.9102281455592,6.737328904733536,1.463666074271196,1.0934754747134319,92,/scratch/project_2013233/enchanted_plugins/data/ascot_DT-D_random_extended/batch_0/ascot_sdcc_workflow_runner-32dd0e58-b084-4f43-bf40-47a75b844410,0
6.22,0.78,0.0,7.0,23901.931580387278,1.1580093720447276e+20,162570.3502990105,1804490.907086096,0.0900920861726758,4127689.9407339105,5664290.647885982,0.005964,0.007346,34.207201,11.939694,True,True,747.26792823681,4.956045221684715,1.4263894746934147,0.9972419340707391,149,/scratch/project_2013233/enchanted_plugins/data/ascot_DT-D_random_extended/batch_0/ascot_sdcc_workflow_runner-fcdcda02-dfd1-46d6-bc1b-e5342571c584,0
5.55,0.58,0.0,6.13,98458.20980521785,1.1257411103874531e+20,86677.562142648,1927699.1692673757,0.04496425766245981,4251952.617858363,8874956.590282585,0.00892,0.013223,34.320908,10.049406,True,True,889.2980982203519,5.518849007086879,1.0405863553883614,0.8829461707421254,136,/scratch/project_2013233/enchanted_plugins/data/ascot_DT-D_random_extended/batch_0/ascot_sdcc_workflow_runner-eb698aa0-a4b2-47c3-b47f-b9f33c07f666,0
7.06,0.54,0.0,7.59,16901.54090537033,9.47480981626572e+19,204588.49183569755,1366515.3942304223,0.14971546804338434,3840335.621158639,3998569.382347492,0.003388,0.002394,43.963604,13.948966,True,True,668.8616832785265,5.392917988119105,1.2270028339534536,1.2728368904169052,96,/scratch/project_2013233/enchanted_plugins/data/ascot_DT-D_random_extended/batch_0/ascot_sdcc_workflow_runner-1e39024a-01e8-4d44-8ea4-da44e35c5f07,0
5.93,0.77,0.0,6.7,78123.06433671742,7.89796282507837e+19,121901.28090377808,933515.6336089806,0.1305830095555085,5706428.287997185,7485984.2082728995,0.0004,0.0002,33.606281,10.891416,True,True,760.0027508326717,8.879922847749588,1.1908452872889548,1.131067966663664,142,/scratch/project_2013233/enchanted_plugins/data/ascot_DT-D_random_extended/batch_0/ascot_sdcc_workflow_runner-64880d1e-e328-4283-87ab-a8b5151f4596,0
5.75,0.65,0.0,6.41,97251.62170145159,7.222130882202898e+19,44234.08204001045,930866.5469793848,0.04751925201689525,4720548.478896511,8978602.581367232,0.0002,0.000799,27.382109,7.864975,True,True,768.0681796374067,7.925277901542653,1.0390847580513451,0.8554278199861707,156,/scratch/project_2013233/enchanted_plugins/data/ascot_DT-D_random_extended/batch_0/ascot_sdcc_workflow_runner-40057a97-828b-472d-8616-b84305068874,0
12.89,0.88,0.0,13.77,136718.18728783433,9.410126554599404e+19,117201.52343694426,1863179.6893469351,0.06290403663536322,2177837.9020024627,5360038.2307157675,0.057671,0.049249,43.962446,13.502466,True,True,994.380572915864,3.89386031742775,1.072667825926513,0.9764116610565317,123,/scratch/project_2013233/enchanted_plugins/data/ascot_DT-D_random_extended/batch_0/ascot_sdcc_workflow_runner-fa27cbf3-be45-4f56-8ae0-821de22686ca,0
5.99,0.92,0.0,6.91,7394.131476714664,5.395118723616159e+19,98396.06943201141,492044.38329560804,0.19997397139862788,4726234.929510936,4467520.240699061,0.0,0.0,34.835765,12.590918,True,True,634.7641509524489,10.421922104030399,1.4895128792334467,1.317201767174776,157,/scratch/project_2013233/enchanted_plugins/data/ascot_DT-D_random_extended/batch_0/ascot_sdcc_workflow_runner-91f429da-8a13-49a8-beb5-dfce80331732,0
6.3,0.67,0.0,6.97,10700.355539297654,9.02551531857332e+19,159383.1837192729,1124249.514687348,0.14176851458423545,4569200.4976613,4631850.423372259,0.0006,0.001398,37.393046,12.549034,True,True,664.6637014453481,6.281247546906205,1.339521266506853,1.1780731118172856,158,/scratch/project_2013233/enchanted_plugins/data/ascot_DT-D_random_extended/batch_0/ascot_sdcc_workflow_runner-4431236b-2a03-4fd0-ac2a-7e7d7e9e687a,0
4.95,0.75,0.0,5.7,74469.47460231572,9.76830098276313e+19,181320.07592274365,1281152.29859638,0.1415289002887451,6037427.854975999,7766513.5364452815,0.0,0.0004,37.443761,12.052856,True,True,803.3528167826208,8.052566852827447,1.1716003364446905,1.1995994267780568,155,/scratch/project_2013233/enchanted_plugins/data/ascot_DT-D_random_extended/batch_0/ascot_sdcc_workflow_runner-fdc81457-1b3c-4661-9936-64c3b6d5d3bd,0
5.5,0.75,0.0,6.25,8989.898389431688,3.933481576701112e+19,58789.05297884259,369505.13090009906,0.15910212893562511,3968088.4198428583,5314977.658513535,0.0,0.0,33.246715,10.94606,True,True,649.842139416663,11.727249664059048,1.1888872950099172,1.213596196854251,160,/scratch/project_2013233/enchanted_plugins/data/ascot_DT-D_random_extended/batch_0/ascot_sdcc_workflow_runner-d56cf3cc-1018-4592-8c5f-0064dddafba3,0
9.21,0.73,0.0,9.94,7994.056357769307,6.0520209521218896e+19,117872.94890039094,668625.5837352789,0.17629141296372977,4086351.0895821406,4061964.9872525185,0.0,0.0002,42.222835,13.32021,True,True,620.5955522244874,8.087404000199959,1.1238439473856043,1.372207806278055,143,/scratch/project_2013233/enchanted_plugins/data/ascot_DT-D_random_extended/batch_0/ascot_sdcc_workflow_runner-722780ab-7acd-4949-9423-b3b80582cc1c,0
8.57,0.81,0.0,9.38,3000.5755370757724,4.950399699238696e+19,99612.3147750585,467201.69178665394,0.21321051812574798,4339989.951279855,4057309.1933886083,0.0,0.0,41.139255,13.851075,True,True,620.2504126164222,10.34911239752559,1.2461311980162064,1.486625134065262,151,/scratch/project_2013233/enchanted_plugins/data/ascot_DT-D_random_extended/batch_0/ascot_sdcc_workflow_runner-58749110-8e91-4943-a733-89537d09c692,0
4.52,0.83,0.0,5.35,15849.954415809523,8.37284962964482e+19,160226.61172672868,927366.8790120272,0.1727758618007002,5251411.285461456,4861762.463206339,0.0002,0.0,36.518991,12.931037,True,True,671.6128102975699,7.606214943260309,1.4460720810714496,1.2575190945788577,152,/scratch/project_2013233/enchanted_plugins/data/ascot_DT-D_random_extended/batch_0/ascot_sdcc_workflow_runner-1c3a9795-98e9-452b-8d38-f8fc950a8432,0
6.98,0.84,0.0,7.83,86133.63238472621,9.87818413445692e+19,198541.38772304475,1227068.290968762,0.16180141658317784,6773838.878094153,8057836.7609000895,0.0,0.0004,37.040918,12.437061,True,True,818.8697469194673,8.813093679112221,1.255884976902818,1.2511010621549656,159,/scratch/project_2013233/enchanted_plugins/data/ascot_DT-D_random_extended/batch_0/ascot_sdcc_workflow_runner-6e4b23a4-b14b-4e1a-b2d7-ce4b9e3c5288,0
6.52,0.67,0.0,7.2,4467.229867342416,6.249934011071211e+19,132292.05111118715,727473.1237176951,0.18185146199644991,3550704.8890268593,3297953.8309529587,0.0002,0.0002,47.26827,14.451469,True,True,592.8911032762462,6.932004295675947,1.032847312984795,1.4616040286132446,162,/scratch/project_2013233/enchanted_plugins/data/ascot_DT-D_random_extended/batch_0/ascot_sdcc_workflow_runner-a5ee7af7-2a97-419a-9a5f-d1d17844c1f0,0
7.26,0.64,0.0,7.9,35547.28770167377,5.156034220305627e+19,14111.103365514178,613254.0504432528,0.02301020817606478,3295694.0203696303,5920628.342211436,0.0002,0.0002,24.339623,6.695602,True,True,631.3789769603144,7.016536273041223,1.1436132793319067,0.8533397581725408,106,/scratch/project_2013233/enchanted_plugins/data/ascot_DT-D_random_extended/batch_0/ascot_sdcc_workflow_runner-5fb7a8b4-8856-4d5d-9055-01e827999989,0
6.4,0.74,0.0,7.14,675439.8596502503,7.964535444285261e+19,75485.18981599815,937085.4991985924,0.08055315110579991,7663833.965376104,15769509.621727329,0.0,0.0,20.834932,7.443004,True,True,980.4890549018203,11.435838111298544,1.4728036361917511,0.8545260410405264,163,/scratch/project_2013233/enchanted_plugins/data/ascot_DT-D_random_extended/batch_0/ascot_sdcc_workflow_runner-b8728421-336d-4aa9-907d-e059b7792eb5,0
6.32,0.59,0.0,6.92,5089.576104392642,8.309529120715689e+19,187269.81606410502,1100389.704025635,0.17018499480593316,3747288.081874182,3385198.5907580033,0.002394,0.000799,45.795124,14.430888,True,True,624.6201305639755,5.7321069782260805,1.2005690419905468,1.368206751087456,167,/scratch/project_2013233/enchanted_plugins/data/ascot_DT-D_random_extended/batch_0/ascot_sdcc_workflow_runner-691d5590-da5a-4f6f-b806-4280e3402329,0
8.76,0.8,0.0,9.56,265050.910706954,8.946776565721761e+19,60207.40807913224,1142720.659694109,0.05268777418905592,6597669.285103561,12529554.700632503,0.0004,0.0004,23.964551,7.545896,True,True,888.2377019910053,8.750955140694321,1.2268616285796186,0.8301693224899132,150,/scratch/project_2013233/enchanted_plugins/data/ascot_DT-D_random_extended/batch_0/ascot_sdcc_workflow_runner-2f718dcd-70a8-4aa9-bd66-15ba165420ad,0
5.63,0.51,0.0,6.14,52880.348285909786,1.1267720318281854e+20,272107.24540619715,2198856.98104771,0.1237494060557516,2851981.088688978,4220266.802360292,0.02648,0.022865,42.370381,15.168275,True,True,836.9154803008828,4.090608989402874,1.4716310072454641,1.140475685702659,172,/scratch/project_2013233/enchanted_plugins/data/ascot_DT-D_random_extended/batch_0/ascot_sdcc_workflow_runner-4d2e3aab-7e46-45a2-8962-21220ecd628a,0
6.03,1.05,0.0,7.07,310443.8024889056,1.334656683503038e+20,204027.3861110541,1771764.4877844579,0.11515491337462389,8529019.030930996,12392368.190821093,0.001597,0.000999,30.233915,10.844109,True,True,979.7255699580577,8.338680942421943,1.378484215589965,1.0387237971576702,171,/scratch/project_2013233/enchanted_plugins/data/ascot_DT-D_random_extended/batch_0/ascot_sdcc_workflow_runner-2ff02642-2eb2-4daa-b13d-c808e8af6730,0
15.93,0.74,0.0,16.67,5740.367223324581,2.912771194564218e+19,36656.56329567806,239945.38098165253,0.15277044778153495,3036634.4202338946,3862622.328108946,0.0,0.0,29.583386,10.080432,True,True,573.4928379382873,11.701714928917017,1.3063444698458673,1.141264655494774,145,/scratch/project_2013233/enchanted_plugins/data/ascot_DT-D_random_extended/batch_0/ascot_sdcc_workflow_runner-a0dbf030-eaf7-4fb9-a2cd-09507b9fa6da,0
8.88,0.72,0.0,9.6,149924.46777650807,1.1433156305271859e+20,133119.19838349044,1641370.2154864583,0.08110248201624487,6136260.942094358,9895136.475002214,0.002593,0.000799,30.957176,9.95456,True,True,866.4293492197147,7.043927265968458,1.2120221464871093,0.9624318165714014,165,/scratch/project_2013233/enchanted_plugins/data/ascot_DT-D_random_extended/batch_0/ascot_sdcc_workflow_runner-76fb4ee6-36e1-452e-9e30-16f3a198e916,0
6.49,0.91,0.0,7.39,131216.07152664565,7.954580638188644e+19,85616.5427055581,996322.5922124337,0.08593255174053419,5463496.180717958,8492009.700318046,0.000799,0.0002,29.485093,9.208345,True,True,775.7509591346583,8.363092605653526,1.1506474431906963,0.9762167003137293,153,/scratch/project_2013233/enchanted_plugins/data/ascot_DT-D_random_extended/batch_0/ascot_sdcc_workflow_runner-0320414f-2acb-4606-a3b1-beae2d2d4750,0
5.2,0.77,0.0,5.97,0.0,5.206382962595388e+19,89586.44749348114,491844.10294728074,0.1821439902535207,3046250.7355420864,2045794.8596227467,0.0002,0.0,40.447983,13.720316,True,True,507.17136362409934,6.504808513340812,1.4004459152417845,1.333596676660167,170,/scratch/project_2013233/enchanted_plugins/data/ascot_DT-D_random_extended/batch_0/ascot_sdcc_workflow_runner-af6a8b3b-0083-49c3-a2cc-fc3260e2b635,0
9.56,0.91,0.0,10.47,66535.68605336388,1.143829475760682e+20,359997.9086556863,2152173.582255558,0.16727178124656428,3343237.1890045404,4873459.200551495,0.015748,0.015166,47.32677,16.255236,True,True,903.1875064066395,4.791765068127559,1.366199544757125,1.344601379530891,168,/scratch/project_2013233/enchanted_plugins/data/ascot_DT-D_random_extended/batch_0/ascot_sdcc_workflow_runner-d5e20239-f7e3-4da9-98c2-6708d339ea3d,0
7.22,0.63,0.0,7.85,2470.8186853310726,6.058399617862962e+19,96803.97996234181,775417.0378536147,0.12484118253359391,2295003.252795675,1955985.4657492756,0.002792,0.002792,47.535881,13.808007,True,True,511.5102642781014,4.548169920029155,1.050010122670082,1.2371897113552186,177,/scratch/project_2013233/enchanted_plugins/data/ascot_DT-D_random_extended/batch_0/ascot_sdcc_workflow_runner-d6b0cf94-4b1f-4b6c-b2e7-3e521d5ff25e,0
33.08,0.76,0.0,33.84,1199.0590516821271,4.50959336980679e+19,53667.14575369193,426794.59703447734,0.12574466998080716,2815654.690371593,2426893.4909238233,0.0,0.0,34.482692,11.148643,True,True,505.4009643915158,6.7356428214934265,1.281377185197558,1.114531057172566,104,/scratch/project_2013233/enchanted_plugins/data/ascot_DT-D_random_extended/batch_0/ascot_sdcc_workflow_runner-8c73bc47-a092-4c6c-814b-884dbc16e37e,0
28.5,0.75,0.0,29.25,15814.737290745485,8.331972699505553e+19,166994.83627647502,1131755.4372907104,0.14755381840818987,3884534.8553348463,4136913.907971445,0.001398,0.000999,43.972308,13.477762,True,True,651.1923369508814,6.011906360333969,1.1153841195419338,1.2822188925546512,109,/scratch/project_2013233/enchanted_plugins/data/ascot_DT-D_random_extended/batch_0/ascot_sdcc_workflow_runner-495a5478-34be-4959-8841-89dd629660c5,0
8.5,0.82,0.0,9.32,4005.914455268194,7.075645404590676e+19,120168.18922673604,818930.9653319706,0.14673787451427409,3469164.0018895622,2874277.5357270585,0.0006,0.0006,39.743744,12.982459,True,True,567.5781118620239,5.760382139564401,1.3163325150706031,1.2157076643682507,166,/scratch/project_2013233/enchanted_plugins/data/ascot_DT-D_random_extended/batch_0/ascot_sdcc_workflow_runner-33fd8141-6de3-4151-b5b0-11139b3f8794,0
8.31,0.62,0.0,8.93,221173.25904913523,1.337214287548699e+20,308887.83385389106,1962812.673148784,0.15737000177320382,6911893.30030208,9057951.383836491,0.002593,0.0002,37.497901,13.377439,True,True,940.9960773609466,7.330122189773055,1.4045354913264108,1.2223159333381224,181,/scratch/project_2013233/enchanted_plugins/data/ascot_DT-D_random_extended/batch_0/ascot_sdcc_workflow_runner-7a9d90ec-8d98-4a39-a13e-f94b3164bc72,0
6.5,0.55,0.0,7.04,211231.76992905184,1.3659575633607362e+20,97398.0339090233,2302045.0402804073,0.042309351991288345,5285521.088617047,11288699.539633112,0.011272,0.007543,29.621444,9.631719,True,True,993.7644633646894,5.610260689539925,1.2835894265285681,0.8230050668410082,182,/scratch/project_2013233/enchanted_plugins/data/ascot_DT-D_random_extended/batch_0/ascot_sdcc_workflow_runner-ffd74bd2-2bbf-42b9-a651-3b6324cbb5a3,0
5.53,0.74,0.0,6.27,14168.286980903862,1.0020533707817404e+20,305072.31411799905,1799649.9477642854,0.1695175856265781,2813618.3428752245,3554050.5630933894,0.022292,0.017682,55.449827,16.840889,True,True,743.6409591249218,4.253137736977755,1.065782820823996,1.4754115038531128,186,/scratch/project_2013233/enchanted_plugins/data/ascot_DT-D_random_extended/batch_0/ascot_sdcc_workflow_runner-26153507-17ee-437f-bdee-e367703d885e,0
34.4,0.7,0.0,35.1,444484.27777059947,8.749542082466821e+19,103874.2853458539,1026430.7105889191,0.10119951037538187,8009832.248894688,13984026.168975156,0.0004,0.0,23.911881,8.575236,True,True,952.7753683378548,11.05047160187328,1.4172114646895086,0.9422398493595967,80,/scratch/project_2013233/enchanted_plugins/data/ascot_DT-D_random_extended/batch_0/ascot_sdcc_workflow_runner-28e40855-bde0-4dd6-a8c9-ae6ca18c11f1,0
4.17,0.65,0.0,4.82,88430.44201724991,1.0462891148458217e+20,251187.2002016664,2033126.1643606834,0.12354727640852146,2762203.6536262464,5332904.92650766,0.030444,0.027237,46.134195,15.147597,True,True,982.4248953967324,4.489156847018862,1.219786762175091,1.1885297349078012,164,/scratch/project_2013233/enchanted_plugins/data/ascot_DT-D_random_extended/batch_0/ascot_sdcc_workflow_runner-bc095077-9b4a-475e-8857-0477ce90ddf0,0
4.55,0.95,0.0,5.51,38321.51073021558,9.361963874252363e+19,229102.17600493733,1287593.8201530632,0.1779304718763738,5057393.756937528,5639755.795749324,0.0006,0.000999,45.644798,14.35906,True,True,747.9606610561623,7.255181704990212,1.0982699056370044,1.4212599297580728,190,/scratch/project_2013233/enchanted_plugins/data/ascot_DT-D_random_extended/batch_0/ascot_sdcc_workflow_runner-f8892f78-5032-447b-ace4-e6a4a6f746f5,0
6.38,0.89,0.0,7.26,339309.0084923089,1.0582829023464548e+20,66806.03774434916,1510040.8087438168,0.044241213454306726,6848856.194978655,14605839.916331176,0.000799,0.001199,27.28166,8.059929,True,True,999.295584371909,8.422017949008193,1.0527455589291363,0.8411731039903316,187,/scratch/project_2013233/enchanted_plugins/data/ascot_DT-D_random_extended/batch_0/ascot_sdcc_workflow_runner-9bc2a5d5-59cc-42a6-a1ce-94eeff3191e1,0
4.25,0.73,0.0,4.98,139645.6295068953,1.155135655876536e+20,292553.32588178857,2105788.1734436336,0.1389281835519908,3925510.4898479953,6784391.720388411,0.013223,0.011467,44.784947,14.698788,True,True,993.4428640780129,5.48754251089172,1.2029344633259198,1.2431194757681157,189,/scratch/project_2013233/enchanted_plugins/data/ascot_DT-D_random_extended/batch_0/ascot_sdcc_workflow_runner-e0f1805d-a118-46d7-a8fd-1b995b5cd34a,0
19.35,0.74,0.0,20.1,14483.711858748098,1.0993503431607765e+20,339596.0723654227,2189633.1215653317,0.15509268151856015,2735006.1551925475,3611427.818503986,0.027048,0.022292,46.854636,16.641835,True,True,829.5215513147978,4.0280288847871475,1.4671441802126424,1.2795221384638247,154,/scratch/project_2013233/enchanted_plugins/data/ascot_DT-D_random_extended/batch_0/ascot_sdcc_workflow_runner-984cc601-2ec0-4c21-a4b7-ae314806877c,0
5.22,0.74,0.0,5.97,145522.33722424257,8.304240110795358e+19,97609.54857252286,1075866.9106150565,0.09072641570203231,5874627.632315498,9650860.400785608,0.0004,0.0,31.129328,9.549766,True,True,831.1638370090939,8.939650199357645,1.0668378423017177,1.013511995513409,188,/scratch/project_2013233/enchanted_plugins/data/ascot_DT-D_random_extended/batch_0/ascot_sdcc_workflow_runner-210c1433-e139-421e-b029-9518056c8f62,0
9.95,0.6,0.0,10.55,41938.00682286687,1.0704782242138323e+20,123488.9362581022,1579651.1835473033,0.07817481323996632,4408466.029114593,6240396.258402957,0.003587,0.003984,33.070709,10.744981,True,True,739.6643373202795,5.443003965827322,1.2954146917482476,0.9613100369309211,174,/scratch/project_2013233/enchanted_plugins/data/ascot_DT-D_random_extended/batch_0/ascot_sdcc_workflow_runner-9ee86a9a-7243-4ac8-b4e8-9c429fc70b2f,0
4.48,0.59,0.0,5.07,28292.14995856371,1.0749739955463873e+20,311823.6826653082,2088247.0262116522,0.14932317812562448,2577454.2171555585,3417884.4186890256,0.030444,0.026669,48.030684,16.452209,True,True,799.3922615750733,3.8576318687348183,1.4057142326191738,1.274138788393861,185,/scratch/project_2013233/enchanted_plugins/data/ascot_DT-D_random_extended/batch_0/ascot_sdcc_workflow_runner-d6e2df1f-e919-4df8-9297-e98fe6bdb278,0
11.73,0.79,0.0,12.52,90935.12623102404,1.2326033925114113e+20,153141.9471340095,2069243.4746003174,0.07400866500912344,4768154.107773812,8929894.319841083,0.009312,0.008723,35.118552,11.10135,True,True,919.259121546542,5.687278492413222,1.1765365064993252,0.9685716395631773,175,/scratch/project_2013233/enchanted_plugins/data/ascot_DT-D_random_extended/batch_0/ascot_sdcc_workflow_runner-1c2f86aa-4268-4cbd-9fdc-2cda3618f760,0
5.67,0.34,0.0,6.01,29822.231065820753,4.711407191920519e+18,-393.6020473373098,42539.23397705925,-0.00925268300669385,645171.1395772429,5576033.062539265,0.0,0.0,7.439507,1.612843,True,True,541.1352157073758,11.044315979085614,1.3889825882353026,0.8415143809096691,195,/scratch/project_2013233/enchanted_plugins/data/ascot_DT-D_random_extended/batch_0/ascot_sdcc_workflow_runner-09da12e7-e3cb-4a46-af66-c4f47e8f41ae,0
8.76,0.72,0.0,9.48,120814.39341046303,1.2006454283738975e+20,79938.6112656254,1871760.9347503162,0.04270770362898338,5196095.84636163,10009772.545673594,0.004381,0.004182,29.555594,9.124006,True,True,875.7240787007903,5.860066586254414,1.2171738998473858,0.8339546479916073,183,/scratch/project_2013233/enchanted_plugins/data/ascot_DT-D_random_extended/batch_0/ascot_sdcc_workflow_runner-15c54cd7-dbf0-46cd-84c4-57e73872b8fb,0
6.08,0.65,0.0,6.73,10152.667039920228,6.432854637680805e+19,58944.73795271214,771323.3460825495,0.07642026946556818,2895273.1493682875,2932067.8484049416,0.002195,0.001797,34.821029,10.632833,True,True,545.7330292883296,5.1647048686686645,1.2104327452639623,0.9823773045601012,124,/scratch/project_2013233/enchanted_plugins/data/ascot_DT-D_random_extended/batch_0/ascot_sdcc_workflow_runner-77a19c51-523f-460e-b24d-3efd052d4893,0
4.15,0.6,0.0,4.76,6340.625685802809,6.191444190266148e+19,10005.255508807591,768432.5338709151,0.01302034344955041,2360616.7437124634,2744965.501444762,0.006359,0.003984,29.83435,8.530972,True,True,517.0981323268355,4.216102019084325,1.2850490308760105,0.8159863172803481,198,/scratch/project_2013233/enchanted_plugins/data/ascot_DT-D_random_extended/batch_0/ascot_sdcc_workflow_runner-b059d653-cc56-4bd1-8c18-8aff7920827d,0
5.68,0.91,0.0,6.59,61695.204270700604,9.265109258203342e+19,184491.37364770562,1185400.987344846,0.15563625778728588,6041926.579063098,7519303.370010327,0.0004,0.0004,39.183007,12.573767,True,True,796.6988729528654,8.481745152603764,1.1452535099687857,1.2677070795298673,141,/scratch/project_2013233/enchanted_plugins/data/ascot_DT-D_random_extended/batch_0/ascot_sdcc_workflow_runner-88adaba8-8dfd-4608-8277-65bee95d7fcb,0
9.45,0.79,0.0,10.23,117962.88495305512,8.536976445502043e+19,149104.30873315345,957152.377017901,0.15577907166432794,6931515.734710219,8470273.230330689,0.0,0.0,31.943995,11.275026,True,True,802.201031005301,9.97054020447254,1.3825012629502442,1.1661980718512712,184,/scratch/project_2013233/enchanted_plugins/data/ascot_DT-D_random_extended/batch_0/ascot_sdcc_workflow_runner-108e1601-dd91-4b44-a03a-5aca50375208,0
4.7,0.93,0.0,5.63,43744.77240259615,1.1628411046616849e+20,324536.96326573036,1548987.6663512767,0.20951552443938726,6446784.551557782,6366770.123004005,0.000799,0.0004,43.436116,15.266765,True,True,816.4559963987424,7.513208855988276,1.3940323139381494,1.4752416832623347,205,/scratch/project_2013233/enchanted_plugins/data/ascot_DT-D_random_extended/batch_0/ascot_sdcc_workflow_runner-999d2848-b280-43b2-b79b-efae1ffa269f,0
5.57,0.46,0.0,6.03,41907.15128068451,1.0335379601285097e+20,114498.2528852932,1768005.0943917008,0.06476126864594099,3420256.6833890365,5798920.121299505,0.01088,0.009705,38.952409,11.488928,True,True,762.5625847279598,4.7854935421984806,1.0723439427962187,0.9767453179269125,128,/scratch/project_2013233/enchanted_plugins/data/ascot_DT-D_random_extended/batch_0/ascot_sdcc_workflow_runner-c4a1d9d2-5d39-4513-92e0-e13856ab0d49,0
4.64,0.68,0.0,5.32,9683.994504340868,5.949998079347071e+19,43015.70383072736,713974.8154411714,0.06024820890096463,2859407.720323533,3287528.2255164217,0.001996,0.001797,33.172423,9.666181,True,True,551.2969158036426,5.471536877590143,1.141671299669967,0.9434694517961235,197,/scratch/project_2013233/enchanted_plugins/data/ascot_DT-D_random_extended/batch_0/ascot_sdcc_workflow_runner-4eb1e9ad-4e2a-4228-990e-0510c1a082bb,0
11.01,0.82,0.0,11.82,5718.365050835708,3.2445487831425987e+19,33129.35759812184,275611.2938202678,0.12020319319616207,2686432.3527605846,2943328.8614887116,0.0,0.0002,27.514252,9.476344,True,True,517.3179694254295,8.938263309024435,1.3859234383103105,1.0345860058401308,180,/scratch/project_2013233/enchanted_plugins/data/ascot_DT-D_random_extended/batch_0/ascot_sdcc_workflow_runner-aa4fb5e0-95e7-4bbe-9ee5-e85b179bbc2c,0
5.0,0.84,0.0,5.84,74821.91110965644,7.131161714363048e+19,110066.34834211791,776936.4538981268,0.1416671180633648,5836601.755678505,7421612.273551661,0.0,0.0,31.601886,10.690203,True,True,746.9916398984271,9.83797933367632,1.2839178499796904,1.1331843307598746,201,/scratch/project_2013233/enchanted_plugins/data/ascot_DT-D_random_extended/batch_0/ascot_sdcc_workflow_runner-29dc58ec-9358-4ba7-b7ef-fb324805b446,0
23.43,0.34,0.0,23.76,44506.57873715305,6.407299014540004e+18,-601.008772643431,60648.643939370195,-0.00990968195833452,864784.1117695888,6376066.22583529,0.0,0.0,8.831231,1.950172,True,True,575.0997142076861,11.490015489073516,1.410988254104215,1.0067321242946652,146,/scratch/project_2013233/enchanted_plugins/data/ascot_DT-D_random_extended/batch_0/ascot_sdcc_workflow_runner-d3f01f20-7907-4025-ad2f-8432a91deefa,0
17.21,0.86,0.0,18.07,27183.105015996058,1.0782833499774424e+20,181531.74971830618,2030912.498172942,0.08938432841474782,2864648.164314099,5059894.015151235,0.025721,0.023438,44.254369,13.561883,True,True,833.0342663574324,4.202987257519547,1.119732845853275,1.0731337140220192,173,/scratch/project_2013233/enchanted_plugins/data/ascot_DT-D_random_extended/batch_0/ascot_sdcc_workflow_runner-353ca212-e69f-41f6-a28e-49f8d0883e4d,0
23.38,0.65,0.0,24.03,186943.32809637347,9.348108426822025e+19,160424.9531171506,1207050.2423936205,0.1329066077639176,6802070.083542519,9867196.125568368,0.0002,0.0004,35.843033,11.374249,True,True,879.9333051298522,9.529200017204943,1.0933175379350204,1.1708268573620877,23,/scratch/project_2013233/enchanted_plugins/data/ascot_DT-D_random_extended/batch_0/ascot_sdcc_workflow_runner-37682570-3de1-443f-a466-4af1d7b38a3b,0
5.86,0.76,0.0,6.61,6593.172479476448,6.177578228427929e+19,50178.93579650449,660749.0386035375,0.0759425029244921,3245769.94258393,3186189.3359732665,0.000799,0.0006,28.995533,9.767395,True,True,547.6445486952015,5.717990472232389,1.4346995750560223,0.9241921840760883,193,/scratch/project_2013233/enchanted_plugins/data/ascot_DT-D_random_extended/batch_0/ascot_sdcc_workflow_runner-b27df192-ca49-449d-a9de-a6884e1a3b49,0
6.83,0.84,0.0,7.67,1909.915954884201,5.1695639021067395e+19,81288.14501515041,477503.3928850516,0.17023574329809785,3212319.599379307,2304091.095096596,0.0002,0.0006,37.256734,12.918494,True,True,518.6889537153238,6.886736192770252,1.430978643688122,1.2585730442028442,169,/scratch/project_2013233/enchanted_plugins/data/ascot_DT-D_random_extended/batch_0/ascot_sdcc_workflow_runner-ecb61b8b-30c7-4e97-a1d6-6d99e0c4aae7,0
6.59,0.91,0.0,7.5,324429.95476309134,7.779032408746446e+19,92984.3756827676,932851.46643224,0.09967757893804174,6960827.132283992,12083019.130624332,0.0002,0.0002,26.644585,8.832904,True,True,899.7944584260172,10.84915920056668,1.2193488712130867,0.9859731399316777,204,/scratch/project_2013233/enchanted_plugins/data/ascot_DT-D_random_extended/batch_0/ascot_sdcc_workflow_runner-bb75a200-b013-4f24-9d5f-d656a1229966,0
5.66,0.36,0.0,6.02,50925.666724101306,9.340268204411566e+19,292757.5471209362,1903434.5145934718,0.15380489576940462,2040263.030707266,3462635.3622586546,0.048887,0.044343,53.688361,17.414354,True,True,919.9845981372737,3.7798710328534564,1.2146547272509154,1.3634967025740363,199,/scratch/project_2013233/enchanted_plugins/data/ascot_DT-D_random_extended/batch_0/ascot_sdcc_workflow_runner-002239d6-bbe0-4827-b956-f85b181d6c0b,0
8.4,0.96,0.0,9.36,75440.53878258773,1.212092268047899e+20,292692.4737230981,2155144.409208119,0.13581107255390107,4036648.4989683838,6191149.798744585,0.010489,0.009116,42.375808,14.262503,True,True,896.878441614195,5.216019015113822,1.308782648020749,1.1986978925551437,207,/scratch/project_2013233/enchanted_plugins/data/ascot_DT-D_random_extended/batch_0/ascot_sdcc_workflow_runner-3b5391d2-b68c-43e4-8047-7a316f1f4352,0
46.09,0.77,0.0,46.85,4250.018280618528,5.607707066382408e+19,87472.19629354672,561106.759337909,0.15589225194285944,3371895.533303118,2692035.5629968727,0.0004,0.0,37.07824,12.474482,True,True,540.3013746261139,6.743327403682873,1.3658418333830342,1.2188210215032351,99,/scratch/project_2013233/enchanted_plugins/data/ascot_DT-D_random_extended/batch_0/ascot_sdcc_workflow_runner-75b61fd2-858a-4e91-a865-49683b149b9e,0
4.88,0.73,0.0,5.61,185154.09982326982,7.23844278973384e+19,90677.4566451421,828608.9928042742,0.10943334845819254,6394066.441890386,10433932.621453675,0.0,0.0,27.366015,9.158944,True,True,839.0130613347812,10.641487327661123,1.2420520832220134,1.0157867065110011,217,/scratch/project_2013233/enchanted_plugins/data/ascot_DT-D_random_extended/batch_0/ascot_sdcc_workflow_runner-fde4c53b-e57b-4b1f-8571-3379eab5181b,0
7.05,0.89,0.0,7.94,333024.1709552557,1.1835422967281684e+20,104283.60663465138,1505083.3675332954,0.06928759488290899,8147218.272129737,13726155.6832523,0.000799,0.001199,24.088121,8.544441,True,True,949.0377103289732,8.295191865746686,1.4462971224520749,0.8609621020467096,211,/scratch/project_2013233/enchanted_plugins/data/ascot_DT-D_random_extended/batch_0/ascot_sdcc_workflow_runner-0659006b-7cfd-4796-b2fe-dfb46bc14bfc,0
5.31,0.76,0.0,6.08,46103.80607731474,9.16524989872447e+19,146749.32518238277,1067791.326213632,0.1374325877910557,5584542.671673052,6004071.269406401,0.0002,0.0002,32.583508,11.581388,True,True,708.9765819081332,7.386457428669153,1.4389298532673398,1.1166089005252533,224,/scratch/project_2013233/enchanted_plugins/data/ascot_DT-D_random_extended/batch_0/ascot_sdcc_workflow_runner-0b7e7d49-db10-4f66-807e-3ebff07c1494,0
6.55,0.88,0.0,7.44,86730.15555510005,1.2274220184934275e+20,402388.33488520916,2103112.5025155055,0.19132991430744561,4548435.073891762,6084954.867061715,0.006162,0.005767,46.947208,16.348172,True,True,935.969936489847,5.849936554123977,1.3728753304195878,1.4460519095338786,212,/scratch/project_2013233/enchanted_plugins/data/ascot_DT-D_random_extended/batch_0/ascot_sdcc_workflow_runner-fc102608-bd94-48ac-8c2f-73737485670b,0
5.44,0.76,0.0,6.2,71092.44710616751,1.196789460663686e+20,347816.5185925071,2064306.034789275,0.1684907725554425,4617010.838100598,6666823.9565546885,0.005569,0.006951,46.161,15.319771,True,True,942.0700447777288,5.991418914003441,1.2359670518361872,1.3665867184303204,202,/scratch/project_2013233/enchanted_plugins/data/ascot_DT-D_random_extended/batch_0/ascot_sdcc_workflow_runner-cbec0843-d67a-4525-b7a9-1db58859428e,0
6.3,0.85,0.0,7.15,11867.721665993548,6.25359752074196e+19,133787.86227534956,679048.0864157679,0.19702266297741078,5406688.56553682,6127287.893770941,0.0,0.0,42.546117,13.766191,True,True,726.1509508946084,10.787621907235051,1.098708779624283,1.4699165676248689,218,/scratch/project_2013233/enchanted_plugins/data/ascot_DT-D_random_extended/batch_0/ascot_sdcc_workflow_runner-0ee29e5c-9622-44d8-aac2-9b0bcc26e019,0
8.73,0.49,0.0,9.22,16983.100398615967,1.0220975668643362e+20,247606.48835762937,1857471.3685116498,0.13330299058985276,2565739.60920415,3227242.2482129447,0.024771,0.022292,49.495233,15.520133,True,True,712.637901909177,3.8062365239808136,1.219297787324789,1.248263812834234,215,/scratch/project_2013233/enchanted_plugins/data/ascot_DT-D_random_extended/batch_0/ascot_sdcc_workflow_runner-4b9524ab-29a2-4088-8332-9aeef7f20445,0
13.23,0.44,0.0,13.67,26379.57814594884,1.0769411404565008e+20,106291.89247268805,1919725.3458113077,0.055368281043227746,2926680.946311333,4818689.631974146,0.024009,0.020184,37.94765,11.692444,True,True,739.4151407242093,4.013407416774556,1.2242410495637461,0.91999946885936,203,/scratch/project_2013233/enchanted_plugins/data/ascot_DT-D_random_extended/batch_0/ascot_sdcc_workflow_runner-91eedd84-1191-4a41-98b7-844c80a77a73,0
7.63,0.58,0.0,8.21,192838.8474382125,1.1840759302677217e+20,94806.96942596197,1898908.3610551523,0.04992709041171491,5473193.944033008,11010557.874667883,0.004777,0.003388,31.296142,9.392405,True,True,935.5771119263943,6.4743251943703815,1.096362480340366,0.8775886450955215,220,/scratch/project_2013233/enchanted_plugins/data/ascot_DT-D_random_extended/batch_0/ascot_sdcc_workflow_runner-384aa9e3-0e72-46de-8c67-fa6b200bfcb1,0
16.95,0.8,0.0,17.75,29156.75320549808,6.025815005383073e+19,93149.89339879672,629230.973082483,0.14803767993567304,4775328.682681552,5547236.925730427,0.0,0.0,32.907233,11.040358,True,True,670.4414676043067,9.324224793038868,1.2807495089590888,1.1647793061205676,192,/scratch/project_2013233/enchanted_plugins/data/ascot_DT-D_random_extended/batch_0/ascot_sdcc_workflow_runner-17e28d76-47c2-436c-be1a-13c9ac7a5aa1,0
12.58,0.75,0.0,13.33,49046.064694682515,4.340619771638973e+19,57079.63426695901,407110.30776398245,0.14020680188734075,4392722.577926633,6716898.429562365,0.0,0.0,25.447247,9.188508,True,True,694.2544760505999,11.979980010843061,1.4422877569445256,1.0514609128003847,209,/scratch/project_2013233/enchanted_plugins/data/ascot_DT-D_random_extended/batch_0/ascot_sdcc_workflow_runner-924f126b-d0c0-49a5-bb72-e17c710286f5,0
5.45,0.88,0.0,6.34,62701.13364027499,9.120606845470215e+19,106891.80788177428,1823599.3940562939,0.058615838670581705,1969162.7257452013,4880446.245232114,0.06577,0.061209,44.521726,13.604347,True,True,979.5279158386893,3.659998180684496,1.0591007869666593,0.9600819194779662,223,/scratch/project_2013233/enchanted_plugins/data/ascot_DT-D_random_extended/batch_0/ascot_sdcc_workflow_runner-e20ae231-7d9f-47ee-88ed-e58fae8c2cf2,0
7.34,0.53,0.0,7.87,57296.931423227914,9.725746404816247e+19,88020.15915559191,1476007.7833852447,0.05963393970302544,4037179.057361493,6439049.2349985605,0.005371,0.002991,34.168345,10.11095,True,True,738.7740173156002,5.556680968813654,1.1101942458109875,0.9287926091245888,191,/scratch/project_2013233/enchanted_plugins/data/ascot_DT-D_random_extended/batch_0/ascot_sdcc_workflow_runner-a645b045-fc58-404d-9ddf-f7b238de91ad,0
15.57,0.75,0.0,16.32,7165.132142557421,3.3179072861351838e+19,36566.726509715954,279068.45292197634,0.13103138719853621,2923404.033142613,3350791.856392909,0.0,0.0,27.23328,9.584428,True,True,542.7758300938274,9.720477621082107,1.41330104819219,1.0544226885320809,194,/scratch/project_2013233/enchanted_plugins/data/ascot_DT-D_random_extended/batch_0/ascot_sdcc_workflow_runner-36a5f742-472a-4421-89f1-ce6dcc88b2ac,0
7.11,0.72,0.0,7.83,49111.45629647867,4.458779632399985e+19,26029.012730612412,453189.8536783436,0.05743511801808075,3929510.4148104694,6793008.368151653,0.0,0.0,21.698778,7.537654,True,True,673.4307186999786,9.923054479270824,1.4098457422187192,0.901360009682898,226,/scratch/project_2013233/enchanted_plugins/data/ascot_DT-D_random_extended/batch_0/ascot_sdcc_workflow_runner-f9d4d399-cddc-412c-8cbc-710d4e7e4d9c,0
9.72,0.88,0.0,10.61,129402.2107057494,1.1791584366141417e+20,260551.71874770772,1680952.1568062883,0.15500245958382355,6694524.266894295,8954682.74032729,0.0006,0.0002,39.689258,13.086805,True,True,907.2386123070773,7.865460535550509,1.2004853412756895,1.2605876682474189,176,/scratch/project_2013233/enchanted_plugins/data/ascot_DT-D_random_extended/batch_0/ascot_sdcc_workflow_runner-b158876c-e9a5-4034-a712-f9e70c650957,0
14.19,0.82,0.0,15.01,2013.1667404750472,7.317386409780615e+19,182792.99398869107,1021296.6983799769,0.17898128357669704,2270058.603939369,1549920.5314434913,0.005371,0.006359,52.179114,16.574399,True,True,528.7265344115447,3.880823459462588,1.3111491765552876,1.4393209482749028,208,/scratch/project_2013233/enchanted_plugins/data/ascot_DT-D_random_extended/batch_0/ascot_sdcc_workflow_runner-e74c37ab-4981-4ad0-a5b5-caf96d3f2ac2,0
70.03,0.45,0.0,70.48,71837.28005786754,1.0910803936324733e+20,285549.73522660194,2140958.7694225996,0.13337470076717664,2878338.809019187,5114360.918449885,0.027427,0.025721,44.647191,15.372751,True,True,961.5594286271146,4.5156085334354445,1.3426730229649382,1.1991260221017321,61,/scratch/project_2013233/enchanted_plugins/data/ascot_DT-D_random_extended/batch_0/ascot_sdcc_workflow_runner-0419458b-d6f0-4a9c-9884-5425c3b3c03b,0
6.05,0.77,0.0,6.82,1197.4164065001728,2.9495066700984525e+19,32743.330803738023,235218.76902529146,0.13920373335606293,2556913.34252559,2645322.1736018523,0.0,0.0,29.122775,10.090625,True,True,505.14453257174,9.40406592954294,1.3827370032276374,1.0962267008222015,127,/scratch/project_2013233/enchanted_plugins/data/ascot_DT-D_random_extended/batch_0/ascot_sdcc_workflow_runner-b139f285-2d92-4a25-a4b3-81217084bd2d,0
58.22,0.59,0.0,58.81,1193.8345611125872,5.926531437052658e+19,123807.31857430578,739268.9278833804,0.16747263939359883,2296310.381049602,1737026.9847916598,0.003388,0.002593,52.479117,15.425896,True,True,505.5562890207176,4.631661644047777,1.0604004604935136,1.4582410295709298,89,/scratch/project_2013233/enchanted_plugins/data/ascot_DT-D_random_extended/batch_0/ascot_sdcc_workflow_runner-d690e957-94b9-459b-9455-e44d0a595488,0
7.86,0.81,0.0,8.67,1651.7634246034759,6.2600418059198366e+19,128719.64264889571,614694.0314577216,0.2094044127021087,4014612.7816525414,2956544.1392693385,0.0,0.0002,42.020558,14.481382,True,True,574.5213236601599,7.493311745311633,1.3917900880155945,1.454053764386878,221,/scratch/project_2013233/enchanted_plugins/data/ascot_DT-D_random_extended/batch_0/ascot_sdcc_workflow_runner-38604b13-5db2-4bdd-9bb5-880fd7e9a1c6,0
5.35,0.71,0.0,6.06,4888.022618317449,7.590208383759976e+19,151834.84396687918,996193.1974214112,0.15241505800269964,3516470.038485675,3527603.9984805672,0.002195,0.000799,45.494272,13.802538,True,True,615.1203795728239,5.847654112615043,1.0960709387824814,1.3166742400559794,233,/scratch/project_2013233/enchanted_plugins/data/ascot_DT-D_random_extended/batch_0/ascot_sdcc_workflow_runner-27ff102c-e0a0-4476-b133-42b8784306d4,0
18.81,0.75,0.0,19.57,72074.09505798668,9.836998148385948e+19,146263.0544996843,1953407.0990064812,0.07487586923077882,2322147.3984759273,5394080.403527176,0.055178,0.046166,43.359381,13.732854,True,True,996.9155130096777,4.032718746464867,1.1354906835157408,1.0095054265010366,196,/scratch/project_2013233/enchanted_plugins/data/ascot_DT-D_random_extended/batch_0/ascot_sdcc_workflow_runner-7130eeb9-385b-4b87-8599-dbacd2fb9fc0,0
9.87,0.79,0.0,10.66,1990.7979908432849,6.264171105746947e+19,6291.897208506244,888308.4526887701,0.007083009499078456,2020998.6720763415,2640779.6526427586,0.00892,0.01088,35.228771,9.281474,True,True,526.3851622507907,3.9156573519550513,1.04330403628248,0.8507774637403595,222,/scratch/project_2013233/enchanted_plugins/data/ascot_DT-D_random_extended/batch_0/ascot_sdcc_workflow_runner-4f822482-eb9c-4995-a1b7-1a9c553431d4,0
6.62,0.84,0.0,7.47,220793.7147164012,9.245307897052573e+19,119279.78628886456,1081610.2857071417,0.11027981877121397,7437536.407528278,11204900.056260472,0.0,0.0,26.718256,9.487686,True,True,872.8125803413939,9.743804917050596,1.3797430328550704,1.0003397299541872,236,/scratch/project_2013233/enchanted_plugins/data/ascot_DT-D_random_extended/batch_0/ascot_sdcc_workflow_runner-a2a3c9cb-39aa-4809-bf73-edf753a3d5f6,0
7.78,0.95,0.0,8.73,89801.74045158966,7.468589052316131e+19,62451.051771353,950386.0362873847,0.06571124720572871,5102340.346510265,8926021.94591381,0.000799,0.0002,27.98167,8.417911,True,True,777.7616423416707,8.252613172996499,1.1093926776550918,0.9093254118120981,229,/scratch/project_2013233/enchanted_plugins/data/ascot_DT-D_random_extended/batch_0/ascot_sdcc_workflow_runner-c310fef9-19a8-4b1a-b657-4c4cf403e5a5,0
5.77,0.75,0.0,6.52,7116.440147835101,7.044760736839309e+19,141973.16030164104,736954.1717222633,0.1926485604523406,4148928.1977944016,3182689.8186974935,0.0002,0.0004,40.448142,14.081935,True,True,591.8281788744717,6.964886333457606,1.4269135698551736,1.3687864616585514,219,/scratch/project_2013233/enchanted_plugins/data/ascot_DT-D_random_extended/batch_0/ascot_sdcc_workflow_runner-e3d5a4f1-2a37-4fcd-8b9d-2adba48c742e,0
5.35,0.33,0.0,5.68,17934.81599413984,4.8569786091214e+18,-868.9241230444807,43778.29949902014,-0.01984828403542557,628573.0435399322,4516429.271985665,0.0,0.0,10.656473,2.187693,True,True,505.2606446710723,10.809999694083853,1.1489726191176741,1.0082442176822508,243,/scratch/project_2013233/enchanted_plugins/data/ascot_DT-D_random_extended/batch_0/ascot_sdcc_workflow_runner-af710d99-8594-4623-b71a-fc87430910c9,0
8.63,0.71,0.0,9.33,29221.66245872371,5.664468609946041e+19,58605.97896507048,618862.9436861306,0.09469944769353283,3896904.035567669,5084369.410896303,0.0002,0.0,30.239162,9.482292,True,True,630.9122316881909,7.846882320595199,1.1819455010098587,1.005392278966628,234,/scratch/project_2013233/enchanted_plugins/data/ascot_DT-D_random_extended/batch_0/ascot_sdcc_workflow_runner-b398ad54-3320-430d-8d8e-9ee0ac53046f,0
5.56,0.76,0.0,6.32,41182.702084008706,7.611445111417414e+19,166241.94950345258,842629.9783861771,0.19728938415156164,7018777.851676821,8287751.127668718,0.0,0.0,40.081871,13.398055,True,True,827.9295206228373,11.727871544567925,1.175982399848801,1.4244047692034898,237,/scratch/project_2013233/enchanted_plugins/data/ascot_DT-D_random_extended/batch_0/ascot_sdcc_workflow_runner-0214a4b3-ced0-48b8-955e-7b195f7a561f,0
5.27,0.81,0.0,6.08,321014.5620840174,8.765949073647431e+19,145315.21127144055,1014563.9200682595,0.1432292321824965,8158035.9931627875,11943368.278991308,0.0002,0.0,30.321218,10.506992,True,True,925.5725051717282,11.591080353383166,1.2917848088595647,1.1224583155734524,213,/scratch/project_2013233/enchanted_plugins/data/ascot_DT-D_random_extended/batch_0/ascot_sdcc_workflow_runner-d64c28d0-797c-46c8-b429-9c3a67d12e4f,0
5.9,0.26,0.0,6.16,46016.539407368495,1.1111610919660849e+20,215039.8579726907,2259050.724350564,0.09519036277262465,2583318.683757733,4633748.207617465,0.034003,0.030256,40.490555,14.291244,True,True,883.4566365795438,3.910975679884048,1.4150745132306106,1.039542770129967,239,/scratch/project_2013233/enchanted_plugins/data/ascot_DT-D_random_extended/batch_0/ascot_sdcc_workflow_runner-d53ac04f-eab7-4715-9aa6-d707d3b3bce9,0
6.22,0.54,0.0,6.76,19028.92042443701,1.047158015259391e+20,252049.7185946007,1817929.4963232148,0.13864658618740408,3097173.7240694896,3829850.889703389,0.015942,0.013223,47.52346,14.935999,True,True,722.2838015604339,4.359261967332783,1.213548378700934,1.257897302836166,210,/scratch/project_2013233/enchanted_plugins/data/ascot_DT-D_random_extended/batch_0/ascot_sdcc_workflow_runner-a0910213-3804-4dbd-b694-42569a018cc4,0
61.11,0.63,0.0,61.74,74567.31726471848,1.0650938806275606e+20,110442.3850207476,1770573.4206993424,0.06237661976035142,4112318.9046615954,7336067.169029681,0.006359,0.006754,36.28189,10.699639,True,True,815.2243081426116,5.518721776593992,1.027195572902046,0.9549198425922024,88,/scratch/project_2013233/enchanted_plugins/data/ascot_DT-D_random_extended/batch_0/ascot_sdcc_workflow_runner-61625d78-02c3-404b-81bb-b7f5adb2cabc,0
8.3,0.88,0.0,9.17,50691.266125259426,7.812447956058402e+19,42469.02327579415,1079511.7616669596,0.03934095466474063,4017576.4729756927,6793163.939449677,0.001597,0.001398,29.791921,8.405076,True,True,703.4558462958989,6.370557890321503,1.0464473846749751,0.8449646910598243,231,/scratch/project_2013233/enchanted_plugins/data/ascot_DT-D_random_extended/batch_0/ascot_sdcc_workflow_runner-7fe31293-63fe-4d7c-bc25-1f898dbe2d0f,0
7.78,0.29,0.0,8.07,271987.70757055836,9.412293315143498e+18,-1394.49321115883,111133.37425550914,-0.012547924694095228,1235819.8869050194,14149985.062797466,0.0,0.0,7.478761,1.55587,True,True,791.4333810432888,11.554139255426232,1.1547915991567874,0.8590585497144143,225,/scratch/project_2013233/enchanted_plugins/data/ascot_DT-D_random_extended/batch_0/ascot_sdcc_workflow_runner-37d0c85d-cdd9-4178-9ce9-11ba43e9e347,0
5.67,0.54,0.0,6.22,21287.800919816986,1.0784542847458342e+20,187191.93090329846,1918970.196330077,0.09754811787139402,2887206.9498475385,3864206.814723278,0.020376,0.017102,39.848328,13.63459,True,True,713.4459603356743,3.982272397431175,1.4133583963382856,1.0511545398197844,246,/scratch/project_2013233/enchanted_plugins/data/ascot_DT-D_random_extended/batch_0/ascot_sdcc_workflow_runner-6585561b-f098-4afb-8792-5b8c60544e1a,0
4.75,0.65,0.0,5.39,5281.873194171586,7.909713993852033e+19,174690.70671783335,949669.6503446518,0.18394892018970493,3748329.4678519676,2886572.010571291,0.000999,0.0004,43.42447,14.650577,True,True,590.1457050585396,5.773862021479636,1.3913192266059848,1.3707010493960552,254,/scratch/project_2013233/enchanted_plugins/data/ascot_DT-D_random_extended/batch_0/ascot_sdcc_workflow_runner-d56094d3-0a20-4ebc-98b7-268d3a3face4,0
16.91,0.8,0.0,17.71,9863.014647788797,7.52921960394037e+19,147320.6270810536,979958.6731357961,0.15033351009552104,3931836.046346558,4207569.122723457,0.0002,0.0004,43.85938,13.29975,True,True,644.1961800607309,6.622215061954831,1.0553969738741733,1.3024281103822481,179,/scratch/project_2013233/enchanted_plugins/data/ascot_DT-D_random_extended/batch_0/ascot_sdcc_workflow_runner-598f43ea-4846-4428-95a7-33b2a734378a,0
5.16,0.95,0.0,6.11,134429.15773929114,1.0438497208385298e+20,235151.77724863723,1228051.533592083,0.19148363958376574,8703889.124240328,10181641.84184936,0.0,0.0,37.810936,13.17987,True,True,921.338049071102,10.850586962383186,1.304660235663049,1.3519139516174623,251,/scratch/project_2013233/enchanted_plugins/data/ascot_DT-D_random_extended/batch_0/ascot_sdcc_workflow_runner-4f7cae8f-fcc7-4501-9737-c7047b4a740f,0
7.07,0.63,0.0,7.7,107136.75520842156,1.1651052998073102e+20,326882.4946987557,1695498.6914650435,0.192794306680534,6966726.77259614,9102208.21166083,0.001199,0.0004,46.010653,15.119855,True,True,981.5380237631528,8.616889778033476,1.1259218401356819,1.4916472664284313,245,/scratch/project_2013233/enchanted_plugins/data/ascot_DT-D_random_extended/batch_0/ascot_sdcc_workflow_runner-f4b83fe2-c9e3-40fa-9706-407b56dc61ca,0
8.47,0.68,0.0,9.15,3016.7340470156387,4.60555976119555e+19,45519.57283053514,490475.1215990329,0.0928070983134344,2520830.949874847,2549044.0062832343,0.000999,0.000799,37.168636,10.792163,True,True,508.35047745821413,6.071851623723962,1.046251811413834,1.0643530842130107,238,/scratch/project_2013233/enchanted_plugins/data/ascot_DT-D_random_extended/batch_0/ascot_sdcc_workflow_runner-79d04317-5696-47cd-a2a0-5831b2487ac5,0
5.33,0.78,0.0,6.11,4427.286443184497,3.4409665261058695e+19,46498.803779845875,284216.63985326403,0.16360338298226443,3145886.835777828,3221585.5758478907,0.0,0.0,30.34575,10.806716,True,True,549.2153532910331,10.304278096710853,1.4437325687580598,1.1646540348847139,247,/scratch/project_2013233/enchanted_plugins/data/ascot_DT-D_random_extended/batch_0/ascot_sdcc_workflow_runner-379df7db-435d-43e9-bdbc-d37489fc6f88,0
7.66,0.57,0.0,8.23,203072.87700684884,1.3636965393102109e+20,229187.31076768486,2253263.561653253,0.10171349444781626,5638003.147576166,9815309.941190049,0.006162,0.007346,35.072549,12.026495,True,True,996.8610251729463,6.193225833342241,1.300026769530588,1.0408515770103184,252,/scratch/project_2013233/enchanted_plugins/data/ascot_DT-D_random_extended/batch_0/ascot_sdcc_workflow_runner-711761fc-202f-42db-8bc1-c911f9a0f0a0,0
6.06,0.54,0.0,6.6,47096.572936767494,1.0872392368438962e+20,322418.1567923381,1884490.700869646,0.1710903410897969,4032885.176405495,5736581.9613876715,0.005371,0.005964,51.204347,15.948618,True,True,873.5922295690568,5.690798295772708,1.0149135292925417,1.458244913117597,258,/scratch/project_2013233/enchanted_plugins/data/ascot_DT-D_random_extended/batch_0/ascot_sdcc_workflow_runner-f80f8e26-719d-4ba2-b544-986bdbf0db0c,0
18.07,0.73,0.0,18.8,150686.28354623413,5.362162119873241e+19,52517.91147704748,560256.5516107181,0.0937390403129786,5233360.420061104,9307906.469256116,0.0,0.0,22.070005,8.146104,True,True,776.2460651482361,11.6172698612338,1.4919125586115318,0.946554355208624,228,/scratch/project_2013233/enchanted_plugins/data/ascot_DT-D_random_extended/batch_0/ascot_sdcc_workflow_runner-9bbf2077-fb0a-4e2c-9ed4-a82ee437a1f2,0
8.07,0.98,0.0,9.05,53455.15383044444,7.886145998022096e+19,83010.10178271415,957872.5958194191,0.08666090056757762,4769540.055583399,6422406.093474001,0.000999,0.0002,30.109514,9.58136,True,True,696.5049602574068,7.19684893953343,1.227372965421972,0.9742785216969488,113,/scratch/project_2013233/enchanted_plugins/data/ascot_DT-D_random_extended/batch_0/ascot_sdcc_workflow_runner-1e0507cb-2741-49b7-b629-56f2cb4769b6,0
6.47,0.71,0.0,7.18,16989.4643031436,9.539142183756541e+19,143327.04935962704,1576347.5450765141,0.09092350846568553,3106737.0935651506,4241599.575674664,0.010293,0.009509,43.183612,12.718836,True,True,690.5146363322056,4.61360385718277,1.0626474031837023,1.0866019624129593,248,/scratch/project_2013233/enchanted_plugins/data/ascot_DT-D_random_extended/batch_0/ascot_sdcc_workflow_runner-dd7e51be-d601-43f5-ad3d-9d6682443dd2,0
7.66,0.75,0.0,8.41,97899.84761423667,1.0326813873277995e+20,228261.075290625,1212540.0877204337,0.18825033300115804,8050167.588651192,8826320.125625977,0.0002,0.0,36.878212,13.050723,True,True,861.9168869436422,9.983038528808638,1.3638587413460816,1.3199492887371322,259,/scratch/project_2013233/enchanted_plugins/data/ascot_DT-D_random_extended/batch_0/ascot_sdcc_workflow_runner-94b4e8af-b948-43e5-a6f0-074c11040fc6,0
7.85,0.81,0.0,8.66,72939.4965316184,1.1357809966354016e+20,290154.891394779,1464385.8159200845,0.19814101464269684,7634230.759884898,8615347.011964511,0.0006,0.0004,42.136659,14.376786,True,True,896.9112442279616,9.072622302662662,1.2606556797181812,1.4389806598706207,115,/scratch/project_2013233/enchanted_plugins/data/ascot_DT-D_random_extended/batch_0/ascot_sdcc_workflow_runner-6ab3dd48-c1ba-40b8-961e-346605dc1f9e,0
8.74,0.34,0.0,9.08,117360.92853261651,7.382445134127524e+18,-1056.662812064929,79643.30714571469,-0.013267440164578653,977652.9045897363,10027344.494587226,0.0,0.0,7.772395,1.620044,True,True,687.2211003016359,11.329168746413849,1.20774774951348,0.871387942344292,260,/scratch/project_2013233/enchanted_plugins/data/ascot_DT-D_random_extended/batch_0/ascot_sdcc_workflow_runner-7392e446-fade-4777-9470-a01d920a4bf4,0
12.16,0.63,0.0,12.79,104052.91236905084,1.2187013229953974e+20,266837.60917593515,2233252.7949045454,0.1194838353207302,3850064.390653089,6676685.1217514165,0.014001,0.011858,40.699255,13.857894,True,True,948.2048116602725,5.094254934946875,1.3169424658250064,1.1292780052418563,81,/scratch/project_2013233/enchanted_plugins/data/ascot_DT-D_random_extended/batch_0/ascot_sdcc_workflow_runner-0460a515-b9fe-4090-9223-0b76bbb7018e,0
9.24,0.59,0.0,9.83,82628.42311405957,1.2087075508853229e+20,206628.98822585968,2007351.3302685828,0.1029361353491682,4968843.649804954,8312035.2044207575,0.005173,0.005173,38.187334,12.130899,True,True,906.4481977254565,6.039182399793988,1.161657978551252,1.081343253751576,255,/scratch/project_2013233/enchanted_plugins/data/ascot_DT-D_random_extended/batch_0/ascot_sdcc_workflow_runner-a235c6da-1441-4cd0-b6a1-662e97551c3c,0
11.38,0.65,0.0,12.03,39159.736906451704,1.0870278848363851e+20,277792.3796863698,1464023.0145468325,0.1897459103621786,6251944.296628718,6793071.878600283,0.0002,0.0002,43.031051,14.390273,True,True,811.5729990471591,7.734417953301797,1.2488413485695522,1.4140919616042005,214,/scratch/project_2013233/enchanted_plugins/data/ascot_DT-D_random_extended/batch_0/ascot_sdcc_workflow_runner-7439b437-59c4-4d31-9335-010584c7b98e,0
17.64,0.32,0.0,17.96,66503.44253380407,6.376958791898244e+18,-1076.4650868446238,64416.33845948188,-0.016711056737907022,822188.0405279581,7350822.485039181,0.0,0.0,8.501471,1.7665,True,True,608.1257471296257,10.898896008054429,1.2050452021280782,0.887445188676922,230,/scratch/project_2013233/enchanted_plugins/data/ascot_DT-D_random_extended/batch_0/ascot_sdcc_workflow_runner-2a01ae1a-b4ed-49c9-b2bc-3adb9ca35383,0
18.15,0.8,0.0,18.95,1628.6619551466779,3.798860869436871e+19,64439.02375202588,327753.6665885326,0.1966080941908232,3567297.314604595,3381217.3270188714,0.0,0.0,35.821132,12.439585,True,True,571.2707880712755,10.763619348167664,1.3521727422658865,1.337348679875659,235,/scratch/project_2013233/enchanted_plugins/data/ascot_DT-D_random_extended/batch_0/ascot_sdcc_workflow_runner-d66a68c2-b18a-4743-8e1c-9b968bdd0f53,0
11.29,1.12,0.0,12.41,29467.3059122354,8.98017051713179e+19,193413.3433642522,1039927.8944222616,0.18598726354167486,5927638.396155492,5759391.235871483,0.0002,0.0002,39.072476,13.429555,True,True,724.4421181917186,8.240248440822956,1.3414420985314837,1.3405554202014311,242,/scratch/project_2013233/enchanted_plugins/data/ascot_DT-D_random_extended/batch_0/ascot_sdcc_workflow_runner-a6155a7a-c826-44d0-a194-e30fdeb29121,0
9.01,1.12,0.0,10.13,60118.40766777359,1.1672834333958732e+20,261900.15851252567,1620159.832902686,0.16165081567495973,6422098.235032782,7850269.09570701,0.001597,0.000799,39.335433,13.275608,True,True,854.2615068441447,7.478234225813199,1.2799086489438007,1.2671714202197244,256,/scratch/project_2013233/enchanted_plugins/data/ascot_DT-D_random_extended/batch_0/ascot_sdcc_workflow_runner-4e5d243f-942b-4130-91a5-c807b7e5e6e3,0
6.52,0.8,0.0,7.32,27414.26463997668,7.5180602611594e+19,129137.64231856336,859703.7796694812,0.15021178849325426,5246686.856124464,5961470.155804924,0.0002,0.0,35.922865,11.781702,True,True,703.5694267260487,8.499057247065542,1.2253295638420614,1.2066794440992332,265,/scratch/project_2013233/enchanted_plugins/data/ascot_DT-D_random_extended/batch_0/ascot_sdcc_workflow_runner-cae5610b-794d-4292-b979-7120f4b0ec46,0
5.17,0.88,0.0,6.05,117096.5452802552,1.2807691425259907e+20,268933.29978828155,2197191.8853789684,0.12239864054563279,4693914.00107407,7576360.080759626,0.008133,0.005371,38.833168,13.295536,True,True,934.657343821983,5.648828883627409,1.3283065228547732,1.1280251378257433,273,/scratch/project_2013233/enchanted_plugins/data/ascot_DT-D_random_extended/batch_0/ascot_sdcc_workflow_runner-e0e3c135-a69c-4917-b5ee-bd391df25b4f,0
49.18,0.74,0.0,49.92,37183.451845686104,1.003288579537046e+20,183588.36595293265,1935368.1338304293,0.09485966144827415,2391427.9607413113,4258959.607760917,0.040123,0.036052,48.43678,14.558406,True,True,829.0128320725104,3.8380695175501973,1.0252991968074237,1.1212249199368762,161,/scratch/project_2013233/enchanted_plugins/data/ascot_DT-D_random_extended/batch_0/ascot_sdcc_workflow_runner-c3158cf8-2f5a-4251-9716-b257691053f9,0
10.07,0.85,0.0,10.91,107932.4417101637,1.1226544803539943e+20,263157.3223966984,1316491.2551441384,0.19989295133440607,8805545.551606175,9364036.160767049,0.0,0.0,37.148353,13.510496,True,True,896.2930712241184,10.171728290697967,1.4513165287848155,1.3511066083333951,257,/scratch/project_2013233/enchanted_plugins/data/ascot_DT-D_random_extended/batch_0/ascot_sdcc_workflow_runner-76cf8db0-978f-45f5-af51-4ef344b30560,0
7.56,0.54,0.0,8.1,91126.33668382469,1.0045353011102863e+20,123186.94782448973,1981206.4446288594,0.06217774435291947,2369991.508515543,5279815.577187418,0.048344,0.042696,43.735343,13.210676,True,True,920.0010331334108,3.896532194611724,1.0079113265163717,0.9778920601722065,240,/scratch/project_2013233/enchanted_plugins/data/ascot_DT-D_random_extended/batch_0/ascot_sdcc_workflow_runner-037cbcdc-f72a-4a0b-8633-bb7eb5bdade0,0
7.11,0.43,0.0,7.54,7361.786701125081,9.467655893141181e+19,283338.8235127112,1474794.8167952439,0.19212084303931287,3027438.046583887,2555410.9922149265,0.007149,0.007149,50.795266,16.774363,True,True,632.8279738553206,4.372362138689576,1.3603371953023136,1.4783079155310452,274,/scratch/project_2013233/enchanted_plugins/data/ascot_DT-D_random_extended/batch_0/ascot_sdcc_workflow_runner-83ceed4c-f1b4-4ce0-badd-bdf4f282a4df,0
7.03,0.96,0.0,7.99,32715.697448859737,8.60023973363936e+19,174790.47617048523,1081177.8211097128,0.16166672378747243,5156053.2564914245,5642809.460385171,0.0004,0.0002,40.562606,13.005988,True,True,714.2516559176928,7.611108440491547,1.1756313010752986,1.2954302458398617,268,/scratch/project_2013233/enchanted_plugins/data/ascot_DT-D_random_extended/batch_0/ascot_sdcc_workflow_runner-16ff7b0b-cfc7-418c-b129-26893efd2f09,0
6.77,0.71,0.0,7.48,90426.22756242058,4.934254773814615e+19,53007.65273573662,507413.59321549715,0.10446636322812192,4554777.491356587,7498842.699358924,0.0,0.0,24.195592,8.355425,True,True,712.3031224269828,10.64096133174856,1.355087064048855,0.9637431076811609,272,/scratch/project_2013233/enchanted_plugins/data/ascot_DT-D_random_extended/batch_0/ascot_sdcc_workflow_runner-7a921279-d5cf-40ff-bf0e-3bea55afec30,0
7.24,0.82,0.0,8.06,9660.643047216949,6.179346179544493e+19,80173.75469510365,646680.2202264776,0.12397743457659109,3647118.7809212664,3370085.6201754166,0.0002,0.0006,33.484638,11.191409,True,True,568.6774757560318,6.641088465082799,1.3538171122869866,1.0941855895215515,266,/scratch/project_2013233/enchanted_plugins/data/ascot_DT-D_random_extended/batch_0/ascot_sdcc_workflow_runner-305b022d-c93d-4d29-a074-3ee26d6586e7,0
7.97,0.63,0.0,8.6,260218.4284367264,1.136674886188077e+20,87298.99995990525,1571078.6819358384,0.05556628128410342,6935230.3827368105,12873367.73533126,0.001199,0.0002,26.815183,8.458036,True,True,936.0476187235995,7.707267822335904,1.2071982526723692,0.856768238980641,244,/scratch/project_2013233/enchanted_plugins/data/ascot_DT-D_random_extended/batch_0/ascot_sdcc_workflow_runner-34bd5e84-0684-486d-b945-90629bd7275f,0
5.03,0.84,0.0,5.87,45039.02770042835,6.030701175470596e+19,103368.7746273233,688108.6737533356,0.15022158355233525,5064673.209834973,6762026.058746344,0.0,0.0,36.51866,11.542785,True,True,729.6903880998169,10.310111614369987,1.0902438266596242,1.2347800572122547,280,/scratch/project_2013233/enchanted_plugins/data/ascot_DT-D_random_extended/batch_0/ascot_sdcc_workflow_runner-ed25ad92-57cc-41e5-a0e7-db7633bdf0eb,0
6.23,0.78,0.0,7.0,6088.88084965917,5.110658455357274e+19,44181.3305333009,530402.5265975118,0.08329773769503035,3167540.675084868,3533532.3564250586,0.0,0.0002,29.597153,9.345915,True,True,556.0787937065007,6.771215876188228,1.2552000489195199,0.9599452107009229,277,/scratch/project_2013233/enchanted_plugins/data/ascot_DT-D_random_extended/batch_0/ascot_sdcc_workflow_runner-4fb4028a-6b0e-4d67-a174-1ea0c73e9bc7,0
31.91,0.58,0.0,32.49,37782.47488541034,8.814880550589841e+19,60469.840700463115,1276783.8210377516,0.047361064343150974,3938800.6722512757,6173083.998464478,0.002991,0.00319,31.749781,9.238661,True,True,699.2658514340643,5.682347722660376,1.117203240337462,0.8752087192760178,206,/scratch/project_2013233/enchanted_plugins/data/ascot_DT-D_random_extended/batch_0/ascot_sdcc_workflow_runner-028c5550-6ffe-4f4d-9626-1b775fcfa492,0
7.64,0.82,0.0,8.46,16910.676273407862,7.095570018509788e+19,155933.76817154107,733485.227220368,0.21259292264476978,5642110.083302898,5170352.169445225,0.0,0.0,40.229128,13.951698,True,True,688.9884961965981,9.707254145678641,1.3376232937344767,1.4546111810241271,278,/scratch/project_2013233/enchanted_plugins/data/ascot_DT-D_random_extended/batch_0/ascot_sdcc_workflow_runner-29698bf0-6440-4966-bb60-e64d8a1e3ede,0
10.96,0.88,0.0,11.85,23491.175587573565,4.197415505279215e+19,36999.00072061481,386395.58730611386,0.09575420096944098,3196173.324066589,3879552.05839048,0.0,0.0,24.965752,8.750938,True,True,562.5846893365324,8.2949340492631,1.4584350521068616,0.9450592580357093,262,/scratch/project_2013233/enchanted_plugins/data/ascot_DT-D_random_extended/batch_0/ascot_sdcc_workflow_runner-37a6a3d6-6db1-4c08-8ccd-eb3adadcfa86,0
6.48,0.72,0.0,7.2,209613.91686395122,1.2686356735726161e+20,248469.31488544602,1674041.365491295,0.1484248358537578,8480210.075810818,11234251.849613858,0.0002,0.0004,34.166688,12.049379,True,True,967.3459787772396,8.876858410425944,1.352266464441807,1.1684104270904463,284,/scratch/project_2013233/enchanted_plugins/data/ascot_DT-D_random_extended/batch_0/ascot_sdcc_workflow_runner-b29f89f5-e6ed-4295-a97d-74f4348fe2b9,0
7.78,0.87,0.0,8.65,238304.38614762534,1.1276020277736818e+20,143684.30341221258,1511633.4392735201,0.09505234515139212,7479419.447172152,11908553.736595169,0.000999,0.0006,29.79237,9.862558,True,True,932.4188029368628,8.518820445978198,1.221873958868391,0.9971695941847184,269,/scratch/project_2013233/enchanted_plugins/data/ascot_DT-D_random_extended/batch_0/ascot_sdcc_workflow_runner-08d78b46-00bc-4615-a0be-1c967f718f05,0
13.31,0.44,0.0,13.75,43355.302143597124,1.1469464952040052e+20,204446.6621111622,2078315.8990001534,0.09837131218094344,3213313.5630302643,4996255.335714442,0.024009,0.0198,40.711072,13.377204,True,True,799.2054044633932,4.320673029094225,1.2939172083764985,1.0643361771947906,267,/scratch/project_2013233/enchanted_plugins/data/ascot_DT-D_random_extended/batch_0/ascot_sdcc_workflow_runner-2e9446b3-6fa5-4853-8d20-563b56967d62,0
8.51,0.3,0.0,8.81,61059.36989129028,6.389395232081146e+18,-1287.5634420257506,66883.75489253925,-0.01925076491435704,820672.7149510111,7349979.041404688,0.0,0.0,9.347675,1.890511,True,True,612.7877891186453,11.069654762369,1.1302593381652581,0.9431402343984705,253,/scratch/project_2013233/enchanted_plugins/data/ascot_DT-D_random_extended/batch_0/ascot_sdcc_workflow_runner-7bcff40f-0de6-4533-acee-9d07be77c521,0
8.13,0.76,0.0,8.89,14374.55484874262,6.142892699179502e+19,99424.70246815115,644523.3334157125,0.1542608270537554,4602946.588422603,4898437.680517321,0.0002,0.0002,34.860438,11.580103,True,True,645.6345051286015,8.778038685381274,1.2701169298410433,1.2041042921739575,279,/scratch/project_2013233/enchanted_plugins/data/ascot_DT-D_random_extended/batch_0/ascot_sdcc_workflow_runner-c6bb1aed-b261-48e7-9065-b776e6db53f6,0
7.84,0.91,0.0,8.75,353149.50193429895,6.5388923903745475e+19,65958.41406259366,783028.600997298,0.08423499981812446,6184646.346781647,12462225.581723858,0.0,0.0,25.726989,8.08909,True,True,890.5198331129881,11.38165208226401,1.1248722298197833,0.9450459796043612,283,/scratch/project_2013233/enchanted_plugins/data/ascot_DT-D_random_extended/batch_0/ascot_sdcc_workflow_runner-ce4f3f34-8811-420f-99df-b4ed40e584bd,0
9.06,0.85,0.0,9.91,48654.14960280531,5.495037367866294e+19,27719.9213255292,597756.5685613878,0.04637326092834469,3780002.994334348,6044614.485945485,0.0002,0.0,22.058478,7.154138,True,True,639.9042331442304,7.43137743796604,1.4401834702126803,0.8485820953504954,276,/scratch/project_2013233/enchanted_plugins/data/ascot_DT-D_random_extended/batch_0/ascot_sdcc_workflow_runner-b0fc45ca-72bb-4391-a18f-dd753c76ee2e,0
5.63,0.33,0.0,5.95,107882.851338403,9.289093210540157e+18,-1357.0366841255798,100250.3399202848,-0.013536479628943334,1141996.0661195552,9720096.772273066,0.0,0.0,8.041764,1.753372,True,True,676.1348673554673,10.582208698929147,1.2971720784713483,0.8477965398002201,290,/scratch/project_2013233/enchanted_plugins/data/ascot_DT-D_random_extended/batch_0/ascot_sdcc_workflow_runner-a08b57aa-ae7a-4ab7-8e21-3be5825a7374,0
6.53,0.62,0.0,7.15,14138.260453940718,3.224168939690775e+19,-5417.671295576189,342037.6500226133,-0.015839400414597655,2163970.9843807104,4299785.763922336,0.0002,0.0002,20.15098,5.233295,True,True,540.0952610615414,6.656676878694611,1.2265507691022355,0.8237396182416882,285,/scratch/project_2013233/enchanted_plugins/data/ascot_DT-D_random_extended/batch_0/ascot_sdcc_workflow_runner-4e6b9d66-ecad-437e-85cb-b2f7b453b787,0
10.37,0.71,0.0,11.08,50964.95399734117,8.138067349451751e+19,176280.57080514237,972538.7199755155,0.18125815166472795,6130301.90660621,7316768.38804664,0.0002,0.0002,42.379522,13.555763,True,True,788.1797328009886,9.738988809859466,1.078280422831066,1.4089688704902952,264,/scratch/project_2013233/enchanted_plugins/data/ascot_DT-D_random_extended/batch_0/ascot_sdcc_workflow_runner-1b61b339-0e31-411e-820c-3d3ceacd8d3a,0
10.17,0.94,0.0,11.11,273278.5542415317,1.064032335030577e+20,187241.56014578836,1337641.267033359,0.13997890522700118,8372472.454196153,12055730.338067094,0.0,0.0002,34.064834,11.333718,True,True,967.1427516814473,10.245628388380533,1.1907528519359443,1.163034888163101,249,/scratch/project_2013233/enchanted_plugins/data/ascot_DT-D_random_extended/batch_0/ascot_sdcc_workflow_runner-21a22a04-3191-4898-bb90-4aa3aba4b88a,0
6.45,0.89,0.0,7.34,369742.13541449036,1.1339106808041628e+20,125566.19680523893,1706822.3877559258,0.07356723095853533,6597560.773217677,12441720.084125074,0.002394,0.002195,31.96348,9.752323,True,True,982.7291774929006,8.003977026256868,1.002895801424517,0.9652301984693689,293,/scratch/project_2013233/enchanted_plugins/data/ascot_DT-D_random_extended/batch_0/ascot_sdcc_workflow_runner-d734a5fd-db13-4af1-ab70-bc446cdbea02,0
6.74,0.55,0.0,7.28,67067.1139054673,9.82797652133187e+19,190723.72255089824,2113251.0156415673,0.09025133367462072,2027607.969817356,4170763.5875869123,0.061914,0.047075,40.966892,14.843217,True,True,968.6164786926946,3.6847045076272877,1.434011465298235,1.0178092996437207,296,/scratch/project_2013233/enchanted_plugins/data/ascot_DT-D_random_extended/batch_0/ascot_sdcc_workflow_runner-57a641e2-5559-4ad6-84b7-347e7b0e15aa,0
11.05,0.91,0.0,11.95,118191.96734551738,1.0118745623791621e+20,252855.2830344178,1227982.1178701147,0.20591120941808588,8492613.71520878,9607431.785684625,0.0,0.0,41.751141,14.175831,True,True,920.836063392559,11.110820508041899,1.2144072780257036,1.4739959235261706,270,/scratch/project_2013233/enchanted_plugins/data/ascot_DT-D_random_extended/batch_0/ascot_sdcc_workflow_runner-df7a9d77-ee67-49f0-abc0-0eb900e5394c,0
5.4,0.68,0.0,6.08,2523.2793949333764,6.2601365270052905e+19,97312.06561066021,715670.6026324839,0.13597326095652496,2791139.1422766214,2120432.1703002886,0.001398,0.0006,41.277992,13.12147,True,True,516.2810228341724,5.110483743570181,1.2906591890223793,1.1976548323651222,297,/scratch/project_2013233/enchanted_plugins/data/ascot_DT-D_random_extended/batch_0/ascot_sdcc_workflow_runner-8be0d9a6-9ce4-485b-a790-323f73af8869,0
8.1,0.77,0.0,8.86,46288.52922444547,4.1922638946157765e+19,43408.785962364156,400449.42557551427,0.10840017038350926,4211417.678029288,6722962.792800454,0.0,0.0,25.080214,8.813696,True,True,685.8269768658199,11.644789319267526,1.3288819790442687,1.0270334195534023,291,/scratch/project_2013233/enchanted_plugins/data/ascot_DT-D_random_extended/batch_0/ascot_sdcc_workflow_runner-ece43495-c6d6-4f81-a336-c8c3cf0d156d,0
9.8,0.76,0.0,10.56,3125.867641621516,3.0559227111568777e+19,28354.899925308935,252528.45534187142,0.11228397958923976,2569675.1687811813,2934916.3190185823,0.0,0.0,25.512762,9.009938,True,True,513.9806190582221,9.076260079967488,1.4451012977961977,0.9950188661308585,282,/scratch/project_2013233/enchanted_plugins/data/ascot_DT-D_random_extended/batch_0/ascot_sdcc_workflow_runner-ff3ea06e-91c7-4f8e-9b90-f7312b55db0b,0
9.87,0.81,0.0,10.67,7739.064401136711,5.83148299950445e+19,117882.13646820137,573816.0606370476,0.20543540788546286,5332837.272590184,5406639.894413944,0.0,0.0,37.260456,13.023436,True,True,686.6502666492945,11.065446983395637,1.3558885542444625,1.385631081009608,178,/scratch/project_2013233/enchanted_plugins/data/ascot_DT-D_random_extended/batch_0/ascot_sdcc_workflow_runner-86e30da7-bc64-4bc2-bc19-c243d42a84c1,0
8.72,0.75,0.0,9.47,21877.72091279616,9.185417016229793e+19,200226.77912128932,1091166.1640178615,0.1834979728330467,5465680.664123384,5238257.933715865,0.0004,0.0,39.805998,13.678204,True,True,703.0027961167027,7.472091837168685,1.3587641004000734,1.3364422466710693,294,/scratch/project_2013233/enchanted_plugins/data/ascot_DT-D_random_extended/batch_0/ascot_sdcc_workflow_runner-f9448607-025e-4494-874a-9b606fcc3574,0
8.07,0.77,0.0,8.84,88697.18490864654,5.36575394439482e+19,54087.786868005525,572169.0740255052,0.09453112606640898,4676267.207517693,7746275.35811421,0.0,0.0,24.11435,8.214018,True,True,720.5435223886029,10.01535578305918,1.3496928578045033,0.9378363948684048,292,/scratch/project_2013233/enchanted_plugins/data/ascot_DT-D_random_extended/batch_0/ascot_sdcc_workflow_runner-d0bf8f75-a2d3-40ee-b466-de5d1bc52c4b,0
17.74,0.58,0.0,18.32,70025.02867808686,1.2264532036789826e+20,412433.9667150479,2164672.3958862624,0.19052950806728827,4272921.521350107,5395278.137480744,0.006557,0.005569,45.594784,16.532284,True,True,894.8652369099832,5.490578920883548,1.4939245696136725,1.408890635832076,275,/scratch/project_2013233/enchanted_plugins/data/ascot_DT-D_random_extended/batch_0/ascot_sdcc_workflow_runner-2bce6d04-d6aa-4381-8382-125a330ac6f4,0
5.0,0.81,0.0,5.81,102851.51414467848,6.823035984003565e+19,102044.51499790025,805216.0549464962,0.12672935961849488,5623468.224852793,8329424.109899465,0.0,0.0,33.669449,10.575712,True,True,785.37821520766,10.181730202901587,1.0861959965666634,1.136591470056218,300,/scratch/project_2013233/enchanted_plugins/data/ascot_DT-D_random_extended/batch_0/ascot_sdcc_workflow_runner-0df3897a-69c2-4bb0-815b-57ca15988b9d,0
6.28,0.84,0.0,7.11,1490.912583333559,3.5596582021557776e+19,62752.182692959104,287533.91202813794,0.21824271874692194,3429995.081897081,3015838.270295585,0.0,0.0,37.568779,13.248075,True,True,555.5352639591864,11.137836433622612,1.3995182117784926,1.42821615529802,288,/scratch/project_2013233/enchanted_plugins/data/ascot_DT-D_random_extended/batch_0/ascot_sdcc_workflow_runner-2258c4aa-8d17-4cab-924c-ef1cf1230e92,0
6.42,0.71,0.0,7.14,1947.9982183194438,6.1612180878183195e+19,64791.28610176689,670821.2611125526,0.09658502176020924,2922647.5772438156,2498257.9550055913,0.001597,0.001199,33.86322,11.196846,True,True,521.833431544148,5.271955726336271,1.3661457338708196,1.0231358774080659,305,/scratch/project_2013233/enchanted_plugins/data/ascot_DT-D_random_extended/batch_0/ascot_sdcc_workflow_runner-20cc0b74-d212-4ed7-9dc1-cc9311a34eb6,0
6.37,0.8,0.0,7.16,235456.73801599894,9.020259329869323e+19,72097.73465611479,1191279.4299173176,0.060521262136725415,6227295.197974648,11565949.016596744,0.000999,0.0,26.729375,8.191485,True,True,873.7045376120502,8.493977979945274,1.1431410593944202,0.8795629396575481,299,/scratch/project_2013233/enchanted_plugins/data/ascot_DT-D_random_extended/batch_0/ascot_sdcc_workflow_runner-50a08117-5227-4418-96c6-1be83ab812c5,0
10.8,0.52,0.0,11.32,12116.260097264189,1.0128951796636636e+20,300067.5496345328,1674359.836345553,0.17921329879093276,3217586.824749331,3407309.2297366564,0.009116,0.008527,51.562433,16.318784,True,True,698.5753151817712,4.570945634735334,1.2129692135693089,1.4546744472598376,232,/scratch/project_2013233/enchanted_plugins/data/ascot_DT-D_random_extended/batch_0/ascot_sdcc_workflow_runner-c70b27c4-d31f-43ec-a2f3-e370acd6c64c,0
6.08,0.69,0.0,6.77,17728.549714432884,9.150390556839975e+19,116887.73763803211,1350314.301273621,0.08656335604813131,3050563.97259874,3373628.537180094,0.00892,0.004975,37.191111,12.211423,True,True,616.5209440358169,4.343991943336661,1.345033649683531,1.012291468338545,313,/scratch/project_2013233/enchanted_plugins/data/ascot_DT-D_random_extended/batch_0/ascot_sdcc_workflow_runner-a2c3b3aa-c702-4553-9c61-144054c8050e,0
7.14,0.76,0.0,7.9,377246.1996355937,7.647008001724665e+19,96162.20334696412,866605.7397553036,0.1109641892911033,7274315.08831391,12653104.857641311,0.0,0.0,23.605465,8.605714,True,True,904.2810585977002,11.501434435489463,1.4798941240943304,0.957300058921025,298,/scratch/project_2013233/enchanted_plugins/data/ascot_DT-D_random_extended/batch_0/ascot_sdcc_workflow_runner-964bfcff-536f-469c-a962-464dfbc22888,0
6.74,0.62,0.0,7.36,149490.3243330584,1.2866598979039974e+20,81641.70041084045,1817531.1680748917,0.04491900983316529,6304026.294707905,10663562.00135699,0.002593,0.003587,25.330214,8.773357,True,True,865.4383978376752,6.130405535242926,1.462812431927193,0.8023884458695619,302,/scratch/project_2013233/enchanted_plugins/data/ascot_DT-D_random_extended/batch_0/ascot_sdcc_workflow_runner-1d7e949c-db86-4ff6-b6a8-f9c6ee773f39,0
8.21,0.81,0.0,9.02,2342.9332084104176,3.267711735456392e+19,53604.92658881146,258895.52424025102,0.2070523495766073,3352341.4901539,3229134.085703937,0.0,0.0,35.47517,12.486979,True,True,561.8068150280982,11.831954374545104,1.3869069626918962,1.3598751074136457,311,/scratch/project_2013233/enchanted_plugins/data/ascot_DT-D_random_extended/batch_0/ascot_sdcc_workflow_runner-11a38d96-303d-45fa-9a44-03387140a8af,0
9.38,0.52,0.0,9.89,68598.94791839457,1.0216646306737658e+20,152371.96702761127,1630108.5390804948,0.09347351012194602,4122472.387068936,6336781.23476511,0.004182,0.006951,39.830794,11.902809,True,True,777.455684255511,5.691401998989718,1.0242849891617394,1.0783603741933283,304,/scratch/project_2013233/enchanted_plugins/data/ascot_DT-D_random_extended/batch_0/ascot_sdcc_workflow_runner-5cf58a9b-adcb-415c-841b-97a42e9bb886,0
5.61,0.43,0.0,6.04,2174.5331536356657,7.793978141454062e+19,160413.2866198152,1170385.0780486465,0.1370602630095628,2189405.789294494,1718779.1930843908,0.01439,0.009312,47.683418,15.412524,True,True,545.3125632357853,3.642398657057811,1.356157126592673,1.238446455140799,307,/scratch/project_2013233/enchanted_plugins/data/ascot_DT-D_random_extended/batch_0/ascot_sdcc_workflow_runner-78c8eb07-48e1-4cc7-9f08-1716615d035a,0
5.03,0.71,0.0,5.74,46233.329904429615,6.910805993805699e+19,96852.02495785784,829127.6345592611,0.11681196105511717,4853729.654430757,6749048.602059899,0.0004,0.0,34.416742,10.601276,True,True,718.5621556792661,8.597610396876009,1.0883933792325495,1.1109352961666539,314,/scratch/project_2013233/enchanted_plugins/data/ascot_DT-D_random_extended/batch_0/ascot_sdcc_workflow_runner-06df9824-e730-4dc6-aa30-9275a5830c13,0
6.57,0.74,0.0,7.3,5098.630937340637,2.9415077822999155e+19,30438.546250899275,267747.7957722503,0.1136836483120507,2606166.4905074136,3517600.8774814242,0.0,0.0,31.360017,9.613951,True,True,546.3517301571358,9.587018610493018,1.0931853910572267,1.0774967172433072,316,/scratch/project_2013233/enchanted_plugins/data/ascot_DT-D_random_extended/batch_0/ascot_sdcc_workflow_runner-a746ec92-4482-443c-8e1d-fb287f603c42,0
6.77,0.62,0.0,7.39,2622.904115881311,7.2298939290800234e+19,145588.58055101172,908299.6615797824,0.16028694791958112,2579567.118080802,1749621.5976849329,0.00319,0.004777,45.163254,15.20067,True,True,523.8791739709243,4.31482342541278,1.4418901925249465,1.2938739586142851,303,/scratch/project_2013233/enchanted_plugins/data/ascot_DT-D_random_extended/batch_0/ascot_sdcc_workflow_runner-313ed48b-ae4b-4abc-9ae1-1fe5d064bbf8,0
50.36,0.97,0.0,51.34,24853.993068550895,9.512433132299274e+19,226715.93129872443,1159789.3243975919,0.19548027088150974,5451438.423147549,4973828.033014191,0.0002,0.0002,41.692346,14.369911,True,True,705.644489411546,7.284508680332441,1.3760676674260337,1.4000314107229985,200,/scratch/project_2013233/enchanted_plugins/data/ascot_DT-D_random_extended/batch_0/ascot_sdcc_workflow_runner-fa845ae4-2d81-4ab6-8f21-40e01e749ade,0
9.96,0.9,0.0,10.86,31285.60702370518,1.0458956542782438e+20,198600.64164703744,1606229.6442068676,0.12364398973915308,3949615.673578459,4729641.108474146,0.005569,0.006359,40.579477,13.074779,True,True,714.0165465416366,5.183999766025959,1.2695519002939695,1.1514815442040849,301,/scratch/project_2013233/enchanted_plugins/data/ascot_DT-D_random_extended/batch_0/ascot_sdcc_workflow_runner-ddf50a45-b897-418a-a82a-dc2bac58499b,0
5.77,0.82,0.0,6.58,574.2965684748027,3.869230921231643e+19,60903.56657494539,319993.1451203217,0.1903277226518238,2919359.249714354,2191301.0596131114,0.0,0.0,37.498662,12.979779,True,True,502.1743826323674,8.326472867640701,1.4016755881391976,1.3320427380463375,312,/scratch/project_2013233/enchanted_plugins/data/ascot_DT-D_random_extended/batch_0/ascot_sdcc_workflow_runner-cecac5f5-98bb-4998-a01f-90441b2d7f74,0
6.08,0.86,0.0,6.94,12357.582932318235,5.153860952688025e+19,85780.03453056213,481970.33443900046,0.17797783058662234,4428908.41283535,4515722.775641273,0.0002,0.0,33.285554,11.784914,True,True,627.928933983861,10.060177168148952,1.419560461776577,1.2399513789285943,308,/scratch/project_2013233/enchanted_plugins/data/ascot_DT-D_random_extended/batch_0/ascot_sdcc_workflow_runner-c7de8721-200f-47cb-b276-aeaa3e7050bd,0
7.08,0.74,0.0,7.82,1906.10516721214,5.270016304763466e+19,70744.16265690747,551459.289024438,0.12828537675384488,2877086.8577115536,2455597.3181449072,0.0004,0.0004,38.287026,11.934746,True,True,517.3111726363709,6.082911098557858,1.209338212414482,1.1591147623322837,310,/scratch/project_2013233/enchanted_plugins/data/ascot_DT-D_random_extended/batch_0/ascot_sdcc_workflow_runner-c851d240-8f4a-46f4-9543-9e700635b0da,0
5.89,0.68,0.0,6.56,95299.0039133312,1.0385007336131238e+20,265846.28515794507,1999477.2647945615,0.13295789346485004,3009597.670565388,5539887.792924365,0.023438,0.021526,48.828847,15.429333,True,True,971.8668443899511,4.788851844896781,1.1126935992974083,1.2648983525945017,289,/scratch/project_2013233/enchanted_plugins/data/ascot_DT-D_random_extended/batch_0/ascot_sdcc_workflow_runner-e8b28e89-3e33-43a9-9bb4-12eb6d28f0f1,0
6.74,0.75,0.0,7.49,288943.8538455197,1.1715077882961799e+20,186320.4163341397,1403683.843368399,0.13273673926959892,8866131.915740773,11893896.68692045,0.0006,0.0,28.80673,10.749899,True,True,933.4505113724845,9.480875948028531,1.4910514594168167,1.0631756677386477,321,/scratch/project_2013233/enchanted_plugins/data/ascot_DT-D_random_extended/batch_0/ascot_sdcc_workflow_runner-2b422c5a-639b-49b8-b85b-b285ce125adf,0
11.08,0.7,0.0,11.78,7924.568665066324,4.768407408899229e+19,8749.057014766951,520630.2347519603,0.01680474246551431,2424773.789192824,3016686.3530677212,0.000999,0.000799,26.321662,7.398401,True,True,508.83177485689174,5.2429299894450185,1.2751363505030928,0.8499046939216117,309,/scratch/project_2013233/enchanted_plugins/data/ascot_DT-D_random_extended/batch_0/ascot_sdcc_workflow_runner-3125a072-7100-4e76-a359-21f276d421b5,0
5.84,0.62,0.0,6.45,4034.676170400316,7.372682817598291e+19,105465.42958071298,1050760.4942268948,0.10037056984932612,2625842.6809774227,2691369.639900666,0.005569,0.005569,44.070061,12.876313,True,True,569.2176834271932,4.523341458878491,1.0858592976362005,1.125146121313771,326,/scratch/project_2013233/enchanted_plugins/data/ascot_DT-D_random_extended/batch_0/ascot_sdcc_workflow_runner-60fc94d1-c429-4060-9e7c-90ad68c40633,0
4.49,0.56,0.0,5.04,123871.0996026898,1.0183435800342082e+20,57121.2256272812,1528869.7470819086,0.03736173453383204,5167942.57976338,10292072.13080309,0.002394,0.001398,29.172376,8.418103,True,True,858.243463186918,6.710234118098094,1.051699559844141,0.8301341603572787,330,/scratch/project_2013233/enchanted_plugins/data/ascot_DT-D_random_extended/batch_0/ascot_sdcc_workflow_runner-2c00fa9b-7405-47e2-8498-069df3f6ed61,0
6.7,0.71,0.0,7.41,6993.639494225073,2.4293384569542214e+19,28853.984848605214,210883.6384368624,0.13682419870256537,2565400.207862081,3774334.5436892873,0.0,0.0,33.692939,10.397468,True,True,563.3832365317588,11.560032226778468,1.0018873763199418,1.1759782651752757,325,/scratch/project_2013233/enchanted_plugins/data/ascot_DT-D_random_extended/batch_0/ascot_sdcc_workflow_runner-1f9ecd4e-25c2-49f8-b94f-4bfe630ca5b1,0
5.54,0.28,0.0,5.83,18294.149174841183,3.428152161021774e+18,-502.22046519913204,30610.24216537813,-0.016406941914597822,491369.2699565111,4691867.104671048,0.0,0.0,8.592881,1.72493,True,True,510.340489059671,11.443982721192768,1.1796338521786072,0.8965499171761853,327,/scratch/project_2013233/enchanted_plugins/data/ascot_DT-D_random_extended/batch_0/ascot_sdcc_workflow_runner-d4cdee9d-7103-45b7-983d-9c3479437dc4,0
5.59,0.62,0.0,6.21,4781.326955290787,6.81954436086172e+19,47060.18921410417,834354.2888124265,0.05640312496156402,2693678.4304023343,2673406.5524423276,0.003587,0.003984,32.992681,10.320612,True,True,532.7861190952971,4.506598198566356,1.3310059682031734,0.9062670454276025,331,/scratch/project_2013233/enchanted_plugins/data/ascot_DT-D_random_extended/batch_0/ascot_sdcc_workflow_runner-605b512e-a139-445d-8c19-905101e613ae,0
6.37,0.84,0.0,7.21,1138.614084123901,5.28237252241564e+19,108016.80230751986,486041.385818651,0.2222378699821716,4981614.939666782,4630000.020700856,0.0,0.0,37.335098,13.422341,True,True,653.2558898303918,11.395366913516188,1.4529626046819089,1.4303356319070728,317,/scratch/project_2013233/enchanted_plugins/data/ascot_DT-D_random_extended/batch_0/ascot_sdcc_workflow_runner-fc1a35b0-594c-4b95-83d0-1bbbd437e5aa,0
38.84,0.59,0.0,39.43,113863.8076619523,1.014718237480144e+20,191307.5238857674,1467893.5256131624,0.1303279294769389,5866893.691352303,8647247.296507685,0.0004,0.0006,39.392096,12.198149,True,True,862.0702228816448,7.956731599455278,1.0415438503282748,1.1998644411594985,227,/scratch/project_2013233/enchanted_plugins/data/ascot_DT-D_random_extended/batch_0/ascot_sdcc_workflow_runner-34da58af-faaa-4ab7-8e43-cb6d3a6a10b9,0
5.12,0.67,0.0,5.79,392520.213494473,1.0396927533619692e+20,72094.28667800812,1357867.572577069,0.05309375386377469,7524462.7542012185,14538600.284841435,0.0004,0.000999,24.338299,7.771589,True,True,966.3454199047862,8.756516359836198,1.231743052868032,0.8321863983622646,338,/scratch/project_2013233/enchanted_plugins/data/ascot_DT-D_random_extended/batch_0/ascot_sdcc_workflow_runner-338928ba-86be-451d-ae69-bac6d88c439e,0
5.49,0.72,0.0,6.21,15583.90273006433,5.688072755422306e+19,105094.03579167054,636699.4648068632,0.16506066299827946,4621870.672050494,5676956.297118452,0.0,0.0,40.202485,12.568853,True,True,688.5387313304253,9.965850342153107,1.0216713785722846,1.3321646346570892,333,/scratch/project_2013233/enchanted_plugins/data/ascot_DT-D_random_extended/batch_0/ascot_sdcc_workflow_runner-44ddfc16-9845-4036-965e-049177f43f4a,0
5.54,0.67,0.0,6.21,134262.7146701128,9.381214748545343e+19,160765.36656490408,1209675.828525595,0.13289954446791902,6829704.30994869,10042850.780472191,0.0002,0.0002,35.843033,11.374249,True,True,879.9333051298522,9.529200017204943,1.0933175379350204,1.1708268573620877,323,/scratch/project_2013233/enchanted_plugins/data/ascot_DT-D_random_extended/batch_0/ascot_sdcc_workflow_runner-d6bd9992-6acf-4e48-a5b5-e80c6f1240b8,0
5.15,0.75,0.0,5.9,47440.79898013462,7.809028402931324e+19,249787.52764625597,1610600.6385554487,0.1550896737941759,1605130.6408701078,3156205.651746484,0.062969,0.068381,58.065548,18.363642,True,True,982.9762300019285,3.6010309304687436,1.0926654438986214,1.4295315144423966,335,/scratch/project_2013233/enchanted_plugins/data/ascot_DT-D_random_extended/batch_0/ascot_sdcc_workflow_runner-ce34ce80-a134-44e4-920e-3454553a4535,0
6.65,0.75,0.0,7.4,13604.942047496672,8.902791777358889e+19,138741.11521073905,1220869.7377070666,0.11364121079068663,4154844.5734848008,4902514.546453054,0.002593,0.0006,37.923846,11.840518,True,True,675.2481829799079,5.9651540858701715,1.1837161944127166,1.1119310945196699,216,/scratch/project_2013233/enchanted_plugins/data/ascot_DT-D_random_extended/batch_0/ascot_sdcc_workflow_runner-5c507277-d713-45a0-9809-46d14a4ab99d,0
6.0,0.74,0.0,6.74,218602.67982299314,1.146857521443948e+20,224780.53107321393,1619570.282067526,0.13879022945905228,7500607.475064631,11384067.235483292,0.0006,0.000799,38.171531,12.249222,True,True,989.4345195251569,9.062898887461904,1.0973311405083797,1.2106447759121932,341,/scratch/project_2013233/enchanted_plugins/data/ascot_DT-D_random_extended/batch_0/ascot_sdcc_workflow_runner-fc2bc794-9010-4ad2-9337-c2d8b4273c3e,0
7.07,0.8,0.0,7.87,41709.59190374513,8.70771499208657e+19,136440.73699509326,1142424.9773130673,0.11943080701543816,4797565.689872368,6129693.114247076,0.000799,0.0006,36.644941,11.467451,True,True,717.4106026296137,7.000578863870946,1.1552248852743396,1.1247617826063423,340,/scratch/project_2013233/enchanted_plugins/data/ascot_DT-D_random_extended/batch_0/ascot_sdcc_workflow_runner-61b60116-17f6-4e59-ba17-15173e7bf5e2,0
7.96,0.68,0.0,8.64,6755.941672602979,4.187413450111021e+19,34917.36324646702,442731.478471787,0.0788680384033098,2807860.250413454,3612505.375844784,0.0,0.0,31.677953,9.227355,True,True,553.530354230629,7.419598531582857,1.0104285515850495,0.9858027721755029,336,/scratch/project_2013233/enchanted_plugins/data/ascot_DT-D_random_extended/batch_0/ascot_sdcc_workflow_runner-2699708b-52d0-4090-88e6-8ee2edfac65d,0
10.63,0.56,0.0,11.19,83153.43466134364,1.2125485722933042e+20,344616.84325179626,2134526.5572246085,0.16144884311014618,4343070.903031564,6469610.601454316,0.008133,0.00833,45.155687,15.227361,True,True,945.1906510530996,5.667546357399371,1.2831623270034456,1.3201089427597372,329,/scratch/project_2013233/enchanted_plugins/data/ascot_DT-D_random_extended/batch_0/ascot_sdcc_workflow_runner-8a3ec582-9811-4ec7-9957-c9a1134c9a44,0
6.56,0.7,0.0,7.27,24564.70557067254,3.5386184087150318e+19,44005.352301018036,325731.10425014683,0.1350971759430868,3544646.486667096,5092504.150426282,0.0002,0.0,29.453137,9.695172,True,True,626.2727017539264,11.356018402984105,1.2187861779866636,1.1039210478468373,344,/scratch/project_2013233/enchanted_plugins/data/ascot_DT-D_random_extended/batch_0/ascot_sdcc_workflow_runner-bb9ebdcb-8987-4495-a96c-e353887c2ac3,0
5.94,0.73,0.0,6.68,44868.78541325381,1.1772087380818443e+20,274548.70235302293,1873002.18575832,0.1465821580138022,4513317.802576361,5702675.142374819,0.004381,0.005569,41.211522,13.946068,True,True,796.6841558034178,5.528917783875849,1.3435565554557487,1.2222973018565835,348,/scratch/project_2013233/enchanted_plugins/data/ascot_DT-D_random_extended/batch_0/ascot_sdcc_workflow_runner-a04d8c55-f460-4ee4-b244-e0bca7f1e353,0
5.26,0.77,0.0,6.03,51225.01599294052,4.710031127643865e+19,52852.05790429508,462510.69754836295,0.11427207669887147,4116055.6075646905,5851113.141362214,0.0,0.0002,25.681842,8.965032,True,True,653.326836437239,9.975940240645494,1.3766470771422545,1.0025143558362035,346,/scratch/project_2013233/enchanted_plugins/data/ascot_DT-D_random_extended/batch_0/ascot_sdcc_workflow_runner-acbb7246-eb78-4f4a-8e7c-f24664218622,0
45.68,0.29,0.0,45.97,63340.56136919246,5.164671143262246e+18,-1004.1098066525952,53679.75770769911,-0.018705557728487643,672327.455606677,7314167.076980507,0.0,0.0,8.249705,1.626572,True,True,610.1433116122888,11.007406533569384,1.0526681376047473,0.8076177539619812,241,/scratch/project_2013233/enchanted_plugins/data/ascot_DT-D_random_extended/batch_0/ascot_sdcc_workflow_runner-47e17d3a-d42c-4410-b58f-a1c6d4831073,0
11.32,0.74,0.0,12.06,32279.935405858985,4.535005946648169e+19,58513.18466243031,434474.2633958372,0.13467583604398817,4087139.865039545,5432549.543939412,0.0,0.0002,28.266049,9.769282,True,True,647.5231137129142,10.373342954051155,1.3457122106224761,1.0779137772587655,337,/scratch/project_2013233/enchanted_plugins/data/ascot_DT-D_random_extended/batch_0/ascot_sdcc_workflow_runner-bf21538a-ecad-4a9c-a219-0e7da64e3fc9,0
11.13,0.8,0.0,11.93,0.0,3.6515271512412013e+19,51162.911112777074,295455.39026808843,0.17316628092773395,2966864.0589844985,2498016.288998593,0.0,0.0,33.740255,11.821139,True,True,512.1040964930456,8.959394627782103,1.425623983503851,1.232153811759964,334,/scratch/project_2013233/enchanted_plugins/data/ascot_DT-D_random_extended/batch_0/ascot_sdcc_workflow_runner-1e095182-ddad-4f91-a430-d71001206976,0
5.57,0.34,0.0,5.92,252715.83014494093,1.141528922031807e+19,-1184.6459522962482,133623.29539047275,-0.008865564562185709,1459903.6840121818,14968538.344362682,0.0,0.0,7.242515,1.606207,True,True,804.4374369619061,11.216150541791944,1.298056158115208,0.8196864922535942,354,/scratch/project_2013233/enchanted_plugins/data/ascot_DT-D_random_extended/batch_0/ascot_sdcc_workflow_runner-61af8b18-e415-4b9d-a86a-0169b26e7085,0
6.55,0.85,0.0,7.4,81218.57656890496,1.3073893283295822e+20,383772.12592422735,2210630.14812099,0.17360304538071608,5053189.598811516,6943910.350578061,0.005569,0.004381,41.876019,15.359202,True,True,949.5667096145746,6.064038009936006,1.4810507019615553,1.3102584957895733,345,/scratch/project_2013233/enchanted_plugins/data/ascot_DT-D_random_extended/batch_0/ascot_sdcc_workflow_runner-ada6c048-dd12-41ab-965c-b2f23e26dfb9,0
7.39,0.73,0.0,8.13,110846.22870791324,4.898214693142257e+19,45794.83467145259,507754.7063198975,0.09019086204707823,4465495.87202466,7748758.809448314,0.0,0.0,21.993331,7.779137,True,True,713.9189189543754,10.463493478258872,1.4463897602676508,0.9088850985688158,349,/scratch/project_2013233/enchanted_plugins/data/ascot_DT-D_random_extended/batch_0/ascot_sdcc_workflow_runner-3c22838a-895c-425b-99b5-61c4a0bc0212,0
6.14,0.75,0.0,6.89,122296.94429476958,1.2752284123834935e+20,318323.7510621341,1877488.5232470701,0.16954764150121196,6659151.507278491,8435848.543948289,0.001199,0.000799,40.472963,13.889402,True,True,917.1144685878141,7.412068193711263,1.311290468178956,1.3027048926495621,356,/scratch/project_2013233/enchanted_plugins/data/ascot_DT-D_random_extended/batch_0/ascot_sdcc_workflow_runner-7ff75c19-51c0-49ab-b8c3-445c550085ae,0
6.59,0.72,0.0,7.31,297003.96362590813,7.385543663091489e+19,61665.79010198903,859985.3899295025,0.0717056252630572,6336953.843737091,12177643.888760123,0.0,0.0,21.468721,7.464218,True,True,863.1984498574274,9.980673173097,1.4283518317061337,0.8476013770109685,357,/scratch/project_2013233/enchanted_plugins/data/ascot_DT-D_random_extended/batch_0/ascot_sdcc_workflow_runner-93b4ec32-9637-454a-a187-849949faba5c,0
5.26,0.88,0.0,6.13,92609.89214216742,6.57599063777242e+19,92174.92604799976,685643.1232332987,0.13443571870644444,5662527.57853794,7821651.706505386,0.0,0.0,27.218234,9.866686,True,True,747.9861652148592,10.308046922216768,1.463062203287511,1.056481621628355,355,/scratch/project_2013233/enchanted_plugins/data/ascot_DT-D_random_extended/batch_0/ascot_sdcc_workflow_runner-6705a4de-0afc-4fba-8bed-08c229eb70e0,0
5.2,0.68,0.0,5.88,80816.87918010866,1.0938054263046136e+20,289116.9103394363,2167851.2819126216,0.13336565693028457,2884382.0018221936,5110342.672578926,0.029503,0.022101,44.647191,15.372751,True,True,961.5594286271146,4.5156085334354445,1.3426730229649382,1.1991260221017321,361,/scratch/project_2013233/enchanted_plugins/data/ascot_DT-D_random_extended/batch_0/ascot_sdcc_workflow_runner-8e6a2177-43ce-4bc1-b23f-08772e921263,0
25.81,0.8,0.0,26.61,105139.8116857075,8.16927239607013e+19,113815.40097633027,910720.3968333893,0.12497293502162783,6412729.049570078,8595061.656581065,0.0,0.0,27.163903,9.964267,True,True,781.4810514962317,9.417450388968215,1.4782639491812115,1.0323327104058266,306,/scratch/project_2013233/enchanted_plugins/data/ascot_DT-D_random_extended/batch_0/ascot_sdcc_workflow_runner-62be8af9-f2d9-481f-a442-cba5f675274b,0
5.8,0.58,0.0,6.38,36183.925057955465,1.1503067230291206e+20,197787.32227578905,1692156.9692880085,0.11688473697508688,4587721.458336124,5652747.708465034,0.005173,0.002991,34.756207,12.589626,True,True,743.4602515855833,5.436884166278609,1.4960057816478447,1.072050842563307,360,/scratch/project_2013233/enchanted_plugins/data/ascot_DT-D_random_extended/batch_0/ascot_sdcc_workflow_runner-8f3d198d-c009-4da3-95dc-2c55d7a8f558,0
8.84,0.78,0.0,9.62,119345.14934792124,1.1485610895982779e+20,332587.5566449547,1784458.4685087765,0.18638010495301083,5960491.557286497,8203553.815662426,0.001597,0.001797,47.20861,15.322884,True,True,960.3429320448664,7.64166907718152,1.1109121858058661,1.477878152007368,263,/scratch/project_2013233/enchanted_plugins/data/ascot_DT-D_random_extended/batch_0/ascot_sdcc_workflow_runner-3d0fbdeb-0f53-4cbb-a4f7-f3c25701d04d,0
27.59,0.8,0.0,28.39,4125.280314261963,8.951802166594624e+19,230685.96243505535,1412469.4460654685,0.16332102834340742,2888173.7619937095,2774843.1535640247,0.008133,0.00774,51.089861,15.677892,True,True,627.8700991067304,4.413155037676623,1.1602291917681011,1.3916740810536572,295,/scratch/project_2013233/enchanted_plugins/data/ascot_DT-D_random_extended/batch_0/ascot_sdcc_workflow_runner-8195cc59-c95d-400c-907d-6f1069bfa6e0,0
4.76,0.77,0.0,5.53,351217.5017248387,7.0865103916746195e+19,43015.7657184845,872030.438213651,0.04932828469451369,6165314.580702291,13997326.942412129,0.0,0.0002,21.673577,6.791774,True,True,911.9711445417136,10.140771097110864,1.2185784811095004,0.8057000320067735,364,/scratch/project_2013233/enchanted_plugins/data/ascot_DT-D_random_extended/batch_0/ascot_sdcc_workflow_runner-9d5424e9-f7cc-42b1-8b95-24a28042bcfd,0
4.93,0.63,0.0,5.56,78112.61595394259,4.435307344942556e+19,6873.018093652355,512416.9449970974,0.013412940693620675,3543017.180890472,8485374.060411343,0.0002,0.0,18.341184,5.306615,True,True,698.6965365056632,8.440529098484902,1.3418123398733701,0.8251523310468012,363,/scratch/project_2013233/enchanted_plugins/data/ascot_DT-D_random_extended/batch_0/ascot_sdcc_workflow_runner-f486251a-7ed6-48ce-904d-b58465bb785b,0
6.55,0.79,0.0,7.33,42441.33803992078,8.09890629052004e+19,161404.8430989219,934803.3513094931,0.17266181477935702,6094166.025120043,6897156.792211035,0.0,0.0002,37.301747,12.505462,True,True,754.4901181932466,9.358495908335987,1.249629005106772,1.2886936113794822,358,/scratch/project_2013233/enchanted_plugins/data/ascot_DT-D_random_extended/batch_0/ascot_sdcc_workflow_runner-3b6ce891-d7e0-4e57-89e6-29039adb3a97,0
5.11,0.82,0.0,5.93,280110.8748900087,8.5412667367421e+19,149336.69031238393,949676.4563045453,0.15725007113843217,8039566.7513806345,11099641.760189015,0.0,0.0,29.312616,10.684907,True,True,894.9463819935107,11.726455463077068,1.4392337191722318,1.1284895559613408,351,/scratch/project_2013233/enchanted_plugins/data/ascot_DT-D_random_extended/batch_0/ascot_sdcc_workflow_runner-254bca02-b3ad-40d8-bfb5-abddd6c3f87a,0
6.47,0.72,0.0,7.2,2751.978371176899,3.261467979998357e+19,39592.6710927541,290490.0832265368,0.13629611948535267,2792068.974573623,3184981.916918838,0.0,0.0,33.039275,10.519025,True,True,537.93580567756,9.341516836643201,1.1773446037672275,1.1467620243036745,261,/scratch/project_2013233/enchanted_plugins/data/ascot_DT-D_random_extended/batch_0/ascot_sdcc_workflow_runner-5e049ae9-07ce-42d4-8109-f86a9f721986,0
17.86,0.8,0.0,18.67,245907.96478066078,9.651915830634629e+19,125910.92453107733,1166841.491270486,0.10790747969887698,7445934.868973375,11445806.136751918,0.0002,0.0,28.004505,9.641332,True,True,892.5161090762056,9.501664129671667,1.3040781543502726,1.0099222429792356,339,/scratch/project_2013233/enchanted_plugins/data/ascot_DT-D_random_extended/batch_0/ascot_sdcc_workflow_runner-d50f7aa7-0f8f-496a-9697-c5469872e1de,0
6.67,0.56,0.0,7.23,36748.900017156266,1.1265765347514352e+20,181371.08819109734,2102004.435283068,0.08628482659061223,3058987.0242590513,5329580.438250528,0.019223,0.022101,41.483678,13.15986,True,True,844.2350343702353,4.293303114627573,1.2004016380542217,1.039320416481262,353,/scratch/project_2013233/enchanted_plugins/data/ascot_DT-D_random_extended/batch_0/ascot_sdcc_workflow_runner-6207ed18-291a-4682-a828-7d741f98c51d,0
16.88,0.74,0.0,17.62,2582.8427162930006,4.15900799943949e+19,66720.02638799592,400598.4150125889,0.16655089957332764,3471467.783228886,3795099.2705660784,0.0,0.0002,38.855036,12.268728,True,True,586.5123739663057,9.573793666512655,1.1025360070833339,1.309543176108477,328,/scratch/project_2013233/enchanted_plugins/data/ascot_DT-D_random_extended/batch_0/ascot_sdcc_workflow_runner-1e28d739-3146-472e-95f9-cb580127ce31,0
16.24,0.88,0.0,17.12,48933.30928894313,9.849904003779109e+19,164405.45748051698,1565560.1540302543,0.10501382336365969,3884028.5414490383,5582993.50459697,0.003984,0.005964,41.793276,12.473166,True,True,744.4578065685173,5.528485217037136,1.0075414784916972,1.1267943072056905,343,/scratch/project_2013233/enchanted_plugins/data/ascot_DT-D_random_extended/batch_0/ascot_sdcc_workflow_runner-33fe9711-2d33-427a-9f84-b5ab49b47dec,0
7.47,0.72,0.0,8.18,28087.23490408976,7.975710305943903e+19,25086.50328208184,1109983.478423202,0.022600789804293954,3790221.1410524854,6504340.669549229,0.001996,0.002195,27.9788,7.855615,True,True,683.887590689934,5.759033220116184,1.133346981134007,0.8017553932917098,370,/scratch/project_2013233/enchanted_plugins/data/ascot_DT-D_random_extended/batch_0/ascot_sdcc_workflow_runner-adbacebc-8871-43e3-864e-f3d3165fb5c3,0
5.43,0.98,0.0,6.41,229361.59417559663,9.920931676066256e+19,223257.37430211192,1257863.2644149207,0.17748938268418013,8559151.05297231,11386646.65933363,0.0,0.0002,40.604426,13.301914,True,True,991.3570124495569,11.586940520552506,1.0907669958607178,1.3762090689279551,376,/scratch/project_2013233/enchanted_plugins/data/ascot_DT-D_random_extended/batch_0/ascot_sdcc_workflow_runner-32aaf904-9331-4266-8491-13afdc77116b,0
7.81,0.68,0.0,8.49,9329.984009889997,3.0993531075482903e+19,9750.58845872128,292559.52033010067,0.03332856318508965,2196378.0241285437,3136413.931735516,0.0002,0.0,22.01502,6.571901,True,True,500.2749638603433,7.057391950500836,1.3872786091975058,0.8955545390932083,372,/scratch/project_2013233/enchanted_plugins/data/ascot_DT-D_random_extended/batch_0/ascot_sdcc_workflow_runner-25cc01a8-6706-455d-b959-b09b7f72711e,0
7.88,1.03,0.0,8.91,112294.70608160344,1.1329486082544833e+20,273133.2288811604,1678345.3409075236,0.16273958774984315,6451608.145978898,8988659.3390791,0.000799,0.001398,43.256728,13.836164,True,True,937.2442877383036,8.135032641922578,1.0887375221286144,1.3456563145851228,366,/scratch/project_2013233/enchanted_plugins/data/ascot_DT-D_random_extended/batch_0/ascot_sdcc_workflow_runner-d784ac6f-0e2d-451c-9c76-a0be432dd6e8,0
6.92,0.75,0.0,7.67,25701.774963277567,1.090750993451308e+20,165098.17137266655,1744388.6459644889,0.09464529120537941,3680559.39724489,4800372.71537811,0.009509,0.010293,36.558477,12.347642,True,True,715.1757413835139,4.698171248001411,1.3756750389489043,1.026869467503773,375,/scratch/project_2013233/enchanted_plugins/data/ascot_DT-D_random_extended/batch_0/ascot_sdcc_workflow_runner-6e461444-d837-4222-9cda-9c646a9ac994,0
6.47,0.28,0.0,6.75,264579.41860724264,8.90026821733883e+18,-438.4203915661693,102207.70115477279,-0.004289504475815093,1233832.0485734458,14874120.331332399,0.0,0.0,6.53001,1.416708,True,True,800.3962727964573,11.83302409063689,1.2846246220104927,0.8230587215493932,318,/scratch/project_2013233/enchanted_plugins/data/ascot_DT-D_random_extended/batch_0/ascot_sdcc_workflow_runner-640ec3a4-aaf8-4170-a6af-68f8f47d4f12,0
15.14,0.87,0.0,16.02,42176.2367313986,1.0826770878758347e+20,327037.03790587455,1780764.0081864821,0.1836498471456231,4498885.605890586,5724789.963608653,0.002792,0.002593,50.355293,15.837751,True,True,835.87548872655,6.141169157963905,1.0856298779011393,1.499050490625824,359,/scratch/project_2013233/enchanted_plugins/data/ascot_DT-D_random_extended/batch_0/ascot_sdcc_workflow_runner-96ba68a4-13d7-4186-9765-0bbac26326f8,0
6.54,0.35,0.0,6.89,214386.0959566848,1.2165410677812423e+19,-2945.024033447796,147771.6231921095,-0.019929564078883653,1418901.0165506112,13461588.259263545,0.0,0.0,9.019614,1.880917,True,True,782.3665947514,10.82352577274198,1.0814107106253321,0.8902324912098021,369,/scratch/project_2013233/enchanted_plugins/data/ascot_DT-D_random_extended/batch_0/ascot_sdcc_workflow_runner-06c470e5-3599-4765-97ed-59b44ba28d46,0
10.07,0.76,0.0,10.82,63608.09555709583,1.084521093590054e+20,202935.19778589893,1662184.8401178252,0.12208942885769174,4962828.92473149,6938403.608314884,0.00319,0.001996,39.53488,12.413262,True,True,806.54657464179,6.365033340130091,1.1490638523909877,1.1554817639175385,371,/scratch/project_2013233/enchanted_plugins/data/ascot_DT-D_random_extended/batch_0/ascot_sdcc_workflow_runner-882fc4f1-ddde-4ef8-b0ca-d1dd47a99e87,0
5.77,0.87,0.0,6.63,552692.2568097278,8.74050771786915e+19,103317.48636759422,1020794.7009391623,0.10121279653248491,8012266.978766649,13983459.799370026,0.0002,0.0002,23.911881,8.575236,True,True,952.7753683378548,11.05047160187328,1.4172114646895086,0.9422398493595967,380,/scratch/project_2013233/enchanted_plugins/data/ascot_DT-D_random_extended/batch_0/ascot_sdcc_workflow_runner-3cc6f2e1-8293-4cb0-89d8-16d4f85f3375,0
5.69,0.79,0.0,6.48,641.9594161586836,6.984753613185761e+19,165871.74859935138,928705.4113250319,0.17860534306857717,2345282.342452141,1617942.562278304,0.004381,0.003388,51.973036,16.202227,True,True,520.9966503400652,4.123277009132191,1.2495178634000386,1.4461051938426839,377,/scratch/project_2013233/enchanted_plugins/data/ascot_DT-D_random_extended/batch_0/ascot_sdcc_workflow_runner-130041f0-66bd-4700-9e11-5a6647d85eda,0
6.59,0.83,0.0,7.42,19477.641954188166,7.775800063628919e+19,119158.32391193016,1030438.7944208486,0.11563842952836642,3947507.910597037,4718423.462200821,0.000999,0.001797,39.178653,11.796705,True,True,654.8833945962078,6.419441668259593,1.0847867012622967,1.143063836288268,379,/scratch/project_2013233/enchanted_plugins/data/ascot_DT-D_random_extended/batch_0/ascot_sdcc_workflow_runner-d25f7b2a-f0e2-49c3-8264-795a795adc74,0
5.67,0.56,0.0,6.24,8002.184881496658,9.722709144263567e+19,232476.44237086564,1347114.9827940152,0.17257357043768637,4076796.4135008142,3619920.869580404,0.003388,0.000999,42.851259,14.66152,True,True,654.2986433295091,5.456992567213975,1.4211458591347652,1.3196460990680028,383,/scratch/project_2013233/enchanted_plugins/data/ascot_DT-D_random_extended/batch_0/ascot_sdcc_workflow_runner-c5cc15c1-2538-43a4-928f-993f387e11d8,0
34.11,0.75,0.0,34.85,50745.8261217723,9.305380348467338e+19,187442.68260549448,1304529.4963015143,0.14368604400047316,5038259.908608122,6446064.165045741,0.0004,0.000999,41.989928,12.909672,True,True,765.3182954652677,7.293647252358399,1.0592084285986465,1.2641119096433018,287,/scratch/project_2013233/enchanted_plugins/data/ascot_DT-D_random_extended/batch_0/ascot_sdcc_workflow_runner-15c2dd18-0bc5-4771-83da-873891c4bdcf,0
10.61,0.63,0.0,11.24,46236.98942119479,1.0071036041864007e+20,209930.977818716,1367382.3523744217,0.15352763435492395,5498379.578965237,6685898.2352997605,0.000999,0.0004,40.750305,13.059843,True,True,780.9405472190472,7.278592376396875,1.1713025826083745,1.2696326152391526,368,/scratch/project_2013233/enchanted_plugins/data/ascot_DT-D_random_extended/batch_0/ascot_sdcc_workflow_runner-5304c886-6143-4471-bef7-40fbf7a5e076,0
13.75,0.67,0.0,14.42,3742.670250797169,5.671861413612543e+19,19341.346993405325,668798.4335069959,0.028919545896638237,2438706.7794786077,2740818.34733746,0.002593,0.002394,30.926105,8.787764,True,True,513.520430158936,4.708505412873976,1.2182879736222385,0.8815024781535722,367,/scratch/project_2013233/enchanted_plugins/data/ascot_DT-D_random_extended/batch_0/ascot_sdcc_workflow_runner-265fe4ef-07f0-4440-904a-f53d2dab5650,0
5.46,0.79,0.0,6.24,64427.81821827312,8.546768531508852e+19,53292.66705638483,1143956.397473674,0.04658627476893083,4522284.887846279,7310156.861927004,0.000999,0.000999,28.182977,8.442505,True,True,722.471450468278,6.4026685928960125,1.1847801618402019,0.8446967730928465,362,/scratch/project_2013233/enchanted_plugins/data/ascot_DT-D_random_extended/batch_0/ascot_sdcc_workflow_runner-a31bcf03-7877-4f56-85e9-bb99e3c14e61,0
16.08,0.76,0.0,16.85,90471.33756892075,9.864888911084084e+19,175757.58348563398,1398904.132488115,0.12563947693329672,5758708.973812812,8440061.456634214,0.001398,0.0004,38.712805,11.928374,True,True,843.0385432122571,7.9402729652346125,1.0203721369910086,1.1788745411248474,347,/scratch/project_2013233/enchanted_plugins/data/ascot_DT-D_random_extended/batch_0/ascot_sdcc_workflow_runner-56703cbc-39e1-4712-854d-e6b079cf74a4,0
12.91,0.91,0.0,13.82,23912.35286134879,7.563417080003002e+19,96174.22521554003,838564.4369083723,0.11468912940085572,4716362.56108899,5219505.909006757,0.0006,0.0002,30.063644,10.513912,True,True,653.4345224960429,7.245901814240103,1.4097786153049146,1.0371496185057598,374,/scratch/project_2013233/enchanted_plugins/data/ascot_DT-D_random_extended/batch_0/ascot_sdcc_workflow_runner-f238991f-1a15-43aa-996e-452b91488f38,0
34.78,0.72,0.0,35.5,31815.037846187442,6.66820061571833e+19,99860.98387319647,769872.0273600776,0.1297111472092626,4435373.849134961,5272101.789536616,0.0002,0.0,35.751681,11.20651,True,True,662.2872729965693,7.972568726774096,1.1458531731270643,1.1518997020525354,315,/scratch/project_2013233/enchanted_plugins/data/ascot_DT-D_random_extended/batch_0/ascot_sdcc_workflow_runner-df09fa9a-39c5-4be2-9ae9-3d064c3505ff,0
5.77,0.65,0.0,6.43,68997.42647064092,1.1566517983862633e+20,292582.21845008613,1469988.9880902264,0.19903701376035596,6849209.088393006,7014275.921525162,0.0002,0.0002,40.800005,14.520502,True,True,823.1224609243027,7.9073107104553575,1.426491286330002,1.399975958376908,393,/scratch/project_2013233/enchanted_plugins/data/ascot_DT-D_random_extended/batch_0/ascot_sdcc_workflow_runner-e627c96b-90d8-4762-ae0e-3286160f816b,0
4.85,0.95,0.0,5.79,111751.00197710982,9.47749666426215e+19,209670.5860058807,1149881.164074983,0.18234109102443583,7848290.4278596975,9734560.112950033,0.0002,0.0,39.713977,13.181649,True,True,900.4316796273748,10.842498752839946,1.1610986758464144,1.368416566049011,395,/scratch/project_2013233/enchanted_plugins/data/ascot_DT-D_random_extended/batch_0/ascot_sdcc_workflow_runner-3cb20765-ed96-4ef5-a7bf-4b3bd361f661,0
5.88,0.65,0.0,6.53,65367.80551188609,1.0725282153266997e+20,110745.4265596386,1775324.269410084,0.06238039352463637,4132878.0152113372,7388564.050644334,0.005569,0.004777,36.28189,10.699639,True,True,815.2243081426116,5.518721776593992,1.027195572902046,0.9549198425922024,388,/scratch/project_2013233/enchanted_plugins/data/ascot_DT-D_random_extended/batch_0/ascot_sdcc_workflow_runner-bf1f7d7e-8702-4afa-92c3-fa0fa27761c3,0
5.44,0.81,0.0,6.25,92340.41542127721,9.428659064202461e+19,211999.04648985754,1038602.4121442835,0.20411953988453327,8534750.532447547,9258970.66490034,0.0,0.0,35.341484,12.951528,True,True,866.6716170385608,11.521630304519977,1.4919687151100318,1.3329972904086698,373,/scratch/project_2013233/enchanted_plugins/data/ascot_DT-D_random_extended/batch_0/ascot_sdcc_workflow_runner-ed8ad845-a2a0-4d38-9d9b-3a256a965b2b,0
9.29,0.43,0.0,9.72,23435.305819181347,1.1116878027017691e+19,-2005.6878552596845,109265.99563512599,-0.018356011342790635,1155497.3299560589,5290469.757055383,0.0,0.0,11.550153,2.621813,True,True,541.3035002282913,9.134638395705144,1.373384426749807,0.9190264541773933,384,/scratch/project_2013233/enchanted_plugins/data/ascot_DT-D_random_extended/batch_0/ascot_sdcc_workflow_runner-3dc048ff-e1ec-4495-9376-e23ef518601d,0
6.86,0.69,0.0,7.55,69900.5157145646,1.2614865453949765e+20,354314.4074866672,1765413.215937686,0.20069772010768355,6519437.942250798,6819825.4093132885,0.000999,0.000799,41.573103,15.153242,True,True,847.7502954927652,7.208753941349769,1.4893712080573747,1.4062608661684184,365,/scratch/project_2013233/enchanted_plugins/data/ascot_DT-D_random_extended/batch_0/ascot_sdcc_workflow_runner-babb61cd-37f3-44b4-9f16-b328a23e812d,0
5.02,0.8,0.0,5.83,76228.4817192861,9.176141882636612e+19,197610.2275335124,1038866.5228655271,0.19021714838633938,7198619.0759253595,7658966.272791259,0.0,0.0,36.562801,12.974385,True,True,802.7899485589013,9.875902251548832,1.3896163322022594,1.3199107627508901,397,/scratch/project_2013233/enchanted_plugins/data/ascot_DT-D_random_extended/batch_0/ascot_sdcc_workflow_runner-de2941a3-2b10-415f-9693-5c69326a8398,0
5.88,0.89,0.0,6.77,16658.044869138947,9.494447254682175e+19,208122.67857800535,1390153.7201431103,0.1497119890860559,3855256.501705865,4030285.528179506,0.003786,0.002593,43.963604,13.948966,True,True,668.8616832785265,5.392917988119105,1.2270028339534536,1.2728368904169052,396,/scratch/project_2013233/enchanted_plugins/data/ascot_DT-D_random_extended/batch_0/ascot_sdcc_workflow_runner-34a5b0a7-fbb0-4bac-affb-b055b02c2ac7,0
7.44,0.56,0.0,8.0,31220.965139265347,1.1203917899548351e+20,133807.35992957643,2122233.861577023,0.06305024264863286,2655119.7436893564,4465501.7186932415,0.033443,0.028183,36.679098,12.70944,True,True,773.0375376191196,3.7059547921132316,1.433781035453917,0.921564277138504,391,/scratch/project_2013233/enchanted_plugins/data/ascot_DT-D_random_extended/batch_0/ascot_sdcc_workflow_runner-842d00ca-30d9-4f57-bf41-86bda34689c5,0
6.93,0.54,0.0,7.47,0.0,6.713213112879164e+19,139678.49375701294,921069.132951046,0.1516482191836047,2360365.1330296523,1952572.5133217478,0.005569,0.005569,51.571416,15.165264,True,True,533.6357868676091,4.381395356121881,1.05828277622523,1.3662446332449285,385,/scratch/project_2013233/enchanted_plugins/data/ascot_DT-D_random_extended/batch_0/ascot_sdcc_workflow_runner-4da790f0-c4cf-4487-b6f7-3b260a15fdf1,0
11.95,0.87,0.0,12.82,26171.537763404973,1.0638184614360906e+20,254332.98588648334,1582690.8214937178,0.16069656968532112,4889675.83067744,5866183.652585698,0.002593,0.002394,43.930948,14.019875,True,True,774.8636486764314,6.369405569076651,1.177308913280744,1.3208510655617003,382,/scratch/project_2013233/enchanted_plugins/data/ascot_DT-D_random_extended/batch_0/ascot_sdcc_workflow_runner-c01479b5-1c56-4706-afab-794f972a56f8,0
6.56,0.72,0.0,7.27,657.7382152016738,2.6980975485829923e+19,34073.19780122736,236353.26652035248,0.1441621615933677,2470253.663381495,2979211.727611634,0.0,0.0,36.566533,11.206569,True,True,524.4831922723794,9.935933545554176,1.0160995182849548,1.224065275990964,386,/scratch/project_2013233/enchanted_plugins/data/ascot_DT-D_random_extended/batch_0/ascot_sdcc_workflow_runner-3715edd0-d23b-4e5e-91c3-827c18ed1ab0,0
8.03,0.92,0.0,8.95,20347.200258594577,1.06916964042838e+20,279226.6448462253,2058009.4573818042,0.1356780183126354,2581201.628151363,3862577.8008458386,0.035122,0.030632,48.716593,15.806885,True,True,824.0200033600488,3.929088032799568,1.26220205236366,1.24385382488883,398,/scratch/project_2013233/enchanted_plugins/data/ascot_DT-D_random_extended/batch_0/ascot_sdcc_workflow_runner-db566627-3ba8-466f-b41c-bb17c02dd312,0
7.14,0.74,0.0,7.88,105597.01908708896,1.116976647900143e+20,272606.1819608636,1572592.9084039868,0.17334822032075017,6732475.720840881,8520959.282933932,0.0002,0.0004,42.419656,13.843563,True,True,896.7669443150412,8.339686722980522,1.1540452905601395,1.363930348504503,322,/scratch/project_2013233/enchanted_plugins/data/ascot_DT-D_random_extended/batch_0/ascot_sdcc_workflow_runner-6958ee83-1c85-41f7-92c4-0cc7bd5a647f,0
8.97,0.79,0.0,9.76,603065.5439942061,7.967018468385009e+19,63055.640024466215,959447.2148883303,0.06572080156781239,7321015.832224755,15477638.419027492,0.0,0.0,20.84248,7.137913,True,True,960.7048375837124,10.766560949939109,1.3809096228054434,0.8286141696288729,394,/scratch/project_2013233/enchanted_plugins/data/ascot_DT-D_random_extended/batch_0/ascot_sdcc_workflow_runner-7dd2408d-e2d0-449a-ac47-8344b0672397,0
7.08,0.36,0.0,7.44,86709.09352258012,1.2263524757467665e+20,268495.93897334393,2247010.482519185,0.11949029212908956,3866854.4755039355,6736013.1919464255,0.015554,0.011858,40.699255,13.857894,True,True,948.2048116602725,5.094254934946875,1.3169424658250064,1.1292780052418563,381,/scratch/project_2013233/enchanted_plugins/data/ascot_DT-D_random_extended/batch_0/ascot_sdcc_workflow_runner-2b5f69f5-f8e6-4520-852f-3007fc2ace08,0
4.8,0.65,0.0,5.45,35531.300426020236,5.135473263108334e+19,13969.854292371836,607445.1498413997,0.022997721351498617,3289747.4212335446,5895847.176656991,0.0002,0.0,24.339632,6.695606,True,True,631.3789769603144,7.016536273041223,1.1436132793319067,0.8533397581725408,406,/scratch/project_2013233/enchanted_plugins/data/ascot_DT-D_random_extended/batch_0/ascot_sdcc_workflow_runner-0cb9f909-d9ef-418d-9c63-e7cf596ac15f,0
7.64,0.85,0.0,8.49,29976.21868144654,1.1088353624498527e+20,238210.27512850863,1687472.2288563058,0.14116396765234887,4477152.728270814,5181660.230266355,0.003984,0.003786,40.32755,13.469176,True,True,744.3015806297116,5.562782734193708,1.3271943824737105,1.1988806134471692,403,/scratch/project_2013233/enchanted_plugins/data/ascot_DT-D_random_extended/batch_0/ascot_sdcc_workflow_runner-6d86dfe8-208b-4ce6-8535-bab9c5533608,0
6.4,0.92,0.0,7.31,19801.49301042345,8.210104852656982e+19,64141.81199114082,1040018.427650102,0.06167372643200928,3959277.1464765947,5090941.109572362,0.002991,0.0004,29.710054,9.403033,True,True,644.3422161955466,5.685564894355471,1.3052858553928075,0.8911369897737548,390,/scratch/project_2013233/enchanted_plugins/data/ascot_DT-D_random_extended/batch_0/ascot_sdcc_workflow_runner-602ef7e0-f021-4542-86f6-fbca525ef0f1,0
4.62,0.87,0.0,5.49,76871.5319674121,6.363166497765419e+19,113640.42300148356,730115.9536196099,0.1556470892576745,5688005.837946213,7894411.449764828,0.0,0.0,37.214336,11.798715,True,True,782.5771212732695,11.156746373401873,1.0624252030170993,1.264696576220098,416,/scratch/project_2013233/enchanted_plugins/data/ascot_DT-D_random_extended/batch_0/ascot_sdcc_workflow_runner-e238b40b-4ff4-4cd0-93d8-a6f743c27b4a,0
6.57,0.61,0.0,7.18,105695.32277234376,1.217949807892985e+20,89586.68880175278,2029125.8360342195,0.04415038594986476,4949944.138292833,10087020.274452057,0.009312,0.006162,31.535254,9.544057,True,True,914.8607837330923,5.782467385010186,1.1467825299220025,0.8541379550949717,332,/scratch/project_2013233/enchanted_plugins/data/ascot_DT-D_random_extended/batch_0/ascot_sdcc_workflow_runner-23bc7bd4-2083-47eb-9dda-91fab6949695,0
16.09,0.76,0.0,16.84,158535.10446627045,1.0341369498890438e+20,149190.11855565847,1239025.2995437875,0.12040925928678832,6928368.539708911,8777917.395216582,0.0004,0.0,28.546557,10.581134,True,True,807.386317533276,8.187374520685276,1.4955516761432819,1.0325861995293406,352,/scratch/project_2013233/enchanted_plugins/data/ascot_DT-D_random_extended/batch_0/ascot_sdcc_workflow_runner-af1ba3b4-5c7e-48ba-bb84-336a31a1b962,0
6.48,0.74,0.0,7.23,88167.3021260913,1.1722923056245128e+20,232929.38359821396,1865112.6394314321,0.12488756907959243,4925972.194831174,7223539.839669011,0.003786,0.003786,40.31667,12.889759,True,True,850.8073916216554,6.050944550533364,1.1874272159407946,1.1648028556086265,407,/scratch/project_2013233/enchanted_plugins/data/ascot_DT-D_random_extended/batch_0/ascot_sdcc_workflow_runner-031ef6eb-4132-4df4-a920-d1ff65260703,0
6.13,0.84,0.0,6.97,222956.53808057902,1.375728211183887e+20,331154.6057434067,1901881.7250515542,0.17411945305612003,8320205.90843013,10554435.325582229,0.0006,0.0004,37.752804,13.622508,True,True,997.2851719111468,8.46699466431356,1.405960288789698,1.2795821649855612,402,/scratch/project_2013233/enchanted_plugins/data/ascot_DT-D_random_extended/batch_0/ascot_sdcc_workflow_runner-65d464d2-cac4-4e2d-8820-84b8a1fc6ef5,0
6.9,0.73,0.0,7.63,45186.09589071786,1.0971312107198013e+20,157743.10262367473,1968290.5660851067,0.08014218293868208,3452154.4385374216,6264661.468461648,0.018646,0.014778,41.648179,12.488479,True,True,842.7477832189552,4.804801972952909,1.030851223028661,1.0392867613803554,410,/scratch/project_2013233/enchanted_plugins/data/ascot_DT-D_random_extended/batch_0/ascot_sdcc_workflow_runner-9d53cc2b-0acb-4edf-9ec9-e1aaac36edb1,0
6.22,0.76,0.0,6.98,1198.7308969818646,4.5194419581150224e+19,53654.06962629699,426652.20954250114,0.12575598678799815,2818333.919569482,2427997.3107515085,0.0002,0.0,34.482692,11.148643,True,True,505.4009643915158,6.7356428214934265,1.281377185197558,1.114531057172566,404,/scratch/project_2013233/enchanted_plugins/data/ascot_DT-D_random_extended/batch_0/ascot_sdcc_workflow_runner-72d275de-a80f-4880-aae5-7ab51a5e9de4,0
6.46,0.75,0.0,7.21,6376.654108421134,8.542294484810303e+19,102834.5092075518,1102082.2230756427,0.09330928950161792,3487388.4972067326,3455904.791352191,0.00319,0.001199,33.702625,11.650138,True,True,597.505038510499,4.944585867350767,1.4474867077975873,1.006703329143891,411,/scratch/project_2013233/enchanted_plugins/data/ascot_DT-D_random_extended/batch_0/ascot_sdcc_workflow_runner-4d2465b0-079b-47fe-a70f-de72e9aab8e0,0
5.44,0.63,0.0,6.08,12411.908260712089,8.289809861022032e+19,166244.30573739053,1126683.8653221894,0.1475518651275359,3866817.509172833,4127295.83299412,0.001398,0.001199,43.972308,13.477762,True,True,651.1923369508814,6.011906360333969,1.1153841195419338,1.2822188925546512,409,/scratch/project_2013233/enchanted_plugins/data/ascot_DT-D_random_extended/batch_0/ascot_sdcc_workflow_runner-423d63e1-e58d-4ef7-a4a4-d6b61c598986,0
5.33,0.86,0.0,6.19,38743.54772223204,7.861791396791992e+19,82492.59106624988,951864.6029700353,0.08666420708245072,4751250.0162701495,6462367.075051531,0.0004,0.0006,30.109514,9.58136,True,True,696.5049602574068,7.19684893953343,1.227372965421972,0.9742785216969488,413,/scratch/project_2013233/enchanted_plugins/data/ascot_DT-D_random_extended/batch_0/ascot_sdcc_workflow_runner-1287b32f-5863-45dc-ba2b-b47d5bc8a476,0
14.22,0.7,0.0,14.91,14204.888428633369,9.054598532681962e+19,229767.62614410822,1414771.869801369,0.1624061313689868,3230222.98357191,3487305.6310763084,0.005569,0.004579,51.300112,15.422761,True,True,663.4778146890412,4.932792463656435,1.065941383428973,1.4119120750270289,387,/scratch/project_2013233/enchanted_plugins/data/ascot_DT-D_random_extended/batch_0/ascot_sdcc_workflow_runner-9056dde1-2571-413d-ba8f-cb101fba5473,0
61.8,0.34,0.0,62.15,229180.84119762864,1.1985651244784134e+19,-1878.751066272109,139517.11691117397,-0.013466097263665855,1438526.2288824231,13734213.97674311,0.0,0.0,7.763713,1.697405,True,True,776.0297865641169,10.62549880625176,1.2426803537952011,0.813058873824539,271,/scratch/project_2013233/enchanted_plugins/data/ascot_DT-D_random_extended/batch_0/ascot_sdcc_workflow_runner-4eb03f40-1047-4e8b-946e-8f44e5419dd5,0
5.64,0.79,0.0,6.43,79457.51288294909,1.0889129597368941e+20,80898.39772794765,1803346.709428317,0.04486014658467613,4272662.625507411,8255230.486471158,0.007937,0.007149,33.826464,9.809199,True,True,833.0365607830246,5.569260671761446,1.008585894659343,0.8819293740457698,400,/scratch/project_2013233/enchanted_plugins/data/ascot_DT-D_random_extended/batch_0/ascot_sdcc_workflow_runner-79f86aa2-9462-4766-8e1e-985702b96db8,0
8.03,0.6,0.0,8.63,32365.232375792606,1.0433467426194557e+20,190740.63161358726,1725631.5589589889,0.11053381043207983,3869460.5966617013,5817833.266044752,0.007543,0.006557,43.279103,13.006213,True,True,784.2451613415391,5.402458253817105,1.0219855060007115,1.1547648229774354,414,/scratch/project_2013233/enchanted_plugins/data/ascot_DT-D_random_extended/batch_0/ascot_sdcc_workflow_runner-11404240-9b05-4fd1-9f65-e73fca5a3f91,0
4.69,0.86,0.0,5.54,8468.19971342523,8.363022659045378e+19,187165.85844999948,1131285.162732896,0.16544534005719175,4174798.750216003,4433225.560063153,0.001199,0.001597,45.504269,14.047102,True,True,669.283497021311,6.478379333939836,1.1008443219998811,1.3675922401587068,425,/scratch/project_2013233/enchanted_plugins/data/ascot_DT-D_random_extended/batch_0/ascot_sdcc_workflow_runner-de3b1dfc-2c4f-45e3-a677-6627883c86d3,0
6.07,0.69,0.0,6.76,268519.43123450584,7.363841658807173e+19,56298.04679930993,920300.0126817133,0.061173580379793674,5862105.430397953,11592207.65467081,0.0002,0.0,25.303149,7.696582,True,True,858.9020067215495,9.530641675931077,1.1244486021395779,0.8744561888177114,412,/scratch/project_2013233/enchanted_plugins/data/ascot_DT-D_random_extended/batch_0/ascot_sdcc_workflow_runner-d386351c-b90b-453b-a2d6-7449e39f90cb,0
4.35,0.58,0.0,4.92,17483.49994456896,6.972084995805034e+19,5066.535148748297,960067.3758271259,0.005277270404468572,2970740.115683796,4929057.915474109,0.002792,0.001597,28.738472,7.628477,True,True,613.2689353024962,5.075416639424483,1.094631196607713,0.8020179343576447,431,/scratch/project_2013233/enchanted_plugins/data/ascot_DT-D_random_extended/batch_0/ascot_sdcc_workflow_runner-79ea677f-f32d-4e5e-b76e-395a889157fa,0
40.36,0.67,0.0,41.03,54847.49190679334,1.2265598307260629e+20,283858.74581304897,1851150.9130185172,0.153341763665386,5332198.324685904,6765273.579546144,0.002991,0.003786,40.170216,13.744613,True,True,835.9915665694098,6.18862823929015,1.3417273227939615,1.236971410700054,324,/scratch/project_2013233/enchanted_plugins/data/ascot_DT-D_random_extended/batch_0/ascot_sdcc_workflow_runner-ec231081-bb6a-42c6-9f78-9ccf9a1e803b,0
16.95,0.82,0.0,17.77,2833.533329252141,5.677214137608059e+19,87308.72423513219,560032.7059285662,0.15589933107633303,3406904.2704621144,2708770.371491453,0.0002,0.0,37.07824,12.474482,True,True,540.3013746261139,6.743327403682873,1.3658418333830342,1.2188210215032351,399,/scratch/project_2013233/enchanted_plugins/data/ascot_DT-D_random_extended/batch_0/ascot_sdcc_workflow_runner-cddfe8b5-a450-439e-b183-99f0c0d584cc,0
6.74,0.32,0.0,7.06,84634.89426797786,9.335978890509858e+19,117452.35335038886,1867025.5545911046,0.06290880864569204,2149193.765302222,5236328.98351485,0.053926,0.056248,43.962446,13.502466,True,True,994.380572915864,3.89386031742775,1.072667825926513,0.9764116610565317,423,/scratch/project_2013233/enchanted_plugins/data/ascot_DT-D_random_extended/batch_0/ascot_sdcc_workflow_runner-29eb2bc4-885c-4a57-8a96-fda9e2a34a13,0
5.77,0.65,0.0,6.42,8735.65144713444,1.0197250845002836e+20,257951.6693735473,1644509.0347194741,0.1568563406631266,3697199.5820767833,4235264.0496924715,0.007543,0.003587,47.789737,14.876931,True,True,720.7865316442545,5.142665918768982,1.1555366472476802,1.3414349238757617,429,/scratch/project_2013233/enchanted_plugins/data/ascot_DT-D_random_extended/batch_0/ascot_sdcc_workflow_runner-cd8adec8-fff0-40b7-a76a-90b8f32dc50e,0
9.68,0.9,0.0,10.58,271450.68411996856,1.1668854393221064e+20,106648.95168832388,1798752.4061975766,0.059290512313349183,6360170.330727555,12787474.435351683,0.002593,0.002593,30.958024,9.342792,True,True,991.5595899230116,7.525757042720208,1.062979177472047,0.9106620124594241,419,/scratch/project_2013233/enchanted_plugins/data/ascot_DT-D_random_extended/batch_0/ascot_sdcc_workflow_runner-ea2b5d4b-4a8e-4a4e-9fa7-66bfd5b4a4de,0
6.41,0.7,0.0,7.1,3631.0877911969237,6.435355300691103e+19,58458.96767716127,764895.167432357,0.07642742452328417,2891451.1560965907,2929195.760620847,0.001199,0.002394,34.821029,10.632833,True,True,545.7330292883296,5.1647048686686645,1.2104327452639623,0.9823773045601012,424,/scratch/project_2013233/enchanted_plugins/data/ascot_DT-D_random_extended/batch_0/ascot_sdcc_workflow_runner-b8b76bb5-2e9a-41de-be6e-00b30e24ea7e,0
6.02,0.57,0.0,6.59,66268.10432055991,1.197581482234894e+20,261616.69304292634,1722565.95861729,0.15187615413747466,5801810.972040679,6995165.256925609,0.001597,0.000799,38.274892,13.231451,True,True,819.6778740695113,6.626869045594389,1.3672938761691755,1.2151296295935035,426,/scratch/project_2013233/enchanted_plugins/data/ascot_DT-D_random_extended/batch_0/ascot_sdcc_workflow_runner-affbea78-3185-4be7-9df5-005e022ceb76,0
5.53,0.65,0.0,6.18,19531.481694229868,3.1097380241754096e+19,17500.342275053248,302661.1107631414,0.05782157552692253,2677033.0167388716,4299203.441717321,0.0,0.0,26.188453,7.887591,True,True,571.6126219321815,9.239727649133687,1.1332945287177218,0.9486742613476884,433,/scratch/project_2013233/enchanted_plugins/data/ascot_DT-D_random_extended/batch_0/ascot_sdcc_workflow_runner-ff7b5b9c-09e5-432e-b691-633f679cf7fe,0
5.34,0.89,0.0,6.23,48449.260674197976,1.0489820902247337e+20,96123.21878648458,1362852.7666847715,0.0705308901564698,5145112.7983388575,6791112.613520446,0.002195,0.0004,27.48973,9.784819,True,True,723.1988843952861,5.9359712087394385,1.4976923380127702,0.8912373742217699,434,/scratch/project_2013233/enchanted_plugins/data/ascot_DT-D_random_extended/batch_0/ascot_sdcc_workflow_runner-30815fd6-296c-4460-8e43-367ebd3e545b,0
11.08,0.35,0.0,11.43,49700.00660700027,6.064368223772807e+18,-1524.8667326940404,62971.24416603399,-0.024215286721562618,741241.2726791743,6695238.736587598,0.0,0.0,10.248199,2.010475,True,True,592.6629909310896,10.722616224729956,1.0220324929086033,0.9343559405154127,418,/scratch/project_2013233/enchanted_plugins/data/ascot_DT-D_random_extended/batch_0/ascot_sdcc_workflow_runner-2867e148-2344-4032-95a2-3fde57f05688,0
6.68,0.86,0.0,7.54,12708.280535098917,5.721696423749986e+19,101516.50463325996,623722.9093058058,0.16275898017959017,4989211.314999083,6283332.288721681,0.0,0.0,37.313453,11.941873,True,True,712.4863962432463,10.607736043178408,1.109670807537403,1.2804856251355676,430,/scratch/project_2013233/enchanted_plugins/data/ascot_DT-D_random_extended/batch_0/ascot_sdcc_workflow_runner-1935527b-6cba-4aee-9a15-0adc5fe0c318,0
5.13,0.96,0.0,6.09,63515.73329446139,9.527664443509845e+19,305599.5024136396,1958468.0187409795,0.15604007800448907,2166357.461323545,3673331.8858436528,0.040123,0.039201,51.746422,17.246042,True,True,947.7966783419918,3.9740907134051358,1.2745508137840111,1.3476903172148638,286,/scratch/project_2013233/enchanted_plugins/data/ascot_DT-D_random_extended/batch_0/ascot_sdcc_workflow_runner-0e051282-3892-4b1d-a108-dc3e15dd0e38,0
5.96,0.76,0.0,6.72,5047.771464473935,5.439467484401667e+19,69680.37277424938,530022.4956059186,0.1314668214121576,3438687.2749637803,2937706.4561641132,0.0,0.0,32.173001,11.193766,True,True,544.1840221095042,6.970212949567314,1.4311868098189675,1.09921364191318,408,/scratch/project_2013233/enchanted_plugins/data/ascot_DT-D_random_extended/batch_0/ascot_sdcc_workflow_runner-036e9ef8-f40f-42c1-948d-01c1af146de5,0
5.32,0.78,0.0,6.11,120931.48077859616,4.998530279954732e+19,52625.53293873655,515953.48311932705,0.10199666183194578,4768257.657210669,8315561.707122659,0.0,0.0,22.815627,8.086124,True,True,739.2104182976926,11.099013410766595,1.4070360426159259,0.9469138808123305,435,/scratch/project_2013233/enchanted_plugins/data/ascot_DT-D_random_extended/batch_0/ascot_sdcc_workflow_runner-941595cf-676c-445b-9c3c-b3881818170f,0
10.02,0.81,0.0,10.84,116807.34514371595,7.997862603683561e+19,163900.7492750057,934104.4546633695,0.17546297788941806,7382029.131525446,9540506.552892052,0.0,0.0,37.882854,12.498314,True,True,870.9041580022297,11.80155510487532,1.139797611686176,1.32563860037946,420,/scratch/project_2013233/enchanted_plugins/data/ascot_DT-D_random_extended/batch_0/ascot_sdcc_workflow_runner-66283b89-b07e-49e8-8c67-d8ac33bb1323,0
5.59,0.63,0.0,6.23,114221.35480800652,1.2893071196715323e+20,285122.128940562,1734199.9579483608,0.1644113342488341,7346657.201090028,8726803.286237273,0.0006,0.0006,36.136077,13.17736,True,True,884.6966174563162,7.708218344900347,1.4598811147133475,1.2242119989500515,432,/scratch/project_2013233/enchanted_plugins/data/ascot_DT-D_random_extended/batch_0/ascot_sdcc_workflow_runner-8b8a9ac6-579a-406d-85d5-b0dcbe35cbc6,0
16.96,0.75,0.0,17.71,31304.301155462646,9.871440687240667e+19,272096.7093145795,1478607.6775474206,0.18402224839377856,4703927.102922082,5494999.105932098,0.001996,0.001996,49.16695,15.294417,True,True,773.9365220384016,6.683403976984671,1.0452095927132652,1.4939958761819994,378,/scratch/project_2013233/enchanted_plugins/data/ascot_DT-D_random_extended/batch_0/ascot_sdcc_workflow_runner-ab379648-7633-4290-8f2f-a8d4399e839c,0
8.8,0.58,0.0,9.38,43583.970103115,1.0333480305645055e+20,115627.44197468604,1784839.9209487494,0.06478308817365712,3398029.757082605,5699904.926745938,0.014001,0.011467,38.952617,11.488952,True,True,762.5625847279598,4.7854935421984806,1.0723439427962187,0.9767453179269125,428,/scratch/project_2013233/enchanted_plugins/data/ascot_DT-D_random_extended/batch_0/ascot_sdcc_workflow_runner-4a8bb6a5-d656-4270-b3ef-b591a0a71cb4,0
5.96,0.83,0.0,6.79,104523.05610830507,8.93955149414519e+19,144485.8859688661,1042962.9419935702,0.13853405538329935,6711172.4341498725,8564764.544072224,0.0002,0.0,31.41946,10.890212,True,True,801.9266955316006,9.225291767886606,1.341897316678423,1.1177889349635448,439,/scratch/project_2013233/enchanted_plugins/data/ascot_DT-D_random_extended/batch_0/ascot_sdcc_workflow_runner-a4bb757c-6ca3-44f3-89ad-81c7138eb323,0
4.69,0.45,0.0,5.14,118176.66461216086,1.1363425193857815e+20,87978.23611657202,1956061.197577975,0.044977241113676826,4281110.482893011,8928366.881921275,0.009705,0.009705,34.320908,10.049406,True,True,889.2980982203519,5.518849007086879,1.0405863553883614,0.8829461707421254,436,/scratch/project_2013233/enchanted_plugins/data/ascot_DT-D_random_extended/batch_0/ascot_sdcc_workflow_runner-647ae801-b664-4270-94a4-331e3524b53d,0
7.81,0.77,0.0,8.59,48626.45529784576,9.335773948111346e+19,186466.18146984698,1197952.6274577358,0.1556540527529546,6087174.031823298,7464897.142860535,0.0006,0.0004,39.183007,12.573767,True,True,796.6988729528654,8.481745152603764,1.1452535099687857,1.2677070795298673,441,/scratch/project_2013233/enchanted_plugins/data/ascot_DT-D_random_extended/batch_0/ascot_sdcc_workflow_runner-370d2702-7359-48f2-bd49-db2f8d018869,0
5.33,0.94,0.0,6.27,4006.702268220082,6.092065530747867e+19,117843.44498742765,668418.6478658671,0.17630185118814268,4107335.916315997,4045954.335277443,0.0,0.0006,42.222835,13.32021,True,True,620.5955522244874,8.087404000199959,1.1238439473856043,1.372207806278055,443,/scratch/project_2013233/enchanted_plugins/data/ascot_DT-D_random_extended/batch_0/ascot_sdcc_workflow_runner-fc1d5efb-b489-4298-8587-b9217f2854ca,0
5.35,0.65,0.0,6.01,37239.35111178314,1.0927499361855942e+20,334252.0690409008,2155101.6639195536,0.15509805158471535,2719251.6247438295,3606495.436134351,0.031196,0.021143,46.854636,16.641835,True,True,829.5215513147978,4.0280288847871475,1.4671441802126424,1.2795221384638247,454,/scratch/project_2013233/enchanted_plugins/data/ascot_DT-D_random_extended/batch_0/ascot_sdcc_workflow_runner-6408e72d-8390-4877-99ce-539b245deed8,0
12.9,0.77,0.0,13.67,1197.1917055713236,2.9726288242792096e+19,33055.58030420673,237437.510730884,0.1392180207855722,2582075.451126981,2656333.2548905853,0.0,0.0,29.122775,10.090625,True,True,505.14453257174,9.40406592954294,1.3827370032276374,1.0962267008222015,427,/scratch/project_2013233/enchanted_plugins/data/ascot_DT-D_random_extended/batch_0/ascot_sdcc_workflow_runner-65199fe3-cdfc-4334-9a22-915b690fcd29,0
12.46,0.77,0.0,13.23,2587.3409018173697,5.93620230128725e+19,95834.30495446135,592049.7519142072,0.16186866837560723,3236978.4236154654,2269295.220024176,0.0006,0.0,38.111299,13.172898,True,True,521.7002827229469,6.106863988323467,1.4518734120036423,1.2388176292864315,281,/scratch/project_2013233/enchanted_plugins/data/ascot_DT-D_random_extended/batch_0/ascot_sdcc_workflow_runner-51cf2285-a0ad-46a9-bf38-73c41e01f89d,0
6.99,0.73,0.0,7.72,3288.7928792998605,2.9321359321536303e+19,36934.235918909,241826.26509234673,0.15273045673845576,3054017.5878529577,3919037.629306776,0.0,0.0,29.583386,10.080432,True,True,573.4928379382873,11.701714928917017,1.3063444698458673,1.141264655494774,445,/scratch/project_2013233/enchanted_plugins/data/ascot_DT-D_random_extended/batch_0/ascot_sdcc_workflow_runner-37c12712-15a5-4118-b381-fda9da2c7ebb,0
6.95,0.9,0.0,7.85,80858.55790038532,9.461885044247722e+19,215015.2453700826,1093000.1930843797,0.1967202263371269,7845809.292336075,8986832.599433705,0.0,0.0,39.050056,13.434597,True,True,867.0089480906852,10.711002431669465,1.2765260067050228,1.3916102250105564,448,/scratch/project_2013233/enchanted_plugins/data/ascot_DT-D_random_extended/batch_0/ascot_sdcc_workflow_runner-ba23ac2e-9ea3-4e1e-916f-b782d3a0e2f9,0
5.44,0.83,0.0,6.27,7357.985062108429,5.324149696799225e+19,99247.82857518004,496379.51952744136,0.19994343978910542,4660032.568151772,4445089.909970128,0.0,0.0,34.835765,12.590918,True,True,634.7641509524489,10.421922104030399,1.4895128792334467,1.317201767174776,457,/scratch/project_2013233/enchanted_plugins/data/ascot_DT-D_random_extended/batch_0/ascot_sdcc_workflow_runner-a32036b8-de5f-4741-8dbe-5a55cec833ed,0
6.2,0.81,0.0,7.01,215961.04576098305,8.850935004788086e+19,59424.410411026336,1128192.5193651747,0.05267222516637852,6515128.401299548,12546679.897629302,0.0002,0.0004,23.964551,7.545896,True,True,888.2377019910053,8.750955140694321,1.2268616285796186,0.8301693224899132,450,/scratch/project_2013233/enchanted_plugins/data/ascot_DT-D_random_extended/batch_0/ascot_sdcc_workflow_runner-aa277b2d-539e-4b48-887f-eac50ff8ad5f,0
6.13,0.8,0.0,6.93,61107.08292953866,9.785218321779304e+19,180504.9386771748,1275485.7190037286,0.14151858855633892,6041857.428351536,7760436.881444407,0.0006,0.000799,37.443761,12.052856,True,True,803.3528167826208,8.052566852827447,1.1716003364446905,1.1995994267780568,455,/scratch/project_2013233/enchanted_plugins/data/ascot_DT-D_random_extended/batch_0/ascot_sdcc_workflow_runner-2298711f-490f-4c88-9cdf-da7f03e0be4f,0
6.75,0.75,0.0,7.49,2977.634083498476,3.3222393555980055e+19,28756.524700814338,277832.31198737037,0.10350316885431794,2573865.896800281,2779314.069632024,0.0002,0.0,26.092528,9.065959,True,True,504.13847414101883,8.233124691323509,1.422141619068698,0.9789269756704957,440,/scratch/project_2013233/enchanted_plugins/data/ascot_DT-D_random_extended/batch_0/ascot_sdcc_workflow_runner-3b0403e7-f637-4ce9-a32c-871014b52b75,0
6.15,0.69,0.0,6.84,16637.813749268378,9.043125905750539e+19,162816.52477754277,1148324.137623739,0.14178620778142295,4572114.121138735,4568952.311317195,0.001597,0.000999,37.392842,12.54904,True,True,664.6637014453481,6.281247546906205,1.339521266506853,1.1780731118172856,458,/scratch/project_2013233/enchanted_plugins/data/ascot_DT-D_random_extended/batch_0/ascot_sdcc_workflow_runner-66a67aef-6781-481b-8027-bbd55979faf5,0
8.66,1.15,0.0,9.81,53850.9124598365,8.158023307395082e+19,160708.18514378218,900746.9366163672,0.17841657696608812,6902822.929968185,8124580.342361491,0.0,0.0,36.006774,12.345338,True,True,805.6461702650732,10.561851583463513,1.2869688722163903,1.2896311431211502,417,/scratch/project_2013233/enchanted_plugins/data/ascot_DT-D_random_extended/batch_0/ascot_sdcc_workflow_runner-15d909f6-21bc-4bc0-9ded-a95ca550bcc0,0
6.46,0.38,0.0,6.84,12494.866498487774,7.278402689794079e+18,-1177.05125608037,67342.35205171915,-0.017478618138796084,838884.8432320614,4721737.087111694,0.0,0.0,10.154571,2.232152,True,True,514.3914372729251,9.734746657549717,1.3469407984517134,0.937517151446245,422,/scratch/project_2013233/enchanted_plugins/data/ascot_DT-D_random_extended/batch_0/ascot_sdcc_workflow_runner-484cf3a6-bb26-4efc-8a11-7d98124f7245,0
5.01,0.72,0.0,5.73,3371.3577176500617,3.979467974077505e+19,59476.97666252649,373800.55039438634,0.15911420301488058,4016680.8500510273,5306071.807697682,0.0,0.0,33.246715,10.94606,True,True,649.842139416663,11.727249664059048,1.1888872950099172,1.213596196854251,460,/scratch/project_2013233/enchanted_plugins/data/ascot_DT-D_random_extended/batch_0/ascot_sdcc_workflow_runner-857e05ec-2cbb-43c3-bc4e-90fd55b40073,0
9.69,0.81,0.0,10.5,92729.63312440687,7.888111283371006e+19,83889.93952526369,976246.6097780312,0.0859310943413547,5430052.166477338,8572791.431625849,0.0,0.0002,29.485093,9.208345,True,True,775.7509591346583,8.363092605653526,1.1506474431906963,0.9762167003137293,453,/scratch/project_2013233/enchanted_plugins/data/ascot_DT-D_random_extended/batch_0/ascot_sdcc_workflow_runner-51cb33ff-66ad-4f42-94e0-3f47eb2a96a3,0
37.94,0.61,0.0,38.55,52048.80704387811,1.1342175626470988e+20,292897.04373973893,1938544.005661936,0.15109125347903887,4148197.7850220925,6006278.723558215,0.00774,0.004777,46.397241,14.74965,True,True,859.8294912837646,5.5320652624769675,1.1538335301545275,1.3091387843401512,320,/scratch/project_2013233/enchanted_plugins/data/ascot_DT-D_random_extended/batch_0/ascot_sdcc_workflow_runner-1537f9f7-4a66-44e4-aa34-1038cc58b5b5,0
5.46,0.97,0.0,6.43,4806.738720487911,7.111226933768209e+19,120884.11430002713,823833.3163115093,0.14673370438725764,3489848.4534743186,2881908.3174360674,0.001199,0.000799,39.744313,12.982804,True,True,567.5781118620239,5.760382139564401,1.3163325150706031,1.2157076643682507,466,/scratch/project_2013233/enchanted_plugins/data/ascot_DT-D_random_extended/batch_0/ascot_sdcc_workflow_runner-5a76e5c8-7968-4483-97ff-1615351458b6,0
5.31,0.62,0.0,5.93,94744.42210117009,1.0428894388071524e+20,250376.53869822773,2026619.6928326234,0.1235439187646866,2758791.9201952675,5319737.344875639,0.031008,0.027616,46.134195,15.147597,True,True,982.4248953967324,4.489156847018862,1.219786762175091,1.1885297349078012,464,/scratch/project_2013233/enchanted_plugins/data/ascot_DT-D_random_extended/batch_0/ascot_sdcc_workflow_runner-598eab29-7221-4b3f-8655-a37bf8937e3d,0
10.0,0.72,0.0,10.72,104070.52187929067,7.251664715327743e+19,44800.97337564521,942653.1785103513,0.04752646508490317,4739390.185733684,8962666.146645514,0.0002,0.0004,27.382109,7.864975,True,True,768.0681796374067,7.925277901542653,1.0390847580513451,0.8554278199861707,456,/scratch/project_2013233/enchanted_plugins/data/ascot_DT-D_random_extended/batch_0/ascot_sdcc_workflow_runner-c3b59b52-6429-4274-8cd2-d15c1e14ae8d,0
10.04,0.93,0.0,10.97,109863.41095957834,1.095431301559583e+20,261440.58790743706,1506622.9606817786,0.17352754785386365,7211015.362215402,9455174.635053538,0.0,0.000999,42.114576,13.707557,True,True,929.1618580269665,9.081115047555773,1.1227224035122307,1.3686611106119093,438,/scratch/project_2013233/enchanted_plugins/data/ascot_DT-D_random_extended/batch_0/ascot_sdcc_workflow_runner-6e269d47-7251-42fb-bfaf-88c5aa11ad01,0
6.34,0.76,0.0,7.1,48073.157912851304,9.896926278720725e+19,196995.85840806155,1217564.466923177,0.1617950127157342,6787255.78321368,8085645.641324983,0.0006,0.0,37.040918,12.437061,True,True,818.8697469194673,8.813093679112221,1.255884976902818,1.2511010621549656,459,/scratch/project_2013233/enchanted_plugins/data/ascot_DT-D_random_extended/batch_0/ascot_sdcc_workflow_runner-3701495c-c1eb-4af8-8b9a-ae0bf32158ad,0
8.64,0.82,0.0,9.46,2989.774645526194,4.9479507064062984e+19,98431.74738095145,461657.330729152,0.2132138727776425,4345481.600296173,4033199.3533339,0.0,0.0,41.139255,13.851075,True,True,620.2504126164222,10.34911239752559,1.2461311980162064,1.486625134065262,451,/scratch/project_2013233/enchanted_plugins/data/ascot_DT-D_random_extended/batch_0/ascot_sdcc_workflow_runner-13f2a904-6569-4945-b8a8-75578d94b3d7,0
59.79,0.61,0.0,60.39,94555.40018037136,1.1318559924090311e+20,231792.583639026,1771608.8165174697,0.13083733919018928,5514729.634446367,8480663.04719656,0.001597,0.003587,41.140005,12.858929,True,True,902.6688581076917,7.02802718575416,1.0804769218528596,1.2076560522083175,319,/scratch/project_2013233/enchanted_plugins/data/ascot_DT-D_random_extended/batch_0/ascot_sdcc_workflow_runner-907dc765-efab-4050-b69c-8aeffe1df74b,0
5.65,0.79,0.0,6.44,604.7706499797933,5.242721982197035e+19,88452.53051762808,485620.88582326955,0.18214317608616679,3066512.7906284695,2086662.7722141834,0.0,0.0,40.447983,13.720316,True,True,507.17136362409934,6.504808513340812,1.4004459152417845,1.333596676660167,470,/scratch/project_2013233/enchanted_plugins/data/ascot_DT-D_random_extended/batch_0/ascot_sdcc_workflow_runner-13774b84-b249-4f91-a070-db392bd69417,0
5.59,0.5,0.0,6.09,95140.86281940257,1.3239381406926581e+20,214632.63059305737,2172189.0888490737,0.09880936779163166,5027206.640570903,7942596.375119655,0.00833,0.007346,33.755184,12.07976,True,True,877.1275299748356,5.564717505393601,1.4215552175836743,1.0164038096858126,447,/scratch/project_2013233/enchanted_plugins/data/ascot_DT-D_random_extended/batch_0/ascot_sdcc_workflow_runner-d585499a-aec6-4455-81b6-9c6c7e71a77f,0
4.79,0.7,0.0,5.48,138403.16052600252,1.138024928380694e+20,130955.32757010596,1614745.403764751,0.08109967507248256,6111405.380647319,9827039.938306931,0.001597,0.002195,30.957176,9.95456,True,True,866.4293492197147,7.043927265968458,1.2120221464871093,0.9624318165714014,465,/scratch/project_2013233/enchanted_plugins/data/ascot_DT-D_random_extended/batch_0/ascot_sdcc_workflow_runner-6f293953-3699-467a-b190-0f3296f3f801,0
5.38,0.7,0.0,6.08,155114.55461362618,1.242000724239729e+20,153260.60884217685,2070735.8224120715,0.07401263221672241,4795672.989845132,8996385.371949611,0.006359,0.008133,35.118552,11.10135,True,True,919.259121546542,5.687278492413222,1.1765365064993252,0.9685716395631773,475,/scratch/project_2013233/enchanted_plugins/data/ascot_DT-D_random_extended/batch_0/ascot_sdcc_workflow_runner-3a5508cf-2736-49ea-a8b1-63e9d0867a55,0
5.19,0.86,0.0,6.06,40377.00158623133,1.0767177542142634e+20,125274.11715481526,1602259.3938841375,0.07818591523506717,4437001.90193683,6212679.08565116,0.004579,0.002593,33.070709,10.744981,True,True,739.6643373202795,5.443003965827322,1.2954146917482476,0.9613100369309211,474,/scratch/project_2013233/enchanted_plugins/data/ascot_DT-D_random_extended/batch_0/ascot_sdcc_workflow_runner-485d28f4-c853-463c-b80f-f2d1d4633401,0
5.92,0.82,0.0,6.74,9160.766869482508,8.246307940157488e+19,184332.58129144803,1083171.9123213207,0.17017850924181474,3725822.5451121945,3433821.7180354893,0.001996,0.0006,45.795124,14.430888,True,True,624.6201305639755,5.7321069782260805,1.2005690419905468,1.368206751087456,467,/scratch/project_2013233/enchanted_plugins/data/ascot_DT-D_random_extended/batch_0/ascot_sdcc_workflow_runner-937254d7-fc1f-4da4-98d8-6b613b4c7554,0
6.0,0.57,0.0,6.57,44423.343021799374,1.1269812258674524e+20,272135.59063295275,2199213.4410240445,0.12374223690913565,2852484.034866567,4224929.494963109,0.027805,0.021909,42.370381,15.168275,True,True,836.9154803008828,4.090608989402874,1.4716310072454641,1.140475685702659,472,/scratch/project_2013233/enchanted_plugins/data/ascot_DT-D_random_extended/batch_0/ascot_sdcc_workflow_runner-954bbb20-8622-4bc3-a638-9a7701982c8b,0
5.17,0.81,0.0,5.98,709978.1323259402,8.0076315026752e+19,75347.43485398135,935199.4656400541,0.08056830400604782,7711350.394592169,15815620.1905451,0.0,0.0,20.834932,7.443004,True,True,980.4890549018203,11.435838111298544,1.4728036361917511,0.8545260410405264,463,/scratch/project_2013233/enchanted_plugins/data/ascot_DT-D_random_extended/batch_0/ascot_sdcc_workflow_runner-a4a3ffa4-933a-4848-ac58-65e5055b8211,0
6.15,0.82,0.0,6.97,9009.204935653454,5.8520893039133e+19,118946.7597285202,578962.6598405394,0.20544806768934126,5344296.322180436,5462571.317242299,0.0,0.0,37.260456,13.023436,True,True,686.6502666492945,11.065446983395637,1.3558885542444625,1.385631081009608,478,/scratch/project_2013233/enchanted_plugins/data/ascot_DT-D_random_extended/batch_0/ascot_sdcc_workflow_runner-a6e205dc-42ec-408f-ba2a-50c0a5125f2b,0
6.92,0.73,0.0,7.65,121636.96145372798,1.1755302170144504e+20,258273.11095226565,1666248.2432687427,0.15500278064545858,6662232.955315626,8911958.640819589,0.001398,0.0004,39.689258,13.086805,True,True,907.2386123070773,7.865460535550509,1.2004853412756895,1.2605876682474189,476,/scratch/project_2013233/enchanted_plugins/data/ascot_DT-D_random_extended/batch_0/ascot_sdcc_workflow_runner-083d9a75-0f6a-4dae-81cb-66570d6b7f05,0
6.63,0.85,0.0,7.47,639.5491311886904,5.203330666773441e+19,81440.15138071262,478437.82314230857,0.17022097217528873,3230830.5834973287,2327088.874848508,0.0002,0.0,37.256734,12.918494,True,True,518.6889537153238,6.886736192770252,1.430978643688122,1.2585730442028442,469,/scratch/project_2013233/enchanted_plugins/data/ascot_DT-D_random_extended/batch_0/ascot_sdcc_workflow_runner-4c3d108b-0ea7-4506-853a-87323fcfaac8,0
4.6,0.8,0.0,5.4,106546.42286509724,8.477678069651921e+19,146702.47822599532,941749.0904159036,0.1557766072927209,6861769.748308804,8516559.476410594,0.0,0.0002,31.943995,11.275026,True,True,802.201031005301,9.97054020447254,1.3825012629502442,1.1661980718512712,484,/scratch/project_2013233/enchanted_plugins/data/ascot_DT-D_random_extended/batch_0/ascot_sdcc_workflow_runner-fbd7b84c-828a-4e63-b29b-fc35291bfb2c,0
6.31,0.8,0.0,7.1,147451.84056955637,1.3476895559393372e+20,309448.8595934637,1966309.5724657173,0.1573754529432618,6969025.993971321,9163258.024498388,0.002593,0.001398,37.497901,13.377439,True,True,940.9960773609466,7.330122189773055,1.4045354913264108,1.2223159333381224,481,/scratch/project_2013233/enchanted_plugins/data/ascot_DT-D_random_extended/batch_0/ascot_sdcc_workflow_runner-9176583e-bcfd-4f90-a60d-d6577750bfe4,0
6.09,0.73,0.0,6.81,21974.513665795515,7.489551866122265e+19,145132.93994697923,965436.7532158709,0.1503287910508288,3918118.4656111035,4201219.885210903,0.000999,0.0,43.85938,13.29975,True,True,644.1961800607309,6.622215061954831,1.0553969738741733,1.3024281103822481,479,/scratch/project_2013233/enchanted_plugins/data/ascot_DT-D_random_extended/batch_0/ascot_sdcc_workflow_runner-c60f6e43-3070-4e5f-9dcf-3251a4546fc7,0
5.45,0.71,0.0,6.16,137157.18496177637,8.289923858685143e+19,97966.91831798067,1079961.4345372436,0.09071334881505178,5862767.729843608,9713633.154064694,0.0004,0.0004,31.129328,9.549766,True,True,831.1638370090939,8.939650199357645,1.0668378423017177,1.013511995513409,488,/scratch/project_2013233/enchanted_plugins/data/ascot_DT-D_random_extended/batch_0/ascot_sdcc_workflow_runner-cdb46dcf-b92c-40d3-b202-77a7e79e520d,0
9.3,0.75,0.0,10.05,1270.8037258231973,3.214540470299397e+19,32724.174431792464,272299.07290136477,0.12017732592004153,2664360.302428297,2948209.236920261,0.0,0.0,27.514252,9.476344,True,True,517.3179694254295,8.938263309024435,1.3859234383103105,1.0345860058401308,480,/scratch/project_2013233/enchanted_plugins/data/ascot_DT-D_random_extended/batch_0/ascot_sdcc_workflow_runner-c2f994bb-9575-47cc-9294-226ab5438b25,0
5.73,1.02,0.0,6.74,37614.24361483384,7.098335075757555e+19,103264.7324609633,795214.2330404236,0.12985775174840714,4984186.920130647,5919960.517474219,0.0002,0.0,32.677461,10.775991,True,True,688.4854792565276,8.340671794947424,1.2565279571406018,1.1126434719416822,342,/scratch/project_2013233/enchanted_plugins/data/ascot_DT-D_random_extended/batch_0/ascot_sdcc_workflow_runner-343538bc-0641-400f-8324-090dda33f30c,0
6.9,0.69,0.0,7.59,214496.2491258474,1.3675830641722653e+20,98377.6100510864,2325136.6057951148,0.042310464600614175,5285860.048773552,11249846.306755267,0.013028,0.011076,29.621444,9.631719,True,True,993.7644633646894,5.610260689539925,1.2835894265285681,0.8230050668410082,482,/scratch/project_2013233/enchanted_plugins/data/ascot_DT-D_random_extended/batch_0/ascot_sdcc_workflow_runner-bdb2138c-8ca5-4f75-ad72-888438384a4e,0
8.18,0.91,0.0,9.09,15613.310984565494,6.7427505408233234e+19,91090.59207853752,700540.3774697944,0.13002903902204427,3991372.8388111345,3636512.337308018,0.000799,0.0,32.274029,11.398417,True,True,585.9102281455592,6.737328904733536,1.463666074271196,1.0934754747134319,392,/scratch/project_2013233/enchanted_plugins/data/ascot_DT-D_random_extended/batch_0/ascot_sdcc_workflow_runner-1aaaef5e-4931-4a44-86ad-d4b579fb27b7,0
5.27,0.61,0.0,5.88,32518.53826442,9.780592154262517e+19,89263.05597606167,1497032.5491322943,0.05962666344683024,4054144.574242345,6457892.8494203435,0.004579,0.004381,34.168345,10.11095,True,True,738.7740173156002,5.556680968813654,1.1101942458109875,0.9287926091245888,491,/scratch/project_2013233/enchanted_plugins/data/ascot_DT-D_random_extended/batch_0/ascot_sdcc_workflow_runner-8fa7ae63-8a3b-4fff-ae64-a7c0c0b58633,0
10.64,0.94,0.0,11.58,3088.5364699353854,6.079540889247912e+19,97556.17783794095,781355.0363419072,0.12485512129629646,2294997.1797614475,1931176.2285644002,0.004579,0.003388,47.535881,13.808007,True,True,511.5102642781014,4.548169920029155,1.050010122670082,1.2371897113552186,477,/scratch/project_2013233/enchanted_plugins/data/ascot_DT-D_random_extended/batch_0/ascot_sdcc_workflow_runner-7c4d8365-3dbb-467c-9c22-6ec6412dcfb6,0
22.39,0.93,0.0,23.32,145458.1668853393,1.1730456106854906e+20,74056.01141451637,2074151.2476475101,0.03570424842378792,4282140.231682474,9402745.460081015,0.010097,0.012053,33.528766,9.772428,True,True,921.888720113632,5.4263647128606065,1.0288672362076434,0.8460262298293865,444,/scratch/project_2013233/enchanted_plugins/data/ascot_DT-D_random_extended/batch_0/ascot_sdcc_workflow_runner-9cf10687-4ca2-422a-8002-cd3636eacb87,0
13.63,0.75,0.0,14.38,25624.889970159296,8.434167037608934e+19,162602.2668055438,941044.8957324403,0.17278906409559358,5303897.709474761,4858069.086777081,0.0002,0.0,36.518991,12.931037,True,True,671.6128102975699,7.606214943260309,1.4460720810714496,1.2575190945788577,452,/scratch/project_2013233/enchanted_plugins/data/ascot_DT-D_random_extended/batch_0/ascot_sdcc_workflow_runner-7c47f5de-94b4-4ceb-95db-4a6df9ecded9,0
6.18,0.72,0.0,6.9,38305.26748731315,9.302351855234345e+19,224731.34680357523,1263101.2701293845,0.17792029199729575,5039778.805782667,5713842.958043,0.001199,0.0,45.644798,14.35906,True,True,747.9606610561623,7.255181704990212,1.0982699056370044,1.4212599297580728,490,/scratch/project_2013233/enchanted_plugins/data/ascot_DT-D_random_extended/batch_0/ascot_sdcc_workflow_runner-1f9d3ece-ecea-4d2e-bb9d-1ad568c38e06,0
9.15,0.69,0.0,9.84,288505.47595583275,1.3298180794962433e+20,202837.42723776543,1761561.597820317,0.11514637211026173,8504195.181865595,12381137.33418671,0.001199,0.0,30.233915,10.844109,True,True,979.7255699580577,8.338680942421943,1.378484215589965,1.0387237971576702,471,/scratch/project_2013233/enchanted_plugins/data/ascot_DT-D_random_extended/batch_0/ascot_sdcc_workflow_runner-0da91707-a015-4003-b506-e7a654efa44b,0
6.6,0.94,0.0,7.54,448099.75159149355,1.0603290372741254e+20,66957.28031839716,1512895.4896336293,0.04425770370603185,6854335.867020729,14583895.927527433,0.001199,0.000799,27.281009,8.059706,True,True,999.295584371909,8.422017949008193,1.0527455589291363,0.8411731039903316,487,/scratch/project_2013233/enchanted_plugins/data/ascot_DT-D_random_extended/batch_0/ascot_sdcc_workflow_runner-32f82611-394e-4096-8b21-b85333667668,0
9.97,0.84,0.0,10.81,127912.09128892646,1.2083131628039853e+20,81065.89105437977,1897871.9496973488,0.04271409937182919,5217838.607302878,9859187.588117914,0.005964,0.004975,29.555594,9.124006,True,True,875.7240787007903,5.860066586254414,1.2171738998473858,0.8339546479916073,483,/scratch/project_2013233/enchanted_plugins/data/ascot_DT-D_random_extended/batch_0/ascot_sdcc_workflow_runner-dc4b2687-c0bf-4652-bf8d-00a2869e7cd6,0
6.67,0.31,0.0,6.98,29827.925103666697,4.753887094227945e+18,-397.17705777168925,43056.6829118266,-0.00922451593832823,650517.4049631574,5537998.365704994,0.0,0.0,7.439507,1.612843,True,True,541.1352157073758,11.044315979085614,1.3889825882353026,0.8415143809096691,495,/scratch/project_2013233/enchanted_plugins/data/ascot_DT-D_random_extended/batch_0/ascot_sdcc_workflow_runner-6995409c-4efe-4b15-ad88-ae8643418e0d,0
6.48,0.76,0.0,7.23,25513.438193713984,6.096756469511592e+19,95235.32812844218,643311.5689159252,0.14803919707044558,4832428.261073496,5578297.228230097,0.0,0.0,32.907233,11.040358,True,True,670.4414676043067,9.324224793038868,1.2807495089590888,1.1647793061205676,492,/scratch/project_2013233/enchanted_plugins/data/ascot_DT-D_random_extended/batch_0/ascot_sdcc_workflow_runner-79c593eb-0fc3-4b2f-bfd6-86fdfe6eb940,0
8.0,0.76,0.0,8.75,5000.24093464492,3.3310605757788918e+19,36737.54768480325,280386.2014062614,0.13102480614433992,2938251.921608927,3353818.1004865197,0.0,0.0002,27.234317,9.584983,True,True,542.7758300938274,9.720477621082107,1.41330104819219,1.0544226885320809,494,/scratch/project_2013233/enchanted_plugins/data/ascot_DT-D_random_extended/batch_0/ascot_sdcc_workflow_runner-cb650fba-6b74-4a3b-bf96-895cc37c6632,0
5.87,0.79,0.0,6.66,10421.758429711232,5.9428084295208845e+19,42570.33305099622,706554.2954019641,0.06025061814503248,2855751.824515417,3266699.8271189267,0.001797,0.000999,33.172423,9.666181,True,True,551.2969158036426,5.471536877590143,1.141671299669967,0.9434694517961235,497,/scratch/project_2013233/enchanted_plugins/data/ascot_DT-D_random_extended/batch_0/ascot_sdcc_workflow_runner-1a9ae9dc-fa7f-4369-8121-115a01e8db2c,0
11.06,0.66,0.0,11.71,94178.47905757204,1.1553206519740832e+20,293023.56894270214,2109052.3388081463,0.13893612953592877,3925620.6722451732,6812206.276019454,0.012833,0.015748,44.784956,14.698789,True,True,993.4428640780129,5.48754251089172,1.2029344633259198,1.2431194757681157,489,/scratch/project_2013233/enchanted_plugins/data/ascot_DT-D_random_extended/batch_0/ascot_sdcc_workflow_runner-0033e411-69a6-4b45-82b2-ebca122528c3,0
7.44,0.98,0.0,8.42,26802.25089479057,9.365540728845613e+19,292519.8273811344,1901915.1350211655,0.15380277594661398,2047088.6542115135,3485737.9355392135,0.043977,0.046166,53.688673,17.414332,True,True,919.9845981372737,3.7798710328534564,1.2146547272509154,1.3634967025740363,499,/scratch/project_2013233/enchanted_plugins/data/ascot_DT-D_random_extended/batch_0/ascot_sdcc_workflow_runner-d1fad168-32e2-4674-8de3-ee6f1994852a,0
7.29,0.72,0.0,8.01,108103.6810762157,9.81391458608356e+19,144562.73647332785,1930910.9173093643,0.07486763639762802,2329654.749976968,5417592.096378374,0.046348,0.045619,43.359381,13.732854,True,True,996.9155130096777,4.032718746464867,1.1354906835157408,1.0095054265010366,496,/scratch/project_2013233/enchanted_plugins/data/ascot_DT-D_random_extended/batch_0/ascot_sdcc_workflow_runner-446c9764-ee38-4030-9faa-980edf1bdef2,0
7.33,0.69,0.0,8.02,37779.78194283973,1.1669576130195733e+20,327504.6397882805,1563211.7075899488,0.20950754027629717,6458251.279463954,6422583.548732477,0.0004,0.0006,43.435532,15.266357,True,True,816.4559963987424,7.513208855988276,1.3940323139381494,1.4752416832623347,505,/scratch/project_2013233/enchanted_plugins/data/ascot_DT-D_random_extended/batch_0/ascot_sdcc_workflow_runner-aa7cb7bb-8ed6-46e4-9552-5a91910c9a04,0
7.06,0.68,0.0,7.74,29488.367269771417,1.0719195918114483e+20,105106.16685649432,1898001.4657714018,0.05537728434460201,2912184.1216036007,4801393.265962334,0.021143,0.019608,37.94765,11.692444,True,True,739.4151407242093,4.013407416774556,1.2242410495637461,0.91999946885936,503,/scratch/project_2013233/enchanted_plugins/data/ascot_DT-D_random_extended/batch_0/ascot_sdcc_workflow_runner-c2288a84-f40f-4fc0-935e-eedeea35d6b4,0
6.03,0.75,0.0,6.78,45445.88482623824,1.0106494309988178e+20,184960.50920975566,1949954.914738585,0.09485373626423145,2408249.9074736373,4293317.643254896,0.037536,0.03698,48.43678,14.558406,True,True,829.0128320725104,3.8380695175501973,1.0252991968074237,1.1212249199368762,461,/scratch/project_2013233/enchanted_plugins/data/ascot_DT-D_random_extended/batch_0/ascot_sdcc_workflow_runner-10a6ac30-ec4d-469e-a59c-d24f1c6f46cc,0
6.38,0.79,0.0,7.18,7320.932172124789,6.174801485431911e+19,50207.88361081786,660989.8196860666,0.07595863372701234,3237866.684375685,3200104.5824428424,0.001597,0.0006,28.995532,9.767395,True,True,547.6445486952015,5.717990472232389,1.4346995750560223,0.9241921840760883,493,/scratch/project_2013233/enchanted_plugins/data/ascot_DT-D_random_extended/batch_0/ascot_sdcc_workflow_runner-13e28c2c-6a96-404d-8b46-8156e155ac73,0
6.92,0.61,0.0,7.53,50360.04248827107,1.2227309277141059e+20,410417.41100296774,2145056.3673354336,0.1913317604389035,4521512.96782791,6030980.677561512,0.00833,0.004777,46.948896,16.348629,True,True,935.969936489847,5.849936554123977,1.3728753304195878,1.4460519095338786,512,/scratch/project_2013233/enchanted_plugins/data/ascot_DT-D_random_extended/batch_0/ascot_sdcc_workflow_runner-bfc51671-0da2-4e58-8193-8af3fa6748b0,0
6.55,0.76,0.0,7.32,350402.2306596137,1.1848695462667089e+20,104630.96291825915,1509742.1696773386,0.06930386195718494,8177032.890650723,13654455.924560286,0.0006,0.0002,24.088121,8.544441,True,True,949.0377103289732,8.295191865746686,1.4462971224520749,0.8609621020467096,511,/scratch/project_2013233/enchanted_plugins/data/ascot_DT-D_random_extended/batch_0/ascot_sdcc_workflow_runner-ea67aee2-2f20-4435-8c19-5928ba49871e,0
6.68,0.7,0.0,7.38,17950.16857790583,9.436415235063954e+19,223279.09268206294,1142220.8487856905,0.19547803992497054,5416135.3737908285,4966845.205471847,0.0004,0.0004,41.692346,14.369911,True,True,705.644489411546,7.284508680332441,1.3760676674260337,1.4000314107229985,500,/scratch/project_2013233/enchanted_plugins/data/ascot_DT-D_random_extended/batch_0/ascot_sdcc_workflow_runner-9fb19688-6adb-41af-82be-bc57ba53898a,0
17.21,0.66,0.0,17.87,33456.36898733961,1.0816900841696674e+20,182281.704730155,2039001.3451314499,0.0893975402053517,2875020.0341490908,4985528.109337138,0.02988,0.024009,44.254373,13.561883,True,True,833.0342663574324,4.202987257519547,1.119732845853275,1.0731337140220192,473,/scratch/project_2013233/enchanted_plugins/data/ascot_DT-D_random_extended/batch_0/ascot_sdcc_workflow_runner-4e0bbdaa-a07f-45aa-aba0-f2cb020e87e7,0
11.05,0.59,0.0,11.64,2013.2704255816109,7.313740036538564e+19,182561.0767746313,1019974.7344650638,0.17898588132222445,2268824.928827644,1537851.5060051207,0.005371,0.006754,52.179076,16.574398,True,True,528.7265344115447,3.880823459462588,1.3111491765552876,1.4393209482749028,508,/scratch/project_2013233/enchanted_plugins/data/ascot_DT-D_random_extended/batch_0/ascot_sdcc_workflow_runner-531d1766-d561-41fe-962a-42abe64e728b,0
5.4,0.68,0.0,6.08,17316.49185906203,8.903011805866222e+19,139272.60894162994,1225611.7889809434,0.113635174036169,4166581.8314394713,4905084.19951509,0.001398,0.001797,37.923846,11.840518,True,True,675.2481829799079,5.9651540858701715,1.1837161944127166,1.1119310945196699,516,/scratch/project_2013233/enchanted_plugins/data/ascot_DT-D_random_extended/batch_0/ascot_sdcc_workflow_runner-0d870fcf-7206-49e9-a4f8-97a5bb1716c4,0
6.55,0.6,0.0,7.15,9907.77648686848,1.0209239640354257e+20,249033.05571028483,1868171.562721797,0.13330309735978468,2564723.547468035,3189600.6798636317,0.025151,0.022483,49.49534,15.520129,True,True,712.637901909177,3.8062365239808136,1.219297787324789,1.248263812834234,515,/scratch/project_2013233/enchanted_plugins/data/ascot_DT-D_random_extended/batch_0/ascot_sdcc_workflow_runner-7bffd8fe-ea8e-448e-ac98-87df1b573f92,0
10.21,0.72,0.0,10.93,5712.62915491509,6.226059314321923e+19,10127.479922994182,777526.4713537156,0.013025254182486793,2377178.1121299416,2732328.260716971,0.006951,0.004182,29.83435,8.530972,True,True,517.0981323268355,4.216102019084325,1.2850490308760105,0.8159863172803481,498,/scratch/project_2013233/enchanted_plugins/data/ascot_DT-D_random_extended/batch_0/ascot_sdcc_workflow_runner-435792fe-5e69-4778-bfa7-f20c7a927e64,0
6.52,1.02,0.0,7.54,272051.10567540326,8.768310300320932e+19,144537.00198629143,1009126.4028255236,0.1432298288713804,8162375.835671304,11817908.414117707,0.0,0.0,30.320906,10.506841,True,True,925.5725051717282,11.591080353383166,1.2917848088595647,1.1224583155734524,513,/scratch/project_2013233/enchanted_plugins/data/ascot_DT-D_random_extended/batch_0/ascot_sdcc_workflow_runner-e15fdd0c-132b-4331-b566-bb7dadf72f5b,0
10.03,0.4,0.0,10.43,14169.00667792105,9.98978810145506e+19,303557.6732659469,1790686.569745005,0.1695202713834916,2803696.09537919,3515475.785818056,0.018068,0.019608,55.450141,16.840882,True,True,743.6409591249218,4.253137736977755,1.065782820823996,1.4754115038531128,486,/scratch/project_2013233/enchanted_plugins/data/ascot_DT-D_random_extended/batch_0/ascot_sdcc_workflow_runner-c0be382a-638a-4c01-97fa-f49f427b4c5d,0
5.91,0.72,0.0,6.62,43687.25741065066,4.380315795933578e+19,58380.83869562163,416198.9235316962,0.14027147932105488,4443999.395112719,6665207.975615438,0.0,0.0,25.447247,9.188508,True,True,694.2544760505999,11.979980010843061,1.4422877569445256,1.0514609128003847,509,/scratch/project_2013233/enchanted_plugins/data/ascot_DT-D_random_extended/batch_0/ascot_sdcc_workflow_runner-ece10977-7d45-4aaf-9160-f259aedb15c8,0
9.87,0.82,0.0,10.69,99512.04563437632,1.2112972962142103e+20,348757.8261962328,2069917.301714251,0.16848877291252204,4675463.670864724,6781249.998684026,0.004182,0.006359,46.160841,15.319704,True,True,942.0700447777288,5.991418914003441,1.2359670518361872,1.3665867184303204,502,/scratch/project_2013233/enchanted_plugins/data/ascot_DT-D_random_extended/batch_0/ascot_sdcc_workflow_runner-fd87b420-47de-4ec9-b21d-24e0f20305fa,0
7.46,0.7,0.0,8.16,49134.56808064404,4.465174621347944e+19,25843.65529478036,450142.83809658955,0.0574121214591777,3931989.6293767556,6838254.5234669065,0.0,0.0,21.698778,7.537654,True,True,673.4307186999786,9.923054479270824,1.4098457422187192,0.901360009682898,526,/scratch/project_2013233/enchanted_plugins/data/ascot_DT-D_random_extended/batch_0/ascot_sdcc_workflow_runner-bd208c79-d5c2-47d8-b33d-4ffc216a6e51,0
15.9,0.85,0.0,16.75,344746.21048218873,7.852065761413353e+19,92565.9992284521,928629.9848335135,0.09968017481693475,7028799.778374938,12198060.503377471,0.0,0.0,26.644585,8.832904,True,True,899.7944584260172,10.84915920056668,1.2193488712130867,0.9859731399316777,504,/scratch/project_2013233/enchanted_plugins/data/ascot_DT-D_random_extended/batch_0/ascot_sdcc_workflow_runner-e6743cb5-5b3e-43b1-98b8-97ff5b729354,0
8.02,0.67,0.0,8.69,1990.8197851328136,6.249562503262525e+19,6301.119162740668,889723.7391180359,0.007082107496633542,2017542.3346892877,2660674.9929803233,0.009901,0.011076,35.228771,9.281474,True,True,526.3851622507907,3.9156573519550513,1.04330403628248,0.8507774637403595,522,/scratch/project_2013233/enchanted_plugins/data/ascot_DT-D_random_extended/batch_0/ascot_sdcc_workflow_runner-2925f673-044a-4813-bb06-73f5f42ed8c7,0
17.12,0.76,0.0,17.88,33735.365079140756,8.818562742181877e+19,60348.98262028518,1273969.3005075213,0.04737082957669661,3939271.363201147,6159185.428851932,0.004381,0.003786,31.74978,9.238661,True,True,699.2658514340643,5.682347722660376,1.117203240337462,0.8752087192760178,506,/scratch/project_2013233/enchanted_plugins/data/ascot_DT-D_random_extended/batch_0/ascot_sdcc_workflow_runner-fc5a6c19-058b-4a7f-a10f-a07a03b6a28a,0
6.13,0.97,0.0,7.09,139078.56824425067,7.599051731432954e+19,63520.80965806411,966186.4555050362,0.06574384198426907,5176274.166950936,8872223.682737008,0.0004,0.0006,27.98167,8.417911,True,True,777.7616423416707,8.252613172996499,1.1093926776550918,0.9093254118120981,529,/scratch/project_2013233/enchanted_plugins/data/ascot_DT-D_random_extended/batch_0/ascot_sdcc_workflow_runner-819f8bdb-ed37-4e96-b3a4-c894d909e6eb,0
7.98,0.78,0.0,8.77,0.0,6.259075069652446e+19,131007.81997914055,625644.6233986965,0.2093965409108213,4022514.174186288,2951668.92368999,0.0002,0.0004,42.019791,14.480744,True,True,574.5213236601599,7.493311745311633,1.3917900880155945,1.454053764386878,521,/scratch/project_2013233/enchanted_plugins/data/ascot_DT-D_random_extended/batch_0/ascot_sdcc_workflow_runner-76fd7411-6266-4bce-affa-6da597d11d61,0
12.29,1.07,0.0,13.36,64639.808187716466,1.0780172544277799e+20,275372.42497964285,1451132.2796555087,0.18976383396627,6184138.596431034,6800323.609146317,0.0006,0.0006,43.03105,14.390273,True,True,811.5729990471591,7.734417953301797,1.2488413485695522,1.4140919616042005,514,/scratch/project_2013233/enchanted_plugins/data/ascot_DT-D_random_extended/batch_0/ascot_sdcc_workflow_runner-571ac147-c822-4d56-8e7c-f4da49a60f69,0
9.38,0.76,0.0,10.14,8900.166411961076,6.3134210278475e+19,134679.85327044115,683565.5193764393,0.19702552199136453,5456948.854494676,6089147.673776526,0.0,0.0002,42.546117,13.766191,True,True,726.1509508946084,10.787621907235051,1.098708779624283,1.4699165676248689,518,/scratch/project_2013233/enchanted_plugins/data/ascot_DT-D_random_extended/batch_0/ascot_sdcc_workflow_runner-0d88af46-2824-4a09-a23f-b7b467d22819,0
7.19,0.6,0.0,7.79,13465.251220109158,1.0114663515993906e+20,297752.5721056027,1661445.2196158806,0.1792129939586223,3216797.3080401635,3398309.2085114154,0.009705,0.007346,51.562433,16.318784,True,True,698.5753151817712,4.570945634735334,1.2129692135693089,1.4546744472598376,532,/scratch/project_2013233/enchanted_plugins/data/ascot_DT-D_random_extended/batch_0/ascot_sdcc_workflow_runner-e2c831da-59ac-4429-aa54-5350323c2e13,0
8.15,0.78,0.0,8.93,63679.205989785885,7.026565302958193e+19,109900.17220142849,775765.0707195344,0.1416668220180297,5748180.415731864,7377755.9441844085,0.0,0.0,31.603588,10.690837,True,True,746.9916398984271,9.83797933367632,1.2839178499796904,1.1331843307598746,501,/scratch/project_2013233/enchanted_plugins/data/ascot_DT-D_random_extended/batch_0/ascot_sdcc_workflow_runner-e60b4ef7-56eb-45da-a762-df50b6aba4a3,0
6.99,0.79,0.0,7.78,29337.63828255795,9.13180509036551e+19,147781.29983330306,1075255.0856978998,0.1374383639742423,5554761.960141497,5971652.100454852,0.0006,0.0002,32.583508,11.581388,True,True,708.9765819081332,7.386457428669153,1.4389298532673398,1.1166089005252533,524,/scratch/project_2013233/enchanted_plugins/data/ascot_DT-D_random_extended/batch_0/ascot_sdcc_workflow_runner-7dd85468-c55d-47b6-bd43-6ceb7477ddd7,0
7.3,0.89,0.0,8.18,192833.70719805596,1.1784535002171022e+20,94090.51407477944,1884588.8043401006,0.049926283048108075,5459910.983999059,10986544.938249744,0.003786,0.004975,31.296142,9.392405,True,True,935.5771119263943,6.4743251943703815,1.096362480340366,0.8775886450955215,520,/scratch/project_2013233/enchanted_plugins/data/ascot_DT-D_random_extended/batch_0/ascot_sdcc_workflow_runner-6ba3beaf-7244-4218-80a2-068a06584dcc,0
6.94,0.81,0.0,7.75,0.0,3.8164504580828815e+19,64044.76754517243,325743.8694325496,0.19661081467700164,3578685.265562061,3404190.601350838,0.0,0.0,35.821132,12.439585,True,True,571.2707880712755,10.763619348167664,1.3521727422658865,1.337348679875659,535,/scratch/project_2013233/enchanted_plugins/data/ascot_DT-D_random_extended/batch_0/ascot_sdcc_workflow_runner-f230ca76-cdb4-4dcc-91ed-6cbcbab40d24,0
11.08,0.85,0.0,11.92,41088.38026514769,7.794772343934697e+19,42102.6958076843,1069984.447785903,0.039348885766336654,4007501.7813166245,6893789.179761848,0.000999,0.001996,29.791921,8.405076,True,True,703.4558462958989,6.370557890321503,1.0464473846749751,0.8449646910598243,531,/scratch/project_2013233/enchanted_plugins/data/ascot_DT-D_random_extended/batch_0/ascot_sdcc_workflow_runner-6dad7f09-2da8-4621-b7d9-2d9cdb8f0343,0
9.63,0.86,0.0,10.49,223150.6805579422,9.069594897253204e+19,116250.00513922019,1054345.8815359692,0.11025794018360216,7280716.806442368,11143509.923981946,0.0002,0.0,26.718143,9.487511,True,True,872.8125803413939,9.743804917050596,1.3797430328550704,1.0003397299541872,536,/scratch/project_2013233/enchanted_plugins/data/ascot_DT-D_random_extended/batch_0/ascot_sdcc_workflow_runner-9e60fdc3-b520-49ce-b283-8b44741a8c41,0
5.32,0.31,0.0,5.63,20872.67339540012,4.751112751281706e+18,-860.9680448976538,43407.07496211606,-0.01983473997381929,615444.1718205924,4483940.801541065,0.0,0.0,10.656473,2.187693,True,True,505.2606446710723,10.809999694083853,1.1489726191176741,1.0082442176822508,543,/scratch/project_2013233/enchanted_plugins/data/ascot_DT-D_random_extended/batch_0/ascot_sdcc_workflow_runner-1ce378a3-69ca-4249-b530-f5ba538267d7,0
10.22,0.74,0.0,10.96,136677.42628396788,5.3821768145126015e+19,52113.491600737514,556150.9323535044,0.09370386448909662,5248367.217234047,9371633.206212737,0.0,0.0,22.070005,8.146104,True,True,776.2460651482361,11.6172698612338,1.4919125586115318,0.946554355208624,528,/scratch/project_2013233/enchanted_plugins/data/ascot_DT-D_random_extended/batch_0/ascot_sdcc_workflow_runner-48ff7690-b888-4fc1-bc26-555b15619fc1,0
6.19,0.82,0.0,7.01,5337.49050760133,7.11593390270568e+19,144576.5924517982,750494.5038644369,0.19264177380026934,4197459.771443769,3201359.662806219,0.0002,0.0002,40.448146,14.081935,True,True,591.8281788744717,6.964886333457606,1.4269135698551736,1.3687864616585514,519,/scratch/project_2013233/enchanted_plugins/data/ascot_DT-D_random_extended/batch_0/ascot_sdcc_workflow_runner-52dde293-73cd-40ef-92bb-5c32b3ff5fb1,0
42.51,0.5,0.0,43.01,25495.951508060396,1.1547908537974294e+20,163197.17654690918,1811386.6346615246,0.09009516434761825,4112446.5070581455,5645453.045752992,0.009705,0.006162,34.207201,11.939694,True,True,747.26792823681,4.956045221684715,1.4263894746934147,0.9972419340707391,449,/scratch/project_2013233/enchanted_plugins/data/ascot_DT-D_random_extended/batch_0/ascot_sdcc_workflow_runner-bdd6c790-fab3-4a2f-8f65-0eed9117eba3,0
6.11,0.94,0.0,7.04,251780.3612713385,1.1356495669140695e+20,86905.05223315288,1563824.6817322352,0.05557211959136551,6922696.415309718,12819530.031614795,0.0002,0.000799,26.815459,8.45816,True,True,936.0476187235995,7.707267822335904,1.2071982526723692,0.856768238980641,544,/scratch/project_2013233/enchanted_plugins/data/ascot_DT-D_random_extended/batch_0/ascot_sdcc_workflow_runner-372e3daf-16d1-4e7a-b639-d62702273809,0
11.7,0.7,0.0,12.41,20853.216509725797,5.631227668233445e+19,58558.511381042204,618533.603643038,0.09467312856754169,3870297.0655359956,5092035.665810618,0.0002,0.0004,30.239162,9.482292,True,True,630.9122316881909,7.846882320595199,1.1819455010098587,1.005392278966628,534,/scratch/project_2013233/enchanted_plugins/data/ascot_DT-D_random_extended/batch_0/ascot_sdcc_workflow_runner-4bed1376-0b22-4e0a-93aa-41e51525cd23,0
6.66,0.67,0.0,7.33,33908.648837945984,1.102034097122915e+20,212599.6032186908,2233285.528800204,0.09519588985690802,2568676.2165494515,4548844.883167034,0.040491,0.033069,40.489977,14.290971,True,True,883.4566365795438,3.910975679884048,1.4150745132306106,1.039542770129967,539,/scratch/project_2013233/enchanted_plugins/data/ascot_DT-D_random_extended/batch_0/ascot_sdcc_workflow_runner-95dfe9f8-f29a-4c04-aad4-c87b59d81ea1,0
15.25,0.62,0.0,15.87,68971.86308198606,9.074956237679627e+19,107168.92478430751,1828399.2630275209,0.0586135243824447,1955959.0275749094,4862027.899658076,0.067512,0.06209,44.521726,13.604347,True,True,979.5279158386893,3.659998180684496,1.0591007869666593,0.9600819194779662,523,/scratch/project_2013233/enchanted_plugins/data/ascot_DT-D_random_extended/batch_0/ascot_sdcc_workflow_runner-7b4f9204-b065-4c68-b9fb-976d1c3a2aeb,0
6.48,0.74,0.0,7.22,10755.250176492531,7.639782348117918e+19,154830.45730682954,1015838.4918839638,0.15241641121482072,3529416.9525048365,3495741.6280319174,0.001398,0.000799,45.4941,13.802283,True,True,615.1203795728239,5.847654112615043,1.0960709387824814,1.3166742400559794,533,/scratch/project_2013233/enchanted_plugins/data/ascot_DT-D_random_extended/batch_0/ascot_sdcc_workflow_runner-629cffbc-8ca8-4a0f-9f8a-c305bfb183ba,0
11.74,0.31,0.0,12.04,60860.90204978492,6.425003098552728e+18,-1087.6475928946109,65136.63188271366,-0.016697940336446185,831161.1751793611,7352499.329683479,0.0,0.0,8.501505,1.766475,True,True,608.1257471296257,10.898896008054429,1.2050452021280782,0.887445188676922,530,/scratch/project_2013233/enchanted_plugins/data/ascot_DT-D_random_extended/batch_0/ascot_sdcc_workflow_runner-cce7657a-1760-44a2-9335-bb5d2818c574,0
45.64,0.83,0.0,46.46,128568.88238648203,1.1417567236345623e+20,194661.98552352557,1513855.246083275,0.12858692138972017,6992578.581387007,9296999.992423395,0.000799,0.0006,33.355947,11.388342,True,True,864.8479757984417,7.947947729642545,1.3018501113055838,1.1081055017993382,350,/scratch/project_2013233/enchanted_plugins/data/ascot_DT-D_random_extended/batch_0/ascot_sdcc_workflow_runner-663e0121-402b-4ce1-91d5-99f59ad3eed8,0
7.34,0.72,0.0,8.06,2421.9688587298383,4.549259451872901e+19,45331.38451644589,488428.5608590575,0.09281067519212263,2488141.2222784813,2541173.2298877942,0.000799,0.0004,37.16864,10.792106,True,True,508.35047745821413,6.071851623723962,1.046251811413834,1.0643530842130107,538,/scratch/project_2013233/enchanted_plugins/data/ascot_DT-D_random_extended/batch_0/ascot_sdcc_workflow_runner-c2d0f4a7-3ccd-45e4-be24-3720fdd4d9c9,0
16.72,0.71,0.0,17.43,104772.16610646661,1.0212103696627863e+20,190972.55279408436,1465376.960053341,0.13032315779492862,5923074.538869764,8678753.591993805,0.000999,0.001597,39.39292,12.198691,True,True,862.0702228816448,7.956731599455278,1.0415438503282748,1.1998644411594985,527,/scratch/project_2013233/enchanted_plugins/data/ascot_DT-D_random_extended/batch_0/ascot_sdcc_workflow_runner-3366e3bb-6b9b-41d5-b455-84d1b995c224,0
8.21,0.52,0.0,8.73,11354.31630591498,1.0833496615690874e+20,187736.05793966397,1924285.1565592536,0.09756145408061463,2910613.5416562534,3826952.3389003268,0.018646,0.014196,39.849624,13.635165,True,True,713.4459603356743,3.982272397431175,1.4133583963382856,1.0511545398197844,546,/scratch/project_2013233/enchanted_plugins/data/ascot_DT-D_random_extended/batch_0/ascot_sdcc_workflow_runner-fa37e258-7660-4095-80cc-551e4a52f9cc,0
7.57,0.57,0.0,8.15,14387.776654780839,9.58869052085338e+19,145914.1391831061,1604842.0737325784,0.09092118257077823,3115022.095386956,4202935.530586511,0.012053,0.009509,43.183612,12.718836,True,True,690.5146363322056,4.61360385718277,1.0626474031837023,1.0866019624129593,548,/scratch/project_2013233/enchanted_plugins/data/ascot_DT-D_random_extended/batch_0/ascot_sdcc_workflow_runner-b50ae866-cc2c-402d-8a79-1768403e571b,0
10.65,0.78,0.0,11.43,231975.3206829667,7.215816791169202e+19,91370.93456008285,834951.7540804843,0.1094325918995258,6375901.618985663,10431971.25167402,0.0,0.0,27.368614,9.160126,True,True,839.0130613347812,10.641487327661123,1.2420520832220134,1.0157867065110011,517,/scratch/project_2013233/enchanted_plugins/data/ascot_DT-D_random_extended/batch_0/ascot_sdcc_workflow_runner-b937b2f9-2bf3-43d2-aef1-79142cc29fd0,0
6.59,0.85,0.0,7.44,144904.53295616817,1.173371102569301e+20,329684.16594444815,1710172.3994329872,0.1927783222637413,7026254.243621938,9163210.350755733,0.0002,0.0006,46.012193,15.120786,True,True,981.5380237631528,8.616889778033476,1.1259218401356819,1.4916472664284313,545,/scratch/project_2013233/enchanted_plugins/data/ascot_DT-D_random_extended/batch_0/ascot_sdcc_workflow_runner-2cb495b5-e913-4c94-b580-e3bf6457b0da,0
9.15,0.81,0.0,9.95,219453.262784322,1.3530774796886414e+20,227996.76225676795,2241624.3904748056,0.10171051101405763,5585478.405322721,9740356.708329774,0.007346,0.007346,35.072549,12.026495,True,True,996.8610251729463,6.193225833342241,1.300026769530588,1.0408515770103184,552,/scratch/project_2013233/enchanted_plugins/data/ascot_DT-D_random_extended/batch_0/ascot_sdcc_workflow_runner-a67b8071-2a85-4a17-ab98-e13d030ff742,0
7.27,0.92,0.0,8.19,264183.37252938934,1.0624179258047485e+20,187862.66679067307,1342221.2403517845,0.13996400976446766,8353360.558447867,12072017.226125438,0.0,0.0,34.064835,11.333718,True,True,967.1427516814473,10.245628388380533,1.1907528519359443,1.163034888163101,549,/scratch/project_2013233/enchanted_plugins/data/ascot_DT-D_random_extended/batch_0/ascot_sdcc_workflow_runner-3e84d47a-1bfb-4182-96c0-c4a40f0b57a1,0
5.91,0.83,0.0,6.74,133067.75688921777,1.1161598745582235e+20,262188.6463686787,1311699.853229476,0.19988463498197098,8754490.773994947,9388292.096477494,0.0002,0.0,37.148353,13.510496,True,True,896.2930712241184,10.171728290697967,1.4513165287848155,1.3511066083333951,557,/scratch/project_2013233/enchanted_plugins/data/ascot_DT-D_random_extended/batch_0/ascot_sdcc_workflow_runner-510f8501-62eb-4f4a-83de-c63cd336d498,0
7.12,1.3,0.0,8.41,80153.86363891925,1.1773899737122821e+20,268061.8084374552,1658300.4041343736,0.16164852144348504,6470729.421775522,7844507.766068558,0.000799,0.000999,39.335433,13.275608,True,True,854.2615068441447,7.478234225813199,1.2799086489438007,1.2671714202197244,556,/scratch/project_2013233/enchanted_plugins/data/ascot_DT-D_random_extended/batch_0/ascot_sdcc_workflow_runner-5cf5cba7-58aa-40a3-8dff-f5b42656f8c6,0
11.17,0.8,0.0,11.97,2190.363036178637,3.4607067020451967e+19,46533.639076588086,284458.3612004845,0.16358682121420035,3156778.034592025,3250657.6978830625,0.0,0.0,30.34575,10.806716,True,True,549.2153532910331,10.304278096710853,1.4437325687580598,1.1646540348847139,547,/scratch/project_2013233/enchanted_plugins/data/ascot_DT-D_random_extended/batch_0/ascot_sdcc_workflow_runner-8bd3f89e-9d23-434c-8b32-edae48ff3c49,0
5.48,0.74,0.0,6.21,160092.81160074729,1.1976315304829097e+20,203671.85651329154,1978572.7764661917,0.10293877432047631,4915897.427409067,8201238.3722084835,0.007149,0.005767,38.187334,12.130899,True,True,906.4481977254565,6.039182399793988,1.161657978551252,1.081343253751576,555,/scratch/project_2013233/enchanted_plugins/data/ascot_DT-D_random_extended/batch_0/ascot_sdcc_workflow_runner-0dded1f3-811a-4aeb-826d-a44629d189f2,0
37.88,0.67,0.0,38.55,22631.057072289987,1.0773848540650312e+20,314532.3071633807,2106268.320525723,0.14933154721943198,2587897.9584286083,3392224.2808185527,0.029315,0.024771,48.030684,16.452209,True,True,799.3922615750733,3.8576318687348183,1.4057142326191738,1.274138788393861,485,/scratch/project_2013233/enchanted_plugins/data/ascot_DT-D_random_extended/batch_0/ascot_sdcc_workflow_runner-fa7f5387-cf69-4bdf-a999-2d7e585a3bc0,0
7.59,0.8,0.0,8.39,67682.05109290284,9.624639751063975e+19,224312.80427562975,1083658.6245957117,0.20699581877947562,7806115.026744577,7946177.093288001,0.0002,0.0,37.79166,13.603665,True,True,826.6295196152755,10.313032626495616,1.429566253048573,1.3870533093392416,550,/scratch/project_2013233/enchanted_plugins/data/ascot_DT-D_random_extended/batch_0/ascot_sdcc_workflow_runner-32452ce4-4913-4444-9e57-0b8c8813daf2,0
7.4,0.77,0.0,8.18,18795.452193031717,4.222197986977634e+19,37273.141614731416,389071.9739090907,0.09580011955176329,3219306.393094009,3871359.4353712867,0.0,0.0,24.965752,8.750938,True,True,562.5846893365324,8.2949340492631,1.4584350521068616,0.9450592580357093,562,/scratch/project_2013233/enchanted_plugins/data/ascot_DT-D_random_extended/batch_0/ascot_sdcc_workflow_runner-37a7d482-7309-4e85-8232-573fbce7f01c,0
6.36,0.83,0.0,7.19,4450.650794566799,6.249183935252072e+19,132443.7536782864,728369.1115231507,0.1818360383258465,3561507.129250294,3331536.702273979,0.000799,0.0004,47.268267,14.451473,True,True,592.8911032762462,6.932004295675947,1.032847312984795,1.4616040286132446,462,/scratch/project_2013233/enchanted_plugins/data/ascot_DT-D_random_extended/batch_0/ascot_sdcc_workflow_runner-6fe25999-5072-4e7c-839c-2dac840d448a,0
6.86,0.78,0.0,7.65,23582.8102702873,8.927219329092384e+19,190828.09077764477,1026114.3712737805,0.18597156040291865,5896477.411663221,5767171.066634024,0.0002,0.0002,39.072825,13.430008,True,True,724.4421181917186,8.240248440822956,1.3414420985314837,1.3405554202014311,542,/scratch/project_2013233/enchanted_plugins/data/ascot_DT-D_random_extended/batch_0/ascot_sdcc_workflow_runner-e85ce955-0690-4090-be6e-8513f3a02316,0
21.01,1.04,0.0,22.05,47358.78954046163,7.586479428771858e+19,165522.6300584263,839005.5342731539,0.19728431255441198,6983491.2616566075,8257048.664123416,0.0,0.0,40.082828,13.398607,True,True,827.9295206228373,11.727871544567925,1.175982399848801,1.4244047692034898,537,/scratch/project_2013233/enchanted_plugins/data/ascot_DT-D_random_extended/batch_0/ascot_sdcc_workflow_runner-a9e0960a-6545-46d7-9707-cd4c6af296b2,0
8.77,0.69,0.0,9.46,122304.37596587637,1.1626340308218167e+20,334422.27969266137,1794269.5425622712,0.18638352363441238,6010379.97840899,8263011.25399813,0.001398,0.001398,47.209372,15.322874,True,True,960.3429320448664,7.64166907718152,1.1109121858058661,1.477878152007368,563,/scratch/project_2013233/enchanted_plugins/data/ascot_DT-D_random_extended/batch_0/ascot_sdcc_workflow_runner-20380caf-2d53-4581-88e5-851310b8e6fd,0
10.64,0.73,0.0,11.37,4203.857938407796,3.2716000726383047e+19,39672.74417320721,291108.50595750124,0.1362816385001097,2804086.963704752,3201658.8498391355,0.0002,0.0,33.039276,10.519026,True,True,537.93580567756,9.341516836643201,1.1773446037672275,1.1467620243036745,561,/scratch/project_2013233/enchanted_plugins/data/ascot_DT-D_random_extended/batch_0/ascot_sdcc_workflow_runner-f38f0743-0061-4acc-949b-5ca7f05c7b5e,0
11.69,0.31,0.0,12.0,146391.05871515817,7.211853724502085e+18,-1041.4027138153726,78075.5683105976,-0.013338394280685851,957158.1257046057,10069731.382398443,0.0,0.0,7.772395,1.620044,True,True,687.2211003016359,11.329168746413849,1.20774774951348,0.871387942344292,560,/scratch/project_2013233/enchanted_plugins/data/ascot_DT-D_random_extended/batch_0/ascot_sdcc_workflow_runner-15300004-32dd-40b4-b89e-fe93c8cfa9ca,0
62.0,0.71,0.0,62.71,150441.253375556,1.3644846718675193e+20,307650.6208438877,2160563.976975532,0.14239366393331837,6048075.115420669,8855900.78060038,0.005173,0.003587,37.734478,13.383893,True,True,963.625257964878,6.593241653625088,1.3827752103355297,1.1776618163949821,401,/scratch/project_2013233/enchanted_plugins/data/ascot_DT-D_random_extended/batch_0/ascot_sdcc_workflow_runner-e26fa1f6-95eb-44b4-864a-13abab30572a,0
34.82,0.63,0.0,35.45,19020.743827242313,1.0496396832101497e+20,253293.1388529735,1826796.761600752,0.13865425217363667,3104476.386337372,3817719.429458273,0.015748,0.013223,47.523346,14.93601,True,True,722.2838015604339,4.359261967332783,1.213548378700934,1.257897302836166,510,/scratch/project_2013233/enchanted_plugins/data/ascot_DT-D_random_extended/batch_0/ascot_sdcc_workflow_runner-bfa847b9-5f97-46da-a107-162cb3a6db70,0
75.9,0.59,0.0,76.49,0.0,5.943843910942336e+19,125375.1357922477,748616.100021849,0.16747587420119406,2305275.38958169,1751907.6311512485,0.002991,0.002195,52.479117,15.425896,True,True,505.5562890207176,4.631661644047777,1.0604004604935136,1.4582410295709298,389,/scratch/project_2013233/enchanted_plugins/data/ascot_DT-D_random_extended/batch_0/ascot_sdcc_workflow_runner-af57cf44-7068-4b41-9b0f-7caf51eba566,0
11.95,0.79,0.0,12.74,63983.989234715955,1.1351122231692137e+20,359429.8780505341,2148794.455867951,0.16727047906745998,3315654.4071805826,4839529.912419284,0.01826,0.013807,47.325521,16.25517,True,True,903.1875064066395,4.791765068127559,1.366199544757125,1.344601379530891,468,/scratch/project_2013233/enchanted_plugins/data/ascot_DT-D_random_extended/batch_0/ascot_sdcc_workflow_runner-b9832615-51ec-403d-8c97-f31f0e758365,0
13.17,0.33,0.0,13.5,60053.13678266719,6.53690911558265e+18,-1306.7928855952423,67759.2490533033,-0.019285823025683834,836797.0138953292,7390962.413465939,0.0,0.0,9.347675,1.890511,True,True,612.7877891186453,11.069654762369,1.1302593381652581,0.9431402343984705,553,/scratch/project_2013233/enchanted_plugins/data/ascot_DT-D_random_extended/batch_0/ascot_sdcc_workflow_runner-4cfff9df-81ef-4430-bed9-0b6d2712d879,0
7.57,0.68,0.0,8.26,257705.0362240926,1.1333962426210027e+20,144121.72239458558,1516054.0043805628,0.09506371275571518,7527438.05783117,11998946.553116718,0.0004,0.0006,29.79237,9.862558,True,True,932.4188029368628,8.518820445978198,1.221873958868391,0.9971695941847184,569,/scratch/project_2013233/enchanted_plugins/data/ascot_DT-D_random_extended/batch_0/ascot_sdcc_workflow_runner-29f053fa-381f-428f-9a9f-adad3273af52,0
7.06,0.34,0.0,7.41,231080.94148972878,1.1872672568155701e+19,-1867.3004488101897,139070.69039524999,-0.013426987695992397,1424111.1361685141,13664242.93588256,0.0,0.0,7.767178,1.698271,True,True,776.0297865641169,10.62549880625176,1.2426803537952011,0.813058873824539,571,/scratch/project_2013233/enchanted_plugins/data/ascot_DT-D_random_extended/batch_0/ascot_sdcc_workflow_runner-157c3be9-4618-49c2-b09a-b2e1f559b41a,0
6.42,0.76,0.0,7.18,38314.986482655244,7.562059148795175e+19,129394.80063268446,861431.1572226858,0.15020910208293642,5294224.420155917,5999157.076518041,0.0,0.0002,35.923838,11.782235,True,True,703.5694267260487,8.499057247065542,1.2253295638420614,1.2066794440992332,565,/scratch/project_2013233/enchanted_plugins/data/ascot_DT-D_random_extended/batch_0/ascot_sdcc_workflow_runner-588679ae-2d4b-4afb-9276-64f13ac5425a,0
8.06,0.75,0.0,8.81,28450.32755325463,8.583743063272486e+19,174579.32669695865,1079905.2926033903,0.16166170116278453,5152729.079173049,5645686.345492174,0.0002,0.0006,40.561639,13.005507,True,True,714.2516559176928,7.611108440491547,1.1756313010752986,1.2954302458398617,568,/scratch/project_2013233/enchanted_plugins/data/ascot_DT-D_random_extended/batch_0/ascot_sdcc_workflow_runner-b7e9a84f-5747-43c8-8074-95bac931826c,0
6.42,0.77,0.0,7.19,13267.641520357607,6.083392680314231e+19,99309.91495495006,643804.3065300531,0.15425481617264425,4556160.021824817,4897194.54009848,0.0,0.0,34.860438,11.580103,True,True,645.6345051286015,8.778038685381274,1.2701169298410433,1.2041042921739575,579,/scratch/project_2013233/enchanted_plugins/data/ascot_DT-D_random_extended/batch_0/ascot_sdcc_workflow_runner-645ca4f2-5562-437d-90ea-3cb51245125b,0
22.55,0.56,0.0,23.11,77721.98094578071,9.937571492115576e+19,121244.44078674473,1949758.8630996896,0.06218432601147027,2360001.8970617033,5251734.824600808,0.047619,0.046166,43.735343,13.210676,True,True,920.0010331334108,3.896532194611724,1.0079113265163717,0.9778920601722065,540,/scratch/project_2013233/enchanted_plugins/data/ascot_DT-D_random_extended/batch_0/ascot_sdcc_workflow_runner-035bf054-27f0-4dc7-9a55-80acc367496c,0
11.02,0.8,0.0,11.81,63167.544596053514,7.980990931469627e+19,123181.21622961422,943373.2950949768,0.13057526312233866,5766055.44862603,7538556.979171736,0.0004,0.0,33.606281,10.891416,True,True,760.0027508326717,8.879922847749588,1.1908452872889548,1.131067966663664,442,/scratch/project_2013233/enchanted_plugins/data/ascot_DT-D_random_extended/batch_0/ascot_sdcc_workflow_runner-0caa271c-e085-4e48-9540-9549948fb08c,0
7.7,0.4,0.0,8.1,72931.7386200741,1.2166753545334093e+20,292715.5573271075,2155356.1926299795,0.1358084377552158,4052420.400042496,6239266.708930606,0.00833,0.007149,42.376346,14.262653,True,True,896.878441614195,5.216019015113822,1.308782648020749,1.1986978925551437,507,/scratch/project_2013233/enchanted_plugins/data/ascot_DT-D_random_extended/batch_0/ascot_sdcc_workflow_runner-5b8e0247-8e72-4058-af16-40a6b7f22602,0
9.65,0.76,0.0,10.41,115463.32030211439,1.0104920831232436e+20,249570.68501123125,1211980.8182288208,0.20591966577156878,8496433.334899666,9633422.371034155,0.0,0.0,41.751141,14.175831,True,True,920.836063392559,11.110820508041899,1.2144072780257036,1.4739959235261706,570,/scratch/project_2013233/enchanted_plugins/data/ascot_DT-D_random_extended/batch_0/ascot_sdcc_workflow_runner-6ed054cb-9e39-46da-8417-20947d323226,0
12.75,0.73,0.0,13.48,52776.34285751514,1.1494295718197502e+20,206131.7904440214,2095434.867276034,0.09837184331669681,3220339.6458325493,4981796.210984497,0.018838,0.01536,40.711635,13.377164,True,True,799.2054044633932,4.320673029094225,1.2939172083764985,1.0643361771947906,567,/scratch/project_2013233/enchanted_plugins/data/ascot_DT-D_random_extended/batch_0/ascot_sdcc_workflow_runner-3748b262-b5de-4eb6-bf4a-686bdbb892a1,0
8.35,0.73,0.0,9.08,23785.52226793144,5.5402825707268006e+19,27940.204422348605,602330.5350446575,0.046386830480505334,3818308.412973512,6037437.786784486,0.0,0.0,22.058478,7.154138,True,True,639.9042331442304,7.43137743796604,1.4401834702126803,0.8485820953504954,576,/scratch/project_2013233/enchanted_plugins/data/ascot_DT-D_random_extended/batch_0/ascot_sdcc_workflow_runner-3c8bc095-3f0e-438b-a862-edd16ba2aa42,0
10.8,0.68,0.0,11.48,105936.37481282795,1.2861317033941977e+20,272485.7168192576,2226453.4582174695,0.1223855436158156,4713241.609658897,7603999.026030736,0.009312,0.005964,38.833168,13.295536,True,True,934.657343821983,5.648828883627409,1.3283065228547732,1.1280251378257433,573,/scratch/project_2013233/enchanted_plugins/data/ascot_DT-D_random_extended/batch_0/ascot_sdcc_workflow_runner-59c0e9d0-ab08-4878-99f5-4089e96df007,0
8.94,0.8,0.0,9.75,1946.727621549793,5.8863433553768415e+19,94767.52709152328,585461.8099461758,0.16186799118500267,3204575.9590831106,2267454.932344561,0.0,0.0004,38.111299,13.172898,True,True,521.7002827229469,6.106863988323467,1.4518734120036423,1.2388176292864315,581,/scratch/project_2013233/enchanted_plugins/data/ascot_DT-D_random_extended/batch_0/ascot_sdcc_workflow_runner-5c74db6b-d4e5-4dc7-83b2-786f3c8cca93,0
9.0,0.64,0.0,9.64,328463.4123309424,6.470573986015147e+19,64590.49770758976,766741.4343673043,0.08424025990050768,6122310.678884035,12278980.387269655,0.0,0.0004,25.726877,8.089005,True,True,890.5198331129881,11.38165208226401,1.1248722298197833,0.9450459796043612,583,/scratch/project_2013233/enchanted_plugins/data/ascot_DT-D_random_extended/batch_0/ascot_sdcc_workflow_runner-c51c4e9d-231c-4371-829f-dd54b5be202f,0
7.03,0.55,0.0,7.59,3155.1692174731165,9.438915979141002e+19,285146.5084375274,1484274.7847544628,0.19211167053861794,3015301.594100235,2552559.1708298675,0.006359,0.007149,50.796922,16.774579,True,True,632.8279738553206,4.372362138689576,1.3603371953023136,1.4783079155310452,574,/scratch/project_2013233/enchanted_plugins/data/ascot_DT-D_random_extended/batch_0/ascot_sdcc_workflow_runner-abbcd2b3-4cad-4b3a-93ec-d4ae06366ab4,0
8.09,0.61,0.0,8.7,52516.15773372195,1.2301605874553984e+20,413091.9990085161,2168127.796083163,0.19052935890346895,4290624.416725294,5379355.150209711,0.007937,0.005173,45.594784,16.532284,True,True,894.8652369099832,5.490578920883548,1.4939245696136725,1.408890635832076,575,/scratch/project_2013233/enchanted_plugins/data/ascot_DT-D_random_extended/batch_0/ascot_sdcc_workflow_runner-5e53ae8e-f581-4127-8482-07f962165e5e,0
12.78,0.71,0.0,13.49,43516.75184894049,6.106665007698507e+19,102352.53191863035,681362.7202865117,0.15021739357209227,5149269.329727383,6803094.3393042805,0.0,0.0,36.518662,11.542786,True,True,729.6903880998169,10.310111614369987,1.0902438266596242,1.2347800572122547,580,/scratch/project_2013233/enchanted_plugins/data/ascot_DT-D_random_extended/batch_0/ascot_sdcc_workflow_runner-21a72c20-ce95-4cd6-bf4f-c0118894a913,0
6.35,0.7,0.0,7.05,94529.88661942806,5.351475558535658e+19,53591.18384905555,566876.616101593,0.09453765127516071,4661898.695663015,7743658.001253751,0.0,0.0,24.11435,8.214018,True,True,720.5435223886029,10.01535578305918,1.3496928578045033,0.9378363948684048,592,/scratch/project_2013233/enchanted_plugins/data/ascot_DT-D_random_extended/batch_0/ascot_sdcc_workflow_runner-728bc383-eda9-434e-86bb-ec32ee557ae6,0
7.84,0.83,0.0,8.67,0.0,3.55568094890035e+19,62026.70049567602,284206.3338084127,0.21824531376379896,3425388.1093831747,3008831.087293033,0.0,0.0,37.570963,13.249403,True,True,555.5352639591864,11.137836433622612,1.3995182117784926,1.42821615529802,588,/scratch/project_2013233/enchanted_plugins/data/ascot_DT-D_random_extended/batch_0/ascot_sdcc_workflow_runner-6fde4b08-268e-4ba9-ae25-05d7a8422832,0
10.96,0.74,0.0,11.7,9973.220211083513,3.060283278645572e+19,28042.473037800326,249781.6895209437,0.11226792921283775,2571613.4321147227,2951647.792164012,0.0,0.0,25.512765,9.009938,True,True,513.9806190582221,9.076260079967488,1.4451012977961977,0.9950188661308585,582,/scratch/project_2013233/enchanted_plugins/data/ascot_DT-D_random_extended/batch_0/ascot_sdcc_workflow_runner-56258d70-91ba-47b2-9c49-087ca67bf79d,0
7.55,0.84,0.0,8.39,79926.40569475989,1.0360842842871679e+20,261392.91785948823,1966128.784667338,0.13294801434063486,3014782.1583916117,5599577.898274979,0.02076,0.0242,48.829442,15.42917,True,True,971.8668443899511,4.788851844896781,1.1126935992974083,1.2648983525945017,589,/scratch/project_2013233/enchanted_plugins/data/ascot_DT-D_random_extended/batch_0/ascot_sdcc_workflow_runner-7f0f7a04-4b15-45d1-8153-354f5a4d5064,0
19.45,0.71,0.0,20.16,32774.95044416825,8.034615676619768e+19,178017.9449584708,982053.0094853702,0.18127121778462688,6038538.130567379,7280917.896657276,0.0002,0.0,42.379253,13.555826,True,True,788.1797328009886,9.738988809859466,1.078280422831066,1.4089688704902952,564,/scratch/project_2013233/enchanted_plugins/data/ascot_DT-D_random_extended/batch_0/ascot_sdcc_workflow_runner-3cfd4c58-ce76-4818-848b-812dc8057d27,0
6.27,0.63,0.0,6.9,4124.925878493908,8.980204473877561e+19,228795.10325460197,1401016.723096754,0.16330647556360497,2910025.5686984262,2820325.2507224246,0.008527,0.00774,51.089861,15.677892,True,True,627.8700991067304,4.413155037676623,1.1602291917681011,1.3916740810536572,595,/scratch/project_2013233/enchanted_plugins/data/ascot_DT-D_random_extended/batch_0/ascot_sdcc_workflow_runner-33c11351-ccb0-4df4-b9b5-d5d8dfccbeb3,0
6.61,0.77,0.0,7.38,40029.59825579358,1.0918498521357573e+20,328315.961118619,1918936.1530472205,0.17109269664718227,4045648.2802049215,5727875.33729047,0.006951,0.006359,51.2043,15.94862,True,True,873.5922295690568,5.690798295772708,1.0149135292925417,1.458244913117597,558,/scratch/project_2013233/enchanted_plugins/data/ascot_DT-D_random_extended/batch_0/ascot_sdcc_workflow_runner-5db3f568-74e8-4791-962c-4a75e8c551d7,0
10.16,0.84,0.0,11.0,47845.92848817739,1.1965681355047943e+20,122876.09913706356,2038388.4803433577,0.06028100154704839,3735296.263401582,6077329.031544243,0.014196,0.012638,32.688942,11.177122,True,True,779.7189294403556,4.509731018903378,1.4268827844995784,0.8943800800878293,405,/scratch/project_2013233/enchanted_plugins/data/ascot_DT-D_random_extended/batch_0/ascot_sdcc_workflow_runner-095a2ee0-3abc-4717-8500-012baad67db3,0
12.26,0.66,0.0,12.92,3521.5068478248477,7.936904425258151e+19,173922.4936631261,945460.2162830028,0.1839553803193198,3775136.581923072,2870711.3969982234,0.001199,0.0004,43.423385,14.65108,True,True,590.1457050585396,5.773862021479636,1.3913192266059848,1.3707010493960552,554,/scratch/project_2013233/enchanted_plugins/data/ascot_DT-D_random_extended/batch_0/ascot_sdcc_workflow_runner-668005ba-4065-489f-a60c-990e54ed8770,0
10.15,0.7,0.0,10.85,80562.21771574467,4.931983176870216e+19,53136.42644152793,508534.86030909664,0.10448925056825142,4544708.27021778,7466588.849313471,0.0002,0.0,24.195587,8.355425,True,True,712.3031224269828,10.64096133174856,1.355087064048855,0.9637431076811609,572,/scratch/project_2013233/enchanted_plugins/data/ascot_DT-D_random_extended/batch_0/ascot_sdcc_workflow_runner-2d709ca3-5d13-48ac-9368-4d05b59aa3e2,0
7.91,0.32,0.0,8.23,118993.33853075908,9.085530265408429e+18,-1311.5921194525847,96745.82550626673,-0.013557092645487077,1118387.0151320603,9726766.516028102,0.0,0.0,8.041727,1.753361,True,True,676.1348673554673,10.582208698929147,1.2971720784713483,0.8477965398002201,590,/scratch/project_2013233/enchanted_plugins/data/ascot_DT-D_random_extended/batch_0/ascot_sdcc_workflow_runner-da3fbe42-c760-48fb-9486-fc205162142d,0
25.33,0.28,0.0,25.6,68888.9521415246,5.126310436539693e+18,-1007.1019021501096,53656.47760501775,-0.018769437486443,667081.6817146254,7277230.840092378,0.0,0.0,8.244845,1.625705,True,True,610.1433116122888,11.007406533569384,1.0526681376047473,0.8076177539619812,541,/scratch/project_2013233/enchanted_plugins/data/ascot_DT-D_random_extended/batch_0/ascot_sdcc_workflow_runner-65d548ba-f4a2-4f5f-a88a-cef92d960116,0
7.48,0.72,0.0,8.2,38573.66362278603,4.141954344561111e+19,43232.827056675975,398754.28482874134,0.10841971786019501,4155973.7773776944,6685501.874431263,0.0,0.0,25.080214,8.813696,True,True,685.8269768658199,11.644789319267526,1.3288819790442687,1.0270334195534023,591,/scratch/project_2013233/enchanted_plugins/data/ascot_DT-D_random_extended/batch_0/ascot_sdcc_workflow_runner-05e3617c-e60e-4f3c-a66d-de888a26cc70,0
8.02,0.64,0.0,8.66,8476.4731827057,3.233305678201922e+19,-5205.295574731489,348372.25919405755,-0.014941762546689824,2171949.676290468,4257977.02885215,0.0002,0.0002,20.151898,5.234202,True,True,540.0952610615414,6.656676878694611,1.2265507691022355,0.8237396182416882,585,/scratch/project_2013233/enchanted_plugins/data/ascot_DT-D_random_extended/batch_0/ascot_sdcc_workflow_runner-d950224e-e96f-4644-b001-5b5ee5ae83f8,0
10.97,0.74,0.0,11.71,309671.3278839727,1.1287260587352613e+20,123480.57930533329,1678858.394734923,0.07355032425163516,6588456.8878548015,12397048.902644167,0.001199,0.001597,31.96348,9.752323,True,True,982.7291774929006,8.003977026256868,1.002895801424517,0.9652301984693689,593,/scratch/project_2013233/enchanted_plugins/data/ascot_DT-D_random_extended/batch_0/ascot_sdcc_workflow_runner-0f059787-5fbc-463c-9a2e-7a232946333b,0
14.05,0.74,0.0,14.78,12177.9074373872,5.110725065870859e+19,44331.795259739985,532214.1017594475,0.08329691962911812,3176382.908623797,3556949.468407493,0.0006,0.0002,29.596924,9.345972,True,True,556.0787937065007,6.771215876188228,1.2552000489195199,0.9599452107009229,577,/scratch/project_2013233/enchanted_plugins/data/ascot_DT-D_random_extended/batch_0/ascot_sdcc_workflow_runner-e0f5bc48-d241-4238-982e-a05f0840ee1a,0
14.22,0.29,0.0,14.51,259129.7155709076,9.479965160941908e+18,-1409.090565648405,112334.09798576137,-0.012543747543395156,1242332.2637075568,14257491.711583655,0.0,0.0,7.478376,1.555738,True,True,791.4333810432888,11.554139255426232,1.1547915991567874,0.8590585497144143,525,/scratch/project_2013233/enchanted_plugins/data/ascot_DT-D_random_extended/batch_0/ascot_sdcc_workflow_runner-4492e7bf-86c1-4fc0-8442-c6e9a3011dd6,0
6.09,0.52,0.0,6.61,1311.2427283980157,7.179529378350267e+19,145590.3895783211,908321.8085285554,0.16028503137469707,2563440.330047667,1742000.0348007462,0.004777,0.002991,45.163254,15.20067,True,True,523.8791739709243,4.31482342541278,1.4418901925249465,1.2938739586142851,603,/scratch/project_2013233/enchanted_plugins/data/ascot_DT-D_random_extended/batch_0/ascot_sdcc_workflow_runner-1f3a63b0-eda6-4485-b0b2-b26ffbb3348c,0
9.26,0.55,0.0,9.8,51828.67442141223,9.850029275993938e+19,189292.0245772342,2097088.2702016253,0.090264214085292,2027977.3045334439,4194841.660899258,0.057315,0.054463,40.966812,14.843287,True,True,968.6164786926946,3.6847045076272877,1.434011465298235,1.0178092996437207,596,/scratch/project_2013233/enchanted_plugins/data/ascot_DT-D_random_extended/batch_0/ascot_sdcc_workflow_runner-d3f9c675-c303-4987-84dc-1e1d308dc1c1,0
10.77,0.89,0.0,11.67,49081.92331188669,9.44865565513914e+19,300754.7031033068,1927440.8437847875,0.156038357323971,2142061.8051352794,3702213.4281774596,0.045984,0.038646,51.746385,17.24604,True,True,947.7966783419918,3.9740907134051358,1.2745508137840111,1.3476903172148638,586,/scratch/project_2013233/enchanted_plugins/data/ascot_DT-D_random_extended/batch_0/ascot_sdcc_workflow_runner-2442558d-2cab-413b-8329-1e73a10da5e1,0
7.38,0.61,0.0,8.0,2170.378577731465,7.772231620353643e+19,158286.27647934982,1154857.0869936163,0.1370613543978925,2182172.741169138,1720050.3817418653,0.016135,0.009901,47.683418,15.412524,True,True,545.3125632357853,3.642398657057811,1.356157126592673,1.238446455140799,607,/scratch/project_2013233/enchanted_plugins/data/ascot_DT-D_random_extended/batch_0/ascot_sdcc_workflow_runner-d8239c1f-67d7-42cf-8bbf-5858d0de9e55,0
15.51,0.35,0.0,15.86,37208.730342683775,6.450788371562454e+18,-600.2712682887915,60619.61407784908,-0.00990226146141263,871100.3565170581,6443257.609542195,0.0,0.0,8.831631,1.950336,True,True,575.0997142076861,11.490015489073516,1.410988254104215,1.0067321242946652,446,/scratch/project_2013233/enchanted_plugins/data/ascot_DT-D_random_extended/batch_0/ascot_sdcc_workflow_runner-2820f85b-3c27-4d0d-932d-c62a859dd64a,0
7.12,0.73,0.0,7.84,2541.5300160090915,5.263415848254308e+19,70823.2395340238,552055.8967642213,0.12828997923786664,2878514.997463357,2419179.3761731563,0.0002,0.0006,38.287026,11.934746,True,True,517.3111726363709,6.082911098557858,1.209338212414482,1.1591147623322837,610,/scratch/project_2013233/enchanted_plugins/data/ascot_DT-D_random_extended/batch_0/ascot_sdcc_workflow_runner-247be074-f496-473e-949c-f72b86dd9353,0
9.09,0.85,0.0,9.94,181338.33829317932,9.101492543001512e+19,72017.08347444164,1190184.2892061148,0.060509186793651075,6301144.055341296,11656506.978527343,0.0006,0.0004,26.729375,8.191485,True,True,873.7045376120502,8.493977979945274,1.1431410593944202,0.8795629396575481,599,/scratch/project_2013233/enchanted_plugins/data/ascot_DT-D_random_extended/batch_0/ascot_sdcc_workflow_runner-d09e7fc6-7534-4c73-a25b-c120061c754c,0
10.24,0.78,0.0,11.01,361855.67792033067,7.705581621847813e+19,97404.5941946921,877613.6542998563,0.11098801131620913,7358446.298451218,12622920.458802646,0.0,0.0,23.605465,8.605714,True,True,904.2810585977002,11.501434435489463,1.4798941240943304,0.957300058921025,598,/scratch/project_2013233/enchanted_plugins/data/ascot_DT-D_random_extended/batch_0/ascot_sdcc_workflow_runner-909c175e-da49-4188-ac9b-9ae8bbbd2a71,0
6.47,0.7,0.0,7.17,6698.7566312788995,4.781106950643144e+19,8624.005470141394,513339.5051394192,0.01679980867203894,2432418.9545540377,3025254.3377877856,0.000999,0.000799,26.321662,7.398401,True,True,508.83177485689174,5.2429299894450185,1.2751363505030928,0.8499046939216117,609,/scratch/project_2013233/enchanted_plugins/data/ascot_DT-D_random_extended/batch_0/ascot_sdcc_workflow_runner-ad520b19-23dc-46ff-9093-f2fd2fd3410e,0
5.71,0.76,0.0,6.47,49123.82828253287,6.98064423887308e+19,99562.23430741686,852270.9939045362,0.11681992584458287,4881277.788832704,6718359.289428935,0.0004,0.0,34.416742,10.601276,True,True,718.5621556792661,8.597610396876009,1.0883933792325495,1.1109352961666539,614,/scratch/project_2013233/enchanted_plugins/data/ascot_DT-D_random_extended/batch_0/ascot_sdcc_workflow_runner-9f037246-47c8-40e5-8a38-4cdb3f13d929,0
6.51,0.71,0.0,7.22,7981.885372085766,2.9718735846048465e+19,30682.06495023814,269839.39138617145,0.11370491458872492,2634980.7214870797,3535157.8643827448,0.0,0.0,31.360017,9.613951,True,True,546.3517301571358,9.587018610493018,1.0931853910572267,1.0774967172433072,616,/scratch/project_2013233/enchanted_plugins/data/ascot_DT-D_random_extended/batch_0/ascot_sdcc_workflow_runner-417b8574-d7ac-47dd-b37c-8e8f6329efe4,0
6.93,0.82,0.0,7.75,0.0,3.886323832628521e+19,60075.99044149068,315621.28515238245,0.190342011985934,2928313.3079560176,2208317.291934483,0.0004,0.0,37.498662,12.979779,True,True,502.1743826323674,8.326472867640701,1.4016755881391976,1.3320427380463375,612,/scratch/project_2013233/enchanted_plugins/data/ascot_DT-D_random_extended/batch_0/ascot_sdcc_workflow_runner-24d1d078-bdd3-484f-b66a-6bc4af0205da,0
11.19,0.73,0.0,11.92,13678.82766741421,9.213317666202457e+19,200724.01201571707,1093871.2184904714,0.1834987598382136,5492932.996180957,5200314.041444468,0.0,0.0002,39.805998,13.678204,True,True,703.0027961167027,7.472091837168685,1.3587641004000734,1.3364422466710693,594,/scratch/project_2013233/enchanted_plugins/data/ascot_DT-D_random_extended/batch_0/ascot_sdcc_workflow_runner-bc714eb6-8b4b-4d53-a533-aad0a9e7fc8e,0
8.4,0.81,0.0,9.2,13408.644873166419,5.141287731423036e+19,84007.5506039853,472033.76589280216,0.17796936718095552,4409572.567762083,4545342.727702112,0.0,0.0,33.285569,11.784914,True,True,627.928933983861,10.060177168148952,1.419560461776577,1.2399513789285943,608,/scratch/project_2013233/enchanted_plugins/data/ascot_DT-D_random_extended/batch_0/ascot_sdcc_workflow_runner-ca798b1b-caa5-4a6d-b274-cee1d1da5e8d,0
9.06,1.01,0.0,10.07,77590.80770497414,6.813127053656081e+19,100794.38824516973,795296.0790639283,0.12673819335788222,5596777.547257313,8392807.699374871,0.0,0.0,33.669449,10.575712,True,True,785.37821520766,10.181730202901587,1.0861959965666634,1.136591470056218,600,/scratch/project_2013233/enchanted_plugins/data/ascot_DT-D_random_extended/batch_0/ascot_sdcc_workflow_runner-fe2e6c94-3166-4545-abbc-28b36a4071d7,0
10.17,0.72,0.0,10.89,21331.606701027395,1.0489520728832534e+20,196934.5782343989,1592848.3646253166,0.1236367394461453,3958879.833136629,4824405.106904659,0.004579,0.005173,40.579477,13.074779,True,True,714.0165465416366,5.183999766025959,1.2695519002939695,1.1514815442040849,601,/scratch/project_2013233/enchanted_plugins/data/ascot_DT-D_random_extended/batch_0/ascot_sdcc_workflow_runner-9c8df76e-792f-4826-b7ef-9c6bf852fed4,0
5.01,0.83,0.0,5.84,47490.24391055758,1.0261357281560722e+20,153683.69374951185,1643881.0558917709,0.0934883294619766,4126504.629289863,6319198.474096564,0.004777,0.006162,39.830794,11.902809,True,True,777.455684255511,5.691401998989718,1.0242849891617394,1.0783603741933283,604,/scratch/project_2013233/enchanted_plugins/data/ascot_DT-D_random_extended/batch_0/ascot_sdcc_workflow_runner-2a4fc454-3339-424a-97e3-940606361ee0,0
5.79,0.7,0.0,6.5,23544.824792620348,6.650749542305751e+19,99319.54037051222,765682.9772588976,0.1297136586816526,4414700.943085258,5283569.101833505,0.0002,0.0002,35.751681,11.20651,True,True,662.2872729965693,7.972568726774096,1.1458531731270643,1.1518997020525354,615,/scratch/project_2013233/enchanted_plugins/data/ascot_DT-D_random_extended/batch_0/ascot_sdcc_workflow_runner-fed1ce49-6f1e-49bc-abe5-c8954a81038d,0
7.11,0.82,0.0,7.93,2597.364578501807,6.16112925248403e+19,64501.0549110008,667797.015667505,0.09658781545546134,2922515.493326632,2498850.0903764307,0.001398,0.001597,33.86322,11.196846,True,True,521.833431544148,5.271955726336271,1.3661457338708196,1.0231358774080659,605,/scratch/project_2013233/enchanted_plugins/data/ascot_DT-D_random_extended/batch_0/ascot_sdcc_workflow_runner-46b1df5e-0e9e-4d4a-9d0a-5b9e35855940,0
7.68,0.83,0.0,8.51,3087.110355080006,3.247663673715035e+19,53396.25333304381,257907.79604913792,0.20703621275128295,3318485.834861607,3253991.6999183833,0.0,0.0,35.47517,12.486979,True,True,561.8068150280982,11.831954374545104,1.3869069626918962,1.3598751074136457,611,/scratch/project_2013233/enchanted_plugins/data/ascot_DT-D_random_extended/batch_0/ascot_sdcc_workflow_runner-e0fbbc27-2c63-4372-bdf2-3e8e039bbfe8,0
6.11,0.88,0.0,7.0,165423.72566800122,9.290618490559749e+19,159139.49010790302,1197474.5964185647,0.1328959216202675,6791062.479091918,9989388.406188166,0.0,0.0002,35.843033,11.374249,True,True,879.9333051298522,9.529200017204943,1.0933175379350204,1.1708268573620877,623,/scratch/project_2013233/enchanted_plugins/data/ascot_DT-D_random_extended/batch_0/ascot_sdcc_workflow_runner-5bebefe3-3da7-4d35-b49c-9c39186b7a38,0
11.78,0.92,0.0,12.69,106903.42900956752,8.108608279181754e+19,111272.08369555858,890436.3673731426,0.12496354346332461,6366534.938016216,8542435.503653485,0.0,0.0,27.163903,9.964267,True,True,781.4810514962317,9.417450388968215,1.4782639491812115,1.0323327104058266,606,/scratch/project_2013233/enchanted_plugins/data/ascot_DT-D_random_extended/batch_0/ascot_sdcc_workflow_runner-91a194d5-cb3d-4180-924c-04444cb9e4bc,0
6.07,0.76,0.0,6.83,269528.7821435594,1.1768449611303154e+20,187433.66425986166,1412101.6581659715,0.1327338319985399,8880578.942918936,12026291.946967497,0.0004,0.0,28.80673,10.749899,True,True,933.4505113724845,9.480875948028531,1.4910514594168167,1.0631756677386477,621,/scratch/project_2013233/enchanted_plugins/data/ascot_DT-D_random_extended/batch_0/ascot_sdcc_workflow_runner-e25133de-e6a8-4a88-a2b8-0e8997ed3287,0
6.53,0.6,0.0,7.13,142695.16592126418,1.2115712322746437e+20,88503.88163681631,2004642.2939402827,0.044149463425145516,4923795.142672837,10017863.85585885,0.006557,0.007346,31.535338,9.544025,True,True,914.8607837330923,5.782467385010186,1.1467825299220025,0.8541379550949717,632,/scratch/project_2013233/enchanted_plugins/data/ascot_DT-D_random_extended/batch_0/ascot_sdcc_workflow_runner-034352f1-83f7-4a60-8bcd-e84cbc972064,0
11.5,0.84,0.0,12.34,3416.2368583533575,5.2814589292598395e+19,107276.92998806835,482730.74657922523,0.22222932918249944,4973351.274536419,4665338.445794963,0.0,0.0,37.335098,13.422341,True,True,653.2558898303918,11.395366913516188,1.4529626046819089,1.4303356319070728,617,/scratch/project_2013233/enchanted_plugins/data/ascot_DT-D_random_extended/batch_0/ascot_sdcc_workflow_runner-d44d4443-def1-4aa9-94f7-c908ba1a8aa3,0
10.79,0.7,0.0,11.49,63369.509165456075,1.1395150277026334e+20,296238.5318532816,1960635.6870908074,0.15109310403955797,4162914.206445131,5981107.157646691,0.008133,0.00774,46.397219,14.749647,True,True,859.8294912837646,5.5320652624769675,1.1538335301545275,1.3091387843401512,620,/scratch/project_2013233/enchanted_plugins/data/ascot_DT-D_random_extended/batch_0/ascot_sdcc_workflow_runner-17cd8f2f-80fc-4644-a350-6cd477558b65,0
8.16,0.3,0.0,8.46,17194.52038874544,3.383688199088746e+18,-485.30543350074595,29737.144898493898,-0.016319839552765045,487715.77512932173,4691970.874564046,0.0,0.0,8.582286,1.724347,True,True,510.340489059671,11.443982721192768,1.1796338521786072,0.8965499171761853,627,/scratch/project_2013233/enchanted_plugins/data/ascot_DT-D_random_extended/batch_0/ascot_sdcc_workflow_runner-c581cf8d-1d57-4f2a-8bf0-391b588a5db2,0
8.32,0.61,0.0,8.93,103083.40356804138,1.1253196891844054e+20,274197.12038953986,1581789.9751024246,0.1733460982212793,6776275.512775298,8624858.691803781,0.001398,0.0006,42.418778,13.843502,True,True,896.7669443150412,8.339686722980522,1.1540452905601395,1.363930348504503,622,/scratch/project_2013233/enchanted_plugins/data/ascot_DT-D_random_extended/batch_0/ascot_sdcc_workflow_runner-d79e7f4a-23d7-4a89-9ad6-3de2b182b9e2,0
8.43,0.59,0.0,9.03,12891.972332917574,7.3593556458896425e+19,105889.67574188499,1054912.8855141206,0.10037764937365304,2617371.550029077,2681142.180054615,0.005371,0.006557,44.070061,12.876313,True,True,569.2176834271932,4.523341458878491,1.0858592976362005,1.125146121313771,626,/scratch/project_2013233/enchanted_plugins/data/ascot_DT-D_random_extended/batch_0/ascot_sdcc_workflow_runner-12b49853-28ef-4102-826a-da347eb2de3e,0
10.95,0.71,0.0,11.66,140298.17146086568,1.2748936518410306e+20,81610.81944259387,1816674.1799483835,0.044923201057942404,6233147.181840526,10619052.84701583,0.002991,0.002792,25.330214,8.773357,True,True,865.4383978376752,6.130405535242926,1.462812431927193,0.8023884458695619,602,/scratch/project_2013233/enchanted_plugins/data/ascot_DT-D_random_extended/batch_0/ascot_sdcc_workflow_runner-f567698e-cb18-42bc-b825-cd15fc1b8b63,0
42.35,0.92,0.0,43.28,169460.41282110882,1.0435150860395751e+20,237270.4135321666,1239048.7862338345,0.19149400424608357,8731857.527047368,10084350.533400245,0.0002,0.0,37.810936,13.17987,True,True,921.338049071102,10.850586962383186,1.304660235663049,1.3519139516174623,551,/scratch/project_2013233/enchanted_plugins/data/ascot_DT-D_random_extended/batch_0/ascot_sdcc_workflow_runner-22469075-11e2-4e94-b0b5-0328c709ffa3,0
12.13,0.99,0.0,13.12,11706.670275578914,6.971753428296684e+19,154173.8597262875,725237.1948663311,0.2125840494911508,5540171.03809484,5129983.984889755,0.0,0.0,40.229046,13.951704,True,True,688.9884961965981,9.707254145678641,1.3376232937344767,1.4546111810241271,578,/scratch/project_2013233/enchanted_plugins/data/ascot_DT-D_random_extended/batch_0/ascot_sdcc_workflow_runner-c0e39f24-0a98-4026-a0cc-46d77645106b,0
11.76,0.76,0.0,12.52,54848.6527870994,1.2274385339304385e+20,286772.4232061596,1870204.2555117004,0.1533374883310255,5330311.376702462,6764351.950472815,0.004182,0.002593,40.170216,13.744613,True,True,835.9915665694098,6.18862823929015,1.3417273227939615,1.236971410700054,624,/scratch/project_2013233/enchanted_plugins/data/ascot_DT-D_random_extended/batch_0/ascot_sdcc_workflow_runner-ed2bd551-ba36-4f6c-90dc-2b393cafd45c,0
8.99,0.65,0.0,9.64,3419.7112300854756,6.812215955538304e+19,47503.15177779112,842267.7475792628,0.056399110513632444,2684461.6684445143,2663472.828040084,0.003587,0.004182,32.992681,10.320612,True,True,532.7861190952971,4.506598198566356,1.3310059682031734,0.9062670454276025,631,/scratch/project_2013233/enchanted_plugins/data/ascot_DT-D_random_extended/batch_0/ascot_sdcc_workflow_runner-c26f1079-cc16-4017-b3ee-32c0e5aa128f,0
6.43,0.83,0.0,7.26,53768.701814727436,7.765855771772435e+19,249444.4129281764,1608431.7391749574,0.15508548286676346,1594417.4124987754,3124323.9844952165,0.066816,0.056604,58.065548,18.363642,True,True,982.9762300019285,3.6010309304687436,1.0926654438986214,1.4295315144423966,635,/scratch/project_2013233/enchanted_plugins/data/ascot_DT-D_random_extended/batch_0/ascot_sdcc_workflow_runner-0d569186-b18d-4844-bfe0-2ad5372ec93e,0
13.16,0.68,0.0,13.84,84288.4080946171,1.1295731601946447e+20,230329.336905262,1760401.7248834502,0.13083907704107212,5518021.870038736,8470070.746995538,0.001597,0.001597,41.140005,12.858929,True,True,902.6688581076917,7.02802718575416,1.0804769218528596,1.2076560522083175,619,/scratch/project_2013233/enchanted_plugins/data/ascot_DT-D_random_extended/batch_0/ascot_sdcc_workflow_runner-24837d66-d298-42ef-a64c-7ddeaa167e0d,0
6.52,0.85,0.0,7.37,87020.06418866605,1.2994160878875578e+20,387493.3241774628,2232164.2314540776,0.17359534693602793,5018681.559243021,6889756.763836243,0.006162,0.003388,41.875882,15.359262,True,True,949.5667096145746,6.064038009936006,1.4810507019615553,1.3102584957895733,645,/scratch/project_2013233/enchanted_plugins/data/ascot_DT-D_random_extended/batch_0/ascot_sdcc_workflow_runner-cf2abc55-8714-4835-8a45-856fdfc50f80,0
7.13,0.77,0.0,7.9,1739.6093777165493,4.163550834993509e+19,67410.5480301904,404756.6698170339,0.16654586090122406,3475522.83614539,3829540.2133167833,0.0002,0.0,38.855036,12.268728,True,True,586.5123739663057,9.573793666512655,1.1025360070833339,1.309543176108477,628,/scratch/project_2013233/enchanted_plugins/data/ascot_DT-D_random_extended/batch_0/ascot_sdcc_workflow_runner-7271fb82-6302-425d-b797-6fd49eecd2ed,0
36.67,0.83,0.0,37.5,66031.22327348476,1.0415135643050915e+20,229181.0278128812,1217541.551875122,0.188232613055318,8108802.308484896,9015005.837985294,0.0002,0.0,36.877811,13.05008,True,True,861.9168869436422,9.983038528808638,1.3638587413460816,1.3199492887371322,559,/scratch/project_2013233/enchanted_plugins/data/ascot_DT-D_random_extended/batch_0/ascot_sdcc_workflow_runner-fc86a0b6-4390-4dc5-aac3-723d97554ad0,0
8.47,0.68,0.0,9.15,786.5892358143044,2.4713927189442576e+19,29571.42503677491,216116.33561264578,0.1368310495962554,2608080.8665844863,3825490.5143155484,0.0,0.0,33.692939,10.397468,True,True,563.3832365317588,11.560032226778468,1.0018873763199418,1.1759782651752757,625,/scratch/project_2013233/enchanted_plugins/data/ascot_DT-D_random_extended/batch_0/ascot_sdcc_workflow_runner-f30c1411-af1d-4bef-94a5-f9e3ee3891b5,0
6.43,0.73,0.0,7.17,55781.54288577131,4.6852456910635704e+19,52328.30626782279,457971.894257217,0.11426095558264308,4092065.2246290427,5841207.209031574,0.0,0.0,25.681842,8.965032,True,True,653.326836437239,9.975940240645494,1.3766470771422545,1.0025143558362035,646,/scratch/project_2013233/enchanted_plugins/data/ascot_DT-D_random_extended/batch_0/ascot_sdcc_workflow_runner-9a1d3b2e-68d4-4a14-b22f-eb1468e38e62,0
7.09,0.74,0.0,7.83,30219.845625917886,8.699942569587266e+19,136247.68759597593,1140717.6041480347,0.11944033045561259,4803503.919364098,6038960.602918082,0.000999,0.0004,36.644941,11.467451,True,True,717.4106026296137,7.000578863870946,1.1552248852743396,1.1247617826063423,640,/scratch/project_2013233/enchanted_plugins/data/ascot_DT-D_random_extended/batch_0/ascot_sdcc_workflow_runner-f8147469-1605-4e67-a875-439edd3dc4e4,0
26.9,0.85,0.0,27.74,0.0,6.2145960902712254e+19,96185.70964389307,707371.5094616148,0.13597622798959016,2778241.8020853754,2097706.529698394,0.001199,0.001398,41.277961,13.121403,True,True,516.2810228341724,5.110483743570181,1.2906591890223793,1.1976548323651222,597,/scratch/project_2013233/enchanted_plugins/data/ascot_DT-D_random_extended/batch_0/ascot_sdcc_workflow_runner-c883eab4-eb6c-451f-8697-f64e2677d7be,0
8.89,0.91,0.0,9.8,73235.00883865647,9.855370372312075e+19,173852.8083646236,1383837.3115842333,0.12563095886292794,5771101.371046777,8499290.733325543,0.001398,0.000799,38.712805,11.928374,True,True,843.0385432122571,7.9402729652346125,1.0203721369910086,1.1788745411248474,647,/scratch/project_2013233/enchanted_plugins/data/ascot_DT-D_random_extended/batch_0/ascot_sdcc_workflow_runner-1475c113-8b2d-444b-9ff4-5b06c71694a5,0
8.47,0.74,0.0,9.21,31161.454823982134,7.06163167051465e+19,104356.52614561057,803581.2289966572,0.129864315367233,4958582.146742217,5924638.003893314,0.0,0.0,32.677461,10.775991,True,True,688.4854792565276,8.340671794947424,1.2565279571406018,1.1126434719416822,642,/scratch/project_2013233/enchanted_plugins/data/ascot_DT-D_random_extended/batch_0/ascot_sdcc_workflow_runner-144dcc78-f140-4e06-898d-09913ba03b91,0
6.26,0.73,0.0,6.99,72492.29253141912,4.865680998422986e+19,44923.93301363648,498041.1690369944,0.09020124400659645,4434583.7161067035,7741830.581548487,0.0,0.0,21.993331,7.779137,True,True,713.9189189543754,10.463493478258872,1.4463897602676508,0.9088850985688158,649,/scratch/project_2013233/enchanted_plugins/data/ascot_DT-D_random_extended/batch_0/ascot_sdcc_workflow_runner-173ec90b-2c07-4e46-a552-78afe9c5b08c,0
6.65,0.72,0.0,7.37,29906.51228409012,1.1824983962172106e+20,277574.3984477171,1893542.7770437908,0.14658998033361978,4539159.8021580195,5658123.806086221,0.005569,0.003587,41.211522,13.946068,True,True,796.6841558034178,5.528917783875849,1.3435565554557487,1.2222973018565835,648,/scratch/project_2013233/enchanted_plugins/data/ascot_DT-D_random_extended/batch_0/ascot_sdcc_workflow_runner-185bceee-2225-4b37-bf6b-cb648efe995a,0
7.17,0.81,0.0,7.98,372674.8519121672,1.0379961190303946e+20,72607.20016420312,1367051.0058802997,0.05311228319344851,7489827.13591569,14438213.306514075,0.0004,0.0002,24.338299,7.771589,True,True,966.3454199047862,8.756516359836198,1.231743052868032,0.8321863983622646,638,/scratch/project_2013233/enchanted_plugins/data/ascot_DT-D_random_extended/batch_0/ascot_sdcc_workflow_runner-64502edb-bc41-440c-b514-ca4b6ab1d3a0,0
9.06,0.97,0.0,10.03,14285.6764597802,5.691287160699983e+19,103261.22267993611,625604.5282371638,0.16505830443859937,4631994.786565883,5735449.626795245,0.0,0.0,40.203495,12.569792,True,True,688.5387313304253,9.965850342153107,1.0216713785722846,1.3321646346570892,633,/scratch/project_2013233/enchanted_plugins/data/ascot_DT-D_random_extended/batch_0/ascot_sdcc_workflow_runner-b5c3bdfa-ba8e-4f40-9a15-d5a9f5b0b69b,0
6.72,0.77,0.0,7.49,27819.31672716933,4.6427162273712644e+19,60862.60046722529,451945.79072503955,0.13466792194166854,4182973.4416960687,5475752.093380559,0.0,0.0,28.266049,9.769282,True,True,647.5231137129142,10.373342954051155,1.3457122106224761,1.0779137772587655,637,/scratch/project_2013233/enchanted_plugins/data/ascot_DT-D_random_extended/batch_0/ascot_sdcc_workflow_runner-9ad303de-cde4-40b5-be76-1d4994647c8e,0
8.47,0.82,0.0,9.29,220087.7022721962,8.551060883578949e+19,149425.29097805783,950360.094538225,0.1572301823664669,8048949.526535466,11136955.504198015,0.0,0.0,29.312616,10.684907,True,True,894.9463819935107,11.726455463077068,1.4392337191722318,1.1284895559613408,651,/scratch/project_2013233/enchanted_plugins/data/ascot_DT-D_random_extended/batch_0/ascot_sdcc_workflow_runner-66a22051-0e38-42dc-a818-44d020656dc0,0
6.7,0.87,0.0,7.57,34611.944157787504,1.1558272802629657e+20,198297.3689848485,1696367.0318369009,0.11689532115589595,4621859.070895123,5646066.494127548,0.004777,0.001597,34.756207,12.589626,True,True,743.4602515855833,5.436884166278609,1.4960057816478447,1.072050842563307,660,/scratch/project_2013233/enchanted_plugins/data/ascot_DT-D_random_extended/batch_0/ascot_sdcc_workflow_runner-35810172-7b3f-4536-8676-518f5c8cc8ee,0
12.56,0.66,0.0,13.23,140065.05240583795,1.1466022192850285e+20,197234.99912999844,1533967.8106095716,0.12857831681071635,7001784.989192207,9332918.773828803,0.000999,0.000799,33.355946,11.388342,True,True,864.8479757984417,7.947947729642545,1.3018501113055838,1.1081055017993382,650,/scratch/project_2013233/enchanted_plugins/data/ascot_DT-D_random_extended/batch_0/ascot_sdcc_workflow_runner-b11c1d6f-84c9-4c79-bb8d-ddf198519273,0
6.47,0.68,0.0,7.15,92892.99153244354,4.354507022735334e+19,6692.237538122687,498902.2420327671,0.013413925563563916,3473975.089626761,8438613.762616215,0.0,0.0002,18.341184,5.306615,True,True,698.6965365056632,8.440529098484902,1.3418123398733701,0.8251523310468012,663,/scratch/project_2013233/enchanted_plugins/data/ascot_DT-D_random_extended/batch_0/ascot_sdcc_workflow_runner-507c4d59-0a64-4544-86fb-c0d0b4c78c06,0
11.78,0.79,0.0,12.57,88917.14420896326,1.0395857685249955e+20,149307.3427302494,1240006.619669526,0.12040850456914601,6968876.305279882,8826345.581991877,0.0004,0.0002,28.546557,10.581134,True,True,807.386317533276,8.187374520685276,1.4955516761432819,1.0325861995293406,652,/scratch/project_2013233/enchanted_plugins/data/ascot_DT-D_random_extended/batch_0/ascot_sdcc_workflow_runner-dd5e69ae-ff0f-4dfe-b05e-cdcd878f0f64,0
8.92,0.78,0.0,9.7,119660.98433807542,1.2676897923396177e+20,314784.68625788187,1856586.3746221038,0.16955025123566053,6615857.125367014,8446410.312552992,0.002792,0.0006,40.472963,13.889402,True,True,917.1144685878141,7.412068193711263,1.311290468178956,1.3027048926495621,656,/scratch/project_2013233/enchanted_plugins/data/ascot_DT-D_random_extended/batch_0/ascot_sdcc_workflow_runner-57f496c0-755e-4063-b349-f48bcdf73b8c,0
7.44,0.9,0.0,8.34,45682.597811261156,8.120081544425311e+19,160906.34015647892,931829.4928316167,0.17267787872599027,6108214.734971851,6870790.507632268,0.0004,0.0,37.301747,12.505462,True,True,754.4901181932466,9.358495908335987,1.249629005106772,1.2886936113794822,658,/scratch/project_2013233/enchanted_plugins/data/ascot_DT-D_random_extended/batch_0/ascot_sdcc_workflow_runner-0e649c94-e221-47c4-96bf-e17e06ade384,0
8.22,0.71,0.0,8.92,26638.95566538189,3.520319633118069e+19,44688.65453667402,330712.3732453167,0.1351284625311698,3523430.3772139917,5019180.816617982,0.0,0.0,29.451409,9.694322,True,True,626.2727017539264,11.356018402984105,1.2187861779866636,1.1039210478468373,644,/scratch/project_2013233/enchanted_plugins/data/ascot_DT-D_random_extended/batch_0/ascot_sdcc_workflow_runner-e2431c58-cd71-418c-8efd-5ce4093204aa,0
5.94,0.61,0.0,6.56,40069.77247755727,1.0849441885863063e+20,326809.77706808376,1779524.5780494453,0.1836500496252225,4503676.923570021,5728418.0476700505,0.003786,0.003587,50.355293,15.837751,True,True,835.87548872655,6.141169157963905,1.0856298779011393,1.499050490625824,659,/scratch/project_2013233/enchanted_plugins/data/ascot_DT-D_random_extended/batch_0/ascot_sdcc_workflow_runner-8b8dab1b-13fa-47de-a39e-91be82223e31,0
26.96,0.82,0.0,27.79,230888.31326786918,1.2783408518365607e+20,251437.2266589868,1693790.7750347853,0.14844644944640406,8538005.485769663,11212921.283725856,0.0004,0.0004,34.166688,12.049379,True,True,967.3459787772396,8.876858410425944,1.352266464441807,1.1684104270904463,584,/scratch/project_2013233/enchanted_plugins/data/ascot_DT-D_random_extended/batch_0/ascot_sdcc_workflow_runner-ceb2619f-2982-4744-a2d6-39043be6d14f,0
5.59,0.67,0.0,6.26,38301.85366031875,8.037676987133842e+19,25006.774214372097,1107497.4325262166,0.022579532448514402,3828359.8515403336,6506341.456303118,0.002394,0.001797,27.9788,7.855615,True,True,683.887590689934,5.759033220116184,1.133346981134007,0.8017553932917098,670,/scratch/project_2013233/enchanted_plugins/data/ascot_DT-D_random_extended/batch_0/ascot_sdcc_workflow_runner-d6c0b199-b073-4a16-af69-2e6d0ffcdd7d,0
10.8,0.52,0.0,11.33,60533.3525136337,1.1256495068186157e+20,181346.31788528807,2101899.373712677,0.0862773547360491,3062179.039166289,5362632.378099283,0.025721,0.027805,41.483678,13.15986,True,True,844.2350343702353,4.293303114627573,1.2004016380542217,1.039320416481262,653,/scratch/project_2013233/enchanted_plugins/data/ascot_DT-D_random_extended/batch_0/ascot_sdcc_workflow_runner-17079418-5d90-4aa3-a8dd-1efc5deabc88,0
11.08,0.72,0.0,11.81,41020.95021127436,9.880135371955947e+19,166874.5474152965,1588968.9542059791,0.10502064686259718,3884536.7160198744,5543065.751323079,0.005569,0.004381,41.793276,12.473166,True,True,744.4578065685173,5.528485217037136,1.0075414784916972,1.1267943072056905,643,/scratch/project_2013233/enchanted_plugins/data/ascot_DT-D_random_extended/batch_0/ascot_sdcc_workflow_runner-71fee5d7-a0d4-416d-8ffd-089e8a313bf8,0
7.65,0.58,0.0,8.23,3940.785545753021,9.1634895875251e+19,117742.13681126315,1360055.890136916,0.08657154287932249,3053144.600847391,3352206.153871472,0.010097,0.004777,37.191111,12.211423,True,True,616.5209440358169,4.343991943336661,1.345033649683531,1.012291468338545,613,/scratch/project_2013233/enchanted_plugins/data/ascot_DT-D_random_extended/batch_0/ascot_sdcc_workflow_runner-186fd580-41b6-4f29-95d1-0b46cc691495,0
6.87,0.84,0.0,7.71,80818.76607605688,1.087586305616664e+20,286860.9081605988,2150663.7460159515,0.1333825004917673,2875820.3909986415,5014306.102508223,0.02856,0.021526,44.647191,15.372751,True,True,961.5594286271146,4.5156085334354445,1.3426730229649382,1.1991260221017321,661,/scratch/project_2013233/enchanted_plugins/data/ascot_DT-D_random_extended/batch_0/ascot_sdcc_workflow_runner-c491f649-5b5a-438f-a7a0-1ab6e7b5ca61,0
6.03,0.71,0.0,6.74,28466.28060014133,1.0155101766862637e+20,214591.30252911954,1397751.9062784456,0.15352603102540208,5536468.005936289,6692399.06677852,0.000999,0.0002,40.750305,13.059843,True,True,780.9405472190472,7.278592376396875,1.1713025826083745,1.2696326152391526,668,/scratch/project_2013233/enchanted_plugins/data/ascot_DT-D_random_extended/batch_0/ascot_sdcc_workflow_runner-2b8e279b-a28d-46b5-9075-c72be0abd825,0
5.41,0.81,0.0,6.22,13656.936051402074,7.549402629543246e+19,96943.65481852285,845202.4594001642,0.11469873725559585,4701469.746305525,5223974.015487382,0.0002,0.0004,30.063644,10.513912,True,True,653.4345224960429,7.245901814240103,1.4097786153049146,1.0371496185057598,674,/scratch/project_2013233/enchanted_plugins/data/ascot_DT-D_random_extended/batch_0/ascot_sdcc_workflow_runner-39f48400-7ab0-410c-9551-f896904032e7,0
6.74,0.62,0.0,7.36,53982.5607524216,1.0862048564734835e+20,200595.156638372,1643065.1152889978,0.12208594459939552,4977868.598645455,7003987.089428221,0.00319,0.004579,39.53488,12.413262,True,True,806.54657464179,6.365033340130091,1.1490638523909877,1.1554817639175385,671,/scratch/project_2013233/enchanted_plugins/data/ascot_DT-D_random_extended/batch_0/ascot_sdcc_workflow_runner-1432f364-b9f7-4ce6-945c-9575932a1b7c,0
13.75,0.74,0.0,14.49,4830.146166847263,6.116735140140306e+19,79106.54474076019,638066.0209996965,0.12397861998170534,3601612.5839127125,3362168.2133165062,0.0,0.0002,33.484638,11.191409,True,True,568.6774757560318,6.641088465082799,1.3538171122869866,1.0941855895215515,566,/scratch/project_2013233/enchanted_plugins/data/ascot_DT-D_random_extended/batch_0/ascot_sdcc_workflow_runner-c222e6bf-1767-4dba-9ea2-299b76ac94a2,0
6.43,0.31,0.0,6.74,214209.48519404276,1.2637090676444637e+19,-3047.298796579076,152906.2930091599,-0.01992919151075441,1472563.160204622,13684235.987620577,0.0,0.0,9.019614,1.880917,True,True,782.3665947514,10.82352577274198,1.0814107106253321,0.8902324912098021,669,/scratch/project_2013233/enchanted_plugins/data/ascot_DT-D_random_extended/batch_0/ascot_sdcc_workflow_runner-8e23ad8e-8ee8-4b97-9fd6-bda47c788d6d,0
12.3,0.67,0.0,12.96,33828.35476903379,9.295634814192517e+19,186081.38903001344,1295095.46150772,0.1436816007473162,5053193.423324433,6439838.955061142,0.001199,0.001199,41.989928,12.909672,True,True,765.3182954652677,7.293647252358399,1.0592084285986465,1.2641119096433018,587,/scratch/project_2013233/enchanted_plugins/data/ascot_DT-D_random_extended/batch_0/ascot_sdcc_workflow_runner-e4e34487-f08f-4093-ba3c-36a540ea3135,0
12.09,0.78,0.0,12.86,83013.1189199899,6.6861446581147525e+19,94739.07965771711,704521.4396871286,0.13447295471914927,5779382.228269007,7808622.694733554,0.0,0.0,27.218234,9.866686,True,True,747.9861652148592,10.308046922216768,1.463062203287511,1.056481621628355,655,/scratch/project_2013233/enchanted_plugins/data/ascot_DT-D_random_extended/batch_0/ascot_sdcc_workflow_runner-2de2c791-3f3c-4a29-8421-d288e7a129c4,0
5.95,0.72,0.0,6.67,19464.109721228335,7.751073663157122e+19,119351.1048397602,1032111.5973963268,0.11563779066221444,3941801.5056411345,4676987.681551722,0.001597,0.000999,39.178653,11.796705,True,True,654.8833945962078,6.419441668259593,1.0847867012622967,1.143063836288268,679,/scratch/project_2013233/enchanted_plugins/data/ascot_DT-D_random_extended/batch_0/ascot_sdcc_workflow_runner-b880b02c-d721-4004-bc1a-5a09bf420492,0
6.24,0.62,0.0,6.86,0.0,6.976820060452927e+19,168490.17148678837,943360.6300543966,0.17860632097512147,2344624.961426101,1612075.628171503,0.006754,0.007346,51.973036,16.202227,True,True,520.9966503400652,4.123277009132191,1.2495178634000386,1.4461051938426839,677,/scratch/project_2013233/enchanted_plugins/data/ascot_DT-D_random_extended/batch_0/ascot_sdcc_workflow_runner-80a86a65-fb3c-45fb-b6ed-9ffec03cfd0c,0
6.99,0.7,0.0,7.69,54600.3877017389,1.2573945883779868e+20,350455.2729477954,1746189.95067178,0.20069710790224804,6513913.592746136,6789816.31733499,0.001199,0.0006,41.573136,15.152951,True,True,847.7502954927652,7.208753941349769,1.4893712080573747,1.4062608661684184,665,/scratch/project_2013233/enchanted_plugins/data/ascot_DT-D_random_extended/batch_0/ascot_sdcc_workflow_runner-871f2aec-4a3b-467a-b15f-fd5bdf9ba044,0
6.83,0.87,0.0,7.7,131953.25027904022,1.13627865993421e+20,273133.353687191,1678458.051371785,0.16272873394956885,6501758.13674533,9072744.014119396,0.001398,0.0006,43.256728,13.836164,True,True,937.2442877383036,8.135032641922578,1.0887375221286144,1.3456563145851228,666,/scratch/project_2013233/enchanted_plugins/data/ascot_DT-D_random_extended/batch_0/ascot_sdcc_workflow_runner-2b993c33-246a-4f09-a8dc-077ba89e96bd,0
6.29,0.59,0.0,6.89,123845.18478713457,1.0271031445427336e+20,57651.38915522682,1543172.9172059426,0.037358994907459885,5222941.521969292,10375612.946120359,0.002394,0.003388,29.172376,8.418103,True,True,858.243463186918,6.710234118098094,1.051699559844141,0.8301341603572787,630,/scratch/project_2013233/enchanted_plugins/data/ascot_DT-D_random_extended/batch_0/ascot_sdcc_workflow_runner-5eaf025d-9f7f-4a70-8b07-b2039ead4006,0
5.66,0.55,0.0,6.21,0.0,6.713787837337038e+19,139436.29764228858,919479.9651444001,0.15164691230699165,2363845.7421297347,1989512.7162244387,0.004579,0.004777,51.571416,15.165264,True,True,533.6357868676091,4.381395356121881,1.05828277622523,1.3662446332449285,685,/scratch/project_2013233/enchanted_plugins/data/ascot_DT-D_random_extended/batch_0/ascot_sdcc_workflow_runner-853e8d0e-fdf4-4ef9-8992-bcdfd3c76bab,0
11.19,0.87,0.0,12.07,385296.76645818615,7.078511218512496e+19,42928.115596116775,869859.694483711,0.04935062041424503,6164571.934925536,13934411.502495702,0.0,0.0,21.673577,6.791774,True,True,911.9711445417136,10.140771097110864,1.2185784811095004,0.8057000320067735,664,/scratch/project_2013233/enchanted_plugins/data/ascot_DT-D_random_extended/batch_0/ascot_sdcc_workflow_runner-9b27d8b8-688a-446d-902a-9c1f3e8e7edc,0
6.28,0.49,0.0,6.76,19991.17029318569,1.1007611412373961e+20,165805.99955054402,1751667.5795120536,0.09465608742769054,3708199.285709186,4846757.673901915,0.009116,0.005964,36.558477,12.347642,True,True,715.1757413835139,4.698171248001411,1.3756750389489043,1.026869467503773,675,/scratch/project_2013233/enchanted_plugins/data/ascot_DT-D_random_extended/batch_0/ascot_sdcc_workflow_runner-abebeada-da14-41af-851f-8abdb219b708,0
8.06,0.87,0.0,8.93,57445.106964709405,1.0771821925604634e+20,112184.16549171327,1798431.7256818903,0.0623788848304362,4154126.8266600715,7339212.557370776,0.008527,0.005964,36.282365,10.699639,True,True,815.2243081426116,5.518721776593992,1.027195572902046,0.9549198425922024,688,/scratch/project_2013233/enchanted_plugins/data/ascot_DT-D_random_extended/batch_0/ascot_sdcc_workflow_runner-74fb77ad-dd69-46f8-839a-dd8c0af1cab6,0
8.13,0.59,0.0,8.73,7102.0215523631905,9.07750885332904e+19,231364.01687493562,1424554.9306265123,0.16241143946143435,3225679.6410432765,3460733.6791872503,0.003786,0.005569,51.299774,15.422783,True,True,663.4778146890412,4.932792463656435,1.065941383428973,1.4119120750270289,687,/scratch/project_2013233/enchanted_plugins/data/ascot_DT-D_random_extended/batch_0/ascot_sdcc_workflow_runner-98f7a4cf-c14d-4c78-8273-67e0fdb25e8e,0
6.52,0.87,0.0,7.39,90026.83763259326,9.299027359206683e+19,208706.58979020437,1022436.3390410093,0.20412673319686583,8405222.194074083,9222194.362471858,0.0,0.0,35.341484,12.951528,True,True,866.6716170385608,11.521630304519977,1.4919687151100318,1.3329972904086698,673,/scratch/project_2013233/enchanted_plugins/data/ascot_DT-D_random_extended/batch_0/ascot_sdcc_workflow_runner-54e16429-03e3-4704-a87e-4730b2606529,0
10.84,0.58,0.0,11.41,11431.973972886888,9.65188201788626e+19,227063.05398449805,1315721.469762788,0.17257684031365345,4051093.5075081075,3619431.0973662906,0.001797,0.001199,42.851519,14.661561,True,True,654.2986433295091,5.456992567213975,1.4211458591347652,1.3196460990680028,683,/scratch/project_2013233/enchanted_plugins/data/ascot_DT-D_random_extended/batch_0/ascot_sdcc_workflow_runner-47bb15e0-21cc-4050-89b3-4b08483d27fc,0
35.13,0.29,0.0,35.42,321372.3434521535,8.773992237853402e+18,-436.21754008011027,100402.79158032093,-0.0043446754140410715,1216790.2896121817,14856679.67041204,0.0,0.0,6.532099,1.417259,True,True,800.3962727964573,11.83302409063689,1.2846246220104927,0.8230587215493932,618,/scratch/project_2013233/enchanted_plugins/data/ascot_DT-D_random_extended/batch_0/ascot_sdcc_workflow_runner-97c739ed-0371-425b-a0df-3f0bbfac72c4,0
8.5,0.74,0.0,9.24,22000.99033938881,8.227657999815338e+19,64717.27922698986,1049655.6230459313,0.06165572575049972,3963021.848518674,5129731.293259089,0.002991,0.002593,29.710054,9.403033,True,True,644.3422161955466,5.685564894355471,1.3052858553928075,0.8911369897737548,690,/scratch/project_2013233/enchanted_plugins/data/ascot_DT-D_random_extended/batch_0/ascot_sdcc_workflow_runner-ffe28bcd-aabd-40cf-8015-c5d4353d65e4,0
11.22,0.56,0.0,11.78,36531.571337625544,9.868818588852175e+19,269544.1705457621,1464772.713079873,0.18401774428130274,4724021.901642941,5617503.762231281,0.001797,0.001398,49.166969,15.294403,True,True,773.9365220384016,6.683403976984671,1.0452095927132652,1.4939958761819994,678,/scratch/project_2013233/enchanted_plugins/data/ascot_DT-D_random_extended/batch_0/ascot_sdcc_workflow_runner-011731e7-f283-4dfa-8b5f-b761194dea10,0
6.47,0.54,0.0,7.02,33150.408189395166,1.0484703234418072e+20,249656.1560555029,1553585.6890644229,0.16069674032968667,4837804.353108687,5788953.119639511,0.001797,0.001996,43.930948,14.019875,True,True,774.8636486764314,6.369405569076651,1.177308913280744,1.3208510655617003,682,/scratch/project_2013233/enchanted_plugins/data/ascot_DT-D_random_extended/batch_0/ascot_sdcc_workflow_runner-8698ccc8-c383-48a0-85e1-9e8a9e8a1287,0
7.56,0.7,0.0,8.26,44645.01159101465,1.1706952999244227e+20,299731.18108445546,1506004.3569664713,0.1990241128440032,6934629.432070226,7084967.956752722,0.0002,0.0,40.800005,14.520502,True,True,823.1224609243027,7.9073107104553575,1.426491286330002,1.399975958376908,693,/scratch/project_2013233/enchanted_plugins/data/ascot_DT-D_random_extended/batch_0/ascot_sdcc_workflow_runner-e1800e0f-1f13-4a02-bdc1-7602ba02c72a,0
8.7,0.79,0.0,9.49,2602.404067686921,6.695604586497063e+19,90678.16525798688,697458.7791575262,0.1300122214642115,3969912.2460459885,3604532.560776988,0.0002,0.0,32.274133,11.398415,True,True,585.9102281455592,6.737328904733536,1.463666074271196,1.0934754747134319,692,/scratch/project_2013233/enchanted_plugins/data/ascot_DT-D_random_extended/batch_0/ascot_sdcc_workflow_runner-9a13dfe8-ac3f-4be3-a740-ae4165cdf370,0
6.56,0.96,0.0,7.52,95378.37447839022,1.2269767930919628e+20,267514.77890139795,2238791.095553326,0.11949072847070648,3876051.8460145034,6726683.619534533,0.016522,0.016909,40.699255,13.857894,True,True,948.2048116602725,5.094254934946875,1.3169424658250064,1.1292780052418563,681,/scratch/project_2013233/enchanted_plugins/data/ascot_DT-D_random_extended/batch_0/ascot_sdcc_workflow_runner-d1af6db0-3d1f-4457-a667-16e396713543,0
10.12,0.96,0.0,11.08,164750.42805027496,9.943819248025543e+19,222127.71423989226,1251469.6936269538,0.17749348255979863,8549099.56848756,11373226.732064066,0.0,0.0,40.604426,13.301914,True,True,991.3570124495569,11.586940520552506,1.0907669958607178,1.3762090689279551,676,/scratch/project_2013233/enchanted_plugins/data/ascot_DT-D_random_extended/batch_0/ascot_sdcc_workflow_runner-4860c0ba-03be-4a4a-b04f-6a52b52099a0,0
5.62,0.71,0.0,6.33,20348.992761988404,1.0527639161420694e+20,276931.5487890045,2041015.424762679,0.13568322190470705,2544359.9974221378,3789902.7088880157,0.034563,0.02648,48.716593,15.806885,True,True,824.0200033600488,3.929088032799568,1.26220205236366,1.24385382488883,698,/scratch/project_2013233/enchanted_plugins/data/ascot_DT-D_random_extended/batch_0/ascot_sdcc_workflow_runner-82a8a748-c38c-4fb9-9431-92c50f5c79a5,0
5.97,0.59,0.0,6.56,33670.13607794548,1.1893025791729499e+20,120775.93160197549,2003655.4816929027,0.0602777936154628,3705931.663779042,6103402.175345866,0.014001,0.010685,32.688942,11.177122,True,True,779.7189294403556,4.509731018903378,1.4268827844995784,0.8943800800878293,705,/scratch/project_2013233/enchanted_plugins/data/ascot_DT-D_random_extended/batch_0/ascot_sdcc_workflow_runner-b5e99166-5d82-4093-af44-2dea2020fa94,0
8.75,0.96,0.0,9.71,137120.43039697228,9.505887384149308e+19,212714.17217750693,1166691.7137302111,0.1823225190289605,7858892.8402362205,9689858.232554851,0.0,0.0,39.718893,13.184487,True,True,900.4316796273748,10.842498752839946,1.1610986758464144,1.368416566049011,695,/scratch/project_2013233/enchanted_plugins/data/ascot_DT-D_random_extended/batch_0/ascot_sdcc_workflow_runner-9e5a224f-8648-46e9-8df8-ab2d2cc484fc,0
6.12,0.5,0.0,6.61,31544.96018981422,1.1030492597763047e+20,234694.15583727974,1662539.1144648879,0.14116609575999026,4450519.578768325,5188671.693580344,0.003786,0.00319,40.32755,13.469176,True,True,744.3015806297116,5.562782734193708,1.3271943824737105,1.1988806134471692,703,/scratch/project_2013233/enchanted_plugins/data/ascot_DT-D_random_extended/batch_0/ascot_sdcc_workflow_runner-991c132e-0393-49b5-aafa-173d39dfe1d0,0
8.65,0.73,0.0,9.38,24047.812149674493,5.118863359697213e+19,13928.11478894551,605415.3849839389,0.0230058818034745,3273250.15975621,5956704.500059789,0.0006,0.0002,24.339623,6.695602,True,True,631.3789769603144,7.016536273041223,1.1436132793319067,0.8533397581725408,706,/scratch/project_2013233/enchanted_plugins/data/ascot_DT-D_random_extended/batch_0/ascot_sdcc_workflow_runner-3995a503-c3cc-4f27-b88c-5ecb7b2d35f8,0
10.94,0.66,0.0,11.59,588054.0955329639,7.83831369449497e+19,61169.86831384271,930854.7460814152,0.06571365572485637,7198873.113920191,15316440.844761722,0.0,0.0,20.84248,7.137913,True,True,960.7048375837124,10.766560949939109,1.3809096228054434,0.8286141696288729,694,/scratch/project_2013233/enchanted_plugins/data/ascot_DT-D_random_extended/batch_0/ascot_sdcc_workflow_runner-df90d083-0b11-4c88-9faf-54c6f7f3aa26,0
6.93,0.68,0.0,7.62,16909.43159193408,9.428725706024773e+19,204351.29859923606,1364899.9986873495,0.14971887962177788,3829750.1809869846,3998808.6767143067,0.001996,0.001398,43.963604,13.948966,True,True,668.8616832785265,5.392917988119105,1.2270028339534536,1.2728368904169052,696,/scratch/project_2013233/enchanted_plugins/data/ascot_DT-D_random_extended/batch_0/ascot_sdcc_workflow_runner-1a2a2163-bcb4-46e0-ba8e-caf3123fc0ed,0
12.18,0.73,0.0,12.9,28389.580661889468,1.153978679950924e+20,283607.64200847957,1517959.3658871173,0.18683480492426435,6143807.752174322,6191940.593216072,0.001199,0.0002,39.989845,14.322133,True,True,780.0904755727518,7.0870549584000155,1.4596020124559845,1.3401038093638507,437,/scratch/project_2013233/enchanted_plugins/data/ascot_DT-D_random_extended/batch_0/ascot_sdcc_workflow_runner-9ef7a8fe-b9fc-40ae-8faa-a851ce1552ee,0
10.41,1.0,0.0,11.41,55283.08267034878,9.295075996288298e+19,201656.8459026178,1060168.7543427146,0.190212025280486,7304700.734480956,7723854.612369485,0.0,0.0,36.562801,12.974385,True,True,802.7899485589013,9.875902251548832,1.3896163322022594,1.3199107627508901,697,/scratch/project_2013233/enchanted_plugins/data/ascot_DT-D_random_extended/batch_0/ascot_sdcc_workflow_runner-509d9582-3075-4dbb-9718-c010a0deb368,0
7.79,0.68,0.0,8.47,61713.92281330255,1.1733274012029816e+20,231362.6530394127,1852598.0639170245,0.12488550946136319,4914919.26568261,7278199.254182455,0.004777,0.003388,40.31667,12.889759,True,True,850.8073916216554,6.050944550533364,1.1874272159407946,1.1648028556086265,707,/scratch/project_2013233/enchanted_plugins/data/ascot_DT-D_random_extended/batch_0/ascot_sdcc_workflow_runner-e6b8a0e1-a7be-4d99-a6fa-60c953693cf9,0
6.84,0.83,0.0,7.66,245906.6068550203,9.691093761265733e+19,127084.79790478278,1177618.8249689746,0.10791675133770975,7485219.062305891,11461211.440127507,0.0,0.0002,28.004505,9.641332,True,True,892.5161090762056,9.501664129671667,1.3040781543502726,1.0099222429792356,639,/scratch/project_2013233/enchanted_plugins/data/ascot_DT-D_random_extended/batch_0/ascot_sdcc_workflow_runner-80f08cb5-a02d-427a-a551-c3cefa80c09c,0
6.42,0.68,0.0,7.11,227887.04801723856,7.384917442017429e+19,56321.205676422695,920577.2914475313,0.06118031174532046,5880302.273804989,11646932.912569007,0.0,0.0,25.303149,7.696582,True,True,858.9020067215495,9.530641675931077,1.1244486021395779,0.8744561888177114,712,/scratch/project_2013233/enchanted_plugins/data/ascot_DT-D_random_extended/batch_0/ascot_sdcc_workflow_runner-634cd7b3-0343-4632-95f1-a4785cc923b4,0
6.67,0.8,0.0,7.47,38413.92881232882,7.824785858361238e+19,81577.96702376258,941639.8314031227,0.0866339382672508,4730960.380850895,6481853.367849638,0.0004,0.0004,30.109456,9.581214,True,True,696.5049602574068,7.19684893953343,1.227372965421972,0.9742785216969488,713,/scratch/project_2013233/enchanted_plugins/data/ascot_DT-D_random_extended/batch_0/ascot_sdcc_workflow_runner-731a9a70-692c-430d-bfe0-3d118ac6ed2a,0
6.98,0.99,0.0,7.97,83637.65420598965,1.0851451334368287e+20,80753.34214087947,1800146.446656617,0.04485931813540023,4258781.060776873,8310734.618291898,0.010489,0.007937,33.826464,9.809199,True,True,833.0365607830246,5.569260671761446,1.008585894659343,0.8819293740457698,700,/scratch/project_2013233/enchanted_plugins/data/ascot_DT-D_random_extended/batch_0/ascot_sdcc_workflow_runner-14efb583-323f-4a75-856a-7899f4a4547e,0
7.75,0.78,0.0,8.53,2163.254391936125,5.419828357822318e+19,68342.74835970368,519977.4025325502,0.13143407391713618,3416990.4388655243,2994836.581401931,0.0004,0.0,32.174282,11.193709,True,True,544.1840221095042,6.970212949567314,1.4311868098189675,1.09921364191318,708,/scratch/project_2013233/enchanted_plugins/data/ascot_DT-D_random_extended/batch_0/ascot_sdcc_workflow_runner-dcdc0216-9632-488c-bf9d-1618e6bae7fa,0
7.71,0.66,0.0,8.37,10165.843240692506,8.362979739017671e+19,168457.2977986488,1141629.112482813,0.14755869130937643,3892618.693388885,4117246.857390901,0.000999,0.002593,43.97231,13.477762,True,True,651.1923369508814,6.011906360333969,1.1153841195419338,1.2822188925546512,709,/scratch/project_2013233/enchanted_plugins/data/ascot_DT-D_random_extended/batch_0/ascot_sdcc_workflow_runner-730bd657-2cea-4295-8681-68237e8469eb,0
11.7,0.7,0.0,12.4,19079.522989316414,1.119213862883984e+20,134857.42551111092,2138737.9712041756,0.06305467398382703,2657746.6503359666,4431345.11613226,0.034563,0.02439,36.679098,12.70944,True,True,773.0375376191196,3.7059547921132316,1.433781035453917,0.921564277138504,691,/scratch/project_2013233/enchanted_plugins/data/ascot_DT-D_random_extended/batch_0/ascot_sdcc_workflow_runner-fb8a9ebc-7e68-42ec-80ea-bf7655893d4f,0
18.1,0.58,0.0,18.68,1793.0305286155437,5.95929253319082e+19,125527.47496755075,749502.2832451984,0.1674811108300315,2304894.617519581,1726557.582230476,0.001996,0.002792,52.479117,15.425896,True,True,505.5562890207176,4.631661644047777,1.0604004604935136,1.4582410295709298,689,/scratch/project_2013233/enchanted_plugins/data/ascot_DT-D_random_extended/batch_0/ascot_sdcc_workflow_runner-51eed543-1296-44af-b25c-c0a04b1a391d,0
5.78,0.86,0.0,6.65,130201.80056589634,9.347112999840314e+19,117061.99506122335,1861177.2209376816,0.0628967482216692,2159652.210417069,5288272.336454865,0.057137,0.052133,43.962446,13.502466,True,True,994.380572915864,3.89386031742775,1.072667825926513,0.9764116610565317,723,/scratch/project_2013233/enchanted_plugins/data/ascot_DT-D_random_extended/batch_0/ascot_sdcc_workflow_runner-854b12aa-14bb-4fee-bd87-1ce7b2c49b8e,0
11.4,0.81,0.0,12.21,2397.6425142294947,4.490294257718545e+19,53961.87915887178,429092.3160891694,0.125758204319972,2797105.0062656538,2422381.5071694753,0.0,0.0002,34.482692,11.148643,True,True,505.4009643915158,6.7356428214934265,1.281377185197558,1.114531057172566,704,/scratch/project_2013233/enchanted_plugins/data/ascot_DT-D_random_extended/batch_0/ascot_sdcc_workflow_runner-9455f8bc-231e-431a-8e96-53fba4b49162,0
10.92,0.78,0.0,11.69,55778.07767499698,8.226931409900262e+19,164073.04139465812,919558.3106379128,0.17842592416008718,6946694.304278529,8163431.473725735,0.0,0.0,36.004927,12.344315,True,True,805.6461702650732,10.561851583463513,1.2869688722163903,1.2896311431211502,717,/scratch/project_2013233/enchanted_plugins/data/ascot_DT-D_random_extended/batch_0/ascot_sdcc_workflow_runner-476d87d6-dcea-4958-ae72-f375091aca67,0
7.84,0.72,0.0,8.56,66152.48826333025,6.417289024408777e+19,113663.89582306313,730310.9170879725,0.15563767864279549,5727890.296793845,7920766.566621152,0.0,0.0,37.213516,11.798485,True,True,782.5771212732695,11.156746373401873,1.0624252030170993,1.264696576220098,716,/scratch/project_2013233/enchanted_plugins/data/ascot_DT-D_random_extended/batch_0/ascot_sdcc_workflow_runner-08765cdf-2b6d-4ce4-8d91-70dd01faf404,0
6.75,0.86,0.0,7.61,90546.55826292794,1.1439114221318504e+20,293627.2086137917,1481972.3381596764,0.1981327188457647,7687267.537141165,8670558.971727602,0.0,0.0,42.136659,14.376786,True,True,896.9112442279616,9.072622302662662,1.2606556797181812,1.4389806598706207,715,/scratch/project_2013233/enchanted_plugins/data/ascot_DT-D_random_extended/batch_0/ascot_sdcc_workflow_runner-6ab7d2d5-0cd7-4794-b098-260611845e68,0
8.38,0.75,0.0,9.13,1245.9466504970394,2.6832190778749243e+19,28515.398856880984,212711.92731909416,0.134056417128431,2499367.680921296,2898325.6029243777,0.0,0.0,28.113792,9.620404,True,True,513.227217842038,10.100602325024353,1.3480726307755613,1.0771650958686958,721,/scratch/project_2013233/enchanted_plugins/data/ascot_DT-D_random_extended/batch_0/ascot_sdcc_workflow_runner-ea9ff1c4-fbf8-46c2-a296-3425432d5bb7,0
6.74,1.06,0.0,7.8,277915.0748277979,1.1671168553717637e+20,105904.47074461856,1785938.6161358473,0.05929905417116696,6369912.913099503,12731850.408321757,0.002195,0.001996,30.958024,9.342792,True,True,991.5595899230116,7.525757042720208,1.062979177472047,0.9106620124594241,719,/scratch/project_2013233/enchanted_plugins/data/ascot_DT-D_random_extended/batch_0/ascot_sdcc_workflow_runner-db11d056-2525-48de-a701-2ca10bfc29de,0
6.97,0.72,0.0,7.69,111787.62014164722,1.2969230821301569e+20,289152.60086221417,1758824.0759027917,0.16440109322121613,7400364.607709163,8779812.612131737,0.000999,0.0006,36.135671,13.177342,True,True,884.6966174563162,7.708218344900347,1.4598811147133475,1.2242119989500515,732,/scratch/project_2013233/enchanted_plugins/data/ascot_DT-D_random_extended/batch_0/ascot_sdcc_workflow_runner-a75b6136-8843-4447-a94a-ad982f9641a7,0
25.9,0.72,0.0,26.62,657.6729944813235,2.702158735876664e+19,33572.925696057115,232887.74401790896,0.14415926367286797,2476967.781301549,2995947.5654013944,0.0,0.0,36.566533,11.206569,True,True,524.4831922723794,9.935933545554176,1.0160995182849548,1.224065275990964,686,/scratch/project_2013233/enchanted_plugins/data/ascot_DT-D_random_extended/batch_0/ascot_sdcc_workflow_runner-bbe485c8-39cd-4d8e-8b02-b6230139f3db,0
6.48,0.81,0.0,7.29,28262.810765021215,5.751085592944158e+19,101753.17896971387,625228.8271151802,0.1627455014177854,5018730.108266366,6379900.155744041,0.0,0.0,37.313453,11.941873,True,True,712.4863962432463,10.607736043178408,1.109670807537403,1.2804856251355676,730,/scratch/project_2013233/enchanted_plugins/data/ascot_DT-D_random_extended/batch_0/ascot_sdcc_workflow_runner-d56e69d8-a9dc-4094-ac81-6a1287145116,0
6.63,0.91,0.0,7.54,51384.54812200945,1.0454301087288705e+20,94853.89295706214,1345075.7775670944,0.070519367413358,5129456.844780765,6800972.5767322285,0.002991,0.001996,27.489233,9.784894,True,True,723.1988843952861,5.9359712087394385,1.4976923380127702,0.8912373742217699,734,/scratch/project_2013233/enchanted_plugins/data/ascot_DT-D_random_extended/batch_0/ascot_sdcc_workflow_runner-0e2930ee-a4f4-4932-afb5-a56aed8a1541,0
18.75,0.99,0.0,19.74,222957.67222069786,1.3833352964120371e+20,338428.47652436944,1943647.8951447764,0.17412025983191823,8376644.168995902,10495237.699956119,0.0004,0.0002,37.752804,13.622508,True,True,997.2851719111468,8.46699466431356,1.405960288789698,1.2795821649855612,702,/scratch/project_2013233/enchanted_plugins/data/ascot_DT-D_random_extended/batch_0/ascot_sdcc_workflow_runner-79ab1261-c176-4ec9-b5e6-104ea551a3ac,0
10.23,0.66,0.0,10.89,2171.32668898833,6.468538563827593e+19,59569.05430369359,779401.7761068399,0.07642920009913848,2908523.2929999204,2931988.4210678604,0.001797,0.001597,34.821029,10.632833,True,True,545.7330292883296,5.1647048686686645,1.2104327452639623,0.9823773045601012,724,/scratch/project_2013233/enchanted_plugins/data/ascot_DT-D_random_extended/batch_0/ascot_sdcc_workflow_runner-5017cadb-f23e-4f85-a766-a47e95044f70,0
6.97,0.77,0.0,7.74,27666.00848982089,1.0182559001637282e+20,257844.00493641692,1643828.9876914902,0.15685573552180748,3689487.6318352125,4234300.895352535,0.006359,0.007543,47.789737,14.876931,True,True,720.7865316442545,5.142665918768982,1.1555366472476802,1.3414349238757617,729,/scratch/project_2013233/enchanted_plugins/data/ascot_DT-D_random_extended/batch_0/ascot_sdcc_workflow_runner-405e1dda-defa-4893-be1e-bc88a97b6678,0
5.67,0.65,0.0,6.32,40775.94653460931,1.1467697877156258e+20,278364.1823212206,1489735.2056528337,0.1868548056493271,6111483.295632533,6130390.61527999,0.0004,0.000799,39.989845,14.322133,True,True,780.0904755727518,7.0870549584000155,1.4596020124559845,1.3401038093638507,737,/scratch/project_2013233/enchanted_plugins/data/ascot_DT-D_random_extended/batch_0/ascot_sdcc_workflow_runner-875fd461-c9e9-4c05-9639-8faa207e9d0e,0
15.43,0.58,0.0,16.02,55733.84755325871,1.0498857275612057e+20,193221.69012797365,1748149.054412495,0.11052929934107372,3893449.929133835,5789813.883871292,0.00774,0.007937,43.278526,13.006223,True,True,784.2451613415391,5.402458253817105,1.0219855060007115,1.1547648229774354,714,/scratch/project_2013233/enchanted_plugins/data/ascot_DT-D_random_extended/batch_0/ascot_sdcc_workflow_runner-61e28190-8042-4e4a-8402-4c28288daaad,0
8.3,0.57,0.0,8.88,38554.63451374529,1.0440221724433947e+20,116184.84307438457,1793561.7692023502,0.06477883564949949,3430103.1912434,5682787.613011267,0.013223,0.010097,38.952409,11.488928,True,True,762.5625847279598,4.7854935421984806,1.0723439427962187,0.9767453179269125,728,/scratch/project_2013233/enchanted_plugins/data/ascot_DT-D_random_extended/batch_0/ascot_sdcc_workflow_runner-f0d9ea81-af5d-4fb9-b92a-23e4c9f498c0,0
8.72,0.78,0.0,9.51,14516.659979240943,8.332364240788623e+19,185188.43295014818,1119317.6682672384,0.16544760991473442,4169502.0685093584,4385705.422808109,0.0002,0.000799,45.504269,14.047102,True,True,669.283497021311,6.478379333939836,1.1008443219998811,1.3675922401587068,725,/scratch/project_2013233/enchanted_plugins/data/ascot_DT-D_random_extended/batch_0/ascot_sdcc_workflow_runner-168ef321-0ef3-410e-9422-101072a39e75,0
7.66,0.39,0.0,8.05,21191.40487231707,7.241923341153761e+18,-1182.2346680443725,67527.88288781878,-0.017507355739382044,834774.9398610746,4745039.802524665,0.0,0.0,10.151412,2.231315,True,True,514.3914372729251,9.734746657549717,1.3469407984517134,0.937517151446245,722,/scratch/project_2013233/enchanted_plugins/data/ascot_DT-D_random_extended/batch_0/ascot_sdcc_workflow_runner-174112e5-62fe-44ab-9203-63bc1bf1fa9c,0
8.24,0.67,0.0,8.9,12231.828502061755,3.1002666665227473e+19,17236.749991648685,298134.2048324251,0.05781540565376286,2675266.7175342147,4354193.5523862885,0.0,0.0,26.188403,7.887584,True,True,571.6126219321815,9.239727649133687,1.1332945287177218,0.9486742613476884,733,/scratch/project_2013233/enchanted_plugins/data/ascot_DT-D_random_extended/batch_0/ascot_sdcc_workflow_runner-f32afd15-3e2c-4027-9ec6-ff8fc9ea8bb7,0
5.69,0.7,0.0,6.4,91488.43194755967,4.977287025580036e+19,52648.326268060075,516148.9189788363,0.10200220194633174,4746982.824931571,8269843.232177682,0.0,0.0,22.815627,8.086124,True,True,739.2104182976926,11.099013410766595,1.4070360426159259,0.9469138808123305,735,/scratch/project_2013233/enchanted_plugins/data/ascot_DT-D_random_extended/batch_0/ascot_sdcc_workflow_runner-e3fafb49-ac2d-4596-96ce-7c10dfdac9ac,0
44.73,0.71,0.0,45.44,6758.261679699619,4.17211771712932e+19,34109.933602792924,432652.12333452096,0.07883916838290787,2805707.050643172,3668010.9995075567,0.0004,0.0,31.677229,9.226894,True,True,553.530354230629,7.419598531582857,1.0104285515850495,0.9858027721755029,636,/scratch/project_2013233/enchanted_plugins/data/ascot_DT-D_random_extended/batch_0/ascot_sdcc_workflow_runner-c9b1d49d-fa2c-420b-b36d-802ba277cbdb,0
51.61,0.49,0.0,52.1,108952.1918043361,1.2056093916935098e+20,340621.78826677846,2109750.750645478,0.16145119899237637,4322859.950910924,6471083.143898079,0.009312,0.007937,45.153441,15.227597,True,True,945.1906510530996,5.667546357399371,1.2831623270034456,1.3201089427597372,629,/scratch/project_2013233/enchanted_plugins/data/ascot_DT-D_random_extended/batch_0/ascot_sdcc_workflow_runner-0774eb6a-c20a-4066-bb44-ce4bd983c7f5,0
7.67,0.55,0.0,8.23,83696.41689669032,1.1394804707197608e+20,86950.45805134722,1933492.0104984473,0.044970683912436596,4317219.333538831,9075679.3078564,0.01088,0.008133,34.320908,10.049406,True,True,889.2980982203519,5.518849007086879,1.0405863553883614,0.8829461707421254,736,/scratch/project_2013233/enchanted_plugins/data/ascot_DT-D_random_extended/batch_0/ascot_sdcc_workflow_runner-d6cbee4d-173c-4d85-bf56-b04d6649af28,0
6.57,0.68,0.0,7.25,42976.71174278374,9.259003483686398e+19,185061.19838675956,1189019.9935602723,0.155641788522523,6043293.260839137,7472088.203820902,0.0002,0.0004,39.183007,12.573767,True,True,796.6988729528654,8.481745152603764,1.1452535099687857,1.2677070795298673,741,/scratch/project_2013233/enchanted_plugins/data/ascot_DT-D_random_extended/batch_0/ascot_sdcc_workflow_runner-f54da09f-99e3-451d-9f9c-de0c2c552ac2,0
7.06,0.73,0.0,7.79,5985.3146194730525,5.9875239238683386e+19,114919.44121949023,651830.3534856881,0.17630268459416482,4042153.6812341455,4056276.8972941437,0.0,0.0002,42.222835,13.32021,True,True,620.5955522244874,8.087404000199959,1.1238439473856043,1.372207806278055,743,/scratch/project_2013233/enchanted_plugins/data/ascot_DT-D_random_extended/batch_0/ascot_sdcc_workflow_runner-4a69964c-2d52-48f5-a260-53a62651b53e,0
6.88,0.6,0.0,7.48,126585.42612248768,1.1631168119034425e+20,73350.25416067628,2055446.0919235146,0.03568580779077213,4262430.962718163,9405659.246766444,0.013807,0.011662,33.528766,9.772428,True,True,921.888720113632,5.4263647128606065,1.0288672362076434,0.8460262298293865,744,/scratch/project_2013233/enchanted_plugins/data/ascot_DT-D_random_extended/batch_0/ascot_sdcc_workflow_runner-55b32bb2-bd47-4648-973c-1fb2fd559f9d,0
6.87,0.76,0.0,7.63,4765.437442384778,3.3162286181191115e+19,29145.492267769896,281621.5313730756,0.10349170436531596,2565948.6141671217,2788639.103813983,0.0,0.0,26.092528,9.065959,True,True,504.13847414101883,8.233124691323509,1.422141619068698,0.9789269756704957,740,/scratch/project_2013233/enchanted_plugins/data/ascot_DT-D_random_extended/batch_0/ascot_sdcc_workflow_runner-de38c5eb-b70c-4a7e-bd51-afccdef2e270,0
6.82,0.89,0.0,7.71,80844.71588049953,9.552361483287808e+19,217498.86707627185,1105563.7469175712,0.19673118595167555,7944842.6421099985,8947432.927900793,0.0,0.0,39.05006,13.434597,True,True,867.0089480906852,10.711002431669465,1.2765260067050228,1.3916102250105564,748,/scratch/project_2013233/enchanted_plugins/data/ascot_DT-D_random_extended/batch_0/ascot_sdcc_workflow_runner-fd3f1609-f988-42b2-9d76-3a1e99757c4b,0
6.75,0.54,0.0,7.29,26895.55338790738,1.0953006107018315e+20,335900.69074132043,2165798.260952357,0.1550932498180215,2724009.0574966334,3615186.5396971093,0.029691,0.024771,46.854636,16.641835,True,True,829.5215513147978,4.0280288847871475,1.4671441802126424,1.2795221384638247,754,/scratch/project_2013233/enchanted_plugins/data/ascot_DT-D_random_extended/batch_0/ascot_sdcc_workflow_runner-4c01f152-484f-42f7-abf0-567fd90ff9f0,0
23.92,0.59,0.0,24.51,7288.125418420691,8.59358384683626e+19,103507.16352785018,1109315.5531116966,0.09330723186698896,3508131.6783808274,3476441.327614189,0.004182,0.002792,33.702626,11.650138,True,True,597.505038510499,4.944585867350767,1.4474867077975873,1.006703329143891,711,/scratch/project_2013233/enchanted_plugins/data/ascot_DT-D_random_extended/batch_0/ascot_sdcc_workflow_runner-83074743-0f1a-4832-8b04-d2f8c153b147,0
7.05,0.77,0.0,7.82,87448.61561374113,9.037568688313678e+19,144469.46831552533,1042722.4822488364,0.13855025740305174,6777370.541621882,8666121.20547404,0.0002,0.0002,31.41946,10.890212,True,True,801.9266955316006,9.225291767886606,1.341897316678423,1.1177889349635448,739,/scratch/project_2013233/enchanted_plugins/data/ascot_DT-D_random_extended/batch_0/ascot_sdcc_workflow_runner-8b24881e-27e0-408a-8fcd-6650421524ef,0
7.81,0.79,0.0,8.6,183540.61129934134,1.3625141772192766e+20,306533.8283774902,2152758.9797827755,0.1423911507308733,6031265.756625266,8892509.788016474,0.004777,0.002593,37.734478,13.383893,True,True,963.625257964878,6.593241653625088,1.3827752103355297,1.1776618163949821,701,/scratch/project_2013233/enchanted_plugins/data/ascot_DT-D_random_extended/batch_0/ascot_sdcc_workflow_runner-3fbaef6c-91fa-4da2-a8e6-cfcccd084368,0
7.63,0.87,0.0,8.49,109820.61016226718,7.95254010551378e+19,158979.5073459874,905994.43656752,0.17547514745046594,7348353.792337938,9497869.786057299,0.0,0.0,37.883318,12.498906,True,True,870.9041580022297,11.80155510487532,1.139797611686176,1.32563860037946,720,/scratch/project_2013233/enchanted_plugins/data/ascot_DT-D_random_extended/batch_0/ascot_sdcc_workflow_runner-474994dc-c888-45d3-a69c-1250655fcd45,0
7.6,0.74,0.0,8.34,5720.628268719515,2.9218939758028222e+19,37436.13700347541,245084.78222026513,0.15274770087450967,3035245.7805542345,3930667.1652698563,0.0,0.0,29.583389,10.080432,True,True,573.4928379382873,11.701714928917017,1.3063444698458673,1.141264655494774,745,/scratch/project_2013233/enchanted_plugins/data/ascot_DT-D_random_extended/batch_0/ascot_sdcc_workflow_runner-e6e7ba95-5caf-43fd-93c7-638fdae6c623,0
8.71,0.36,0.0,9.06,55457.34197206202,6.425395709222889e+18,-593.6729793698463,60357.953168113294,-0.009835869975847355,866285.116390463,6361124.342392001,0.0,0.0,8.831631,1.950336,True,True,575.0997142076861,11.490015489073516,1.410988254104215,1.0067321242946652,746,/scratch/project_2013233/enchanted_plugins/data/ascot_DT-D_random_extended/batch_0/ascot_sdcc_workflow_runner-7c68a752-d13a-4d70-87f6-6b72f22d38d0,0
9.99,0.62,0.0,10.61,95143.80548968718,1.321409364881327e+20,210651.4330466572,2131995.780716786,0.09880480766047074,5024711.935303209,7934547.481554799,0.008723,0.006754,33.755184,12.07976,True,True,877.1275299748356,5.564717505393601,1.4215552175836743,1.0164038096858126,747,/scratch/project_2013233/enchanted_plugins/data/ascot_DT-D_random_extended/batch_0/ascot_sdcc_workflow_runner-8c2dd823-073f-4542-a865-1a3d8cd4baa0,0
9.98,0.46,0.0,10.44,47803.17756746181,1.1503759237690578e+20,161929.26238206876,1797295.7618558002,0.09009605754306596,4095995.306260442,5639386.927426236,0.008133,0.005371,34.207201,11.939694,True,True,747.26792823681,4.956045221684715,1.4263894746934147,0.9972419340707391,749,/scratch/project_2013233/enchanted_plugins/data/ascot_DT-D_random_extended/batch_0/ascot_sdcc_workflow_runner-18d114ab-4f04-45c8-9f12-9e7cff0d41bb,0
7.42,0.89,0.0,8.31,0.0,4.951370217692803e+19,99825.15026820674,468205.6747796632,0.21320790337533665,4338278.582652893,4050619.9777510054,0.0002,0.0,41.140643,13.852138,True,True,620.2504126164222,10.34911239752559,1.2461311980162064,1.486625134065262,751,/scratch/project_2013233/enchanted_plugins/data/ascot_DT-D_random_extended/batch_0/ascot_sdcc_workflow_runner-38d158c8-0236-4976-929a-92a91ebaca9c,0
8.95,0.77,0.0,9.73,20730.807781226253,8.433458532639703e+19,161192.852772593,932974.9932321172,0.17277296169983136,5293263.317083195,4876411.509581584,0.0004,0.0002,36.518991,12.931037,True,True,671.6128102975699,7.606214943260309,1.4460720810714496,1.2575190945788577,752,/scratch/project_2013233/enchanted_plugins/data/ascot_DT-D_random_extended/batch_0/ascot_sdcc_workflow_runner-37835ad8-3a34-442c-810b-1d63ec8e0b9d,0
9.91,0.69,0.0,10.6,299417.7711579352,8.866803773971931e+19,59644.428672877395,1132918.9807388273,0.052646684967693445,6538144.259141615,12641580.787404604,0.0004,0.0002,23.964551,7.545896,True,True,888.2377019910053,8.750955140694321,1.2268616285796186,0.8301693224899132,750,/scratch/project_2013233/enchanted_plugins/data/ascot_DT-D_random_extended/batch_0/ascot_sdcc_workflow_runner-0d114915-5e48-45fb-9a86-1d7f2534af0c,0
21.53,0.3,0.0,21.84,47298.559764565536,6.259139517586193e+18,-1590.5455545419993,65815.11839749696,-0.02416687219091123,763226.8416356706,6701068.866073649,0.0,0.0,10.248199,2.010475,True,True,592.6629909310896,10.722616224729956,1.0220324929086033,0.9343559405154127,718,/scratch/project_2013233/enchanted_plugins/data/ascot_DT-D_random_extended/batch_0/ascot_sdcc_workflow_runner-3e61eac2-2476-440d-867f-f56ca7fe415a,0
7.1,0.86,0.0,7.96,9538.08655360908,5.3358788654993785e+19,99329.81113307668,496753.74207744043,0.199957851787238,4666155.808662113,4439264.990846661,0.0,0.0,34.835765,12.590918,True,True,634.7641509524489,10.421922104030399,1.4895128792334467,1.317201767174776,757,/scratch/project_2013233/enchanted_plugins/data/ascot_DT-D_random_extended/batch_0/ascot_sdcc_workflow_runner-508f4cf1-f2ac-4879-821e-a09e8bd092ca,0
13.49,0.6,0.0,14.09,19422.0404769222,6.9655874944346415e+19,5047.745820851766,964669.6046228855,0.0052326162207889425,2971316.038701412,4906045.823195425,0.003984,0.002394,28.733819,7.626556,True,True,613.2689353024962,5.075416639424483,1.094631196607713,0.8020179343576447,731,/scratch/project_2013233/enchanted_plugins/data/ascot_DT-D_random_extended/batch_0/ascot_sdcc_workflow_runner-2a18fb24-514e-4cb5-ae76-cb071249d13e,0
6.67,0.43,0.0,7.1,53747.2392396607,1.1461107390888585e+20,359372.72217657627,2148374.1244225563,0.16727660145002402,3349452.797105299,4894945.565680816,0.019416,0.01536,47.325521,16.25517,True,True,903.1875064066395,4.791765068127559,1.366199544757125,1.344601379530891,768,/scratch/project_2013233/enchanted_plugins/data/ascot_DT-D_random_extended/batch_0/ascot_sdcc_workflow_runner-aa5c115d-6cd4-4f41-8256-97b3d4b4836c,0
6.66,0.65,0.0,7.31,70282.04822513205,1.1965940696687043e+20,261294.898956035,1720289.7940830134,0.15189004774356413,5775065.931441975,6981679.75159858,0.001597,0.001398,38.274892,13.231451,True,True,819.6778740695113,6.626869045594389,1.3672938761691755,1.2151296295935035,726,/scratch/project_2013233/enchanted_plugins/data/ascot_DT-D_random_extended/batch_0/ascot_sdcc_workflow_runner-12b94b7f-284d-4463-8003-cf62db6653be,0
10.62,0.81,0.0,11.43,70652.58906834884,9.725215225288684e+19,178535.4863095381,1261580.7833210018,0.1415172842436288,6010487.454767514,7701925.81393483,0.0006,0.0002,37.443761,12.052856,True,True,803.3528167826208,8.052566852827447,1.1716003364446905,1.1995994267780568,755,/scratch/project_2013233/enchanted_plugins/data/ascot_DT-D_random_extended/batch_0/ascot_sdcc_workflow_runner-e497a604-4e05-4b12-8fde-7bae6dab3dbf,0
6.25,0.73,0.0,6.98,159148.05434027675,1.1368086416468415e+20,131312.55939345225,1619367.4706105688,0.08108879656816989,6110755.986853271,9821153.184241954,0.002792,0.002195,30.957176,9.95456,True,True,866.4293492197147,7.043927265968458,1.2120221464871093,0.9624318165714014,765,/scratch/project_2013233/enchanted_plugins/data/ascot_DT-D_random_extended/batch_0/ascot_sdcc_workflow_runner-842131d7-bc65-41fa-863b-f7a8b255e3c4,0
5.47,0.37,0.0,5.84,35539.918169094024,1.0774770144550163e+20,181587.16447286733,2031187.434323438,0.08939951153909714,2861273.221644335,4977842.68032574,0.024771,0.028183,44.254369,13.561883,True,True,833.0342663574324,4.202987257519547,1.119732845853275,1.0731337140220192,773,/scratch/project_2013233/enchanted_plugins/data/ascot_DT-D_random_extended/batch_0/ascot_sdcc_workflow_runner-53f7eb6a-9db3-42ad-a609-0590e6b1f23e,0
10.55,0.34,0.0,10.89,254747.24324689427,1.1273327713536838e+19,-1173.302831193977,131245.88531966935,-0.008939730402490098,1443110.962335089,15060271.903120268,0.0,0.0,7.243037,1.606337,True,True,804.4374369619061,11.216150541791944,1.298056158115208,0.8196864922535942,654,/scratch/project_2013233/enchanted_plugins/data/ascot_DT-D_random_extended/batch_0/ascot_sdcc_workflow_runner-a856b738-875a-40d3-9633-2bfb2d41d893,0
6.96,0.88,0.0,7.84,282239.01471263345,1.3375444777316075e+20,202822.3254022574,1761354.865824903,0.11515131296796842,8543106.613936594,12501523.570018193,0.001597,0.000799,30.233915,10.844109,True,True,979.7255699580577,8.338680942421943,1.378484215589965,1.0387237971576702,771,/scratch/project_2013233/enchanted_plugins/data/ascot_DT-D_random_extended/batch_0/ascot_sdcc_workflow_runner-c915329d-8ec3-417b-bbf7-7095d77fe5fc,0
6.65,0.65,0.0,7.29,35118.116044264745,1.0174159337433288e+20,186988.9635732425,1971199.075494934,0.09486051708211805,2416547.817001117,4270096.952436592,0.038462,0.039939,48.43678,14.558406,True,True,829.0128320725104,3.8380695175501973,1.0252991968074237,1.1212249199368762,761,/scratch/project_2013233/enchanted_plugins/data/ascot_DT-D_random_extended/batch_0/ascot_sdcc_workflow_runner-6ced8c93-71fc-48bc-b63e-60b0d6913d8a,0
9.44,0.83,0.0,10.27,91587.56083197915,1.0407011343169433e+20,251409.0127903907,2034755.9963674904,0.1235573273843222,2752900.054605834,5271246.433504803,0.029315,0.02629,46.134195,15.147597,True,True,982.4248953967324,4.489156847018862,1.219786762175091,1.1885297349078012,764,/scratch/project_2013233/enchanted_plugins/data/ascot_DT-D_random_extended/batch_0/ascot_sdcc_workflow_runner-8b90a3d7-0ca4-4972-8bc1-52a5beadfe64,0
26.06,0.76,0.0,26.82,598.700715781694,2.9664634466542834e+19,33630.87056853074,241544.05324372873,0.1392328650484129,2575465.4890002916,2646548.563543193,0.0,0.0,29.121698,10.090005,True,True,505.14453257174,9.40406592954294,1.3827370032276374,1.0962267008222015,727,/scratch/project_2013233/enchanted_plugins/data/ascot_DT-D_random_extended/batch_0/ascot_sdcc_workflow_runner-2937a5d6-3882-4a82-a443-1a2c26619710,0
11.8,0.7,0.0,12.5,98133.07721011667,9.832468157368992e+19,195507.8694061772,1208486.5589682893,0.16177910126951386,6753823.209570869,8097100.116193178,0.0004,0.0,37.041667,12.437855,True,True,818.8697469194673,8.813093679112221,1.255884976902818,1.2511010621549656,759,/scratch/project_2013233/enchanted_plugins/data/ascot_DT-D_random_extended/batch_0/ascot_sdcc_workflow_runner-aeee0b07-ebd9-453d-9438-3cce64eab79b,0
10.9,0.68,0.0,11.58,8011.544584238414,7.10539815730375e+19,121714.9407002127,829448.3970605033,0.1467420289575101,3488188.1217883746,2874351.015897295,0.000999,0.0004,39.743744,12.982459,True,True,567.5781118620239,5.760382139564401,1.3163325150706031,1.2157076643682507,766,/scratch/project_2013233/enchanted_plugins/data/ascot_DT-D_random_extended/batch_0/ascot_sdcc_workflow_runner-ff8ccfcc-d5ff-44f5-ac2b-b0742ab69029,0
9.17,0.77,0.0,9.94,0.0,5.211422764298306e+19,89547.98915097635,491600.4585652689,0.18215603258858074,3053160.7184647317,2034844.5652284191,0.0,0.0002,40.447983,13.720316,True,True,507.17136362409934,6.504808513340812,1.4004459152417845,1.333596676660167,770,/scratch/project_2013233/enchanted_plugins/data/ascot_DT-D_random_extended/batch_0/ascot_sdcc_workflow_runner-9ead163e-0bfc-4000-b575-0f65d7122958,0
13.49,0.75,0.0,14.24,117741.79944887632,7.2797519209315836e+19,45135.341808445344,949235.992678422,0.04754912598824737,4740852.992061976,8998964.345184429,0.0002,0.0006,27.382109,7.864975,True,True,768.0681796374067,7.925277901542653,1.0390847580513451,0.8554278199861707,756,/scratch/project_2013233/enchanted_plugins/data/ascot_DT-D_random_extended/batch_0/ascot_sdcc_workflow_runner-edbd042d-84ca-47a0-ad83-69355da07e8f,0
12.87,0.73,0.0,13.6,15710.733685193027,3.9558192471515505e+19,59591.04791219964,374505.7136377336,0.15911919562819588,3993296.563325864,5286652.717730182,0.0,0.0,33.239973,10.942518,True,True,649.842139416663,11.727249664059048,1.1888872950099172,1.213596196854251,760,/scratch/project_2013233/enchanted_plugins/data/ascot_DT-D_random_extended/batch_0/ascot_sdcc_workflow_runner-c90338b3-99dc-4629-b18a-66cc1f22e9ee,0
5.67,0.82,0.0,6.5,12871.378363054795,5.8282161188216136e+19,116640.58511332021,567746.228238406,0.20544493175274942,5329446.033668174,5446938.143817557,0.0,0.0,37.260456,13.023436,True,True,686.6502666492945,11.065446983395637,1.3558885542444625,1.385631081009608,778,/scratch/project_2013233/enchanted_plugins/data/ascot_DT-D_random_extended/batch_0/ascot_sdcc_workflow_runner-f65a946b-ff22-4abb-8ac9-bd59fc90090e,0
5.25,0.84,0.0,6.09,101866.31482646403,1.2093135428342053e+20,80964.08548297042,1895708.4389725332,0.042709144411918455,5223844.759204688,9978104.644928282,0.006359,0.005371,29.555594,9.124006,True,True,875.7240787007903,5.860066586254414,1.2171738998473858,0.8339546479916073,783,/scratch/project_2013233/enchanted_plugins/data/ascot_DT-D_random_extended/batch_0/ascot_sdcc_workflow_runner-dcc71737-3ad0-4be0-9bc6-390323a571c6,0
48.2,0.76,0.0,48.96,523445.9324115992,8.756514144841941e+19,104012.44752114495,1027818.0149090136,0.10119733845135272,8011458.40595135,14044857.846742965,0.0,0.0002,23.911881,8.575236,True,True,952.7753683378548,11.05047160187328,1.4172114646895086,0.9422398493595967,680,/scratch/project_2013233/enchanted_plugins/data/ascot_DT-D_random_extended/batch_0/ascot_sdcc_workflow_runner-42023bc9-360d-4ea3-843d-75c2d053c995,0
10.21,0.63,0.0,10.84,29615.033458951337,1.1297536404748445e+20,273102.5419731696,2206832.9671868565,0.12375315487574258,2852561.370784997,4245852.037143368,0.029126,0.020952,42.370381,15.168275,True,True,836.9154803008828,4.090608989402874,1.4716310072454641,1.140475685702659,772,/scratch/project_2013233/enchanted_plugins/data/ascot_DT-D_random_extended/batch_0/ascot_sdcc_workflow_runner-a08aa98f-e560-4cda-bcd5-1548b055142a,0
6.58,0.79,0.0,7.37,1918.8852881202176,5.213664145717385e+19,81749.60890614457,480248.12390469504,0.17022369237275298,3230833.2952411813,2342515.0357021936,0.0,0.0002,37.256734,12.918494,True,True,518.6889537153238,6.886736192770252,1.430978643688122,1.2585730442028442,769,/scratch/project_2013233/enchanted_plugins/data/ascot_DT-D_random_extended/batch_0/ascot_sdcc_workflow_runner-2f7cfac0-5030-4d31-9b38-8b8683ad48c4,0
15.5,0.8,0.0,16.3,22589.457578878748,9.056714908988021e+19,162978.8873757837,1149665.11899589,0.14176205286468846,4577291.905301013,4625666.124411577,0.0006,0.0004,37.393046,12.549034,True,True,664.6637014453481,6.281247546906205,1.339521266506853,1.1780731118172856,758,/scratch/project_2013233/enchanted_plugins/data/ascot_DT-D_random_extended/batch_0/ascot_sdcc_workflow_runner-c31a0425-96e8-4b29-8f91-eab59499e27d,0
6.89,0.93,0.0,7.82,89427.57783017495,8.570383249367548e+19,150909.17366754182,968566.0824505871,0.15580679150535987,6956401.798689768,8389107.215754379,0.0,0.0,31.943995,11.275026,True,True,802.201031005301,9.97054020447254,1.3825012629502442,1.1661980718512712,784,/scratch/project_2013233/enchanted_plugins/data/ascot_DT-D_random_extended/batch_0/ascot_sdcc_workflow_runner-7c79b0a5-5f62-4cf2-91cc-e122fcac1fad,0
6.93,0.78,0.0,7.71,30374.235074899392,6.0850184708024074e+19,94822.9013965409,640587.2176989608,0.14802496643181884,4824365.8438552525,5599081.049345862,0.0,0.0,32.907253,11.040355,True,True,670.4414676043067,9.324224793038868,1.2807495089590888,1.1647793061205676,792,/scratch/project_2013233/enchanted_plugins/data/ascot_DT-D_random_extended/batch_0/ascot_sdcc_workflow_runner-46d84bd5-2de2-48e1-aba9-d7a49633010d,0
18.74,0.63,0.0,19.37,623.8422152822891,5.652007447990182e+19,19453.46842949508,669702.2800932002,0.029047935191123742,2427103.031930685,2725230.768686824,0.004381,0.002792,30.936983,8.793195,True,True,513.520430158936,4.708505412873976,1.2182879736222385,0.8815024781535722,667,/scratch/project_2013233/enchanted_plugins/data/ascot_DT-D_random_extended/batch_0/ascot_sdcc_workflow_runner-962306fc-947b-413f-8385-565a19e5b05c,0
6.76,1.02,0.0,7.78,187104.07753522941,8.288351080513253e+19,97007.83984487304,1069170.2786007575,0.09073188975270521,5868467.564798114,9682099.557434296,0.0002,0.0004,31.129328,9.549766,True,True,831.1638370090939,8.939650199357645,1.0668378423017177,1.013511995513409,788,/scratch/project_2013233/enchanted_plugins/data/ascot_DT-D_random_extended/batch_0/ascot_sdcc_workflow_runner-deb20fc9-7f4d-422e-8bef-6df48eb7ff8c,0
6.94,0.73,0.0,7.66,66488.84613723615,7.909787321035029e+19,122714.71156231617,939872.4961944519,0.1305652756721668,5714138.441194717,7507094.810967809,0.0002,0.0002,33.606281,10.891416,True,True,760.0027508326717,8.879922847749588,1.1908452872889548,1.131067966663664,742,/scratch/project_2013233/enchanted_plugins/data/ascot_DT-D_random_extended/batch_0/ascot_sdcc_workflow_runner-44ac8328-7b8a-4a49-86de-6d3dcbe9f33e,0
6.41,0.55,0.0,6.96,147443.2720566949,1.3412764634927227e+20,309953.5212224753,1969462.7481353264,0.15737973288194312,6930327.818810262,9070438.706050342,0.001996,0.002195,37.497901,13.377439,True,True,940.9960773609466,7.330122189773055,1.4045354913264108,1.2223159333381224,781,/scratch/project_2013233/enchanted_plugins/data/ascot_DT-D_random_extended/batch_0/ascot_sdcc_workflow_runner-ac0ef061-4929-473f-aaca-be04c9643646,0
32.14,0.46,0.0,32.6,66716.59630390999,1.0858622439918153e+20,157189.56779969047,1961443.507731079,0.08013973748421703,3409687.5631432733,6222203.272838693,0.01536,0.019608,41.648179,12.488479,True,True,842.7477832189552,4.804801972952909,1.030851223028661,1.0392867613803554,710,/scratch/project_2013233/enchanted_plugins/data/ascot_DT-D_random_extended/batch_0/ascot_sdcc_workflow_runner-242f8f0b-6ad0-4547-af39-f93d5fb5a6d4,0
60.78,0.85,0.0,61.63,68827.21484397583,8.522468364202064e+19,52930.19801404521,1136405.4614525766,0.046576859940807354,4511688.994257803,7315314.062524079,0.001996,0.0006,28.182941,8.442495,True,True,722.471450468278,6.4026685928960125,1.1847801618402019,0.8446967730928465,662,/scratch/project_2013233/enchanted_plugins/data/ascot_DT-D_random_extended/batch_0/ascot_sdcc_workflow_runner-da8cc099-e4e0-4045-b162-8c2e8b66cc0c,0
6.55,0.63,0.0,7.18,0.0,6.057706075110537e+19,97610.72918262264,781873.721176323,0.12484206405577623,2293669.2107577566,1939474.7800457648,0.003786,0.003587,47.537845,13.808873,True,True,511.5102642781014,4.548169920029155,1.050010122670082,1.2371897113552186,777,/scratch/project_2013233/enchanted_plugins/data/ascot_DT-D_random_extended/batch_0/ascot_sdcc_workflow_runner-0196faca-d27e-46d7-be08-a39bc8124e3d,0
6.47,0.92,0.0,7.39,114649.66118497789,9.81507862385546e+19,144688.86107595067,1932715.551456671,0.07486298796887102,2328102.6777055464,5414051.8213029,0.054284,0.046893,43.359381,13.732854,True,True,996.9155130096777,4.032718746464867,1.1354906835157408,1.0095054265010366,796,/scratch/project_2013233/enchanted_plugins/data/ascot_DT-D_random_extended/batch_0/ascot_sdcc_workflow_runner-a845c051-344d-46c7-bb2a-e2e2a50442d6,0
6.12,0.61,0.0,6.73,3803.1171673116305,6.2260280840437375e+19,10100.16348564327,773153.3796090524,0.01306359611433174,2373554.5601900932,2734190.655364356,0.006162,0.003984,29.839035,8.533302,True,True,517.0981323268355,4.216102019084325,1.2850490308760105,0.8159863172803481,798,/scratch/project_2013233/enchanted_plugins/data/ascot_DT-D_random_extended/batch_0/ascot_sdcc_workflow_runner-77a96e77-ae5a-400d-be3e-299a3cae75bd,0
16.22,0.84,0.0,17.06,6103.7240558830035,8.261725075513759e+19,186198.85829039355,1094176.0079710975,0.1701726750851148,3730540.0076535004,3416816.699023756,0.001199,0.001597,45.795197,14.430803,True,True,624.6201305639755,5.7321069782260805,1.2005690419905468,1.368206751087456,767,/scratch/project_2013233/enchanted_plugins/data/ascot_DT-D_random_extended/batch_0/ascot_sdcc_workflow_runner-598167f1-bc45-4962-9c82-9d579a301dbe,0
9.36,0.98,0.0,10.34,220997.20250071358,1.3661734090871511e+20,98269.9473066393,2322796.1279629986,0.042306746650563,5279479.625234937,11199467.35645467,0.009116,0.01088,29.621444,9.631719,True,True,993.7644633646894,5.610260689539925,1.2835894265285681,0.8230050668410082,782,/scratch/project_2013233/enchanted_plugins/data/ascot_DT-D_random_extended/batch_0/ascot_sdcc_workflow_runner-b53d55a3-3139-45f7-a472-63ae76024ad8,0
5.7,0.68,0.0,6.38,9683.583885567421,5.957978994741635e+19,42626.63451611582,707577.3929723242,0.060243070142552015,2862717.8869878817,3284956.212029093,0.001398,0.001597,33.172423,9.666181,True,True,551.2969158036426,5.471536877590143,1.141671299669967,0.9434694517961235,797,/scratch/project_2013233/enchanted_plugins/data/ascot_DT-D_random_extended/batch_0/ascot_sdcc_workflow_runner-ba3da92e-f5e2-4878-a5bd-78efa93b029e,0
8.02,0.84,0.0,8.86,2541.4525044761535,3.1938642664568443e+19,31949.264397209987,265776.0523722103,0.12021122336660389,2647198.7715756474,2913160.0534987617,0.0002,0.0,27.514251,9.476344,True,True,517.3179694254295,8.938263309024435,1.3859234383103105,1.0345860058401308,780,/scratch/project_2013233/enchanted_plugins/data/ascot_DT-D_random_extended/batch_0/ascot_sdcc_workflow_runner-f4dd9dc3-fca4-4686-9c14-da4dfce3e65b,0
6.32,0.33,0.0,6.65,50923.97123405765,9.396002623500902e+19,292057.4805339385,1898968.6091468653,0.15379795070185434,2047873.0032895068,3555061.4447428687,0.049068,0.045073,53.688673,17.414332,True,True,919.9845981372737,3.7798710328534564,1.2146547272509154,1.3634967025740363,799,/scratch/project_2013233/enchanted_plugins/data/ascot_DT-D_random_extended/batch_0/ascot_sdcc_workflow_runner-9efaaa2a-fcd0-44df-b40f-5c1df830d308,0
68.53,0.6,0.0,69.13,196094.9759986025,1.1480105408335802e+20,225701.42584890354,1626305.6104507444,0.1387816806377176,7488192.985903144,11218183.558049953,0.000799,0.0006,38.171531,12.249222,True,True,989.4345195251569,9.062898887461904,1.0973311405083797,1.2106447759121932,641,/scratch/project_2013233/enchanted_plugins/data/ascot_DT-D_random_extended/batch_0/ascot_sdcc_workflow_runner-719ff726-18c2-44b0-9a8c-3cd342f74464,0
72.75,0.8,0.0,73.55,619.5917941493252,3.607305485389131e+19,50132.30318097742,289531.0187845142,0.17315002513871852,2925510.888318768,2494532.352475762,0.0,0.0,33.740423,11.821124,True,True,512.1040964930456,8.959394627782103,1.425623983503851,1.232153811759964,634,/scratch/project_2013233/enchanted_plugins/data/ascot_DT-D_random_extended/batch_0/ascot_sdcc_workflow_runner-2bb3230e-b2dc-4270-a1a3-08a8424a6e3d,0
21.35,0.69,0.0,22.04,3573.991727063877,6.194860837983967e+19,133058.21532218333,731652.4583428452,0.18185986229521223,3519005.436624561,3279348.5608011503,0.0004,0.0004,47.26827,14.451469,True,True,592.8911032762462,6.932004295675947,1.032847312984795,1.4616040286132446,762,/scratch/project_2013233/enchanted_plugins/data/ascot_DT-D_random_extended/batch_0/ascot_sdcc_workflow_runner-d806dfdb-1706-40d9-8d59-3b93032c632d,0
14.72,0.63,0.0,15.35,45042.51512036912,1.074532550880637e+20,124306.51446012325,1590035.8119865656,0.07817843694024518,4428055.836195767,6269629.3563961815,0.004975,0.002991,33.070709,10.744981,True,True,739.6643373202795,5.443003965827322,1.2954146917482476,0.9613100369309211,774,/scratch/project_2013233/enchanted_plugins/data/ascot_DT-D_random_extended/batch_0/ascot_sdcc_workflow_runner-a61be62f-c636-4f49-8327-11f431ac042b,0
6.96,0.83,0.0,7.78,8796.772339886424,7.530849882143767e+19,148035.1475847769,984711.7408473969,0.1503334848606403,3925004.034620723,4218450.251388357,0.001199,0.001199,43.85938,13.29975,True,True,644.1961800607309,6.622215061954831,1.0553969738741733,1.3024281103822481,779,/scratch/project_2013233/enchanted_plugins/data/ascot_DT-D_random_extended/batch_0/ascot_sdcc_workflow_runner-e213bcf7-36e6-4446-ad48-700d3d908863,0
10.71,0.53,0.0,11.25,22634.35953632719,1.0801603331680954e+20,315922.987116683,2115662.178394281,0.14932581881123305,2595095.835066692,3383985.9789910056,0.031571,0.027048,48.030684,16.452209,True,True,799.3922615750733,3.8576318687348183,1.4057142326191738,1.274138788393861,785,/scratch/project_2013233/enchanted_plugins/data/ascot_DT-D_random_extended/batch_0/ascot_sdcc_workflow_runner-cfc66766-bfc7-4408-af26-760f8b3af148,0
6.33,0.91,0.0,7.24,71094.02306158091,1.2056914772628036e+20,347901.4473880638,2064812.2709894,0.16849059465408892,4641877.24199032,6756462.77932129,0.006951,0.004777,46.161,15.319771,True,True,942.0700447777288,5.991418914003441,1.2359670518361872,1.3665867184303204,802,/scratch/project_2013233/enchanted_plugins/data/ascot_DT-D_random_extended/batch_0/ascot_sdcc_workflow_runner-d814df16-f884-4dc4-be3f-3a1c21cecaa3,0
13.22,0.82,0.0,14.05,31920.159719430336,9.31894242139556e+19,226551.6534447335,1273352.3640419573,0.1779174876038229,5055717.635987046,5726810.415446913,0.000999,0.000999,45.644798,14.35906,True,True,747.9606610561623,7.255181704990212,1.0982699056370044,1.4212599297580728,790,/scratch/project_2013233/enchanted_plugins/data/ascot_DT-D_random_extended/batch_0/ascot_sdcc_workflow_runner-35b02405-abad-4c9e-bee3-2ab034846b5f,0
9.16,0.92,0.0,10.07,2125.3027782674753,5.6595584533377696e+19,87117.50556074132,558840.586964243,0.1558897252506026,3404462.342785726,2693972.880750742,0.0,0.0,37.078894,12.474374,True,True,540.3013746261139,6.743327403682873,1.3658418333830342,1.2188210215032351,699,/scratch/project_2013233/enchanted_plugins/data/ascot_DT-D_random_extended/batch_0/ascot_sdcc_workflow_runner-5e47a607-2ee3-4f84-970b-98d2cc049283,0
6.04,0.51,0.0,6.55,90531.64888213463,1.2218818328768476e+20,292793.193983167,2155867.3124759425,0.13581225165796668,4072452.125875099,6237413.988176985,0.009116,0.009901,42.375808,14.262503,True,True,896.878441614195,5.216019015113822,1.308782648020749,1.1986978925551437,807,/scratch/project_2013233/enchanted_plugins/data/ascot_DT-D_random_extended/batch_0/ascot_sdcc_workflow_runner-30106a16-9e63-4f8b-8fd3-71b642a629c1,0
6.59,0.85,0.0,7.44,311779.13935478276,7.846231795639637e+19,93195.92112909789,934877.5515001424,0.0996878371713514,7011303.675790194,12244390.090645967,0.0,0.0,26.644585,8.832904,True,True,899.7944584260172,10.84915920056668,1.2193488712130867,0.9859731399316777,804,/scratch/project_2013233/enchanted_plugins/data/ascot_DT-D_random_extended/batch_0/ascot_sdcc_workflow_runner-2baf182b-227f-42ba-b3fc-0818774bbfd3,0
7.96,0.51,0.0,8.47,82907.80980958865,1.2330792344799368e+20,155184.8518181678,2096571.8738757374,0.07401837912253016,4748675.48704291,8789577.173548033,0.00833,0.006754,35.118552,11.10135,True,True,919.259121546542,5.687278492413222,1.1765365064993252,0.9685716395631773,775,/scratch/project_2013233/enchanted_plugins/data/ascot_DT-D_random_extended/batch_0/ascot_sdcc_workflow_runner-fc758930-fa03-4d47-b87e-65bad44d4a90,0
6.35,0.43,0.0,6.78,18466.078182112684,1.1249625174555324e+19,-2029.9447280400084,110750.3544873721,-0.018329013369175855,1170305.9022482575,5282241.699658585,0.0,0.0,11.550153,2.621813,True,True,541.3035002282913,9.134638395705144,1.373384426749807,0.9190264541773933,684,/scratch/project_2013233/enchanted_plugins/data/ascot_DT-D_random_extended/batch_0/ascot_sdcc_workflow_runner-bfadf2d8-0e9b-4a6a-8041-92abbdbd0b98,0
11.3,0.75,0.0,12.06,4387.831701755942,6.184676879587583e+19,49978.42931106043,658124.916514478,0.07594064296448949,3244954.120725042,3216221.690155166,0.0002,0.000999,28.995533,9.767395,True,True,547.6445486952015,5.717990472232389,1.4346995750560223,0.9241921840760883,793,/scratch/project_2013233/enchanted_plugins/data/ascot_DT-D_random_extended/batch_0/ascot_sdcc_workflow_runner-78df217b-8e15-408b-b7db-42189b7771e8,0
6.34,0.86,0.0,7.2,318297.7988956484,8.72782004334106e+19,143434.44923331792,1001566.6699825795,0.14321008628992488,8117732.434003365,11906438.634176353,0.0,0.0,30.321218,10.506992,True,True,925.5725051717282,11.591080353383166,1.2917848088595647,1.1224583155734524,813,/scratch/project_2013233/enchanted_plugins/data/ascot_DT-D_random_extended/batch_0/ascot_sdcc_workflow_runner-006e3863-f635-490d-9d2e-6fe01f135fcf,0
6.5,0.83,0.0,7.33,227711.22651208867,7.210295455104461e+19,89624.85264493285,819119.7695273086,0.10941605364579697,6367676.556684226,10428662.554421261,0.0,0.0002,27.366015,9.158944,True,True,839.0130613347812,10.641487327661123,1.2420520832220134,1.0157867065110011,817,/scratch/project_2013233/enchanted_plugins/data/ascot_DT-D_random_extended/batch_0/ascot_sdcc_workflow_runner-b14747e1-476c-46b5-b5df-7e43c3b8a463,0
6.16,0.69,0.0,6.85,5258.505741610508,3.099982227854668e+19,9712.007791504073,291388.637655013,0.033330084074872264,2197308.8177596596,3168946.9847887396,0.0,0.0002,22.01502,6.571901,True,True,500.2749638603433,7.057391950500836,1.3872786091975058,0.8955545390932083,672,/scratch/project_2013233/enchanted_plugins/data/ascot_DT-D_random_extended/batch_0/ascot_sdcc_workflow_runner-52672aaa-1ff5-43ab-b0ba-7796be398ae4,0
6.73,0.75,0.0,7.49,3558.279335116298,7.100119714682292e+19,145118.27105859708,753269.6820851795,0.19265115072318437,4191529.9640255217,3184349.4282645644,0.0002,0.0002,40.448142,14.081935,True,True,591.8281788744717,6.964886333457606,1.4269135698551736,1.3687864616585514,819,/scratch/project_2013233/enchanted_plugins/data/ascot_DT-D_random_extended/batch_0/ascot_sdcc_workflow_runner-540f39f8-f4ab-4fec-9fce-7b586ea4a476,0
8.81,0.75,0.0,9.55,7164.4369379115315,3.321020479816715e+19,36188.059792601525,276170.9252514878,0.13103500942268928,2929227.1362973205,3337704.7569018127,0.0,0.0,27.234317,9.584983,True,True,542.7758300938274,9.720477621082107,1.41330104819219,1.0544226885320809,794,/scratch/project_2013233/enchanted_plugins/data/ascot_DT-D_random_extended/batch_0/ascot_sdcc_workflow_runner-afca9b66-db61-4802-b5f2-fc61d877585f,0
6.31,0.64,0.0,6.95,184454.235282945,1.1872902060131043e+20,95396.10370723873,1910860.383956179,0.049923115528584014,5490748.553721579,10996744.383497959,0.004579,0.005767,31.296142,9.392405,True,True,935.5771119263943,6.4743251943703815,1.096362480340366,0.8775886450955215,820,/scratch/project_2013233/enchanted_plugins/data/ascot_DT-D_random_extended/batch_0/ascot_sdcc_workflow_runner-ca75c8f2-4417-4903-96e1-026284106eb2,0
6.54,0.73,0.0,7.27,71551.89017176846,4.386737721268582e+19,58913.77135697064,420104.1261650042,0.14023611692361976,4450453.133423888,6673041.050394315,0.0,0.0002,25.447247,9.188508,True,True,694.2544760505999,11.979980010843061,1.4422877569445256,1.0514609128003847,809,/scratch/project_2013233/enchanted_plugins/data/ascot_DT-D_random_extended/batch_0/ascot_sdcc_workflow_runner-a9c7c5db-c77f-47e0-8d05-4b973a32984d,0
5.25,0.57,0.0,5.83,1327.4260079529554,6.263691189350901e+19,6300.808132705588,889930.4371553061,0.007080113084845533,2016949.4173893265,2646182.998492556,0.01088,0.00774,35.228771,9.281474,True,True,526.3851622507907,3.9156573519550513,1.04330403628248,0.8507774637403595,822,/scratch/project_2013233/enchanted_plugins/data/ascot_DT-D_random_extended/batch_0/ascot_sdcc_workflow_runner-1922e71a-e4fd-4cf4-b09c-0b21bf0b5357,0
6.11,0.71,0.0,6.82,37777.20607381415,1.1650094570988498e+20,324994.56154817995,1551388.609409391,0.2094862367668823,6443834.057623495,6464483.325015734,0.001597,0.0002,43.436116,15.266765,True,True,816.4559963987424,7.513208855988276,1.3940323139381494,1.4752416832623347,805,/scratch/project_2013233/enchanted_plugins/data/ascot_DT-D_random_extended/batch_0/ascot_sdcc_workflow_runner-e3ea781a-f813-4c8a-a783-41fc7092bd20,0
22.16,0.9,0.0,23.06,401951.8638448902,1.0716152906969542e+20,68589.5344082896,1549076.0979037015,0.044277704950136984,6906729.9686051365,14467962.125070598,0.001199,0.0002,27.281009,8.059706,True,True,999.295584371909,8.422017949008193,1.0527455589291363,0.8411731039903316,787,/scratch/project_2013233/enchanted_plugins/data/ascot_DT-D_random_extended/batch_0/ascot_sdcc_workflow_runner-721ea0e5-572a-4791-bb10-ee9adcc045e6,0
28.61,0.93,0.0,29.54,109865.8722159747,1.0987436594457331e+20,260242.3474936638,1499679.3784003991,0.17353199039867157,7233067.5288470285,9381015.093697447,0.0002,0.000799,42.114669,13.707337,True,True,929.1618580269665,9.081115047555773,1.1227224035122307,1.3686611106119093,738,/scratch/project_2013233/enchanted_plugins/data/ascot_DT-D_random_extended/batch_0/ascot_sdcc_workflow_runner-bbe515d5-2d47-442c-8368-7d79bbdf1cee,0
9.29,1.01,0.0,10.3,19266.40863439166,6.249945003966869e+19,135891.97276408316,689772.4420918943,0.19700986074763924,5411728.632029415,6128856.004721229,0.0,0.0002,42.546355,13.766547,True,True,726.1509508946084,10.787621907235051,1.098708779624283,1.4699165676248689,818,/scratch/project_2013233/enchanted_plugins/data/ascot_DT-D_random_extended/batch_0/ascot_sdcc_workflow_runner-2eddbb62-ed69-4537-995d-bb28b947d287,0
10.11,0.78,0.0,10.89,20710.492597769255,9.480405470447274e+19,222476.58091026117,1138198.0099635585,0.19546386389955483,5446245.323692328,4994707.854134517,0.0,0.0004,41.692346,14.369911,True,True,705.644489411546,7.284508680332441,1.3760676674260337,1.4000314107229985,800,/scratch/project_2013233/enchanted_plugins/data/ascot_DT-D_random_extended/batch_0/ascot_sdcc_workflow_runner-95196179-8b0a-4a93-8db9-439c20fd231b,0
7.01,0.61,0.0,7.63,22262.6347526119,8.950878170704606e+19,137365.4801474697,1208933.0810655546,0.11362537951761205,4190433.888384419,4960941.634497205,0.001398,0.001199,37.923846,11.840518,True,True,675.2481829799079,5.9651540858701715,1.1837161944127166,1.1119310945196699,816,/scratch/project_2013233/enchanted_plugins/data/ascot_DT-D_random_extended/batch_0/ascot_sdcc_workflow_runner-ab6ebfea-9196-498b-8a26-e2523fb5d944,0
10.97,0.69,0.0,11.66,294709.60505204456,7.433802025148393e+19,62410.26546732157,870684.2506065104,0.07167956170546001,6374695.298866385,12232110.036724823,0.0,0.0,21.469884,7.464639,True,True,863.1984498574274,9.980673173097,1.4283518317061337,0.8476013770109685,657,/scratch/project_2013233/enchanted_plugins/data/ascot_DT-D_random_extended/batch_0/ascot_sdcc_workflow_runner-82991fc8-a24c-455f-a3b8-2553ec98abb9,0
9.67,0.61,0.0,10.29,11315.673703775286,1.0227199195988345e+20,250867.32959120948,1881939.930197571,0.13330251702819906,2567480.4176870603,3171887.587993793,0.026859,0.022483,49.49534,15.520129,True,True,712.637901909177,3.8062365239808136,1.219297787324789,1.248263812834234,815,/scratch/project_2013233/enchanted_plugins/data/ascot_DT-D_random_extended/batch_0/ascot_sdcc_workflow_runner-2aa116c6-0780-4726-82a1-fe894d6a3c56,0
6.27,0.58,0.0,6.85,8060.225043565026,1.0101353307282304e+20,297377.01460425823,1659365.0126458374,0.17921133224937302,3212969.766279964,3400855.0005577183,0.00892,0.008133,51.562433,16.318784,True,True,698.5753151817712,4.570945634735334,1.2129692135693089,1.4546744472598376,832,/scratch/project_2013233/enchanted_plugins/data/ascot_DT-D_random_extended/batch_0/ascot_sdcc_workflow_runner-e4fc84c0-6d2e-4529-9032-57ebc8983033,0
8.36,0.72,0.0,9.08,56484.04295182152,4.493664849418491e+19,25730.647635100653,448073.1263225538,0.057425107919946906,3957863.3909787503,6865885.297659065,0.0,0.0,21.698778,7.537654,True,True,673.4307186999786,9.923054479270824,1.4098457422187192,0.901360009682898,826,/scratch/project_2013233/enchanted_plugins/data/ascot_DT-D_random_extended/batch_0/ascot_sdcc_workflow_runner-6f5654c7-6110-4d17-871d-fb44ed365801,0
6.48,0.94,0.0,7.43,3214.0058980363274,3.7905181244894765e+19,62771.556654984204,319261.51286037563,0.19661485686950445,3549144.8710951144,3406089.8220533486,0.0,0.0,35.821132,12.439585,True,True,571.2707880712755,10.763619348167664,1.3521727422658865,1.337348679875659,835,/scratch/project_2013233/enchanted_plugins/data/ascot_DT-D_random_extended/batch_0/ascot_sdcc_workflow_runner-189fc7f7-4e42-43d7-9592-8216b49a64c4,0
6.27,0.38,0.0,6.65,56153.07247300141,6.437501955648797e+18,-1084.8880767932103,65018.21883007882,-0.016685908908524543,830603.3604171178,7369383.08438792,0.0,0.0,8.501471,1.7665,True,True,608.1257471296257,10.898896008054429,1.2050452021280782,0.887445188676922,830,/scratch/project_2013233/enchanted_plugins/data/ascot_DT-D_random_extended/batch_0/ascot_sdcc_workflow_runner-01ad766c-7bc2-4c3f-adc7-2b921de2c50c,0
17.9,0.48,0.0,18.38,670.936943799505,7.340072229782102e+19,184157.70240653944,1028901.9499885221,0.17898469568319295,2267257.4591997648,1557067.5800590164,0.010489,0.004777,52.179114,16.574399,True,True,528.7265344115447,3.880823459462588,1.3111491765552876,1.4393209482749028,808,/scratch/project_2013233/enchanted_plugins/data/ascot_DT-D_random_extended/batch_0/ascot_sdcc_workflow_runner-c964ce87-45c5-4c6c-9413-c9fa7a4ff8f9,0
6.76,0.71,0.0,7.47,15655.58548654353,5.67899152687994e+19,58693.689506617295,619886.301394388,0.0946846048615532,3896248.443905744,5111058.367605194,0.0,0.0,30.239162,9.482292,True,True,630.9122316881909,7.846882320595199,1.1819455010098587,1.005392278966628,834,/scratch/project_2013233/enchanted_plugins/data/ascot_DT-D_random_extended/batch_0/ascot_sdcc_workflow_runner-119fb625-53dc-41fe-ab99-27c9c7901aa4,0
16.4,0.7,0.0,17.1,60702.783771493996,1.0835858728297695e+20,274526.24188203923,1446720.2203819451,0.18975765874728856,6233542.550960684,6746925.256212198,0.0002,0.0004,43.03105,14.390273,True,True,811.5729990471591,7.734417953301797,1.2488413485695522,1.4140919616042005,814,/scratch/project_2013233/enchanted_plugins/data/ascot_DT-D_random_extended/batch_0/ascot_sdcc_workflow_runner-efba16de-a88a-40d8-8fea-757a78863b35,0
34.8,0.68,0.0,35.48,556027.9879135693,7.993959489287845e+19,77068.89272659582,956432.9519327757,0.08057950384379137,7710461.179942747,15694698.161234558,0.0,0.0,20.834932,7.443004,True,True,980.4890549018203,11.435838111298544,1.4728036361917511,0.8545260410405264,763,/scratch/project_2013233/enchanted_plugins/data/ascot_DT-D_random_extended/batch_0/ascot_sdcc_workflow_runner-1a47c1be-7f29-4411-b54d-26577f6ff5fa,0
11.79,0.81,0.0,12.6,1652.0047466532183,6.263555096331504e+19,129546.27942371577,618604.0169268493,0.2094171325742212,4039412.4359153393,2906186.192755326,0.0,0.0,42.019791,14.480744,True,True,574.5213236601599,7.493311745311633,1.3917900880155945,1.454053764386878,821,/scratch/project_2013233/enchanted_plugins/data/ascot_DT-D_random_extended/batch_0/ascot_sdcc_workflow_runner-8f1959e8-3d24-49b4-93d1-07323fcee917,0
11.05,0.72,0.0,11.76,148938.3694899768,5.4030936388837925e+19,53257.47789216646,568117.3419463134,0.09374379896538917,5284693.903131103,9309823.51887862,0.0,0.0,22.070005,8.146104,True,True,776.2460651482361,11.6172698612338,1.4919125586115318,0.946554355208624,828,/scratch/project_2013233/enchanted_plugins/data/ascot_DT-D_random_extended/batch_0/ascot_sdcc_workflow_runner-93be1f23-e3c9-4529-881b-5757821a8a15,0
19.25,0.76,0.0,20.01,94476.21282300417,7.858338761109175e+19,84119.51295699319,978867.1894760281,0.08593557314146061,5398505.121867153,8563305.404449847,0.0002,0.0006,29.484888,9.208358,True,True,775.7509591346583,8.363092605653526,1.1506474431906963,0.9762167003137293,753,/scratch/project_2013233/enchanted_plugins/data/ascot_DT-D_random_extended/batch_0/ascot_sdcc_workflow_runner-1ade8686-a2c0-458f-a142-36924a22f165,0
8.45,0.31,0.0,8.75,66957.95919754391,5.139973970543279e+18,-1006.6081963240323,53703.810876623575,-0.018743701422540816,669049.6876880283,7283902.207169278,0.0,0.0,8.244845,1.625705,True,True,610.1433116122888,11.007406533569384,1.0526681376047473,0.8076177539619812,841,/scratch/project_2013233/enchanted_plugins/data/ascot_DT-D_random_extended/batch_0/ascot_sdcc_workflow_runner-0b3e805a-9b86-45b4-a8e9-029f1110d871,0
19.63,0.77,0.0,20.41,292480.15603543166,1.18461389864198e+20,104651.01143802002,1510282.2196139644,0.0692923548188029,8163853.163052441,13710647.195330821,0.0004,0.000799,24.088121,8.544441,True,True,949.0377103289732,8.295191865746686,1.4462971224520749,0.8609621020467096,811,/scratch/project_2013233/enchanted_plugins/data/ascot_DT-D_random_extended/batch_0/ascot_sdcc_workflow_runner-b31b8612-7de3-47cc-887b-12f343589e85,0
16.69,0.71,0.0,17.4,12593.593559918783,1.0003657134417281e+20,306865.18368880113,1810247.0947948697,0.16951563384421503,2802422.0142999045,3510412.2536451397,0.014001,0.021143,55.449827,16.840889,True,True,743.6409591249218,4.253137736977755,1.065782820823996,1.4754115038531128,786,/scratch/project_2013233/enchanted_plugins/data/ascot_DT-D_random_extended/batch_0/ascot_sdcc_workflow_runner-f0ae18ea-1057-4f67-aed1-e62d7a34e69a,0
6.96,0.31,0.0,7.28,17282.86889349778,4.806430300163514e+18,-864.4047255144249,43391.72158783484,-0.019920959433809754,622947.9151019775,4516712.232303869,0.0,0.0,10.656476,2.187701,True,True,505.2606446710723,10.809999694083853,1.1489726191176741,1.0082442176822508,843,/scratch/project_2013233/enchanted_plugins/data/ascot_DT-D_random_extended/batch_0/ascot_sdcc_workflow_runner-02e30187-29eb-4412-8c81-8f7a71bf30a1,0
8.98,0.3,0.0,9.28,34124.25213272137,4.688514230857476e+18,-393.8612754856122,42569.85466133171,-0.009252116987925161,640650.3991424356,5564882.022599277,0.0,0.0,7.439759,1.613039,True,True,541.1352157073758,11.044315979085614,1.3889825882353026,0.8415143809096691,795,/scratch/project_2013233/enchanted_plugins/data/ascot_DT-D_random_extended/batch_0/ascot_sdcc_workflow_runner-d1c1578e-e8d7-4b18-aba0-5ab213a35efb,0
11.02,0.76,0.0,11.78,68453.56072072232,7.035515431909661e+19,109474.62225138875,772759.9378551503,0.1416670519375568,5758383.68001585,7407280.971836156,0.0,0.0,31.603588,10.690837,True,True,746.9916398984271,9.83797933367632,1.2839178499796904,1.1331843307598746,801,/scratch/project_2013233/enchanted_plugins/data/ascot_DT-D_random_extended/batch_0/ascot_sdcc_workflow_runner-554ae6ea-2067-40f8-8708-50a3b760607e,0
30.5,1.01,0.0,31.51,107160.26715695928,1.1613479119765802e+20,294441.13761848304,2119417.5750613017,0.13892549589241124,3946610.67492457,6853114.173030686,0.014196,0.012833,44.784956,14.698789,True,True,993.4428640780129,5.48754251089172,1.2029344633259198,1.2431194757681157,789,/scratch/project_2013233/enchanted_plugins/data/ascot_DT-D_random_extended/batch_0/ascot_sdcc_workflow_runner-de8ecb4e-a2f7-4049-b5cd-d7f12a59d588,0
18.49,0.73,0.0,19.22,94053.09668907078,9.134255771243261e+19,106450.6550051235,1816067.7519647558,0.05861601522848327,1972665.426362448,4911234.839447795,0.068901,0.067164,44.521726,13.604347,True,True,979.5279158386893,3.659998180684496,1.0591007869666593,0.9600819194779662,823,/scratch/project_2013233/enchanted_plugins/data/ascot_DT-D_random_extended/batch_0/ascot_sdcc_workflow_runner-c7e1f314-ddea-4e0b-82e2-6667cacd28eb,0
8.83,0.87,0.0,9.7,230197.98013248583,9.217351172709389e+19,118892.59207282503,1078225.9198175848,0.11026686512316397,7396700.265210015,11257892.468387041,0.0,0.0004,26.718143,9.487511,True,True,872.8125803413939,9.743804917050596,1.3797430328550704,1.0003397299541872,836,/scratch/project_2013233/enchanted_plugins/data/ascot_DT-D_random_extended/batch_0/ascot_sdcc_workflow_runner-4ef22d4e-feaa-47b7-b6fb-be9b7949b686,0
7.84,0.77,0.0,8.61,3689.859245072403,3.4339129627543654e+19,46897.47093828065,286683.4009461799,0.16358627944100912,3126994.5878543425,3250668.1374416836,0.0,0.0,30.34575,10.806716,True,True,549.2153532910331,10.304278096710853,1.4437325687580598,1.1646540348847139,847,/scratch/project_2013233/enchanted_plugins/data/ascot_DT-D_random_extended/batch_0/ascot_sdcc_workflow_runner-a8b011d0-89e9-43f9-85aa-3d5e7e2dfb22,0
6.48,0.72,0.0,7.2,226003.24572420146,1.3570631746137573e+20,229648.23082965796,2257787.8416023776,0.10171382208643395,5597671.179090982,9782310.364140568,0.008133,0.005173,35.072642,12.026682,True,True,996.8610251729463,6.193225833342241,1.300026769530588,1.0408515770103184,852,/scratch/project_2013233/enchanted_plugins/data/ascot_DT-D_random_extended/batch_0/ascot_sdcc_workflow_runner-6046f00c-6d08-446b-bc8c-f7b269907bbe,0
6.4,1.03,0.0,7.43,29338.288781602398,9.175201126093429e+19,146254.08641799894,1064126.99939862,0.1374404431995926,5582466.686018172,6009909.626090504,0.0006,0.0,32.583508,11.581388,True,True,708.9765819081332,7.386457428669153,1.4389298532673398,1.1166089005252533,824,/scratch/project_2013233/enchanted_plugins/data/ascot_DT-D_random_extended/batch_0/ascot_sdcc_workflow_runner-d5451f0f-146d-4e7b-b756-1391a99ea0b2,0
7.29,0.71,0.0,8.0,112661.0905159485,7.549508850516016e+19,62377.641011380656,949177.4341681539,0.06571757688913829,5161886.061686954,8919477.888636341,0.0002,0.0004,27.98167,8.417911,True,True,777.7616423416707,8.252613172996499,1.1093926776550918,0.9093254118120981,829,/scratch/project_2013233/enchanted_plugins/data/ascot_DT-D_random_extended/batch_0/ascot_sdcc_workflow_runner-cb52914a-58c0-45d8-a988-df98b662bfc0,0
14.29,0.78,0.0,15.07,30966.12717169383,8.911365053499646e+19,194528.16314963344,1045897.0230467033,0.18599169790441886,5885270.336705585,5746720.022989849,0.0,0.0006,39.072476,13.429555,True,True,724.4421181917186,8.240248440822956,1.3414420985314837,1.3405554202014311,842,/scratch/project_2013233/enchanted_plugins/data/ascot_DT-D_random_extended/batch_0/ascot_sdcc_workflow_runner-bffe4b20-c7ef-4524-aaf7-4f1e3c750847,0
7.25,0.51,0.0,7.76,28383.847313676783,1.079746979728429e+20,187075.5282871382,1917678.4383950504,0.09755312702149692,2888835.5476064994,3853921.4052291648,0.017682,0.01826,39.849624,13.635165,True,True,713.4459603356743,3.982272397431175,1.4133583963382856,1.0511545398197844,846,/scratch/project_2013233/enchanted_plugins/data/ascot_DT-D_random_extended/batch_0/ascot_sdcc_workflow_runner-aedfa20c-1c98-4d1d-ae2f-15a3ac7cc4d9,0
6.15,0.92,0.0,7.07,367407.97629027907,1.0619521043503632e+20,188671.2365786771,1347770.2100206239,0.13998768868454958,8363819.451278039,11977379.144651555,0.0,0.0,34.064835,11.333718,True,True,967.1427516814473,10.245628388380533,1.1907528519359443,1.163034888163101,849,/scratch/project_2013233/enchanted_plugins/data/ascot_DT-D_random_extended/batch_0/ascot_sdcc_workflow_runner-ca2bfbda-c0e9-44cb-8230-405406eab234,0
15.3,0.65,0.0,15.95,72362.11543728002,9.973983624260421e+19,122224.9194235281,1965896.6579176337,0.06217260654636559,2358121.016258015,5237507.90976224,0.043794,0.043794,43.735343,13.210676,True,True,920.0010331334108,3.896532194611724,1.0079113265163717,0.9778920601722065,840,/scratch/project_2013233/enchanted_plugins/data/ascot_DT-D_random_extended/batch_0/ascot_sdcc_workflow_runner-d0e1469f-0123-4550-bc5e-518241056538,0
12.3,0.58,0.0,12.87,18294.24032073983,9.594380791011225e+19,144932.74988162168,1594019.541454147,0.09092281876883801,3120352.4143326185,4262883.194451149,0.009116,0.009312,43.184147,12.718853,True,True,690.5146363322056,4.61360385718277,1.0626474031837023,1.0866019624129593,848,/scratch/project_2013233/enchanted_plugins/data/ascot_DT-D_random_extended/batch_0/ascot_sdcc_workflow_runner-f764deaa-e8a0-4256-9a57-2f8671641589,0
9.87,0.75,0.0,10.62,41804.30974382063,9.790968258942016e+19,89811.49185246495,1506149.9788565564,0.059629846372038144,4069231.5043253326,6500100.166075251,0.004381,0.004381,34.168345,10.11095,True,True,738.7740173156002,5.556680968813654,1.1101942458109875,0.9287926091245888,791,/scratch/project_2013233/enchanted_plugins/data/ascot_DT-D_random_extended/batch_0/ascot_sdcc_workflow_runner-314e9c7e-bb4d-4279-8f66-c18640e9135a,0
27.73,0.69,0.0,28.42,37792.69119952074,8.843550441933093e+19,60910.138563861845,1286045.532261317,0.04736234996031639,3941199.6115372577,6156305.184243483,0.002593,0.002195,31.74978,9.238661,True,True,699.2658514340643,5.682347722660376,1.117203240337462,0.8752087192760178,806,/scratch/project_2013233/enchanted_plugins/data/ascot_DT-D_random_extended/batch_0/ascot_sdcc_workflow_runner-5c38ef98-0c9f-42b0-b5d0-d2e08a7300a7,0
11.96,1.02,0.0,12.98,110246.13878876818,1.0543601130671442e+20,236506.2643482496,1235191.1105253852,0.1914734184313003,8797987.541380905,10276263.161703732,0.0002,0.0,37.809336,13.178891,True,True,921.338049071102,10.850586962383186,1.304660235663049,1.3519139516174623,851,/scratch/project_2013233/enchanted_plugins/data/ascot_DT-D_random_extended/batch_0/ascot_sdcc_workflow_runner-850986e1-aded-46d0-b369-c500932d6f89,0
7.27,1.05,0.0,8.32,125311.49966480228,1.164443497883494e+20,337672.1094283649,1811668.219903157,0.18638738910285416,6034216.139372038,8166079.851084252,0.001597,0.000999,47.20861,15.322884,True,True,960.3429320448664,7.64166907718152,1.1109121858058661,1.477878152007368,863,/scratch/project_2013233/enchanted_plugins/data/ascot_DT-D_random_extended/batch_0/ascot_sdcc_workflow_runner-6ed3b857-c894-4b55-93ff-6cd0a40f1fde,0
10.03,0.88,0.0,10.9,27309.343970442624,8.137064708804277e+19,180057.12462552526,993316.6539237561,0.18126860544849568,6107984.706688904,7218497.914577931,0.0,0.0002,42.379522,13.555763,True,True,788.1797328009886,9.738988809859466,1.078280422831066,1.4089688704902952,864,/scratch/project_2013233/enchanted_plugins/data/ascot_DT-D_random_extended/batch_0/ascot_sdcc_workflow_runner-0b343245-a0ef-4ab3-b5b8-ef651fbd587a,0
8.04,0.41,0.0,8.45,100356.23987108616,1.2814664387851533e+20,266511.75693599816,2177417.7552259723,0.12239808199246524,4703796.688637795,7638110.814896545,0.007937,0.006951,38.833168,13.295536,True,True,934.657343821983,5.648828883627409,1.3283065228547732,1.1280251378257433,873,/scratch/project_2013233/enchanted_plugins/data/ascot_DT-D_random_extended/batch_0/ascot_sdcc_workflow_runner-9a52451b-7724-4bbc-8b0d-a9c3657e28f3,0
7.78,0.54,0.0,8.32,41469.47627031002,1.1423169785228347e+20,203441.8922087141,2068131.1253108426,0.09836991944992682,3201521.9947210583,4960452.826436135,0.020376,0.016329,40.711635,13.377164,True,True,799.2054044633932,4.320673029094225,1.2939172083764985,1.0643361771947906,867,/scratch/project_2013233/enchanted_plugins/data/ascot_DT-D_random_extended/batch_0/ascot_sdcc_workflow_runner-7bab848c-1a5e-4690-be26-b95b86f7822d,0
25.86,0.71,0.0,26.57,55706.1193944576,1.1138577250654288e+20,213220.88907810816,2239963.608543134,0.09518944337528164,2588391.1136416346,4659584.856160248,0.040491,0.033069,40.490555,14.291244,True,True,883.4566365795438,3.910975679884048,1.4150745132306106,1.039542770129967,839,/scratch/project_2013233/enchanted_plugins/data/ascot_DT-D_random_extended/batch_0/ascot_sdcc_workflow_runner-a1830ed0-6ad7-426d-84e7-3c21b366b5ad,0
6.82,0.75,0.0,7.57,13267.365704518887,6.087100681879626e+19,97382.16242979185,631344.9989739299,0.1542455592236552,4552846.718000096,4912560.632760394,0.0,0.0,34.861769,11.580857,True,True,645.6345051286015,8.778038685381274,1.2701169298410433,1.2041042921739575,879,/scratch/project_2013233/enchanted_plugins/data/ascot_DT-D_random_extended/batch_0/ascot_sdcc_workflow_runner-5abd9ce6-cbaa-41b7-a3d5-4f6cfbf27c56,0
50.58,0.86,0.0,51.44,100934.68991040715,1.1829415760300723e+20,262184.0935472026,1691246.2416443639,0.15502419877798895,6711252.541865888,8957290.905205099,0.000999,0.001996,39.691212,13.088146,True,True,907.2386123070773,7.865460535550509,1.2004853412756895,1.2605876682474189,776,/scratch/project_2013233/enchanted_plugins/data/ascot_DT-D_random_extended/batch_0/ascot_sdcc_workflow_runner-b4afcbb2-6586-48c3-ae89-3bebc95f7c00,0
6.14,0.33,0.0,6.46,113965.93086221196,9.246194602578639e+18,-1354.4753044339284,100461.05403649075,-0.01348259101424457,1135280.0926963172,9745266.35450543,0.0,0.0,8.041764,1.753372,True,True,676.1348673554673,10.582208698929147,1.2971720784713483,0.8477965398002201,890,/scratch/project_2013233/enchanted_plugins/data/ascot_DT-D_random_extended/batch_0/ascot_sdcc_workflow_runner-79ea82fe-49d6-462b-89e7-22a061d34086,0
13.69,0.76,0.0,14.45,15658.196426291506,4.1830988510902436e+19,36981.446801713006,386036.39575324877,0.09579782426875427,3188623.5092645492,3849446.624639489,0.0,0.0,24.965651,8.751012,True,True,562.5846893365324,8.2949340492631,1.4584350521068616,0.9450592580357093,862,/scratch/project_2013233/enchanted_plugins/data/ascot_DT-D_random_extended/batch_0/ascot_sdcc_workflow_runner-253e5532-dafb-41c3-b59e-37132f4e3b2f,0
7.6,0.45,0.0,8.04,70115.66776106646,9.691473304811554e+19,189584.50004724597,2100271.3225644343,0.09026667079173514,2005568.3894829992,4055025.606174521,0.053389,0.048163,40.966892,14.843217,True,True,968.6164786926946,3.6847045076272877,1.434011465298235,1.0178092996437207,896,/scratch/project_2013233/enchanted_plugins/data/ascot_DT-D_random_extended/batch_0/ascot_sdcc_workflow_runner-ccc3ddfb-02dd-4f52-97e7-44fe17f1adaf,0
6.45,0.71,0.0,7.15,413112.8077347141,7.609164274108213e+19,95806.64914672103,863735.2260719611,0.1109213173838287,7248181.143545444,12628154.354454078,0.0002,0.0,23.605465,8.605714,True,True,904.2810585977002,11.501434435489463,1.4798941240943304,0.957300058921025,898,/scratch/project_2013233/enchanted_plugins/data/ascot_DT-D_random_extended/batch_0/ascot_sdcc_workflow_runner-3040defd-36d2-4ca7-82b8-2bf238c3ae0b,0
5.92,1.11,0.0,7.02,211940.3614013094,8.990511442464891e+19,71786.76979664133,1186344.7848213927,0.060510882430733666,6218224.197911332,11593908.509011466,0.0006,0.0004,26.729375,8.191485,True,True,873.7045376120502,8.493977979945274,1.1431410593944202,0.8795629396575481,899,/scratch/project_2013233/enchanted_plugins/data/ascot_DT-D_random_extended/batch_0/ascot_sdcc_workflow_runner-284a8f83-7a91-4d66-9c28-3fcba689407f,0
32.7,0.82,0.0,33.52,47171.79701403981,9.683857794616936e+19,225451.72492719954,1089199.5354496774,0.20698845123370485,7838475.451165131,7992018.638260633,0.0002,0.0,37.792903,13.604533,True,True,826.6295196152755,10.313032626495616,1.429566253048573,1.3870533093392416,850,/scratch/project_2013233/enchanted_plugins/data/ascot_DT-D_random_extended/batch_0/ascot_sdcc_workflow_runner-53adf117-126c-4895-97fc-fbe7743eb104,0
10.24,0.29,0.0,10.53,122282.75065068429,7.262327914820421e+18,-1036.982785941594,77825.4139245345,-0.013324475048049629,964435.3838697337,10097347.499118248,0.0,0.0,7.772406,1.620069,True,True,687.2211003016359,11.329168746413849,1.20774774951348,0.871387942344292,860,/scratch/project_2013233/enchanted_plugins/data/ascot_DT-D_random_extended/batch_0/ascot_sdcc_workflow_runner-ca0f341e-93c3-4743-a166-01147eace02b,0
26.04,0.76,0.0,26.79,7234.956288443889,6.117600967995982e+19,80573.35508677103,649869.2248894281,0.12398395246440569,3606103.535514804,3330235.115961333,0.0002,0.0002,33.484638,11.191409,True,True,568.6774757560318,6.641088465082799,1.3538171122869866,1.0941855895215515,866,/scratch/project_2013233/enchanted_plugins/data/ascot_DT-D_random_extended/batch_0/ascot_sdcc_workflow_runner-1e5a3cde-5dd9-4758-8847-d63eff6ba476,0
36.96,0.77,0.0,37.74,3031.803543586171,4.587497004346395e+19,46159.404726393106,497319.79969000357,0.09281634223122796,2500954.163268364,2510034.310467114,0.0,0.0004,37.168636,10.792163,True,True,508.35047745821413,6.071851623723962,1.046251811413834,1.0643530842130107,838,/scratch/project_2013233/enchanted_plugins/data/ascot_DT-D_random_extended/batch_0/ascot_sdcc_workflow_runner-e82c2b75-1723-4948-97d0-4a81b60a8291,0
6.03,0.69,0.0,6.71,92020.88058858814,6.740613014835833e+19,99660.72512647435,786423.128723234,0.12672659473822262,5552810.351844908,8372874.072136703,0.0,0.0,33.669449,10.575712,True,True,785.37821520766,10.181730202901587,1.0861959965666634,1.136591470056218,900,/scratch/project_2013233/enchanted_plugins/data/ascot_DT-D_random_extended/batch_0/ascot_sdcc_workflow_runner-d5fadb7f-e13d-4ba0-a4ba-6a341d28ebc1,0
6.62,0.73,0.0,7.34,37009.19606099037,7.571793251221622e+19,129795.88669318242,864044.3089870528,0.15021901694526102,5281799.906698705,6002248.008840487,0.0006,0.0,35.922865,11.781702,True,True,703.5694267260487,8.499057247065542,1.2253295638420614,1.2066794440992332,865,/scratch/project_2013233/enchanted_plugins/data/ascot_DT-D_random_extended/batch_0/ascot_sdcc_workflow_runner-52425efa-be4c-4298-8bb9-91d0d7b17a3e,0
14.98,0.78,0.0,15.77,21727.54384067041,1.0770989462859622e+20,106939.23044818675,1931164.233274999,0.05537552353423197,2919864.453787407,4797615.16517746,0.022865,0.021335,37.94765,11.692444,True,True,739.4151407242093,4.013407416774556,1.2242410495637461,0.91999946885936,803,/scratch/project_2013233/enchanted_plugins/data/ascot_DT-D_random_extended/batch_0/ascot_sdcc_workflow_runner-f11aa453-d034-411c-b8d7-9e237e91c4a0,0
8.49,0.94,0.0,9.43,154095.9234255717,1.2756589409809972e+20,80857.01859650711,1800413.0146707157,0.044910261111001444,6230635.161681889,10633908.804407865,0.004579,0.002792,25.330214,8.773357,True,True,865.4383978376752,6.130405535242926,1.462812431927193,0.8023884458695619,902,/scratch/project_2013233/enchanted_plugins/data/ascot_DT-D_random_extended/batch_0/ascot_sdcc_workflow_runner-f7bfbc85-de8f-4831-b0fc-824a5aeafd90,0
6.28,0.67,0.0,6.95,11289.095156000256,3.237664814394442e+19,-5471.94069756472,344887.9901232323,-0.01586584878067089,2175179.0367914895,4314483.54294116,0.0004,0.0,20.15098,5.233295,True,True,540.0952610615414,6.656676878694611,1.2265507691022355,0.8237396182416882,885,/scratch/project_2013233/enchanted_plugins/data/ascot_DT-D_random_extended/batch_0/ascot_sdcc_workflow_runner-2d510df1-bfc4-4bbe-9fd0-c35908a463f0,0
46.15,0.76,0.0,46.91,151244.90255798455,1.165553742010835e+20,329598.6883488398,1709628.726567498,0.19278962924926432,6963265.263908647,9044905.336703973,0.0006,0.0006,46.010653,15.119855,True,True,981.5380237631528,8.616889778033476,1.1259218401356819,1.4916472664284313,845,/scratch/project_2013233/enchanted_plugins/data/ascot_DT-D_random_extended/batch_0/ascot_sdcc_workflow_runner-cb1e3dda-9c78-4621-8b26-f4132bc4d236,0
58.19,0.91,0.0,59.1,72749.17486254696,1.2282844704938372e+20,406519.0022434252,2124620.3786657182,0.19133724138461053,4546437.303536002,6046543.130617314,0.004975,0.005569,46.948896,16.348629,True,True,935.969936489847,5.849936554123977,1.3728753304195878,1.4460519095338786,812,/scratch/project_2013233/enchanted_plugins/data/ascot_DT-D_random_extended/batch_0/ascot_sdcc_workflow_runner-f11b2fc7-286d-4ac7-869a-8be2d12e1376,0
13.15,0.49,0.0,13.64,56298.37192122714,1.0256159580402313e+20,153983.20096628423,1647132.3277757051,0.09348562854948263,4131661.543741381,6321927.918123031,0.005371,0.004777,39.830794,11.902809,True,True,777.455684255511,5.691401998989718,1.0242849891617394,1.0783603741933283,904,/scratch/project_2013233/enchanted_plugins/data/ascot_DT-D_random_extended/batch_0/ascot_sdcc_workflow_runner-45fda3e5-0c22-4bbb-813b-31cd731745d9,0
4.62,0.79,0.0,5.41,0.0,3.2011936048469012e+19,52642.57173638063,254275.43543969962,0.20702971816899948,3269760.273493185,3232768.4620189816,0.0,0.0,35.47517,12.486979,True,True,561.8068150280982,11.831954374545104,1.3869069626918962,1.3598751074136457,911,/scratch/project_2013233/enchanted_plugins/data/ascot_DT-D_random_extended/batch_0/ascot_sdcc_workflow_runner-fa4d569f-b6e3-4d07-be92-52ebb229bae6,0
6.38,0.71,0.0,7.09,7925.239646353858,4.733904972442811e+19,8634.185825052231,514301.14951869973,0.01678819079664199,2407663.644351604,3029161.6593482015,0.001199,0.002195,26.321662,7.398401,True,True,508.83177485689174,5.2429299894450185,1.2751363505030928,0.8499046939216117,909,/scratch/project_2013233/enchanted_plugins/data/ascot_DT-D_random_extended/batch_0/ascot_sdcc_workflow_runner-1f00b2d6-a2b9-4eb8-b5ce-16781a2439ee,0
6.25,0.51,0.0,6.76,3618.98907905552,7.807023399902593e+19,159557.48443758994,1164093.5985873474,0.1370658550405366,2192687.663634217,1724888.812600314,0.01088,0.011858,47.683418,15.412524,True,True,545.3125632357853,3.642398657057811,1.356157126592673,1.238446455140799,907,/scratch/project_2013233/enchanted_plugins/data/ascot_DT-D_random_extended/batch_0/ascot_sdcc_workflow_runner-7e02125a-d727-4281-8b3e-7a2981b8af6d,0
6.69,0.63,0.0,7.32,104653.93261035881,1.1755021132514253e+20,263387.4091042651,1629345.5418218137,0.16165227224285694,6451821.076131965,7896082.40427613,0.000799,0.000999,39.334958,13.274987,True,True,854.2615068441447,7.478234225813199,1.2799086489438007,1.2671714202197244,856,/scratch/project_2013233/enchanted_plugins/data/ascot_DT-D_random_extended/batch_0/ascot_sdcc_workflow_runner-74560d4b-38fa-416c-b6e7-aecaa96660c4,0
12.87,0.82,0.0,13.7,1401.2938466851729,3.2786954451562656e+19,38914.72853830229,285523.76025576744,0.1362924350094126,2813232.096479818,3178213.25402095,0.0,0.0,33.039275,10.519025,True,True,537.93580567756,9.341516836643201,1.1773446037672275,1.1467620243036745,861,/scratch/project_2013233/enchanted_plugins/data/ascot_DT-D_random_extended/batch_0/ascot_sdcc_workflow_runner-052367bd-d7f6-46dc-b57a-cebef15b44b7,0
11.68,0.52,0.0,12.2,0.0,7.188231038972914e+19,145980.7834354319,910738.017319886,0.16028844811488513,2569202.6463560998,1734812.7452448916,0.005371,0.002991,45.163254,15.20067,True,True,523.8791739709243,4.31482342541278,1.4418901925249465,1.2938739586142851,903,/scratch/project_2013233/enchanted_plugins/data/ascot_DT-D_random_extended/batch_0/ascot_sdcc_workflow_runner-833b99a0-1cbe-4a27-9723-ccb6b9640296,0
7.97,0.66,0.0,8.63,5878.175994519801,7.582896377005872e+19,152326.05383317382,999420.6024630781,0.15241436233930475,3506157.362897254,3483377.884614462,0.001597,0.001199,45.494272,13.802538,True,True,615.1203795728239,5.847654112615043,1.0960709387824814,1.3166742400559794,833,/scratch/project_2013233/enchanted_plugins/data/ascot_DT-D_random_extended/batch_0/ascot_sdcc_workflow_runner-29360e23-670d-4a16-95cf-6c02932d8c1f,0
18.08,0.91,0.0,18.99,21331.31039507063,1.0469459560019277e+20,199733.08963701705,1615431.0353283647,0.12364074062525225,3946240.3551700837,4778197.388373653,0.006359,0.002394,40.579477,13.074779,True,True,714.0165465416366,5.183999766025959,1.2695519002939695,1.1514815442040849,901,/scratch/project_2013233/enchanted_plugins/data/ascot_DT-D_random_extended/batch_0/ascot_sdcc_workflow_runner-8015524b-a608-45ce-8365-7f8b2f84b04a,0
7.01,0.8,0.0,7.81,12377.107832488718,5.103496296175601e+19,84729.51454876733,476059.5257747358,0.17798092457215123,4385292.254730968,4479533.457319638,0.0,0.0,33.285554,11.784914,True,True,627.928933983861,10.060177168148952,1.419560461776577,1.2399513789285943,908,/scratch/project_2013233/enchanted_plugins/data/ascot_DT-D_random_extended/batch_0/ascot_sdcc_workflow_runner-c98cba9b-a1de-4a32-9dd5-77c4b7ab0261,0
6.51,0.85,0.0,7.35,4554.77013441571,5.277496170269722e+19,106960.2003621241,481353.4122529486,0.22220721332690396,4954326.926312339,4692299.212921579,0.0,0.0,37.335098,13.422341,True,True,653.2558898303918,11.395366913516188,1.4529626046819089,1.4303356319070728,917,/scratch/project_2013233/enchanted_plugins/data/ascot_DT-D_random_extended/batch_0/ascot_sdcc_workflow_runner-ebe01093-4869-4156-a7a2-d94dc358ea84,0
7.56,0.72,0.0,8.28,46233.27099780262,6.931815692853912e+19,96637.14216619931,827238.5012084246,0.1168189609466102,4863639.190837164,6781087.041727903,0.0002,0.0,34.414689,10.600208,True,True,718.5621556792661,8.597610396876009,1.0883933792325495,1.1109352961666539,914,/scratch/project_2013233/enchanted_plugins/data/ascot_DT-D_random_extended/batch_0/ascot_sdcc_workflow_runner-23031507-59f5-4b93-892c-24c0752e5d11,0
7.56,0.34,0.0,7.9,287356.3593321273,8.795857853081389e+18,-438.4322161468373,100835.9863664195,-0.004347973694169609,1219011.7198689368,14898378.850410037,0.0,0.0,6.532099,1.417259,True,True,800.3962727964573,11.83302409063689,1.2846246220104927,0.8230587215493932,918,/scratch/project_2013233/enchanted_plugins/data/ascot_DT-D_random_extended/batch_0/ascot_sdcc_workflow_runner-3df54349-c00c-44b3-90db-7dba4087c274,0
8.16,0.81,0.0,8.97,0.0,3.920749501927444e+19,62106.65895453685,326286.74434551876,0.19034380044801788,2956021.1749763708,2205443.2044623885,0.0002,0.0,37.501102,12.982598,True,True,502.1743826323674,8.326472867640701,1.4016755881391976,1.3320427380463375,912,/scratch/project_2013233/enchanted_plugins/data/ascot_DT-D_random_extended/batch_0/ascot_sdcc_workflow_runner-5c89ec86-4ff7-4ce5-a5c4-159a9ecc9cba,0
5.3,0.81,0.0,6.11,5074.480232763271,5.292684152707449e+19,70997.30414706575,553441.8458599555,0.12828322375361387,2894919.8939746954,2421670.803494561,0.0002,0.0004,38.287026,11.934746,True,True,517.3111726363709,6.082911098557858,1.209338212414482,1.1591147623322837,910,/scratch/project_2013233/enchanted_plugins/data/ascot_DT-D_random_extended/batch_0/ascot_sdcc_workflow_runner-c35c16cb-0e0d-417b-b21a-b465cb0aa5f7,0
12.03,0.68,0.0,12.71,3641.782804076415,3.0018664958458827e+19,31376.079718402532,275890.3231274738,0.11372664094458058,2658319.1141911587,3538494.0489943796,0.0,0.0,31.360017,9.613951,True,True,546.3517301571358,9.587018610493018,1.0931853910572267,1.0774967172433072,916,/scratch/project_2013233/enchanted_plugins/data/ascot_DT-D_random_extended/batch_0/ascot_sdcc_workflow_runner-9500b6d8-bd60-435f-825b-fd37a7bbe057,0
6.4,0.53,0.0,6.93,58837.81716974461,1.1368012098635668e+20,293731.6930980553,1943938.7668191658,0.1511013094196807,4146220.034884168,5964430.424017609,0.005173,0.007543,46.397219,14.749647,True,True,859.8294912837646,5.5320652624769675,1.1538335301545275,1.3091387843401512,920,/scratch/project_2013233/enchanted_plugins/data/ascot_DT-D_random_extended/batch_0/ascot_sdcc_workflow_runner-0818d61b-a63f-4ad2-998b-1706428c54fc,0
7.46,0.7,0.0,8.17,21210.581163550905,6.702996358043262e+19,100979.70881010471,778434.1431314549,0.12972158236005352,4452672.956795529,5279541.090718319,0.0,0.0002,35.751681,11.20651,True,True,662.2872729965693,7.972568726774096,1.1458531731270643,1.1518997020525354,915,/scratch/project_2013233/enchanted_plugins/data/ascot_DT-D_random_extended/batch_0/ascot_sdcc_workflow_runner-7b5435a7-b24b-46d0-ad22-89a905edf160,0
5.99,0.54,0.0,6.53,46413.092169112,1.2291723243228322e+20,286174.45171343826,1866181.3140195226,0.15334761395560972,5341523.125745648,6772298.229961796,0.003786,0.003587,40.170216,13.744613,True,True,835.9915665694098,6.18862823929015,1.3417273227939615,1.236971410700054,924,/scratch/project_2013233/enchanted_plugins/data/ascot_DT-D_random_extended/batch_0/ascot_sdcc_workflow_runner-eff5f529-b65f-4d7d-97a6-568f05690a88,0
8.38,0.92,0.0,9.3,344556.30258779484,1.1666546821152963e+20,184700.91915186463,1391363.4120945781,0.1327481501571277,8859138.937000083,11786630.801284095,0.0006,0.0,28.806728,10.7499,True,True,933.4505113724845,9.480875948028531,1.4910514594168167,1.0631756677386477,921,/scratch/project_2013233/enchanted_plugins/data/ascot_DT-D_random_extended/batch_0/ascot_sdcc_workflow_runner-3a49c2b6-31c9-4916-b4b8-b00857642123,0
7.75,0.64,0.0,8.39,103083.880441882,1.117616445197045e+20,269762.13474342803,1556272.0086124032,0.17333867938931333,6758782.587803577,8609964.849749686,0.000799,0.0002,42.419656,13.843563,True,True,896.7669443150412,8.339686722980522,1.1540452905601395,1.363930348504503,922,/scratch/project_2013233/enchanted_plugins/data/ascot_DT-D_random_extended/batch_0/ascot_sdcc_workflow_runner-7145eb8b-339f-437d-adec-8a3eb3bbbb70,0
39.57,0.68,0.0,40.25,271768.6643576821,1.1325461836757674e+20,123461.63204691927,1678632.1904410755,0.07354894821508137,6616473.685847573,12611449.376235327,0.000799,0.002195,31.963482,9.752324,True,True,982.7291774929006,8.003977026256868,1.002895801424517,0.9652301984693689,893,/scratch/project_2013233/enchanted_plugins/data/ascot_DT-D_random_extended/batch_0/ascot_sdcc_workflow_runner-6408b722-d915-4c75-b9a7-7cc2f64a7393,0
6.77,0.68,0.0,7.45,2359.4491361580804,2.4317240107426787e+19,29168.27094833071,213200.90243138286,0.13681119833776645,2571790.904593616,3812820.5013048314,0.0,0.0,33.692939,10.397468,True,True,563.3832365317588,11.560032226778468,1.0018873763199418,1.1759782651752757,925,/scratch/project_2013233/enchanted_plugins/data/ascot_DT-D_random_extended/batch_0/ascot_sdcc_workflow_runner-05e1d24c-4f0b-4323-ba99-1e13ad868fe1,0
6.51,0.76,0.0,7.27,869.7998963910147,4.173646286043001e+19,66406.59143052873,398759.5884087919,0.16653290193100367,3486241.711807485,3815222.9848869387,0.0,0.0,38.853473,12.267762,True,True,586.5123739663057,9.573793666512655,1.1025360070833339,1.309543176108477,928,/scratch/project_2013233/enchanted_plugins/data/ascot_DT-D_random_extended/batch_0/ascot_sdcc_workflow_runner-de228e51-8bf0-4e00-acd9-5537b2ed1481,0
51.16,0.75,0.0,51.92,215706.820032097,1.2757428708095907e+20,247196.5012648196,1665332.2846331384,0.1484367435531194,8527663.699891528,11246935.486814745,0.0006,0.0004,34.166688,12.049379,True,True,967.3459787772396,8.876858410425944,1.352266464441807,1.1684104270904463,884,/scratch/project_2013233/enchanted_plugins/data/ascot_DT-D_random_extended/batch_0/ascot_sdcc_workflow_runner-1a7ddfa1-31b3-4870-8a97-762a602e4cca,0
7.7,0.7,0.0,8.41,3217.979891840029,7.408081414708699e+19,106358.04176483225,1059661.611556563,0.10036981674612172,2634690.949639056,2693744.298702507,0.007346,0.003786,44.070061,12.876313,True,True,569.2176834271932,4.523341458878491,1.0858592976362005,1.125146121313771,926,/scratch/project_2013233/enchanted_plugins/data/ascot_DT-D_random_extended/batch_0/ascot_sdcc_workflow_runner-656fc844-2e15-42b7-87a6-d01998d79bfd,0
4.74,0.76,0.0,5.5,137410.813046572,1.2142907937386584e+20,89570.38293141325,2028773.7889175087,0.04415000993245543,4920240.059681824,10029348.209653674,0.006359,0.007543,31.535254,9.544057,True,True,914.8607837330923,5.782467385010186,1.1467825299220025,0.8541379550949717,932,/scratch/project_2013233/enchanted_plugins/data/ascot_DT-D_random_extended/batch_0/ascot_sdcc_workflow_runner-799ad09b-ce57-4217-acd2-5fd60e8f9066,0
7.96,0.84,0.0,8.8,97486.12984196749,1.2033369766371666e+20,343475.41739312146,2127553.100337048,0.16144152516743668,4306148.902733352,6472550.203742297,0.009705,0.006557,45.153441,15.227597,True,True,945.1906510530996,5.667546357399371,1.2831623270034456,1.3201089427597372,929,/scratch/project_2013233/enchanted_plugins/data/ascot_DT-D_random_extended/batch_0/ascot_sdcc_workflow_runner-46556f83-2d83-46f4-a875-b10f3460964e,0
6.63,0.84,0.0,7.48,139645.962689186,1.022897005481649e+20,57604.85698840536,1541201.4180763501,0.03737659225638712,5185039.088458744,10301995.620143425,0.003388,0.00319,29.172887,8.418235,True,True,858.243463186918,6.710234118098094,1.051699559844141,0.8301341603572787,930,/scratch/project_2013233/enchanted_plugins/data/ascot_DT-D_random_extended/batch_0/ascot_sdcc_workflow_runner-0e71a62d-8dd3-4ae8-8ea5-92fe70226765,0
6.87,0.76,0.0,7.63,5471.829761068923,6.836994622614508e+19,47692.20724919318,845717.7490405538,0.056392581689693556,2690873.784573733,2678721.172928678,0.003984,0.004182,32.99268,10.320612,True,True,532.7861190952971,4.506598198566356,1.3310059682031734,0.9062670454276025,931,/scratch/project_2013233/enchanted_plugins/data/ascot_DT-D_random_extended/batch_0/ascot_sdcc_workflow_runner-1c2f961d-a3aa-47e3-8a7a-53c8bba1d2a7,0
10.99,0.82,0.0,11.8,134261.55914585674,9.376237923317693e+19,161147.56215479673,1212436.9378467237,0.13291211866325456,6840225.967757385,9852611.492382793,0.0,0.0002,35.843033,11.374249,True,True,879.9333051298522,9.529200017204943,1.0933175379350204,1.1708268573620877,923,/scratch/project_2013233/enchanted_plugins/data/ascot_DT-D_random_extended/batch_0/ascot_sdcc_workflow_runner-995fe8b2-1d5c-4e88-b705-9f1f312246c8,0
6.99,0.72,0.0,7.71,3237.496336824725,6.158075770284458e+19,64837.826516864734,671245.7478134532,0.09659327709422437,2923002.0737959766,2479583.0839529457,0.001398,0.001199,33.863204,11.196839,True,True,521.833431544148,5.271955726336271,1.3661457338708196,1.0231358774080659,905,/scratch/project_2013233/enchanted_plugins/data/ascot_DT-D_random_extended/batch_0/ascot_sdcc_workflow_runner-ee5897fc-76a5-4532-b772-be7fa7d79e04,0
6.77,0.77,0.0,7.54,16837.66255933569,5.695837828741802e+19,103383.08909295197,626316.4014999568,0.16506527506761945,4632952.545680813,5699022.942587845,0.0,0.0,40.203495,12.569792,True,True,688.5387313304253,9.965850342153107,1.0216713785722846,1.3321646346570892,933,/scratch/project_2013233/enchanted_plugins/data/ascot_DT-D_random_extended/batch_0/ascot_sdcc_workflow_runner-6de323eb-b0dc-4834-8b3a-9d37373dc6db,0
5.61,0.8,0.0,6.41,393885.22462750034,1.0456813132905991e+20,73357.62067017167,1381386.2272628753,0.053104352151769244,7555447.9471505415,14495538.948214019,0.000999,0.0004,24.338299,7.771589,True,True,966.3454199047862,8.756516359836198,1.231743052868032,0.8321863983622646,938,/scratch/project_2013233/enchanted_plugins/data/ascot_DT-D_random_extended/batch_0/ascot_sdcc_workflow_runner-d3849eb8-7c2e-4e01-89b6-4831e7f42a91,0
6.39,0.69,0.0,7.08,6019.445888632146,4.14518205819527e+19,34276.35720614159,434652.97515411885,0.07885913398841435,2790453.3244102765,3669776.8011814547,0.0,0.0,31.677229,9.226894,True,True,553.530354230629,7.419598531582857,1.0104285515850495,0.9858027721755029,936,/scratch/project_2013233/enchanted_plugins/data/ascot_DT-D_random_extended/batch_0/ascot_sdcc_workflow_runner-5d264d32-9d45-49b1-a9ac-edc5dc0004aa,0
7.61,0.67,0.0,8.28,632.1589758166455,6.1870987229073015e+19,96690.17779883472,711071.734021483,0.13597809218487864,2763758.9111372232,2069639.058162636,0.001797,0.000799,41.277992,13.12147,True,True,516.2810228341724,5.110483743570181,1.2906591890223793,1.1976548323651222,897,/scratch/project_2013233/enchanted_plugins/data/ascot_DT-D_random_extended/batch_0/ascot_sdcc_workflow_runner-0eccd8bc-6705-4e02-9a20-be0b36932820,0
5.2,0.66,0.0,5.86,44293.23143822711,8.789664874150335e+19,137366.9746925243,1150081.686715283,0.11944105908238081,4850975.381167657,6028726.646965485,0.000799,0.0006,36.644941,11.467451,True,True,717.4106026296137,7.000578863870946,1.1552248852743396,1.1247617826063423,940,/scratch/project_2013233/enchanted_plugins/data/ascot_DT-D_random_extended/batch_0/ascot_sdcc_workflow_runner-87cc0153-51cf-4d2f-8edf-9f399df5a827,0
6.56,0.93,0.0,7.49,233491.16809565842,9.760170781072826e+19,126597.06939288651,1173295.0150854476,0.10789875331028047,7537915.347089526,11569842.966320353,0.0002,0.0002,28.004505,9.641332,True,True,892.5161090762056,9.501664129671667,1.3040781543502726,1.0099222429792356,939,/scratch/project_2013233/enchanted_plugins/data/ascot_DT-D_random_extended/batch_0/ascot_sdcc_workflow_runner-9c6788e8-bbc4-4fdc-babc-b6eacfeafd70,0
11.78,0.85,0.0,12.63,0.0,3.5950179979265196e+19,51255.53207396233,296013.8317154045,0.17315249012836922,2917180.8250859133,2479465.320305166,0.0,0.0,33.740423,11.821124,True,True,512.1040964930456,8.959394627782103,1.425623983503851,1.232153811759964,934,/scratch/project_2013233/enchanted_plugins/data/ascot_DT-D_random_extended/batch_0/ascot_sdcc_workflow_runner-45e61347-8314-4f6c-a687-d2f81021a0be,0
6.74,0.82,0.0,7.56,60093.765195324995,7.858384962180951e+19,250637.16254097858,1616130.7301826717,0.15508470809947966,1619010.621939531,3223268.1868774425,0.06332,0.064896,58.065547,18.363642,True,True,982.9762300019285,3.6010309304687436,1.0926654438986214,1.4295315144423966,935,/scratch/project_2013233/enchanted_plugins/data/ascot_DT-D_random_extended/batch_0/ascot_sdcc_workflow_runner-c6197e40-17a3-4d61-9df4-c204fb57547c,0
6.38,0.74,0.0,7.11,40235.34235381405,7.056295816837077e+19,102491.80416003412,789260.6575916943,0.12985799200073125,4951842.240982768,5955201.348167854,0.0002,0.0002,32.674611,10.775316,True,True,688.4854792565276,8.340671794947424,1.2565279571406018,1.1126434719416822,942,/scratch/project_2013233/enchanted_plugins/data/ascot_DT-D_random_extended/batch_0/ascot_sdcc_workflow_runner-6632556b-69c7-44a7-a6f2-2c5506e4410f,0
7.69,0.81,0.0,8.5,257171.7592095781,1.1408247376138905e+20,224607.00835964794,1618264.8450256195,0.13879496242538228,7454290.359582512,11203557.754407566,0.0002,0.0006,38.171153,12.249218,True,True,989.4345195251569,9.062898887461904,1.0973311405083797,1.2106447759121932,941,/scratch/project_2013233/enchanted_plugins/data/ascot_DT-D_random_extended/batch_0/ascot_sdcc_workflow_runner-3e49288b-5f93-42f1-917c-31a88f996104,0
6.65,0.72,0.0,7.37,51244.54093969539,4.664916115751839e+19,52184.843358511825,456642.882008598,0.11427933164964837,4080654.224652869,5782772.924246436,0.0,0.0,25.681842,8.965032,True,True,653.326836437239,9.975940240645494,1.3766470771422545,1.0025143558362035,946,/scratch/project_2013233/enchanted_plugins/data/ascot_DT-D_random_extended/batch_0/ascot_sdcc_workflow_runner-763eacff-80a8-4387-9f6f-be2b8fd6325b,0
45.43,0.8,0.0,46.23,114047.834691404,8.145607072888839e+19,113067.4852890826,904550.126401494,0.1249985843668949,6423316.091849551,8487480.073993096,0.0,0.0,27.163903,9.964267,True,True,781.4810514962317,9.417450388968215,1.4782639491812115,1.0323327104058266,906,/scratch/project_2013233/enchanted_plugins/data/ascot_DT-D_random_extended/batch_0/ascot_sdcc_workflow_runner-04504527-4e08-41ef-ac95-a40d3bb995c5,0
6.69,0.73,0.0,7.42,21484.53785908221,3.523856265150397e+19,43860.61935275635,324666.6526363723,0.13509431595945393,3524759.637455255,5076759.472852885,0.0,0.0,29.451409,9.694322,True,True,626.2727017539264,11.356018402984105,1.2187861779866636,1.1039210478468373,944,/scratch/project_2013233/enchanted_plugins/data/ascot_DT-D_random_extended/batch_0/ascot_sdcc_workflow_runner-e04ca021-2245-4087-a215-8d31d3c2e6e0,0
15.02,0.74,0.0,15.75,24502.73526307871,4.603336392041044e+19,59439.95558101181,441369.9943448283,0.13467149181548863,4155062.4622277906,5431799.197209845,0.0,0.0,28.266049,9.769282,True,True,647.5231137129142,10.373342954051155,1.3457122106224761,1.0779137772587655,937,/scratch/project_2013233/enchanted_plugins/data/ascot_DT-D_random_extended/batch_0/ascot_sdcc_workflow_runner-c99f3bae-45bb-472a-8a5a-8d9db5a2c1af,0
6.37,0.63,0.0,7.0,50492.99054918275,1.1820789087858858e+20,274257.63270519685,1870919.719885992,0.14658973861364252,4546271.218190778,5640598.05825343,0.003984,0.002394,41.211522,13.946068,True,True,796.6841558034178,5.528917783875849,1.3435565554557487,1.2222973018565835,948,/scratch/project_2013233/enchanted_plugins/data/ascot_DT-D_random_extended/batch_0/ascot_sdcc_workflow_runner-92f97ffa-c7e0-4ff0-bfef-e4f006a8d181,0
6.55,0.82,0.0,7.37,133174.27736415976,1.1352310309649493e+20,192299.5251018708,1495654.7550971867,0.12857213501078013,6958603.06446395,9370498.91535147,0.0004,0.0004,33.355946,11.388342,True,True,864.8479757984417,7.947947729642545,1.3018501113055838,1.1081055017993382,950,/scratch/project_2013233/enchanted_plugins/data/ascot_DT-D_random_extended/batch_0/ascot_sdcc_workflow_runner-2add0600-d31b-4d42-a600-6b9676cfddd3,0
10.0,0.76,0.0,10.76,8359.877423636808,5.139715976549198e+19,44060.8423770649,528999.2350202219,0.08329093779385258,3191311.7684086375,3571018.6394474288,0.0006,0.0006,29.596924,9.345972,True,True,556.0787937065007,6.771215876188228,1.2552000489195199,0.9599452107009229,877,/scratch/project_2013233/enchanted_plugins/data/ascot_DT-D_random_extended/batch_0/ascot_sdcc_workflow_runner-ad67b092-be63-4a0c-bb8d-391dd4b414f5,0
8.82,0.71,0.0,9.54,27041.951051525513,8.59645217045752e+19,173304.749603659,1072037.9497890517,0.16165915547836784,5154157.957122695,5641508.464815026,0.0002,0.0004,40.561639,13.005507,True,True,714.2516559176928,7.611108440491547,1.1756313010752986,1.2954302458398617,868,/scratch/project_2013233/enchanted_plugins/data/ascot_DT-D_random_extended/batch_0/ascot_sdcc_workflow_runner-66be4bd0-35b7-4377-8edb-d2169abd961c,0
8.7,0.64,0.0,9.34,37884.67352174361,9.821820862938338e+19,164695.61611637304,1568275.3411280047,0.10501702844980866,3871108.4949780055,5551340.321653815,0.004579,0.006359,41.793276,12.473166,True,True,744.4578065685173,5.528485217037136,1.0075414784916972,1.1267943072056905,943,/scratch/project_2013233/enchanted_plugins/data/ascot_DT-D_random_extended/batch_0/ascot_sdcc_workflow_runner-d2049d0c-b4db-4657-b8af-bdb7b6fd55de,0
10.05,0.71,0.0,10.76,40003.69655976313,5.521595923784197e+19,28055.8606766623,605552.8541133122,0.046330985786110154,3796487.0942379055,6042487.779735024,0.0,0.0002,22.053603,7.151649,True,True,639.9042331442304,7.43137743796604,1.4401834702126803,0.8485820953504954,876,/scratch/project_2013233/enchanted_plugins/data/ascot_DT-D_random_extended/batch_0/ascot_sdcc_workflow_runner-a1750851-2b6c-49d2-85c0-abf55b05b7a3,0
6.69,0.64,0.0,7.33,56202.65811621252,1.1326232639136537e+20,182148.69588662765,2110971.250679961,0.08628667767405931,3080424.6548769213,5378496.765598085,0.02648,0.0242,41.483678,13.15986,True,True,844.2350343702353,4.293303114627573,1.2004016380542217,1.039320416481262,953,/scratch/project_2013233/enchanted_plugins/data/ascot_DT-D_random_extended/batch_0/ascot_sdcc_workflow_runner-830a5dfa-5974-4b88-876a-06d2fe85191d,0
8.49,0.79,0.0,9.28,3751.300911967394,3.0789848907523117e+19,28180.107662871986,250899.71177922678,0.11231622174069454,2593867.3552481816,2939847.7016705014,0.0,0.0,25.512765,9.009938,True,True,513.9806190582221,9.076260079967488,1.4451012977961977,0.9950188661308585,882,/scratch/project_2013233/enchanted_plugins/data/ascot_DT-D_random_extended/batch_0/ascot_sdcc_workflow_runner-276aaf85-5eba-48ec-a8b4-f16acb0188fe,0
5.74,0.96,0.0,6.7,116032.18122887796,1.299071466108586e+20,384093.59670673707,2212517.6169955577,0.17360024334102658,5024146.429329224,6879081.893056962,0.006754,0.006162,41.876019,15.359202,True,True,949.5667096145746,6.064038009936006,1.4810507019615553,1.3102584957895733,945,/scratch/project_2013233/enchanted_plugins/data/ascot_DT-D_random_extended/batch_0/ascot_sdcc_workflow_runner-b26d6299-894c-42b4-b831-d71b732b413b,0
5.35,0.85,0.0,6.2,2277.951587339991,3.565860469753941e+19,63298.9242606531,290049.58931078325,0.2182348349848183,3438938.981080797,3012331.2350547756,0.0,0.0,37.568779,13.248075,True,True,555.5352639591864,11.137836433622612,1.3995182117784926,1.42821615529802,888,/scratch/project_2013233/enchanted_plugins/data/ascot_DT-D_random_extended/batch_0/ascot_sdcc_workflow_runner-ffafaecd-9340-4d82-abf5-1dce4bbcbb60,0
7.06,0.43,0.0,7.49,66405.21104079677,9.575924965882292e+19,305355.6732133428,1956927.587911712,0.15603830979724484,2175777.3030675077,3734053.8361568903,0.041043,0.040307,51.746385,17.24604,True,True,947.7966783419918,3.9740907134051358,1.2745508137840111,1.3476903172148638,886,/scratch/project_2013233/enchanted_plugins/data/ascot_DT-D_random_extended/batch_0/ascot_sdcc_workflow_runner-42a3df71-41bb-4c9e-bae2-3bc2df904c5a,0
6.44,0.74,0.0,7.18,1946.848981343225,5.935565516664401e+19,96175.35621200615,594131.6644717895,0.16187549319982886,3230536.760824762,2272724.575755149,0.0006,0.0,38.111299,13.172898,True,True,521.7002827229469,6.106863988323467,1.4518734120036423,1.2388176292864315,881,/scratch/project_2013233/enchanted_plugins/data/ascot_DT-D_random_extended/batch_0/ascot_sdcc_workflow_runner-13f3eb7d-0476-42cb-a5cf-99b4c7fa107e,0
8.09,0.85,0.0,8.94,86241.58975385487,6.670257623625047e+19,94697.45984807772,704327.6198201887,0.13445086800976724,5770774.810699281,7779354.189452226,0.0,0.0,27.218234,9.866686,True,True,747.9861652148592,10.308046922216768,1.463062203287511,1.056481621628355,955,/scratch/project_2013233/enchanted_plugins/data/ascot_DT-D_random_extended/batch_0/ascot_sdcc_workflow_runner-81668ee8-4b59-49c1-8b01-a80971a55a8e,0
10.12,1.0,0.0,11.12,290114.74970747955,8.494945544229482e+19,147984.82792145095,941099.80570922,0.15724668842103146,8003837.274553575,11014077.218669094,0.0,0.0,29.312616,10.684907,True,True,894.9463819935107,11.726455463077068,1.4392337191722318,1.1284895559613408,951,/scratch/project_2013233/enchanted_plugins/data/ascot_DT-D_random_extended/batch_0/ascot_sdcc_workflow_runner-e5209466-fe65-4313-bcda-71be0840d36c,0
4.16,0.6,0.0,4.75,40905.51788404992,1.1492807113651742e+20,197222.27559733624,1687245.4775388972,0.11689008992634241,4598401.805320578,5629931.268630514,0.002593,0.001996,34.756207,12.589626,True,True,743.4602515855833,5.436884166278609,1.4960057816478447,1.072050842563307,960,/scratch/project_2013233/enchanted_plugins/data/ascot_DT-D_random_extended/batch_0/ascot_sdcc_workflow_runner-6495c4f8-b9b3-494e-89c3-1f2d9da6b86e,0
12.07,0.81,0.0,12.88,121808.70747993974,1.0342217419522017e+20,148897.86546927565,1236785.0913398324,0.12039105784172399,6934743.531793056,8793443.383642321,0.0002,0.0002,28.54403,10.58006,True,True,807.386317533276,8.187374520685276,1.4955516761432819,1.0325861995293406,952,/scratch/project_2013233/enchanted_plugins/data/ascot_DT-D_random_extended/batch_0/ascot_sdcc_workflow_runner-d733df02-9288-4993-909f-3b97ebd55d87,0
17.44,0.67,0.0,18.11,88304.76177135321,9.842293361724387e+19,171617.69646069288,1366132.673660608,0.12562300848923866,5776105.285781738,8572598.676753236,0.000799,0.0006,38.712859,11.928374,True,True,843.0385432122571,7.9402729652346125,1.0203721369910086,1.1788745411248474,947,/scratch/project_2013233/enchanted_plugins/data/ascot_DT-D_random_extended/batch_0/ascot_sdcc_workflow_runner-c3414f45-2fb9-4c91-af2e-85032a4bb745,0
8.14,0.62,0.0,8.77,44286.88699423725,1.0891615118193195e+20,327071.2335280825,1781026.7843641187,0.1836419510360463,4531941.576457365,5796910.399890414,0.005371,0.003786,50.353942,15.837631,True,True,835.87548872655,6.141169157963905,1.0856298779011393,1.499050490625824,959,/scratch/project_2013233/enchanted_plugins/data/ascot_DT-D_random_extended/batch_0/ascot_sdcc_workflow_runner-b2466322-0ff6-472f-a54a-8e94e16ba3db,0
6.77,0.82,0.0,7.59,60045.001923766395,8.56873614960025e+19,53591.14226189989,1150259.789382847,0.04659046830686252,4527853.944399361,7296074.856378332,0.002394,0.000799,28.182941,8.442495,True,True,722.471450468278,6.4026685928960125,1.1847801618402019,0.8446967730928465,962,/scratch/project_2013233/enchanted_plugins/data/ascot_DT-D_random_extended/batch_0/ascot_sdcc_workflow_runner-63e3d1f8-9fce-477c-a603-535ff32a88c2,0
17.52,0.7,0.0,18.22,105156.66222331132,4.851989708517653e+19,45104.56540032049,500179.10494833736,0.09017682856819711,4423890.3698339285,7731367.0525997365,0.0,0.0,21.993331,7.779137,True,True,713.9189189543754,10.463493478258872,1.4463897602676508,0.9088850985688158,949,/scratch/project_2013233/enchanted_plugins/data/ascot_DT-D_random_extended/batch_0/ascot_sdcc_workflow_runner-13514930-5b12-4352-b235-a7424a3c3604,0
10.52,0.78,0.0,11.3,103278.39075254771,5.3865371266227995e+19,53698.15543541153,568024.634060449,0.09453490608595153,4701110.730931083,7770558.757221867,0.0,0.0,24.114346,8.214018,True,True,720.5435223886029,10.01535578305918,1.3496928578045033,0.9378363948684048,892,/scratch/project_2013233/enchanted_plugins/data/ascot_DT-D_random_extended/batch_0/ascot_sdcc_workflow_runner-7bc4fd5e-6200-4f4e-a027-3a5544d53856,0
5.34,0.6,0.0,5.93,22972.679961092334,7.988080249474874e+19,24785.560519138453,1097680.7470138827,0.02257993554734816,3804902.866155988,6544120.485526433,0.002593,0.002394,27.9788,7.855615,True,True,683.887590689934,5.759033220116184,1.133346981134007,0.8017553932917098,970,/scratch/project_2013233/enchanted_plugins/data/ascot_DT-D_random_extended/batch_0/ascot_sdcc_workflow_runner-eb227aef-333e-4d43-9d76-02d9c1fa7547,0
7.87,0.75,0.0,8.62,32645.188560120827,8.122433987433184e+19,160680.0137549998,930535.4001781364,0.17267479960917137,6116735.941673102,6798977.569654842,0.0,0.0,37.301747,12.505462,True,True,754.4901181932466,9.358495908335987,1.249629005106772,1.2886936113794822,958,/scratch/project_2013233/enchanted_plugins/data/ascot_DT-D_random_extended/batch_0/ascot_sdcc_workflow_runner-348983e4-809c-4ecc-a506-696bb338e103,0
9.06,0.68,0.0,9.74,382705.18383400154,7.247115542914934e+19,44181.717868815744,894773.8228532184,0.04937752618637286,6306447.452082709,14108717.078258658,0.0,0.0,21.673577,6.791774,True,True,911.9711445417136,10.140771097110864,1.2185784811095004,0.8057000320067735,964,/scratch/project_2013233/enchanted_plugins/data/ascot_DT-D_random_extended/batch_0/ascot_sdcc_workflow_runner-ad1cbdaa-4094-4cda-8aa9-e1e7412f09e4,0
8.05,0.34,0.0,8.39,216203.5577106602,1.2176098809530067e+19,-2948.577489884605,147244.80915737528,-0.020025001266653582,1427394.9658894069,13593605.51605897,0.0,0.0,9.019018,1.880703,True,True,782.3665947514,10.82352577274198,1.0814107106253321,0.8902324912098021,969,/scratch/project_2013233/enchanted_plugins/data/ascot_DT-D_random_extended/batch_0/ascot_sdcc_workflow_runner-16685e69-17ff-4cdc-aa42-16a9ccea7748,0
6.03,0.34,0.0,6.38,327447.34647286474,1.12397355241835e+19,-1172.95490353221,131152.83593454823,-0.008943420057783369,1436638.064174153,14995563.706494799,0.0,0.0,7.242515,1.606207,True,True,804.4374369619061,11.216150541791944,1.298056158115208,0.8196864922535942,954,/scratch/project_2013233/enchanted_plugins/data/ascot_DT-D_random_extended/batch_0/ascot_sdcc_workflow_runner-07ed93ae-137d-40ad-9921-21b7a5930565,0
7.39,0.87,0.0,8.26,62269.3520330934,1.008572046240867e+20,213400.15093903657,1390002.5334561814,0.1535250086260104,5501712.75735709,6638992.529566017,0.0006,0.001199,40.749215,13.059765,True,True,780.9405472190472,7.278592376396875,1.1713025826083745,1.2696326152391526,968,/scratch/project_2013233/enchanted_plugins/data/ascot_DT-D_random_extended/batch_0/ascot_sdcc_workflow_runner-5f7364bc-82c5-4a61-9bb9-0dc3a13f1e73,0
7.61,0.72,0.0,8.34,88885.5907429437,4.391678342881773e+19,6834.430569172521,504338.54301576695,0.013551275554521437,3508179.2112555923,8436650.914095242,0.0,0.0,18.354925,5.31286,True,True,698.6965365056632,8.440529098484902,1.3418123398733701,0.8251523310468012,963,/scratch/project_2013233/enchanted_plugins/data/ascot_DT-D_random_extended/batch_0/ascot_sdcc_workflow_runner-1e2334cc-fa94-4b4c-b7d4-f12b2b2b53f4,0
7.24,0.81,0.0,8.04,335915.34143344505,6.518483537244432e+19,65689.09714149669,779669.3553479487,0.08425250613085997,6171900.3579786,12252634.252064288,0.0,0.0,25.726877,8.089005,True,True,890.5198331129881,11.38165208226401,1.1248722298197833,0.9450459796043612,883,/scratch/project_2013233/enchanted_plugins/data/ascot_DT-D_random_extended/batch_0/ascot_sdcc_workflow_runner-7d76132f-f72b-4c7d-8af7-25b460fb478e,0
7.92,1.09,0.0,9.01,67709.40210100086,1.2629271191323153e+20,356394.453478549,1775813.136504474,0.20069366880576126,6541287.592712819,6814873.611174577,0.001797,0.0006,41.573136,15.152951,True,True,847.7502954927652,7.208753941349769,1.4893712080573747,1.4062608661684184,965,/scratch/project_2013233/enchanted_plugins/data/ascot_DT-D_random_extended/batch_0/ascot_sdcc_workflow_runner-fcbff6b9-a487-4d83-9184-0ab71bc150f7,0
7.49,0.6,0.0,8.09,24273.245148725982,1.0975918038818092e+20,163314.5214264178,1725506.916882199,0.09464727137779845,3699000.9914821214,4884630.397058939,0.011076,0.008527,36.558477,12.347642,True,True,715.1757413835139,4.698171248001411,1.3756750389489043,1.026869467503773,975,/scratch/project_2013233/enchanted_plugins/data/ascot_DT-D_random_extended/batch_0/ascot_sdcc_workflow_runner-02bd063b-ade5-42d7-9f1e-8c246ddb824e,0
7.35,0.72,0.0,8.07,61716.458077599105,4.159416506695917e+19,43587.77129201911,402113.4015324618,0.1083967137775197,4175865.273891016,6685437.462208676,0.0,0.0,25.079703,8.813439,True,True,685.8269768658199,11.644789319267526,1.3288819790442687,1.0270334195534023,891,/scratch/project_2013233/enchanted_plugins/data/ascot_DT-D_random_extended/batch_0/ascot_sdcc_workflow_runner-5cf19c60-eca0-4ac7-a1da-b9ddb89ef729,0
7.72,0.85,0.0,8.57,303836.9029761218,7.413286253628085e+19,62220.48452445674,867688.9909792376,0.07170827931588403,6368222.445266931,12200453.565909917,0.0002,0.0002,21.469884,7.464639,True,True,863.1984498574274,9.980673173097,1.4283518317061337,0.8476013770109685,957,/scratch/project_2013233/enchanted_plugins/data/ascot_DT-D_random_extended/batch_0/ascot_sdcc_workflow_runner-6a4c6b3c-c6aa-4c1b-93d6-7062a1beab83,0
6.75,0.89,0.0,7.64,83101.25385722001,9.309093320018916e+19,205545.62169159923,1006894.0865463357,0.20413827475799792,8424158.874657616,9190057.41964198,0.0,0.0,35.341484,12.951528,True,True,866.6716170385608,11.521630304519977,1.4919687151100318,1.3329972904086698,973,/scratch/project_2013233/enchanted_plugins/data/ascot_DT-D_random_extended/batch_0/ascot_sdcc_workflow_runner-5a631019-2f03-4b4f-8031-a8c2f6b93cfa,0
10.66,0.58,0.0,11.24,1288.5507544028198,6.990018394293399e+19,167476.91743408615,937667.1091705125,0.1786102080324019,2348325.414886741,1605470.1909424155,0.007543,0.004777,51.973036,16.202227,True,True,520.9966503400652,4.123277009132191,1.2495178634000386,1.4461051938426839,977,/scratch/project_2013233/enchanted_plugins/data/ascot_DT-D_random_extended/batch_0/ascot_sdcc_workflow_runner-57cd1328-8a81-4048-969c-4f22a14ed59d,0
13.67,0.79,0.0,14.46,148800.26312407173,1.1259920201071657e+20,269810.8012742775,1658095.941933702,0.16272327460111818,6436480.408712432,9098226.251014234,0.001996,0.0002,43.257843,13.836166,True,True,937.2442877383036,8.135032641922578,1.0887375221286144,1.3456563145851228,966,/scratch/project_2013233/enchanted_plugins/data/ascot_DT-D_random_extended/batch_0/ascot_sdcc_workflow_runner-1b2aa047-89c9-4a7c-adec-75f7e23ebef6,0
16.33,0.72,0.0,17.05,124984.29423898779,1.2616593045408671e+20,312906.5516577799,1845667.0683511354,0.16953575052803072,6611548.721439392,8427717.65920551,0.001597,0.001398,40.472959,13.889401,True,True,917.1144685878141,7.412068193711263,1.311290468178956,1.3027048926495621,956,/scratch/project_2013233/enchanted_plugins/data/ascot_DT-D_random_extended/batch_0/ascot_sdcc_workflow_runner-debceeae-f73f-468f-919b-d3b83e3cc1b5,0
13.06,0.68,0.0,13.73,6412.948521764784,3.087501138294004e+19,9460.524656373464,285237.42723224225,0.03316719249704437,2186867.105996235,3155299.3281047856,0.0002,0.0,22.001547,6.565645,True,True,500.2749638603433,7.057391950500836,1.3872786091975058,0.8955545390932083,972,/scratch/project_2013233/enchanted_plugins/data/ascot_DT-D_random_extended/batch_0/ascot_sdcc_workflow_runner-3a0b5296-f8f0-4eff-941d-3b297dbe2993,0
6.93,0.88,0.0,7.81,20611.731985598137,7.773914002563052e+19,118600.83077448825,1025708.3877182592,0.11562821577224484,3954382.543492176,4743864.361281558,0.001199,0.0006,39.178653,11.796705,True,True,654.8833945962078,6.419441668259593,1.0847867012622967,1.143063836288268,979,/scratch/project_2013233/enchanted_plugins/data/ascot_DT-D_random_extended/batch_0/ascot_sdcc_workflow_runner-25e3ca21-0735-4490-bc81-cf303b77354f,0
4.3,0.7,0.0,5.01,1925.1294067798553,2.6891670595315724e+19,33703.00591483114,233762.93040796916,0.14417600710263076,2463435.1822753157,2965923.3987662634,0.0,0.0,36.566583,11.206612,True,True,524.4831922723794,9.935933545554176,1.0160995182849548,1.224065275990964,986,/scratch/project_2013233/enchanted_plugins/data/ascot_DT-D_random_extended/batch_0/ascot_sdcc_workflow_runner-243ade55-b397-400c-82bf-d8918d7e3042,0
54.26,0.62,0.0,54.88,91980.19127760356,1.1268246522773964e+20,231399.8043435342,1768642.0130839709,0.13083473231535628,5484767.282878146,8479482.189842083,0.002593,0.00319,41.140001,12.858929,True,True,902.6688581076917,7.02802718575416,1.0804769218528596,1.2076560522083175,919,/scratch/project_2013233/enchanted_plugins/data/ascot_DT-D_random_extended/batch_0/ascot_sdcc_workflow_runner-4abc873b-d3ac-408c-ae0a-6c3f942c3387,0
7.54,0.51,0.0,8.05,32954.52427331268,1.1261395222678433e+20,135108.11328787144,2142809.4615298016,0.06305185585255658,2670480.691885022,4476685.047148297,0.034376,0.024009,36.680863,12.709593,True,True,773.0375376191196,3.7059547921132316,1.433781035453917,0.921564277138504,991,/scratch/project_2013233/enchanted_plugins/data/ascot_DT-D_random_extended/batch_0/ascot_sdcc_workflow_runner-c3b6db4d-e149-460d-a12d-24e3c10a071c,0
8.05,0.42,0.0,8.47,16333.019868151709,1.0987302806261314e+19,-1969.8034174768404,107163.34930895653,-0.018381316281911017,1139845.5420090633,5310007.216623271,0.0,0.0,11.550153,2.621813,True,True,541.3035002282913,9.134638395705144,1.373384426749807,0.9190264541773933,984,/scratch/project_2013233/enchanted_plugins/data/ascot_DT-D_random_extended/batch_0/ascot_sdcc_workflow_runner-306e59fc-b457-426e-b3f8-5771a8a793af,0
6.71,0.69,0.0,7.4,29702.249392210353,8.213608574838361e+19,64907.58200963883,1052666.7357102279,0.06166014352666523,3956838.9368532626,5104437.1696434105,0.001797,0.001597,29.710054,9.403033,True,True,644.3422161955466,5.685564894355471,1.3052858553928075,0.8911369897737548,990,/scratch/project_2013233/enchanted_plugins/data/ascot_DT-D_random_extended/batch_0/ascot_sdcc_workflow_runner-4d544a26-4033-4ae7-952f-e20a259ffe0b,0
25.64,0.77,0.0,26.41,6896.452852143679,9.152212835970087e+19,117806.6094850693,1360947.4121949738,0.08656220543824507,3047110.1807481153,3373469.097318637,0.006557,0.006951,37.191111,12.211423,True,True,616.5209440358169,4.343991943336661,1.345033649683531,1.012291468338545,913,/scratch/project_2013233/enchanted_plugins/data/ascot_DT-D_random_extended/batch_0/ascot_sdcc_workflow_runner-4abd62d9-4323-4389-b81b-fb4e8289b532,0
11.34,0.88,0.0,12.22,22680.98258204075,1.0617853026164258e+20,251408.8629195788,1564540.0719409818,0.16069186557023038,4874473.565010609,5800003.695833811,0.001996,0.001797,43.931042,14.019577,True,True,774.8636486764314,6.369405569076651,1.177308913280744,1.3208510655617003,982,/scratch/project_2013233/enchanted_plugins/data/ascot_DT-D_random_extended/batch_0/ascot_sdcc_workflow_runner-532387ff-f046-4d59-8b74-a7d6f119d5d3,0
5.45,0.64,0.0,6.09,15700.940833198758,9.497400850838988e+19,207048.36542215289,1382861.046735339,0.14972463495949434,3851892.726804688,3986156.166645443,0.002394,0.002593,43.963604,13.948966,True,True,668.8616832785265,5.392917988119105,1.2270028339534536,1.2728368904169052,996,/scratch/project_2013233/enchanted_plugins/data/ascot_DT-D_random_extended/batch_0/ascot_sdcc_workflow_runner-78d3191d-3173-4222-a34c-6fcd778fa1f1,0
6.19,0.82,0.0,7.01,42006.38464006434,6.1887627524789985e+19,104525.27982338684,695873.920327869,0.15020720962518405,5209757.337017649,6868532.042190393,0.0,0.0,36.51866,11.542785,True,True,729.6903880998169,10.310111614369987,1.0902438266596242,1.2347800572122547,880,/scratch/project_2013233/enchanted_plugins/data/ascot_DT-D_random_extended/batch_0/ascot_sdcc_workflow_runner-689b283b-5bd0-445c-b117-6708fb5cf546,0
10.23,0.7,0.0,10.93,80927.38960418823,1.2220691876322247e+20,266954.5933511424,2234105.524424203,0.11949059273730803,3850131.8059944715,6714970.945655082,0.015942,0.012443,40.698924,13.857727,True,True,948.2048116602725,5.094254934946875,1.3169424658250064,1.1292780052418563,981,/scratch/project_2013233/enchanted_plugins/data/ascot_DT-D_random_extended/batch_0/ascot_sdcc_workflow_runner-2913dec5-736a-4427-9e09-912ed7247d3d,0
7.44,0.74,0.0,8.18,552338.0300393068,7.799824557147056e+19,61703.94242554017,939322.4214094267,0.06568984303915065,7163306.936143806,15294337.934334077,0.0,0.0,20.842881,7.138099,True,True,960.7048375837124,10.766560949939109,1.3809096228054434,0.8286141696288729,994,/scratch/project_2013233/enchanted_plugins/data/ascot_DT-D_random_extended/batch_0/ascot_sdcc_workflow_runner-9dc1cb5e-bcdd-452a-a27f-e139a353fc62,0
6.61,0.55,0.0,7.16,9145.961084185468,9.671304987167715e+19,227688.75100871554,1319389.7890921915,0.17257125444738905,4053039.66021813,3651663.001682268,0.003388,0.000999,42.851519,14.661561,True,True,654.2986433295091,5.456992567213975,1.4211458591347652,1.3196460990680028,983,/scratch/project_2013233/enchanted_plugins/data/ascot_DT-D_random_extended/batch_0/ascot_sdcc_workflow_runner-16c2f0ff-6375-48fa-899b-8dbd7c8fde3c,0
9.02,0.81,0.0,9.83,52766.19011992673,1.15717940312785e+20,296211.73567772715,1488155.1621330273,0.1990462709904228,6877324.362774295,6949528.851011047,0.0004,0.0002,40.800025,14.520132,True,True,823.1224609243027,7.9073107104553575,1.426491286330002,1.399975958376908,993,/scratch/project_2013233/enchanted_plugins/data/ascot_DT-D_random_extended/batch_0/ascot_sdcc_workflow_runner-ef99b090-221c-494a-93a2-09b9be5f42c1,0
7.81,0.71,0.0,8.52,459104.6852179186,8.677277651977362e+19,103518.52139640563,1022906.2998405069,0.1012003948089345,7941149.365814869,13969895.710699309,0.0,0.0002,23.912668,8.575614,True,True,952.7753683378548,11.05047160187328,1.4172114646895086,0.9422398493595967,980,/scratch/project_2013233/enchanted_plugins/data/ascot_DT-D_random_extended/batch_0/ascot_sdcc_workflow_runner-9d8fca95-6af9-4d1f-a675-9db3ee62fd0e,0
7.38,0.77,0.0,8.15,2125.148648826707,5.649016382863767e+19,87353.30525264158,560328.7317265734,0.15589653056603894,3391597.8181881555,2711281.0759202354,0.0002,0.0002,37.078894,12.474374,True,True,540.3013746261139,6.743327403682873,1.3658418333830342,1.2188210215032351,999,/scratch/project_2013233/enchanted_plugins/data/ascot_DT-D_random_extended/batch_0/ascot_sdcc_workflow_runner-68e3ffd8-5ac6-4726-ae3c-22568f6a5ed7,0
7.54,0.79,0.0,8.33,34704.855845611615,1.1058293333246814e+20,234476.53049117047,1660945.9530762737,0.14117047581042083,4471472.346018107,5176810.811977807,0.004777,0.003984,40.32755,13.469176,True,True,744.3015806297116,5.562782734193708,1.3271943824737105,1.1988806134471692,1003,/scratch/project_2013233/enchanted_plugins/data/ascot_DT-D_random_extended/batch_0/ascot_sdcc_workflow_runner-cab1daf7-64fb-4d21-99d5-4a1fc46cf8a5,0
12.28,0.65,0.0,12.93,599.924187728473,5.934887751083019e+19,124567.03740455571,743790.5866420375,0.16747595309982838,2300445.368199305,1736283.7073457816,0.002792,0.002394,52.479117,15.425896,True,True,505.5562890207176,4.631661644047777,1.0604004604935136,1.4582410295709298,989,/scratch/project_2013233/enchanted_plugins/data/ascot_DT-D_random_extended/batch_0/ascot_sdcc_workflow_runner-042e0739-5018-4745-ada0-c385fd682e5e,0
10.13,0.9,0.0,11.03,152381.84248728614,9.525223334779417e+19,211191.93111486125,1158325.5298430496,0.18232519760095184,7868101.755477221,9650614.450204298,0.0002,0.0,39.718893,13.184487,True,True,900.4316796273748,10.842498752839946,1.1610986758464144,1.368416566049011,995,/scratch/project_2013233/enchanted_plugins/data/ascot_DT-D_random_extended/batch_0/ascot_sdcc_workflow_runner-0390aa1c-93f7-43a5-a0ac-63d17ec85c69,0
5.73,0.83,0.0,6.56,226232.80497605825,1.3790573382572584e+20,332906.00939084374,1911823.5543408212,0.17413009094640358,8359944.3194662975,10480712.039962007,0.0006,0.0002,37.752804,13.622508,True,True,997.2851719111468,8.46699466431356,1.405960288789698,1.2795821649855612,1002,/scratch/project_2013233/enchanted_plugins/data/ascot_DT-D_random_extended/batch_0/ascot_sdcc_workflow_runner-af1d42d8-e5ca-4506-9611-42b91a251052,0
5.7,0.49,0.0,6.2,42728.18058378718,1.0601936494751952e+20,279875.250620724,2062763.5088478618,0.1356797565112279,2560412.2278273837,3806856.2378171,0.031008,0.028183,48.716593,15.806885,True,True,824.0200033600488,3.929088032799568,1.26220205236366,1.24385382488883,998,/scratch/project_2013233/enchanted_plugins/data/ascot_DT-D_random_extended/batch_0/ascot_sdcc_workflow_runner-d584c626-545d-4e27-9e26-20c6902da011,0
6.41,0.72,0.0,7.13,3111.433011008633,5.674446561852969e+19,19526.43440577256,672459.6694073842,0.029037331596377433,2435056.5869203615,2746328.478082715,0.00319,0.001996,30.936983,8.793195,True,True,513.520430158936,4.708505412873976,1.2182879736222385,0.8815024781535722,967,/scratch/project_2013233/enchanted_plugins/data/ascot_DT-D_random_extended/batch_0/ascot_sdcc_workflow_runner-9043b3bb-c9a2-485d-933b-8c55bb3a9421,0
6.49,0.58,0.0,7.07,13664.725593186155,8.56264893633042e+19,103262.66604326695,1106705.1032144027,0.09330639728988563,3489817.0358818537,3477607.075307173,0.00319,0.001996,33.702626,11.650138,True,True,597.505038510499,4.944585867350767,1.4474867077975873,1.006703329143891,1011,/scratch/project_2013233/enchanted_plugins/data/ascot_DT-D_random_extended/batch_0/ascot_sdcc_workflow_runner-c58f46f5-5c1d-47fc-8e2f-7cdb6b4b49ff,0
5.37,0.41,0.0,5.78,53808.897655849076,1.094025890793853e+20,158099.10078079975,1972522.5354158133,0.08015071967097806,3437824.7884852225,6194638.468804151,0.01439,0.017296,41.648179,12.488479,True,True,842.7477832189552,4.804801972952909,1.030851223028661,1.0392867613803554,1010,/scratch/project_2013233/enchanted_plugins/data/ascot_DT-D_random_extended/batch_0/ascot_sdcc_workflow_runner-381dd19c-80b1-47a7-89cf-10d8fe2562e9,0
12.67,1.0,0.0,13.67,209980.06411816645,9.912409387164874e+19,220243.59301873317,1240912.3239481635,0.1774852169394148,8566833.105477555,11473806.951067153,0.0,0.0002,40.604336,13.301877,True,True,991.3570124495569,11.586940520552506,1.0907669958607178,1.3762090689279551,976,/scratch/project_2013233/enchanted_plugins/data/ascot_DT-D_random_extended/batch_0/ascot_sdcc_workflow_runner-75dd9291-1b07-4341-9775-54793da56ea7,0
6.87,0.8,0.0,7.67,81548.2397024078,1.0803094460148952e+20,80464.66632441124,1793361.2998337303,0.044868073339082,4249754.002804034,8260257.893841199,0.007149,0.005371,33.826464,9.809199,True,True,833.0365607830246,5.569260671761446,1.008585894659343,0.8819293740457698,1000,/scratch/project_2013233/enchanted_plugins/data/ascot_DT-D_random_extended/batch_0/ascot_sdcc_workflow_runner-e508e26d-04aa-407c-af7d-e23a81da87c5,0
26.56,0.53,0.0,27.09,54002.106782070245,1.0828214893942134e+20,202811.41813780327,1661200.5970587386,0.12208725333767265,4953199.264554638,6909630.225030068,0.002195,0.001996,39.53488,12.413262,True,True,806.54657464179,6.365033340130091,1.1490638523909877,1.1554817639175385,971,/scratch/project_2013233/enchanted_plugins/data/ascot_DT-D_random_extended/batch_0/ascot_sdcc_workflow_runner-56bd15bc-c7fd-4828-834e-f0d31873d3ee,0
9.53,0.71,0.0,10.24,49619.47723476641,1.1920171728568222e+20,121250.54840419942,2011262.9877198162,0.060285775229057474,3716680.2162592257,6083978.038818404,0.011272,0.009901,32.688942,11.177122,True,True,779.7189294403556,4.509731018903378,1.4268827844995784,0.8943800800878293,1005,/scratch/project_2013233/enchanted_plugins/data/ascot_DT-D_random_extended/batch_0/ascot_sdcc_workflow_runner-023b2abc-88bb-451d-b7c0-5ee51e074edd,0
7.55,0.47,0.0,8.02,4125.067539657936,8.930289777527292e+19,229728.2487028475,1406642.1358409217,0.16331676895595829,2878123.499695738,2765553.024458869,0.009312,0.008133,51.089861,15.677892,True,True,627.8700991067304,4.413155037676623,1.1602291917681011,1.3916740810536572,895,/scratch/project_2013233/enchanted_plugins/data/ascot_DT-D_random_extended/batch_0/ascot_sdcc_workflow_runner-a8f6abc1-9116-4f51-a868-54ccfd889ba8,0
6.17,0.7,0.0,6.87,56127.74311359437,7.848496676301726e+19,83751.1871009043,966399.8209347464,0.08666308218051644,4742779.076130955,6373799.626717788,0.0002,0.0004,30.109456,9.581214,True,True,696.5049602574068,7.19684893953343,1.227372965421972,0.9742785216969488,1013,/scratch/project_2013233/enchanted_plugins/data/ascot_DT-D_random_extended/batch_0/ascot_sdcc_workflow_runner-ad049685-b134-491c-9352-ed3e8cdba2a1,0
6.73,0.87,0.0,7.6,81541.41506786259,1.1710903278954973e+20,235040.19415563892,1881965.2820387317,0.12489082365059362,4911896.129494297,7178153.345159184,0.003388,0.003786,40.316438,12.889672,True,True,850.8073916216554,6.050944550533364,1.1874272159407946,1.1648028556086265,1007,/scratch/project_2013233/enchanted_plugins/data/ascot_DT-D_random_extended/batch_0/ascot_sdcc_workflow_runner-f03fd8d1-ced0-4d4d-9333-14c108008dbc,0
9.17,0.84,0.0,10.01,7211.170127330724,5.366633358473582e+19,66990.73762201173,509591.7548565295,0.1314596183779942,3383508.669625792,2960052.48236204,0.0006,0.0002,32.174282,11.193709,True,True,544.1840221095042,6.970212949567314,1.4311868098189675,1.09921364191318,1008,/scratch/project_2013233/enchanted_plugins/data/ascot_DT-D_random_extended/batch_0/ascot_sdcc_workflow_runner-40bf618f-3da0-4d28-92b1-0b4a117698ca,0
25.41,0.77,0.0,26.19,31899.456636334286,7.526397739495614e+19,95381.68555814712,831575.7121696348,0.11469994152341238,4702136.160373838,5173487.4312392855,0.0002,0.0006,30.063644,10.513912,True,True,653.4345224960429,7.245901814240103,1.4097786153049146,1.0371496185057598,974,/scratch/project_2013233/enchanted_plugins/data/ascot_DT-D_random_extended/batch_0/ascot_sdcc_workflow_runner-19b04d77-d6a6-4ff2-b5f7-ea8c6e894d02,0
8.24,0.68,0.0,8.92,70424.72148341138,1.141584350618688e+20,294488.31939022685,1486262.5261541128,0.1981401765892945,7664503.0182282245,8597433.24553255,0.0004,0.0002,42.136659,14.376786,True,True,896.9112442279616,9.072622302662662,1.2606556797181812,1.4389806598706207,1015,/scratch/project_2013233/enchanted_plugins/data/ascot_DT-D_random_extended/batch_0/ascot_sdcc_workflow_runner-f5d1d85b-dbb4-4ff4-8ac6-691641913756,0
6.29,0.79,0.0,7.08,57671.84979588107,8.206389750566288e+19,164128.20267284312,919752.2548617948,0.1784482743100267,6934702.848382637,8079286.222640729,0.0,0.0,36.006774,12.345338,True,True,805.6461702650732,10.561851583463513,1.2869688722163903,1.2896311431211502,1017,/scratch/project_2013233/enchanted_plugins/data/ascot_DT-D_random_extended/batch_0/ascot_sdcc_workflow_runner-a7c94613-4344-4a61-904f-1896db653c6a,0
12.03,0.63,0.0,12.66,138408.12956050402,1.3646259754574245e+20,308246.4612632289,2164884.385131936,0.14238472196492988,6055688.156498024,8876252.217057189,0.00319,0.002991,37.734478,13.383893,True,True,963.625257964878,6.593241653625088,1.3827752103355297,1.1776618163949821,1001,/scratch/project_2013233/enchanted_plugins/data/ascot_DT-D_random_extended/batch_0/ascot_sdcc_workflow_runner-e6563744-7c4f-4b2f-a507-a40a3449654b,0
6.23,0.62,0.0,6.85,74871.11040358747,9.301869944530569e+19,113410.33629921169,1802980.6108392936,0.06290158397566949,2163209.6438650824,5346017.034137807,0.053926,0.054284,43.962446,13.502466,True,True,994.380572915864,3.89386031742775,1.072667825926513,0.9764116610565317,1023,/scratch/project_2013233/enchanted_plugins/data/ascot_DT-D_random_extended/batch_0/ascot_sdcc_workflow_runner-285d6451-42e0-4d0a-8c57-be4167ad14e5,0
4.61,0.66,0.0,5.28,10893.037501718238,6.465243973899241e+19,59340.46609970858,776289.4623896881,0.07644115883917585,2911023.7617764715,2928032.3124571526,0.002792,0.000999,34.821029,10.632833,True,True,545.7330292883296,5.1647048686686645,1.2104327452639623,0.9823773045601012,1024,/scratch/project_2013233/enchanted_plugins/data/ascot_DT-D_random_extended/batch_0/ascot_sdcc_workflow_runner-3da33be3-e0bb-45ad-8bcb-9e3f7091f1fe,0
7.38,0.37,0.0,7.75,16285.161628949203,7.345796264662188e+18,-1190.982219872054,68084.73598769397,-0.01749264651752955,847226.0842596805,4730202.03030125,0.0,0.0,10.151412,2.231315,True,True,514.3914372729251,9.734746657549717,1.3469407984517134,0.937517151446245,1022,/scratch/project_2013233/enchanted_plugins/data/ascot_DT-D_random_extended/batch_0/ascot_sdcc_workflow_runner-becc05f2-9176-4787-8e3b-97632afae53e,0
8.09,0.9,0.0,8.98,255301.40035404963,1.1742538730574217e+20,106887.89489508088,1802382.2766373053,0.05930367618488851,6403465.571632184,12752479.626424564,0.001996,0.002394,30.958024,9.342792,True,True,991.5595899230116,7.525757042720208,1.062979177472047,0.9106620124594241,1019,/scratch/project_2013233/enchanted_plugins/data/ascot_DT-D_random_extended/batch_0/ascot_sdcc_workflow_runner-a49d16e1-0e19-4a74-a588-5bb0958e8001,0
10.32,0.79,0.0,11.11,53653.12746847456,6.432910681869386e+19,114687.48634831994,736832.5228488852,0.15564932707488655,5743119.431884595,7878891.354729683,0.0002,0.0,37.213516,11.798485,True,True,782.5771212732695,11.156746373401873,1.0624252030170993,1.264696576220098,1016,/scratch/project_2013233/enchanted_plugins/data/ascot_DT-D_random_extended/batch_0/ascot_sdcc_workflow_runner-e8120a72-b33a-4855-83b4-c4808fb9fa7c,0
6.91,0.68,0.0,7.6,53641.39884378258,1.0372719640955e+20,116067.12478085018,1791824.8891396548,0.06477593066395,3421839.1157669746,5683130.444113846,0.010293,0.01088,38.952617,11.488952,True,True,762.5625847279598,4.7854935421984806,1.0723439427962187,0.9767453179269125,1028,/scratch/project_2013233/enchanted_plugins/data/ascot_DT-D_random_extended/batch_0/ascot_sdcc_workflow_runner-c6b20a6a-7c23-4df0-a4ad-8cdbd35d2707,0
10.43,0.76,0.0,11.19,599.5150167353327,4.4950289152168165e+19,52341.249130980046,416238.3773214963,0.12574825384386035,2807901.377193902,2434686.7331435145,0.0,0.0,34.482681,11.148644,True,True,505.4009643915158,6.7356428214934265,1.281377185197558,1.114531057172566,1004,/scratch/project_2013233/enchanted_plugins/data/ascot_DT-D_random_extended/batch_0/ascot_sdcc_workflow_runner-31ad516c-1d4c-4991-b385-014e2e29685d,0
17.77,0.3,0.0,18.07,17754.092956436976,3.396536566213356e+18,-488.40883970512334,30030.35903018307,-0.01626383618038768,488194.6122315108,4693331.795045894,0.0,0.0,8.582286,1.724347,True,True,510.340489059671,11.443982721192768,1.1796338521786072,0.8965499171761853,927,/scratch/project_2013233/enchanted_plugins/data/ascot_DT-D_random_extended/batch_0/ascot_sdcc_workflow_runner-f5f775ce-9eec-4842-98e7-a98b6ad60b6c,0
5.19,0.61,0.0,5.8,16926.242764651135,8.339321611789825e+19,183359.87688876037,1108275.062815787,0.16544618122408994,4177688.5399942743,4400856.089330936,0.001597,0.001199,45.504269,14.047102,True,True,669.283497021311,6.478379333939836,1.1008443219998811,1.3675922401587068,1025,/scratch/project_2013233/enchanted_plugins/data/ascot_DT-D_random_extended/batch_0/ascot_sdcc_workflow_runner-ff27d553-c4f0-43cd-9e60-8f421f5cf04e,0
10.9,0.6,0.0,11.5,9037.049944080069,8.338664985146697e+19,166130.36229225277,1125919.0258880192,0.14755089706493302,3893740.538292878,4146923.496278219,0.001199,0.001398,43.97231,13.477762,True,True,651.1923369508814,6.011906360333969,1.1153841195419338,1.2822188925546512,1009,/scratch/project_2013233/enchanted_plugins/data/ascot_DT-D_random_extended/batch_0/ascot_sdcc_workflow_runner-5737e272-8fe5-46d0-a7e6-e5dd3484baba,0
6.64,0.54,0.0,7.18,1366.2451088437624,6.719897761206062e+19,140710.60969866713,927902.538819863,0.15164373822883115,2364400.4859442213,1963791.7899423887,0.004777,0.003786,51.571779,15.165247,True,True,533.6357868676091,4.381395356121881,1.05828277622523,1.3662446332449285,985,/scratch/project_2013233/enchanted_plugins/data/ascot_DT-D_random_extended/batch_0/ascot_sdcc_workflow_runner-3e65b833-f773-48e6-a4d2-9516a2ca3c4d,0
7.12,1.1,0.0,8.21,54216.98024117603,1.1997808099578592e+20,263090.46850498655,1732143.4474469079,0.1518872290241138,5800467.788714138,7013401.988075703,0.002195,0.002394,38.274892,13.231451,True,True,819.6778740695113,6.626869045594389,1.3672938761691755,1.2151296295935035,1026,/scratch/project_2013233/enchanted_plugins/data/ascot_DT-D_random_extended/batch_0/ascot_sdcc_workflow_runner-f1124368-cd35-446d-9a96-bf0587f43e7a,0
8.02,0.56,0.0,8.58,39541.8696581422,1.043286396396311e+20,190423.64540927974,1722832.201894483,0.1105294207990097,3878630.432953511,5819440.629906037,0.008133,0.00833,43.279103,13.006213,True,True,784.2451613415391,5.402458253817105,1.0219855060007115,1.1547648229774354,1014,/scratch/project_2013233/enchanted_plugins/data/ascot_DT-D_random_extended/batch_0/ascot_sdcc_workflow_runner-11238535-b1e8-4fb9-9b83-586c9e540234,0
6.14,0.73,0.0,6.87,16950.23091024616,5.714695152970181e+19,100357.17575990107,616695.114143039,0.16273385901452722,4993828.794952638,6322608.529235906,0.0,0.0,37.318098,11.944556,True,True,712.4863962432463,10.607736043178408,1.109670807537403,1.2804856251355676,1030,/scratch/project_2013233/enchanted_plugins/data/ascot_DT-D_random_extended/batch_0/ascot_sdcc_workflow_runner-accce8a2-4154-47b0-b825-8adf3a6529ab,0
6.36,0.94,0.0,7.3,24294.094420812657,6.940302218737515e+19,5059.772471573292,965444.9686469372,0.0052408709309081794,2961845.8098168373,4898936.303292999,0.002394,0.002991,28.733819,7.626556,True,True,613.2689353024962,5.075416639424483,1.094631196607713,0.8020179343576447,1031,/scratch/project_2013233/enchanted_plugins/data/ascot_DT-D_random_extended/batch_0/ascot_sdcc_workflow_runner-857bc637-6db6-4dde-984e-24271bd36e32,0
5.69,0.75,0.0,6.44,114501.97923962507,7.921366749494172e+19,160267.10938920124,913322.805708863,0.17547695993949491,7295432.198426386,9516183.602768512,0.0,0.0002,37.882854,12.498314,True,True,870.9041580022297,11.80155510487532,1.139797611686176,1.32563860037946,1020,/scratch/project_2013233/enchanted_plugins/data/ascot_DT-D_random_extended/batch_0/ascot_sdcc_workflow_runner-c4473856-ec7c-4a5c-9609-0d4b5c01b295,0
7.51,0.87,0.0,8.38,26201.25287233089,1.0146623294017415e+20,255675.3894656299,1630072.222058336,0.15684911748436625,3678324.768929342,4281635.240245004,0.005767,0.006359,47.789737,14.876931,True,True,720.7865316442545,5.142665918768982,1.1555366472476802,1.3414349238757617,1029,/scratch/project_2013233/enchanted_plugins/data/ascot_DT-D_random_extended/batch_0/ascot_sdcc_workflow_runner-d6cd35bd-b43a-4a0e-9b73-0aa831952754,0
7.56,0.72,0.0,8.28,18755.286127216277,3.130419634570436e+19,17499.824968437562,302700.94173485483,0.05781225809256386,2695623.732030156,4336155.492572287,0.0002,0.0,26.188403,7.887584,True,True,571.6126219321815,9.239727649133687,1.1332945287177218,0.9486742613476884,1033,/scratch/project_2013233/enchanted_plugins/data/ascot_DT-D_random_extended/batch_0/ascot_sdcc_workflow_runner-614e36e5-0bfd-402d-bcdd-d9db857050e4,0
6.64,0.8,0.0,7.44,106428.07250063754,8.95481687086276e+19,144179.4342989443,1040715.1501915279,0.13853880600509205,6730714.481775458,8583285.252669085,0.0002,0.0002,31.41946,10.890212,True,True,801.9266955316006,9.225291767886606,1.341897316678423,1.1177889349635448,1039,/scratch/project_2013233/enchanted_plugins/data/ascot_DT-D_random_extended/batch_0/ascot_sdcc_workflow_runner-089ffe85-0634-439f-ae36-bbca2fbcc77d,0
25.91,0.5,0.0,26.41,87156.33339718799,1.0761394189757107e+20,111590.25357901343,1788868.006230656,0.06238037305734284,4138050.4951680778,7370557.238046588,0.006557,0.004777,36.282365,10.699639,True,True,815.2243081426116,5.518721776593992,1.027195572902046,0.9549198425922024,988,/scratch/project_2013233/enchanted_plugins/data/ascot_DT-D_random_extended/batch_0/ascot_sdcc_workflow_runner-a79392b7-3eed-44e8-9825-02cf229a7d8c,0
4.94,0.36,0.0,5.3,37440.29756762601,6.174838660759142e+18,-1557.372057288132,64482.29622320678,-0.024151932367564223,752094.5299336334,6724874.403949631,0.0,0.0,10.248199,2.010475,True,True,592.6629909310896,10.722616224729956,1.0220324929086033,0.9343559405154127,1018,/scratch/project_2013233/enchanted_plugins/data/ascot_DT-D_random_extended/batch_0/ascot_sdcc_workflow_runner-80599228-e70a-431c-92fd-88b4f594ca85,0
6.83,0.84,0.0,7.67,79667.1902322391,1.0965757341180358e+20,259909.72020039713,1497784.9472596438,0.17352939797928232,7228067.937736094,9481939.692329114,0.0002,0.0002,42.114576,13.707557,True,True,929.1618580269665,9.081115047555773,1.1227224035122307,1.3686611106119093,1038,/scratch/project_2013233/enchanted_plugins/data/ascot_DT-D_random_extended/batch_0/ascot_sdcc_workflow_runner-eb4c3e27-f24e-4e75-9ec6-67229b06d865,0
6.78,0.75,0.0,7.52,3558.78544502175,3.2735135065362596e+19,28427.818055844058,274717.2741296813,0.10348027129311353,2531220.099884133,2754406.8271875624,0.0,0.0004,26.092528,9.065959,True,True,504.13847414101883,8.233124691323509,1.422141619068698,0.9789269756704957,1040,/scratch/project_2013233/enchanted_plugins/data/ascot_DT-D_random_extended/batch_0/ascot_sdcc_workflow_runner-38664301-2910-4962-924d-67477f961ad8,0
6.67,0.77,0.0,7.45,71927.70562822036,1.0486336636406217e+20,96019.4567408226,1361559.3857167235,0.07052168105783947,5146834.276245728,6782307.181480994,0.002195,0.001797,27.489233,9.784894,True,True,723.1988843952861,5.9359712087394385,1.4976923380127702,0.8912373742217699,1034,/scratch/project_2013233/enchanted_plugins/data/ascot_DT-D_random_extended/batch_0/ascot_sdcc_workflow_runner-4ce6d0cb-c04a-4b4c-9cd9-a4475ac361c8,0
6.17,0.77,0.0,6.94,56097.556786055495,9.25700007415616e+19,187081.03151737477,1201930.2127830763,0.15565049411994358,6034158.846657875,7468064.426911728,0.0002,0.0004,39.183007,12.573767,True,True,796.6988729528654,8.481745152603764,1.1452535099687857,1.2677070795298673,1041,/scratch/project_2013233/enchanted_plugins/data/ascot_DT-D_random_extended/batch_0/ascot_sdcc_workflow_runner-1bb6631f-67e5-42ed-9661-1dd6cae5fdf9,0
6.89,0.81,0.0,7.69,90116.10364736152,9.564878510448989e+19,217215.66282478964,1104088.8147478644,0.19673749061065723,7939858.856519967,8953273.590146732,0.0,0.0,39.05006,13.434597,True,True,867.0089480906852,10.711002431669465,1.2765260067050228,1.3916102250105564,1048,/scratch/project_2013233/enchanted_plugins/data/ascot_DT-D_random_extended/batch_0/ascot_sdcc_workflow_runner-632b1698-5fb4-4423-8cd6-41c64537aa78,0
6.86,0.74,0.0,7.6,102345.11381660591,5.017052243353022e+19,52789.53495896355,517475.9627372551,0.10201350161218421,4792775.941461773,8275483.241322171,0.0,0.0,22.815643,8.086122,True,True,739.2104182976926,11.099013410766595,1.4070360426159259,0.9469138808123305,1035,/scratch/project_2013233/enchanted_plugins/data/ascot_DT-D_random_extended/batch_0/ascot_sdcc_workflow_runner-14a8082e-8cdc-4ffa-a3f7-726b3a34f861,0
12.77,0.77,0.0,13.54,12142.999153059724,6.731431590953569e+19,91078.45008874444,700611.3766671773,0.12999853145692053,3977264.349976009,3656961.8244142244,0.0004,0.0002,32.274133,11.398415,True,True,585.9102281455592,6.737328904733536,1.463666074271196,1.0934754747134319,992,/scratch/project_2013233/enchanted_plugins/data/ascot_DT-D_random_extended/batch_0/ascot_sdcc_workflow_runner-0d3337ba-a93c-4d78-a721-b87a779ff8d3,0
45.42,0.67,0.0,46.09,59864.81771031291,1.0890145810331384e+20,283706.43147726235,2127093.6601689183,0.13337749850410088,2870891.658297889,5105099.164006279,0.027427,0.0242,44.647827,15.372866,True,True,961.5594286271146,4.5156085334354445,1.3426730229649382,1.1991260221017321,961,/scratch/project_2013233/enchanted_plugins/data/ascot_DT-D_random_extended/batch_0/ascot_sdcc_workflow_runner-0eb70afc-e435-4768-9081-21b4e08d9b58,0
37.28,0.8,0.0,38.08,45669.46332963027,9.230512206938625e+19,183497.2029018431,1277190.3902491662,0.14367255211342825,5019444.900733794,6408437.350411498,0.001199,0.0,41.989958,12.909672,True,True,765.3182954652677,7.293647252358399,1.0592084285986465,1.2641119096433018,887,/scratch/project_2013233/enchanted_plugins/data/ascot_DT-D_random_extended/batch_0/ascot_sdcc_workflow_runner-898b7594-9ace-425a-a238-b8e734b95314,0
7.34,0.8,0.0,8.13,107035.19174447993,1.319217349889151e+20,210700.41414263129,2132355.494249973,0.09881111039448996,5007849.206173631,7955675.334960585,0.005173,0.004975,33.755184,12.07976,True,True,877.1275299748356,5.564717505393601,1.4215552175836743,1.0164038096858126,1047,/scratch/project_2013233/enchanted_plugins/data/ascot_DT-D_random_extended/batch_0/ascot_sdcc_workflow_runner-4894de56-38cb-4034-971e-d8e52aed7b28,0
7.76,0.33,0.0,8.09,40561.55940923883,6.443549371216546e+18,-601.4747174185042,60950.91290432342,-0.009868182259429946,870291.2629936083,6397296.465459209,0.0,0.0,8.831631,1.950336,True,True,575.0997142076861,11.490015489073516,1.410988254104215,1.0067321242946652,1046,/scratch/project_2013233/enchanted_plugins/data/ascot_DT-D_random_extended/batch_0/ascot_sdcc_workflow_runner-e3268a31-6fc5-46a5-9c2d-09fd76c91a32,0
6.5,0.78,0.0,7.28,18304.30737504085,8.39352468637788e+19,161291.46780857636,933517.3374245213,0.1727782241876332,5261401.069213456,4877128.042189652,0.0,0.0,36.51915,12.931267,True,True,671.6128102975699,7.606214943260309,1.4460720810714496,1.2575190945788577,1052,/scratch/project_2013233/enchanted_plugins/data/ascot_DT-D_random_extended/batch_0/ascot_sdcc_workflow_runner-117b265b-5e1f-42c0-be7b-fa755923c4bb,0
8.09,0.8,0.0,8.89,4006.904508475257,6.037349200301711e+19,117249.75335695261,665009.0239550681,0.1763130260392898,4071152.711252031,4079893.865422671,0.0,0.0,42.222963,13.320239,True,True,620.5955522244874,8.087404000199959,1.1238439473856043,1.372207806278055,1043,/scratch/project_2013233/enchanted_plugins/data/ascot_DT-D_random_extended/batch_0/ascot_sdcc_workflow_runner-f924ed27-d8a6-459f-b823-beca2d6d1459,0
10.76,0.59,0.0,11.35,100941.74839755661,1.141367766581301e+20,88813.26552224258,1974792.9724549698,0.04497345633746818,4301896.380876688,8866681.039066216,0.012053,0.008527,34.320908,10.049406,True,True,889.2980982203519,5.518849007086879,1.0405863553883614,0.8829461707421254,1036,/scratch/project_2013233/enchanted_plugins/data/ascot_DT-D_random_extended/batch_0/ascot_sdcc_workflow_runner-6dd7a520-a88d-47b4-8a49-bb72b8f4410d,0
5.33,0.29,0.0,5.62,39312.85684817735,1.0952679054253058e+20,335383.9585343571,2162364.6174403424,0.1551005578935903,2724629.1131286444,3602640.2877678387,0.028749,0.028372,46.854636,16.641835,True,True,829.5215513147978,4.0280288847871475,1.4671441802126424,1.2795221384638247,1054,/scratch/project_2013233/enchanted_plugins/data/ascot_DT-D_random_extended/batch_0/ascot_sdcc_workflow_runner-cf089433-e59b-4704-a822-3b6c8e5ddc31,0
10.93,0.76,0.0,11.69,106926.5809468947,1.2893623682760797e+20,283849.07419374125,1726497.8346898006,0.16440743132744232,7360744.965408615,8678338.169468759,0.0006,0.0004,36.136077,13.17736,True,True,884.6966174563162,7.708218344900347,1.4598811147133475,1.2242119989500515,1032,/scratch/project_2013233/enchanted_plugins/data/ascot_DT-D_random_extended/batch_0/ascot_sdcc_workflow_runner-82134b6f-baaa-4192-9e54-7858041e68ae,0
6.89,0.73,0.0,7.61,17981.04321225352,4.013517026827349e+19,61257.675474109696,385006.6569292579,0.1591080942929393,4045989.018129005,5272726.29829446,0.0,0.0,33.239973,10.942518,True,True,649.842139416663,11.727249664059048,1.1888872950099172,1.213596196854251,1060,/scratch/project_2013233/enchanted_plugins/data/ascot_DT-D_random_extended/batch_0/ascot_sdcc_workflow_runner-147bb575-a2f9-4d71-8deb-9da8a9208555,0
8.74,0.82,0.0,9.55,0.0,4.965329972698014e+19,99152.52574442355,464971.03141157806,0.21324452287578488,4354823.4719183985,4000773.091737024,0.0,0.0,41.140643,13.852138,True,True,620.2504126164222,10.34911239752559,1.2461311980162064,1.486625134065262,1051,/scratch/project_2013233/enchanted_plugins/data/ascot_DT-D_random_extended/batch_0/ascot_sdcc_workflow_runner-f81509ab-9d17-4642-b22b-27bb4abe5fab,0
6.15,0.85,0.0,7.0,6503.641002685711,7.03198625036243e+19,153735.07680780347,723112.1354610992,0.21260198697920188,5595978.229600639,5102114.735568416,0.0,0.0,40.229046,13.951704,True,True,688.9884961965981,9.707254145678641,1.3376232937344767,1.4546111810241271,878,/scratch/project_2013233/enchanted_plugins/data/ascot_DT-D_random_extended/batch_0/ascot_sdcc_workflow_runner-c73d3142-8829-432d-9ee9-0dbdafe30fc0,0
5.5,0.78,0.0,6.28,82111.90456807188,9.87641469624903e+19,197100.5291463858,1218344.2351547598,0.16177737248565807,6799786.121277589,8054467.099657489,0.0,0.0002,37.040918,12.437061,True,True,818.8697469194673,8.813093679112221,1.255884976902818,1.2511010621549656,1059,/scratch/project_2013233/enchanted_plugins/data/ascot_DT-D_random_extended/batch_0/ascot_sdcc_workflow_runner-0e354043-afe7-4332-9e22-e37f1bb79602,0
7.32,0.46,0.0,7.78,38242.44656647405,1.1586288492995284e+20,164708.18709093143,1828324.1018396148,0.09008697469185364,4130989.0277546686,5640035.4656353695,0.009705,0.007149,34.207201,11.939694,True,True,747.26792823681,4.956045221684715,1.4263894746934147,0.9972419340707391,1049,/scratch/project_2013233/enchanted_plugins/data/ascot_DT-D_random_extended/batch_0/ascot_sdcc_workflow_runner-f17a2ad6-9236-4b18-b250-aead8470470b,0
8.06,0.46,0.0,8.52,33053.36029593566,1.0091509541584211e+20,185209.95177214989,1952542.8927472578,0.09485576601677448,2407498.1844614805,4287809.584330619,0.038092,0.038646,48.436457,14.558147,True,True,829.0128320725104,3.8380695175501973,1.0252991968074237,1.1212249199368762,1061,/scratch/project_2013233/enchanted_plugins/data/ascot_DT-D_random_extended/batch_0/ascot_sdcc_workflow_runner-6e7b3136-acbf-405f-8c01-413ebe94db8a,0
6.68,0.75,0.0,7.43,2403.35911192906,7.047408996745584e+19,119266.34037202729,812740.0192083928,0.1467459920186931,3454961.2854224984,2869180.8918040525,0.001996,0.0006,39.743744,12.982459,True,True,567.5781118620239,5.760382139564401,1.3163325150706031,1.2157076643682507,1066,/scratch/project_2013233/enchanted_plugins/data/ascot_DT-D_random_extended/batch_0/ascot_sdcc_workflow_runner-c9157703-4fb1-44ff-9d1a-49a1bca9698e,0
7.92,0.72,0.0,8.64,893.416856988834,6.294302394637137e+19,134269.81876728268,738358.4172515423,0.18184910692436776,3579034.0090678832,3323589.0074510793,0.0002,0.0004,47.26827,14.451469,True,True,592.8911032762462,6.932004295675947,1.032847312984795,1.4616040286132446,1062,/scratch/project_2013233/enchanted_plugins/data/ascot_DT-D_random_extended/batch_0/ascot_sdcc_workflow_runner-962aa392-6860-4722-8c3b-de37b817f610,0
5.61,0.86,0.0,6.47,8430.069271582335,5.363127738591226e+19,98574.79627997435,492922.3597746014,0.1999803707931806,4694041.925459233,4453372.345578708,0.0,0.0,34.835765,12.590918,True,True,634.7641509524489,10.421922104030399,1.4895128792334467,1.317201767174776,1057,/scratch/project_2013233/enchanted_plugins/data/ascot_DT-D_random_extended/batch_0/ascot_sdcc_workflow_runner-9c588337-85d6-4464-9199-b7cadcc854f5,0
12.43,0.79,0.0,13.22,274874.2282374938,8.903792326999027e+19,59726.29317051474,1134386.3679036847,0.0526507500975063,6570588.7831167085,12629675.960545411,0.0,0.0002,23.964551,7.545896,True,True,888.2377019910053,8.750955140694321,1.2268616285796186,0.8301693224899132,1050,/scratch/project_2013233/enchanted_plugins/data/ascot_DT-D_random_extended/batch_0/ascot_sdcc_workflow_runner-0e44fd2c-49f4-43f4-8023-0418b3ba57be,0
8.13,0.62,0.0,8.74,4072.12245349543,8.2862454754782e+19,186025.75592350523,1093144.9468861332,0.1701748303858578,3737630.0462841108,3459637.083425478,0.001398,0.001398,45.795197,14.430803,True,True,624.6201305639755,5.7321069782260805,1.2005690419905468,1.368206751087456,1067,/scratch/project_2013233/enchanted_plugins/data/ascot_DT-D_random_extended/batch_0/ascot_sdcc_workflow_runner-f0abd807-535b-4ff7-8c0c-b17d8bb2450b,0
8.46,0.81,0.0,9.27,675413.6186280851,7.91952644820694e+19,74975.42025212207,930265.6375845006,0.08059571075504945,7635962.702570887,15579930.534107184,0.0,0.0,20.834932,7.443004,True,True,980.4890549018203,11.435838111298544,1.4728036361917511,0.8545260410405264,1063,/scratch/project_2013233/enchanted_plugins/data/ascot_DT-D_random_extended/batch_0/ascot_sdcc_workflow_runner-986d5eb9-a014-434c-a09d-5a6fe1c912bb,0
12.2,0.78,0.0,12.98,72560.61852005441,9.755166608495903e+19,180327.27083546558,1274291.5892422765,0.14151177984521768,6048747.251813836,7778170.195226885,0.0004,0.0004,37.443761,12.052856,True,True,803.3528167826208,8.052566852827447,1.1716003364446905,1.1995994267780568,1055,/scratch/project_2013233/enchanted_plugins/data/ascot_DT-D_random_extended/batch_0/ascot_sdcc_workflow_runner-5227f619-f65f-4965-8320-874071f17302,0
42.62,0.58,0.0,43.2,13010.849150282891,9.06641634280142e+19,234034.61828654344,1441009.2988424732,0.16241020684220261,3217162.6373878005,3448874.553937598,0.005767,0.005371,51.299774,15.422783,True,True,663.4778146890412,4.932792463656435,1.065941383428973,1.4119120750270289,987,/scratch/project_2013233/enchanted_plugins/data/ascot_DT-D_random_extended/batch_0/ascot_sdcc_workflow_runner-35728acd-c8f0-45e6-a80c-521bf28265ad,0
5.49,0.65,0.0,6.13,133712.37780653618,1.23886314908849e+20,155006.482466611,2094323.911632419,0.07401265945810231,4776627.893121771,8903943.973459776,0.009312,0.007543,35.118552,11.10135,True,True,919.259121546542,5.687278492413222,1.1765365064993252,0.9685716395631773,1075,/scratch/project_2013233/enchanted_plugins/data/ascot_DT-D_random_extended/batch_0/ascot_sdcc_workflow_runner-32215333-0b32-423c-849a-1b737c96f14b,0
9.59,0.59,0.0,10.17,66544.97397969248,1.1371489388281917e+20,355857.3852995354,2127425.0989945396,0.16727140498047155,3322007.1014610976,4863704.846519728,0.015942,0.013418,47.32677,16.255236,True,True,903.1875064066395,4.791765068127559,1.366199544757125,1.344601379530891,1068,/scratch/project_2013233/enchanted_plugins/data/ascot_DT-D_random_extended/batch_0/ascot_sdcc_workflow_runner-40fbefc6-1424-492a-847b-5e504b75cc74,0
5.37,0.65,0.0,6.02,1226.1268309568582,6.070990687671757e+19,97301.83279262378,779407.08506865,0.12484083690880673,2301173.3358984734,1939059.8798208612,0.002991,0.003786,47.535881,13.808007,True,True,511.5102642781014,4.548169920029155,1.050010122670082,1.2371897113552186,1077,/scratch/project_2013233/enchanted_plugins/data/ascot_DT-D_random_extended/batch_0/ascot_sdcc_workflow_runner-847a4af5-6c82-41ba-b245-a00800c860ac,0
11.19,0.95,0.0,12.14,117635.664470615,1.1442625879750032e+20,132810.1634327155,1637728.662826576,0.0810941192196617,6142287.570657774,9872419.13730235,0.001996,0.001797,30.957176,9.95456,True,True,866.4293492197147,7.043927265968458,1.2120221464871093,0.9624318165714014,1065,/scratch/project_2013233/enchanted_plugins/data/ascot_DT-D_random_extended/batch_0/ascot_sdcc_workflow_runner-1b0ce94f-57fa-4fc8-ab7e-0e0eaa31ddd8,0
10.98,0.77,0.0,11.75,107510.15123956242,7.265134111521222e+19,44975.09158441568,946008.0987599222,0.04754197310083436,4739842.684836231,8886394.061909273,0.0002,0.0002,27.382109,7.864975,True,True,768.0681796374067,7.925277901542653,1.0390847580513451,0.8554278199861707,1056,/scratch/project_2013233/enchanted_plugins/data/ascot_DT-D_random_extended/batch_0/ascot_sdcc_workflow_runner-b6853f81-3cef-4e0a-8849-4a61e38d797f,0
11.77,0.79,0.0,12.56,19122.377848638283,9.948719458122749e+19,273305.65640648466,1485179.727777004,0.18402194111251755,4747389.8542819675,5552206.427627005,0.001597,0.000999,49.166969,15.294403,True,True,773.9365220384016,6.683403976984671,1.0452095927132652,1.4939958761819994,978,/scratch/project_2013233/enchanted_plugins/data/ascot_DT-D_random_extended/batch_0/ascot_sdcc_workflow_runner-73a5a398-1bb9-487f-95f6-742526b90de3,0
7.56,0.8,0.0,8.36,1209.376587929245,5.2565112251203625e+19,90870.0970021881,498874.21400824084,0.18215031855843128,3075042.716793972,2060351.360790851,0.0004,0.0002,40.447761,13.719824,True,True,507.17136362409934,6.504808513340812,1.4004459152417845,1.333596676660167,1070,/scratch/project_2013233/enchanted_plugins/data/ascot_DT-D_random_extended/batch_0/ascot_sdcc_workflow_runner-d1aaa925-459a-4d5a-ab80-62190f2a6ece,0
11.9,0.87,0.0,12.76,66684.11279983108,9.256922380949486e+19,198050.84094366705,1041224.097658772,0.19020962095382843,7259630.853172803,7721433.12720835,0.0,0.0,36.563934,12.975065,True,True,802.7899485589013,9.875902251548832,1.3896163322022594,1.3199107627508901,997,/scratch/project_2013233/enchanted_plugins/data/ascot_DT-D_random_extended/batch_0/ascot_sdcc_workflow_runner-cc9e0a02-6236-4099-91a8-0e0bce9b2baf,0
6.96,0.54,0.0,7.5,67628.70996238611,1.0388882669441606e+20,263099.64548859745,1978779.802568417,0.13296054727620493,3026953.7009773236,5596519.180642673,0.024771,0.023819,48.828847,15.429333,True,True,971.8668443899511,4.788851844896781,1.1126935992974083,1.2648983525945017,889,/scratch/project_2013233/enchanted_plugins/data/ascot_DT-D_random_extended/batch_0/ascot_sdcc_workflow_runner-3111fc5b-1305-4005-a6cc-7c3b8f2430d0,0
11.89,0.85,0.0,12.73,310454.66958939197,1.34101390018458e+20,204334.8158753689,1774442.6195964846,0.11515436657052086,8557454.821133541,12473874.395822879,0.0006,0.001199,30.232266,10.843146,True,True,979.7255699580577,8.338680942421943,1.378484215589965,1.0387237971576702,1071,/scratch/project_2013233/enchanted_plugins/data/ascot_DT-D_random_extended/batch_0/ascot_sdcc_workflow_runner-c59481b6-d944-4b9a-9fcf-ce56224bb26c,0
6.05,0.71,0.0,6.76,161627.77369954332,1.3500215460340831e+20,306316.91674127645,1946487.386131276,0.15736907360601704,6988691.515652053,9240275.296092283,0.001199,0.001996,37.497901,13.377439,True,True,940.9960773609466,7.330122189773055,1.4045354913264108,1.2223159333381224,1081,/scratch/project_2013233/enchanted_plugins/data/ascot_DT-D_random_extended/batch_0/ascot_sdcc_workflow_runner-94720ae5-272d-4b62-bd67-19dac8491dc4,0
4.9,0.41,0.0,5.31,18861.611368716793,1.0798767570645952e+20,314557.29047933273,2106486.6829707967,0.14932792740740702,2588915.4818594214,3426637.9409674066,0.030068,0.029315,48.030684,16.452209,True,True,799.3922615750733,3.8576318687348183,1.4057142326191738,1.274138788393861,1085,/scratch/project_2013233/enchanted_plugins/data/ascot_DT-D_random_extended/batch_0/ascot_sdcc_workflow_runner-67896cfe-cdd1-4304-8af5-2d1ac3234cfc,0
6.21,0.83,0.0,7.04,19167.290116036304,9.296960236351878e+19,225652.65374789384,1268266.3082897337,0.1779221384917085,5043504.820366722,5662561.597515363,0.0006,0.0004,45.644798,14.35906,True,True,747.9606610561623,7.255181704990212,1.0982699056370044,1.4212599297580728,1090,/scratch/project_2013233/enchanted_plugins/data/ascot_DT-D_random_extended/batch_0/ascot_sdcc_workflow_runner-151a301a-3031-47c9-a1e0-265357595a7d,0
6.35,0.78,0.0,7.13,106521.61287914719,8.459182672710977e+19,147717.9087929136,948127.0614592676,0.15579969689459147,6860923.889363162,8421570.525440529,0.0,0.0,31.943995,11.275026,True,True,802.201031005301,9.97054020447254,1.3825012629502442,1.1661980718512712,1084,/scratch/project_2013233/enchanted_plugins/data/ascot_DT-D_random_extended/batch_0/ascot_sdcc_workflow_runner-754c17dc-769e-4bc6-ae41-ae9df21250bb,0
18.67,0.64,0.0,19.31,254988.67556467792,7.372329906917289e+19,56383.37945340362,921758.6470634317,0.06116935233863181,5872833.123764518,11656923.802163653,0.0,0.0002,25.303152,7.696582,True,True,858.9020067215495,9.530641675931077,1.1244486021395779,0.8744561888177114,1012,/scratch/project_2013233/enchanted_plugins/data/ascot_DT-D_random_extended/batch_0/ascot_sdcc_workflow_runner-68112561-32be-4da0-8dc4-020ea7fcea0e,0
8.31,0.84,0.0,9.15,13194.260561481022,7.492529561959647e+19,143592.23000599956,955180.621867538,0.15032992370097786,3925916.2741803317,4256469.608159553,0.0006,0.0006,43.859348,13.299749,True,True,644.1961800607309,6.622215061954831,1.0553969738741733,1.3024281103822481,1079,/scratch/project_2013233/enchanted_plugins/data/ascot_DT-D_random_extended/batch_0/ascot_sdcc_workflow_runner-420658e5-9719-4de5-ae93-c156d2885d98,0
6.94,0.83,0.0,7.77,54363.69767809443,1.0792775975524984e+20,124562.96550908653,1593437.3427125292,0.07817249048339821,4456573.6218535425,6283234.236747169,0.005173,0.002792,33.070709,10.744981,True,True,739.6643373202795,5.443003965827322,1.2954146917482476,0.9613100369309211,1074,/scratch/project_2013233/enchanted_plugins/data/ascot_DT-D_random_extended/batch_0/ascot_sdcc_workflow_runner-caa7013f-9b54-415e-bbf5-cbcad77ee1fa,0
7.09,0.88,0.0,7.97,421738.0202438537,1.0678821673740919e+20,67871.22046868011,1533651.3758490141,0.04425466017732177,6887533.266192549,14561657.138004323,0.001597,0.000999,27.281009,8.059706,True,True,999.295584371909,8.422017949008193,1.0527455589291363,0.8411731039903316,1087,/scratch/project_2013233/enchanted_plugins/data/ascot_DT-D_random_extended/batch_0/ascot_sdcc_workflow_runner-8b8671a4-a052-480a-bcff-e2241b8df876,0
7.7,0.97,0.0,8.67,21887.25806569832,9.190560661731117e+19,201749.25296068995,1099424.6724813385,0.1835043891687035,5482839.205415604,5182120.956980748,0.0,0.0,39.805578,13.678869,True,True,703.0027961167027,7.472091837168685,1.3587641004000734,1.3364422466710693,894,/scratch/project_2013233/enchanted_plugins/data/ascot_DT-D_random_extended/batch_0/ascot_sdcc_workflow_runner-80683861-b5be-42bc-bbd1-ee30acf39bc1,0
6.64,0.77,0.0,7.41,7871.443777838453,3.3274859158429786e+19,36392.99641487981,277731.07785333425,0.13103681696759345,2930760.958012541,3367403.451635101,0.0,0.0,27.234317,9.584983,True,True,542.7758300938274,9.720477621082107,1.41330104819219,1.0544226885320809,1094,/scratch/project_2013233/enchanted_plugins/data/ascot_DT-D_random_extended/batch_0/ascot_sdcc_workflow_runner-31eb73b3-42a4-4db0-a3ec-82b09243ae63,0
5.16,0.73,0.0,5.89,127915.53252223541,1.212760522612228e+20,82012.61551818498,1919732.3981240094,0.0427208581770714,5225990.366538804,9930063.60159129,0.006359,0.004579,29.555594,9.124006,True,True,875.7240787007903,5.860066586254414,1.2171738998473858,0.8339546479916073,1083,/scratch/project_2013233/enchanted_plugins/data/ascot_DT-D_random_extended/batch_0/ascot_sdcc_workflow_runner-a898c751-14ef-4ca4-ae2a-233f4bb96137,0
6.43,0.77,0.0,7.2,133015.35077654995,8.276855533394955e+19,96670.59868350034,1065548.3410157422,0.09072380385046477,5865600.970099639,9713694.774588015,0.0002,0.0,31.129328,9.549766,True,True,831.1638370090939,8.939650199357645,1.0668378423017177,1.013511995513409,1088,/scratch/project_2013233/enchanted_plugins/data/ascot_DT-D_random_extended/batch_0/ascot_sdcc_workflow_runner-9781876c-496c-475d-8eba-fd1a47cda7c5,0
6.89,0.3,0.0,7.19,29824.227866071356,4.724647756560583e+18,-391.80738086792456,42485.392040000894,-0.00922216700975784,646095.5356709785,5531735.762755953,0.0,0.0,7.439759,1.613039,True,True,541.1352157073758,11.044315979085614,1.3889825882353026,0.8415143809096691,1095,/scratch/project_2013233/enchanted_plugins/data/ascot_DT-D_random_extended/batch_0/ascot_sdcc_workflow_runner-1ea7baf7-16e5-494a-87e8-6bbadb8f0e82,0
9.48,0.76,0.0,10.24,5128.213102655774,6.204380494790218e+19,49938.52872542536,657575.9844817703,0.07594335849229875,3260282.1478453195,3210092.8867462515,0.001996,0.0002,28.995533,9.767395,True,True,547.6445486952015,5.717990472232389,1.4346995750560223,0.9241921840760883,1093,/scratch/project_2013233/enchanted_plugins/data/ascot_DT-D_random_extended/batch_0/ascot_sdcc_workflow_runner-5b3b0093-109e-4319-81bb-6ce13fd0abd3,0
5.98,0.54,0.0,6.52,93846.7174525186,1.1959909614043287e+20,347636.61983797036,2063207.1640807078,0.1684933175350159,4615040.008070596,6665443.477315141,0.008527,0.008527,46.160841,15.319704,True,True,942.0700447777288,5.991418914003441,1.2359670518361872,1.3665867184303204,1102,/scratch/project_2013233/enchanted_plugins/data/ascot_DT-D_random_extended/batch_0/ascot_sdcc_workflow_runner-24a8aba7-4db5-41ca-b0f7-ada0cb5a94c1,0
7.63,0.8,0.0,8.42,194992.84908176152,1.3760521429188307e+20,97580.83311544424,2306591.240356199,0.04230521273477791,5318829.256490738,11405513.522569112,0.010097,0.007149,29.621444,9.631719,True,True,993.7644633646894,5.610260689539925,1.2835894265285681,0.8230050668410082,1082,/scratch/project_2013233/enchanted_plugins/data/ascot_DT-D_random_extended/batch_0/ascot_sdcc_workflow_runner-fe08d9a6-a87f-4018-84ff-10ab9dca5921,0
5.78,0.81,0.0,6.59,23459.07076276972,9.52700784223153e+19,227272.02164421105,1162649.6396308767,0.1954776519918472,5463120.584698086,4971802.757578896,0.0006,0.0,41.692346,14.369911,True,True,705.644489411546,7.284508680332441,1.3760676674260337,1.4000314107229985,1100,/scratch/project_2013233/enchanted_plugins/data/ascot_DT-D_random_extended/batch_0/ascot_sdcc_workflow_runner-27efcde4-c8ff-4d2c-a201-c5d1c75950bd,0
12.9,0.77,0.0,13.67,2558.3713977000234,5.189588434898967e+19,82165.39930879476,482682.16258091823,0.17022671579462048,3219957.2843719055,2310201.09706034,0.0002,0.0,37.257842,12.91792,True,True,518.6889537153238,6.886736192770252,1.430978643688122,1.2585730442028442,1069,/scratch/project_2013233/enchanted_plugins/data/ascot_DT-D_random_extended/batch_0/ascot_sdcc_workflow_runner-dab76d8e-f7a8-42a2-b4a2-d87cfcb0652b,0
6.33,0.48,0.0,6.81,46540.47020781983,1.1235675608351792e+20,269926.6306461991,2181307.706012599,0.12374532483526651,2833210.9098226842,4261041.45564831,0.0198,0.022674,42.370504,15.168256,True,True,836.9154803008828,4.090608989402874,1.4716310072454641,1.140475685702659,1072,/scratch/project_2013233/enchanted_plugins/data/ascot_DT-D_random_extended/batch_0/ascot_sdcc_workflow_runner-93fb3c5e-f3ae-47e7-918f-0130def0dbd7,0
7.95,0.56,0.0,8.51,98278.9203557309,9.71953671550938e+19,144465.0480891948,1929592.319101918,0.07486817119816924,2298773.945399485,5330994.807324556,0.052851,0.044343,43.359381,13.732854,True,True,996.9155130096777,4.032718746464867,1.1354906835157408,1.0095054265010366,1096,/scratch/project_2013233/enchanted_plugins/data/ascot_DT-D_random_extended/batch_0/ascot_sdcc_workflow_runner-02f860fc-c818-4950-91e7-498ab7b43a3c,0
37.46,0.76,0.0,38.22,2939.479494550727,2.937333659318008e+19,32323.74663612777,232192.9940476845,0.1392106888009273,2545125.4873122396,2643326.921741682,0.0,0.0,29.121698,10.090005,True,True,505.14453257174,9.40406592954294,1.3827370032276374,1.0962267008222015,1027,/scratch/project_2013233/enchanted_plugins/data/ascot_DT-D_random_extended/batch_0/ascot_sdcc_workflow_runner-463b0456-dd39-4084-88eb-08c727c5bfa6,0
18.54,0.72,0.0,19.26,35537.09048824406,1.0873287900030486e+20,182128.53184899877,2037448.9175035867,0.08939047761362005,2893353.2152812453,5110486.517045167,0.026101,0.031008,44.254373,13.561883,True,True,833.0342663574324,4.202987257519547,1.119732845853275,1.0731337140220192,1073,/scratch/project_2013233/enchanted_plugins/data/ascot_DT-D_random_extended/batch_0/ascot_sdcc_workflow_runner-343704d0-da7f-4fe5-9c5d-d0752e29aa3a,0
9.47,0.46,0.0,9.93,97428.16312625914,1.1452002622753653e+20,289930.7671608622,2086775.5197519804,0.13893720930525452,3898362.161376999,6736684.523452642,0.013223,0.009509,44.784956,14.698789,True,True,993.4428640780129,5.48754251089172,1.2029344633259198,1.2431194757681157,1089,/scratch/project_2013233/enchanted_plugins/data/ascot_DT-D_random_extended/batch_0/ascot_sdcc_workflow_runner-84fdbca9-1843-4823-983b-79d3b1a00a47,0
6.49,0.69,0.0,7.17,9660.550470174132,5.991007113877705e+19,43452.21140663048,721170.5628447344,0.060252336472565636,2878588.927308965,3265689.706084095,0.001398,0.001797,33.172423,9.666181,True,True,551.2969158036426,5.471536877590143,1.141671299669967,0.9434694517961235,1097,/scratch/project_2013233/enchanted_plugins/data/ascot_DT-D_random_extended/batch_0/ascot_sdcc_workflow_runner-ff17409a-9b50-41e3-94a6-2a559092b604,0
6.4,0.62,0.0,7.02,20174.15681391837,1.0756266785522465e+20,106095.61102474711,1915703.364886627,0.05538206643543998,2922004.4130338994,4765841.51678739,0.019992,0.020952,37.94765,11.692444,True,True,739.4151407242093,4.013407416774556,1.2242410495637461,0.91999946885936,1103,/scratch/project_2013233/enchanted_plugins/data/ascot_DT-D_random_extended/batch_0/ascot_sdcc_workflow_runner-37a278bb-82a5-4b69-b86b-f5c67a73589f,0
13.9,0.79,0.0,14.69,28230.37541123689,5.163414796268739e+19,14002.582073160507,608554.6702899485,0.02300957129535941,3305451.022730697,5947110.30653905,0.000799,0.0002,24.339623,6.695602,True,True,631.3789769603144,7.016536273041223,1.1436132793319067,0.8533397581725408,1006,/scratch/project_2013233/enchanted_plugins/data/ascot_DT-D_random_extended/batch_0/ascot_sdcc_workflow_runner-9a411951-fff5-4e0a-a4e7-ee1b574940f8,0
16.42,0.78,0.0,17.2,2541.5294763361067,3.2309668583143825e+19,32724.200810033013,272208.01652305643,0.120217623375031,2678464.623891036,2934703.2451239885,0.0,0.0,27.514251,9.476344,True,True,517.3179694254295,8.938263309024435,1.3859234383103105,1.0345860058401308,1080,/scratch/project_2013233/enchanted_plugins/data/ascot_DT-D_random_extended/batch_0/ascot_sdcc_workflow_runner-bca67477-6f56-4970-9579-c8953fc01ecd,0
14.12,0.88,0.0,15.0,9028.548829759,5.844355435314019e+19,116451.43591389741,566804.3194393395,0.20545262610046197,5345229.393919846,5386738.171782097,0.0,0.0,37.260456,13.023436,True,True,686.6502666492945,11.065446983395637,1.3558885542444625,1.385631081009608,1078,/scratch/project_2013233/enchanted_plugins/data/ascot_DT-D_random_extended/batch_0/ascot_sdcc_workflow_runner-454dd0c1-1b0b-4227-8ff8-a43228f57e82,0
6.63,0.82,0.0,7.44,39175.493635480285,1.0840879716854648e+20,273401.1169997299,1440846.8640885896,0.18975029464541346,6239595.981002889,6873448.863656722,0.0002,0.0006,43.031051,14.390273,True,True,811.5729990471591,7.734417953301797,1.2488413485695522,1.4140919616042005,1114,/scratch/project_2013233/enchanted_plugins/data/ascot_DT-D_random_extended/batch_0/ascot_sdcc_workflow_runner-d5015e1c-9ae5-4e2e-b81f-116636ef920b,0
10.97,0.61,0.0,11.58,3162.138705510758,6.246549035231396e+19,10178.116487290257,779109.7980398153,0.013063776778186686,2382347.170726603,2739148.826968608,0.005767,0.003388,29.839035,8.533302,True,True,517.0981323268355,4.216102019084325,1.2850490308760105,0.8159863172803481,1098,/scratch/project_2013233/enchanted_plugins/data/ascot_DT-D_random_extended/batch_0/ascot_sdcc_workflow_runner-cc1c6bae-9ef8-4a6f-8f99-e9e398213bd0,0
7.68,0.76,0.0,8.44,41056.75185011518,4.400620697514479e+19,58290.38042981848,415621.8265215431,0.1402486027205722,4464544.932676383,6711847.703384789,0.0,0.0,25.444796,9.187196,True,True,694.2544760505999,11.979980010843061,1.4422877569445256,1.0514609128003847,1109,/scratch/project_2013233/enchanted_plugins/data/ascot_DT-D_random_extended/batch_0/ascot_sdcc_workflow_runner-5b78915d-2152-45ca-b948-f797cf485797,0
7.92,0.83,0.0,8.75,361989.98982616834,1.1801358973097022e+20,105040.6794902246,1516059.5906304729,0.06928532370323391,8148652.893809044,13603489.43799525,0.0004,0.0002,24.088121,8.544441,True,True,949.0377103289732,8.295191865746686,1.4462971224520749,0.8609621020467096,1111,/scratch/project_2013233/enchanted_plugins/data/ascot_DT-D_random_extended/batch_0/ascot_sdcc_workflow_runner-75f79add-f322-46fe-a68b-0fc624e4ed62,0
5.92,0.72,0.0,6.64,219200.88957043717,7.18038787182764e+19,91112.15810781889,832830.8103743413,0.10940056128190759,6354657.715547237,10379779.742688917,0.0,0.0,27.366015,9.158944,True,True,839.0130613347812,10.641487327661123,1.2420520832220134,1.0157867065110011,1117,/scratch/project_2013233/enchanted_plugins/data/ascot_DT-D_random_extended/batch_0/ascot_sdcc_workflow_runner-17801c14-4ad5-493c-bc58-8d6ad490e64d,0
18.1,0.62,0.0,18.72,9446.109002886371,1.0048538937381498e+20,307993.81784385606,1816869.8080572658,0.16951892561481127,2817471.478562574,3547911.6773999673,0.01826,0.016909,55.450141,16.840882,True,True,743.6409591249218,4.253137736977755,1.065782820823996,1.4754115038531128,1086,/scratch/project_2013233/enchanted_plugins/data/ascot_DT-D_random_extended/batch_0/ascot_sdcc_workflow_runner-80950158-a452-40df-bc14-ec05cb4f1617,0
7.09,0.77,0.0,7.86,65270.65571298617,7.095107000735176e+19,110776.25371324486,781898.6588415741,0.14167597355566,5804757.172641642,7397747.869577633,0.0,0.0,31.603588,10.690837,True,True,746.9916398984271,9.83797933367632,1.2839178499796904,1.1331843307598746,1101,/scratch/project_2013233/enchanted_plugins/data/ascot_DT-D_random_extended/batch_0/ascot_sdcc_workflow_runner-a9a45210-f23c-4d4c-848e-9a909be46c6f,0
7.3,0.82,0.0,8.12,0.0,7.082543608954889e+19,146058.26924638852,758185.1438455245,0.1926419561659823,4188846.3826678856,3155373.0162023874,0.0004,0.0,40.448146,14.081935,True,True,591.8281788744717,6.964886333457606,1.4269135698551736,1.3687864616585514,1119,/scratch/project_2013233/enchanted_plugins/data/ascot_DT-D_random_extended/batch_0/ascot_sdcc_workflow_runner-b140fd72-c243-4576-ab7a-54db022be038,0
8.58,0.84,0.0,9.42,77959.49239463492,1.2133558897611016e+20,293649.62209042866,2162234.7111741593,0.1358083933131237,4040649.116466482,6172160.718628134,0.009312,0.008527,42.376346,14.262653,True,True,896.878441614195,5.216019015113822,1.308782648020749,1.1986978925551437,1107,/scratch/project_2013233/enchanted_plugins/data/ascot_DT-D_random_extended/batch_0/ascot_sdcc_workflow_runner-88a156f2-80dd-40d0-838e-207f758600e1,0
6.48,0.64,0.0,7.12,12367.689902405245,8.90164808795409e+19,138659.03576912225,1220273.7472027207,0.11362945084000664,4159972.816898545,4941420.929095632,0.001597,0.001996,37.923841,11.840518,True,True,675.2481829799079,5.9651540858701715,1.1837161944127166,1.1119310945196699,1116,/scratch/project_2013233/enchanted_plugins/data/ascot_DT-D_random_extended/batch_0/ascot_sdcc_workflow_runner-820d1417-89d7-47d9-901e-85b5cd7a9795,0
12.26,0.78,0.0,13.04,367548.46771656856,7.755623515922106e+19,91066.52742341738,913535.5285792971,0.09968580813166764,6936271.801498531,12159237.601243826,0.0,0.0002,26.643504,8.832408,True,True,899.7944584260172,10.84915920056668,1.2193488712130867,0.9859731399316777,1104,/scratch/project_2013233/enchanted_plugins/data/ascot_DT-D_random_extended/batch_0/ascot_sdcc_workflow_runner-2c47b257-a49e-4031-a785-30f68a23e855,0
9.05,0.82,0.0,9.87,16239.809749877968,6.326247408869202e+19,135228.6779135542,686439.8333890964,0.19700004477581384,5471924.847349132,6183949.630792423,0.0,0.0,42.546355,13.766547,True,True,726.1509508946084,10.787621907235051,1.098708779624283,1.4699165676248689,1118,/scratch/project_2013233/enchanted_plugins/data/ascot_DT-D_random_extended/batch_0/ascot_sdcc_workflow_runner-ef80fe58-d93d-4d9b-a057-56ab982f5d2c,0
32.93,0.68,0.0,33.61,19012.28880202221,8.973927658119043e+19,158852.43045658007,1120514.0067292806,0.14176746520131567,4535454.947866738,4615828.466653338,0.001199,0.000799,37.393046,12.549034,True,True,664.6637014453481,6.281247546906205,1.339521266506853,1.1780731118172856,1058,/scratch/project_2013233/enchanted_plugins/data/ascot_DT-D_random_extended/batch_0/ascot_sdcc_workflow_runner-21e6dabd-dc64-45e8-989f-d601e6708791,0
4.56,0.92,0.0,5.47,164890.76728167039,1.1815640441610319e+20,94951.63790174387,1901631.5036335324,0.04993167063141073,5458215.475371619,10998864.43621924,0.005964,0.00319,31.296142,9.392405,True,True,935.5771119263943,6.4743251943703815,1.096362480340366,0.8775886450955215,1120,/scratch/project_2013233/enchanted_plugins/data/ascot_DT-D_random_extended/batch_0/ascot_sdcc_workflow_runner-15cda422-f8b6-4bde-bf13-bb36e2c2a9d3,0
46.79,0.74,0.0,47.53,2448.3089190510227,2.6856601059054998e+19,28554.83431784649,212984.7556712968,0.1340698503413816,2503759.999196545,2877371.6443397505,0.0,0.0,28.114129,9.620576,True,True,513.227217842038,10.100602325024353,1.3480726307755613,1.0771650958686958,1021,/scratch/project_2013233/enchanted_plugins/data/ascot_DT-D_random_extended/batch_0/ascot_sdcc_workflow_runner-941ad2a7-9408-4890-bb8a-b5068640d2dc,0
9.32,0.8,0.0,10.12,0.0,6.239722259805838e+19,129344.11942364056,617657.1083419113,0.2094108813397491,4010594.5401739436,2934380.394350806,0.0006,0.0,42.019791,14.480744,True,True,574.5213236601599,7.493311745311633,1.3917900880155945,1.454053764386878,1121,/scratch/project_2013233/enchanted_plugins/data/ascot_DT-D_random_extended/batch_0/ascot_sdcc_workflow_runner-f1f8c624-de6e-4411-bda0-bae136f25399,0
7.29,0.29,0.0,7.58,249935.2235534031,9.351782230045456e+18,-1389.3012445221066,109949.18438334153,-0.0126358485723574,1228867.3764539177,14243351.446656646,0.0,0.0,7.478376,1.555738,True,True,791.4333810432888,11.554139255426232,1.1547915991567874,0.8590585497144143,1125,/scratch/project_2013233/enchanted_plugins/data/ascot_DT-D_random_extended/batch_0/ascot_sdcc_workflow_runner-c482eed2-7ecb-4f92-b435-19869c984026,0
11.39,0.73,0.0,12.13,15567.503497431328,1.0190103205053355e+20,246616.55841926395,1849900.7078793468,0.13331340291337876,2562904.6725598527,3152759.830806167,0.0242,0.023819,49.49534,15.520129,True,True,712.637901909177,3.8062365239808136,1.219297787324789,1.248263812834234,1115,/scratch/project_2013233/enchanted_plugins/data/ascot_DT-D_random_extended/batch_0/ascot_sdcc_workflow_runner-08abd3b8-12c2-4329-91d8-76d654dc65bf,0
6.04,0.85,0.0,6.89,20489.605267175062,1.0430162101699823e+20,248011.7543282539,1788788.2967891616,0.13864790751003342,3092565.8560586004,3796788.2526448444,0.014001,0.012443,47.52346,14.935999,True,True,722.2838015604339,4.359261967332783,1.213548378700934,1.257897302836166,1110,/scratch/project_2013233/enchanted_plugins/data/ascot_DT-D_random_extended/batch_0/ascot_sdcc_workflow_runner-f87dc4f8-8eec-4af5-a1cb-da0b352f1295,0
8.29,0.85,0.0,9.13,663.6943106395439,6.299565664790978e+19,6339.181326364525,896440.1411587009,0.007071505430547505,2033215.8467396125,2667091.627487076,0.012443,0.00833,35.228771,9.281474,True,True,526.3851622507907,3.9156573519550513,1.04330403628248,0.8507774637403595,1122,/scratch/project_2013233/enchanted_plugins/data/ascot_DT-D_random_extended/batch_0/ascot_sdcc_workflow_runner-f1705bf3-b850-4cf5-b2b6-e3a09c6f2923,0
7.38,0.88,0.0,8.26,48241.25321286458,9.390134005830676e+19,295925.94853582256,1924092.3677990877,0.15380028188268502,2052718.5443141435,3455725.895564619,0.046348,0.041411,53.688673,17.414332,True,True,919.9845981372737,3.7798710328534564,1.2146547272509154,1.3634967025740363,1099,/scratch/project_2013233/enchanted_plugins/data/ascot_DT-D_random_extended/batch_0/ascot_sdcc_workflow_runner-714b40ab-876a-4232-95c5-76d3fc9fc6bb,0
8.08,0.77,0.0,8.85,43178.22900095644,8.807693400061121e+19,59998.76677875381,1266604.0654200907,0.04736978856834334,3935534.219701288,6159510.225743866,0.003786,0.002991,31.74978,9.238661,True,True,699.2658514340643,5.682347722660376,1.117203240337462,0.8752087192760178,1106,/scratch/project_2013233/enchanted_plugins/data/ascot_DT-D_random_extended/batch_0/ascot_sdcc_workflow_runner-3247f6c2-d5a2-411b-9a95-017f3a26e845,0
7.45,0.7,0.0,8.15,56502.715481963445,4.450513170482605e+19,25980.83792930537,452153.83674895455,0.05746017354648808,3929549.492046875,6720763.709387214,0.0,0.0,21.698778,7.537654,True,True,673.4307186999786,9.923054479270824,1.4098457422187192,0.901360009682898,1126,/scratch/project_2013233/enchanted_plugins/data/ascot_DT-D_random_extended/batch_0/ascot_sdcc_workflow_runner-4002e940-2f97-4b1b-8fc8-ac622de560f2,0
10.75,0.54,0.0,11.29,49554.77159744117,9.772675401626886e+19,89053.20409053497,1493334.939803305,0.059633777873210836,4053326.444447184,6431619.711645474,0.004975,0.003388,34.168345,10.11095,True,True,738.7740173156002,5.556680968813654,1.1101942458109875,0.9287926091245888,1091,/scratch/project_2013233/enchanted_plugins/data/ascot_DT-D_random_extended/batch_0/ascot_sdcc_workflow_runner-96f481f8-07f6-4abb-a380-5ef03d7f8fcd,0
13.68,1.21,0.0,14.89,65019.09216169087,1.2259354254350936e+20,411449.15945751447,2159538.019826285,0.19052647171759993,4265044.665698867,5395515.238725153,0.007149,0.005173,45.594641,16.532319,True,True,894.8652369099832,5.490578920883548,1.4939245696136725,1.408890635832076,875,/scratch/project_2013233/enchanted_plugins/data/ascot_DT-D_random_extended/batch_0/ascot_sdcc_workflow_runner-7a2eb8c1-b7f7-4d25-9109-b708e7eb7691,0
4.51,0.8,0.0,5.31,2424.7643832448957,3.7853268136739725e+19,62737.78221468629,319070.5177656111,0.19662669761539486,3551322.6780779394,3383592.222896631,0.0,0.0,35.821132,12.439585,True,True,571.2707880712755,10.763619348167664,1.3521727422658865,1.337348679875659,1135,/scratch/project_2013233/enchanted_plugins/data/ascot_DT-D_random_extended/batch_0/ascot_sdcc_workflow_runner-449789db-d2ca-4fd9-a929-016ce4043879,0
6.05,0.77,0.0,6.82,47332.21865189537,7.714483327383853e+19,170041.73932711998,861851.749883015,0.19729813085626488,7112154.533723565,8241767.968068941,0.0,0.0,40.081871,13.398055,True,True,827.9295206228373,11.727871544567925,1.175982399848801,1.4244047692034898,1137,/scratch/project_2013233/enchanted_plugins/data/ascot_DT-D_random_extended/batch_0/ascot_sdcc_workflow_runner-d777146a-7b3e-47d0-8319-eb695fa1c70b,0
17.49,0.76,0.0,18.25,45725.33481913627,1.1590515538653608e+20,323599.94731515605,1544546.4303475497,0.20951131086576688,6412923.509949463,6405488.32183713,0.0004,0.0006,43.435532,15.266357,True,True,816.4559963987424,7.513208855988276,1.3940323139381494,1.4752416832623347,1105,/scratch/project_2013233/enchanted_plugins/data/ascot_DT-D_random_extended/batch_0/ascot_sdcc_workflow_runner-98f3f7dc-de8b-4a5a-81b3-7fbc0f727691,0
12.37,0.74,0.0,13.11,8191.457691530113,2.905656509626916e+19,37073.03300796154,242669.22313015122,0.15277187823722538,3025043.8611837635,3904321.592218507,0.0,0.0,29.583386,10.080432,True,True,573.4928379382873,11.701714928917017,1.3063444698458673,1.141264655494774,1045,/scratch/project_2013233/enchanted_plugins/data/ascot_DT-D_random_extended/batch_0/ascot_sdcc_workflow_runner-16f1a895-99f8-40c2-8439-6cf008779ce1,0
9.04,0.79,0.0,9.83,111614.60069722045,1.0088610033695862e+20,190660.69807554063,1462899.4705893472,0.13033069046004275,5818640.03225716,8574157.574047023,0.001597,0.000799,39.392096,12.198149,True,True,862.0702228816448,7.956731599455278,1.0415438503282748,1.1998644411594985,1127,/scratch/project_2013233/enchanted_plugins/data/ascot_DT-D_random_extended/batch_0/ascot_sdcc_workflow_runner-75b463f3-d96f-4345-8da5-05a472a53048,0
43.93,0.89,0.0,44.81,64823.050703471985,7.881748896777586e+19,122286.55095441893,936508.6116928508,0.13057707043758138,5676817.118189057,7527340.670014153,0.0002,0.0002,33.606281,10.891416,True,True,760.0027508326717,8.879922847749588,1.1908452872889548,1.131067966663664,1042,/scratch/project_2013233/enchanted_plugins/data/ascot_DT-D_random_extended/batch_0/ascot_sdcc_workflow_runner-dc6d4ca3-d1b9-4e25-a73d-e089f5721aae,0
7.88,0.73,0.0,8.61,161199.85318375527,5.337407037785176e+19,51802.10145455618,552439.4705154661,0.09376973264821405,5210204.323539847,9266659.403340884,0.0,0.0,22.070668,8.146384,True,True,776.2460651482361,11.6172698612338,1.4919125586115318,0.946554355208624,1128,/scratch/project_2013233/enchanted_plugins/data/ascot_DT-D_random_extended/batch_0/ascot_sdcc_workflow_runner-bb8b68c1-79ff-4494-9e71-c91861e31b2f,0
7.19,0.71,0.0,7.89,30139.110004708316,7.747940112583673e+19,41841.86007358046,1063657.2453494132,0.0393377286306505,3996202.2536471016,6861970.159350556,0.001996,0.0006,29.791921,8.405076,True,True,703.4558462958989,6.370557890321503,1.0464473846749751,0.8449646910598243,1131,/scratch/project_2013233/enchanted_plugins/data/ascot_DT-D_random_extended/batch_0/ascot_sdcc_workflow_runner-01ba1ae7-1856-4460-9fa2-8b4bdfbfebae,0
5.34,0.3,0.0,5.64,62726.85256036841,6.268171569745333e+18,-1065.7592634044152,63823.00040495485,-0.016698670646039946,811769.6806232606,7372964.980179003,0.0,0.0,8.501471,1.7665,True,True,608.1257471296257,10.898896008054429,1.2050452021280782,0.887445188676922,1130,/scratch/project_2013233/enchanted_plugins/data/ascot_DT-D_random_extended/batch_0/ascot_sdcc_workflow_runner-ee405647-3331-480b-a989-936c6b5bae9d,0
7.68,0.52,0.0,8.2,77723.30286229077,1.0028092999334149e+20,123169.50552537957,1980689.4760221308,0.06218516684035906,2364703.748310889,5271464.382273768,0.047256,0.043062,43.735082,13.211629,True,True,920.0010331334108,3.896532194611724,1.0079113265163717,0.9778920601722065,1140,/scratch/project_2013233/enchanted_plugins/data/ascot_DT-D_random_extended/batch_0/ascot_sdcc_workflow_runner-2ab1c703-8670-49a9-86e8-e592df31dbfc,0
5.7,0.83,0.0,6.53,246209.6498079369,1.1395009041050922e+20,87287.03431191012,1571089.226257534,0.05555829220459689,6947465.955924232,12850720.158211913,0.001797,0.000799,26.815183,8.458036,True,True,936.0476187235995,7.707267822335904,1.2071982526723692,0.856768238980641,1144,/scratch/project_2013233/enchanted_plugins/data/ascot_DT-D_random_extended/batch_0/ascot_sdcc_workflow_runner-cd5aef89-265a-4b7e-bf2c-1ae84f333540,0
7.03,0.85,0.0,7.88,251359.06802036992,9.238065592623722e+19,118639.83971712919,1075712.8287987583,0.11028950900363765,7443648.968515883,11132657.962771282,0.0004,0.0002,26.718143,9.487511,True,True,872.8125803413939,9.743804917050596,1.3797430328550704,1.0003397299541872,1136,/scratch/project_2013233/enchanted_plugins/data/ascot_DT-D_random_extended/batch_0/ascot_sdcc_workflow_runner-e4113409-4097-4e76-8bc2-9d63d4008ad3,0
7.33,0.78,0.0,8.11,142750.36253754777,1.156347246950915e+20,72179.97112335984,2022431.7835522275,0.035689693818291325,4253250.298857814,9397189.351580005,0.010097,0.012053,33.528766,9.772428,True,True,921.888720113632,5.4263647128606065,1.0288672362076434,0.8460262298293865,1044,/scratch/project_2013233/enchanted_plugins/data/ascot_DT-D_random_extended/batch_0/ascot_sdcc_workflow_runner-d95edc10-271e-403c-9671-4a39b909819b,0
26.75,0.76,0.0,27.51,20652.75384345628,6.030156269235287e+19,94019.74034263515,635161.6885267022,0.14802489199359598,4786938.664986131,5539754.538876955,0.0,0.0,32.907233,11.040358,True,True,670.4414676043067,9.324224793038868,1.2807495089590888,1.1647793061205676,1092,/scratch/project_2013233/enchanted_plugins/data/ascot_DT-D_random_extended/batch_0/ascot_sdcc_workflow_runner-6ec909bc-8fd5-468b-ae93-ceaa847f4112,0
9.0,0.53,0.0,9.52,9425.46501018632,1.0123674436586172e+20,300645.7990155178,1677539.1249767062,0.17921835296669608,3219308.733382423,3306276.384482367,0.013028,0.00774,51.562433,16.318784,True,True,698.5753151817712,4.570945634735334,1.2129692135693089,1.4546744472598376,1132,/scratch/project_2013233/enchanted_plugins/data/ascot_DT-D_random_extended/batch_0/ascot_sdcc_workflow_runner-8a5c0851-0e19-4941-a019-7a16b15a0656,0
8.29,0.72,0.0,9.01,106116.07651057334,1.177837067344373e+20,260348.04604599864,1679658.8495174008,0.15500055033246887,6686852.586686311,8937569.305071175,0.0006,0.000799,39.691212,13.088146,True,True,907.2386123070773,7.865460535550509,1.2004853412756895,1.2605876682474189,1076,/scratch/project_2013233/enchanted_plugins/data/ascot_DT-D_random_extended/batch_0/ascot_sdcc_workflow_runner-a21bd451-61cb-43b9-b71a-6d3d96bafc24,0
7.66,0.32,0.0,7.98,16658.126774565033,4.756681650040181e+18,-859.7016924848053,43291.78211001514,-0.01985831145273924,617022.1237941652,4469890.536246664,0.0,0.0,10.656476,2.187701,True,True,505.2606446710723,10.809999694083853,1.1489726191176741,1.0082442176822508,1143,/scratch/project_2013233/enchanted_plugins/data/ascot_DT-D_random_extended/batch_0/ascot_sdcc_workflow_runner-0bbecdeb-1988-466f-a463-0cbf867f1fe6,0
5.47,0.75,0.0,6.22,1216.3854279096258,4.555611989819191e+19,45081.34504564905,485700.283626112,0.09281720963612261,2493890.936213598,2528776.69175743,0.0006,0.000799,37.168636,10.792163,True,True,508.35047745821413,6.071851623723962,1.046251811413834,1.0643530842130107,1138,/scratch/project_2013233/enchanted_plugins/data/ascot_DT-D_random_extended/batch_0/ascot_sdcc_workflow_runner-fc020b18-083f-494c-a9cc-b1bfbcfd0842,0
5.97,0.33,0.0,6.31,22708.459679768937,1.0767036654396958e+20,185233.41092385908,1898860.6252321273,0.09754976666663732,2883121.0652026692,3863856.342703777,0.019608,0.016909,39.848328,13.63459,True,True,713.4459603356743,3.982272397431175,1.4133583963382856,1.0511545398197844,1146,/scratch/project_2013233/enchanted_plugins/data/ascot_DT-D_random_extended/batch_0/ascot_sdcc_workflow_runner-9df34fe4-088c-4541-a3be-e0a912ee5981,0
8.94,0.8,0.0,9.74,192217.4229956193,1.1768418427139041e+20,330471.1646272162,1714149.2066119977,0.19279019781503723,7044048.831043362,9105045.940408815,0.0004,0.001199,46.010653,15.119855,True,True,981.5380237631528,8.616889778033476,1.1259218401356819,1.4916472664284313,1145,/scratch/project_2013233/enchanted_plugins/data/ascot_DT-D_random_extended/batch_0/ascot_sdcc_workflow_runner-866d3a21-1918-48bc-99d3-dece2a1a321f,0
7.59,0.76,0.0,8.35,121495.60646830556,7.589524311097116e+19,63420.010182058344,964998.1297610457,0.06572034517596682,5176667.673487471,8988231.822962528,0.000799,0.0002,27.98167,8.417911,True,True,777.7616423416707,8.252613172996499,1.1093926776550918,0.9093254118120981,1129,/scratch/project_2013233/enchanted_plugins/data/ascot_DT-D_random_extended/batch_0/ascot_sdcc_workflow_runner-8c143d70-b24b-49f5-a14b-6a65c676c49e,0
12.86,0.83,0.0,13.69,26073.373337494668,5.6931434635531166e+19,59220.2774948073,625441.4510613928,0.09468556552225428,3907783.849331982,5139431.147673136,0.0002,0.0,30.239162,9.482292,True,True,630.9122316881909,7.846882320595199,1.1819455010098587,1.005392278966628,1134,/scratch/project_2013233/enchanted_plugins/data/ascot_DT-D_random_extended/batch_0/ascot_sdcc_workflow_runner-24de1886-f15e-4b79-ba71-c58be08c032e,0
7.8,0.81,0.0,8.62,24851.965492006704,9.522333688989237e+19,143897.07311963875,1582608.992818373,0.09092395770062012,3103374.6111215423,4291688.373351254,0.010489,0.009116,43.184147,12.718853,True,True,690.5146363322056,4.61360385718277,1.0626474031837023,1.0866019624129593,1148,/scratch/project_2013233/enchanted_plugins/data/ascot_DT-D_random_extended/batch_0/ascot_sdcc_workflow_runner-66ba37a2-4487-4017-a9b3-11bdc338965e,0
8.39,0.68,0.0,9.06,62969.070525836454,1.1098977649513683e+20,213357.664177921,2241218.1059333063,0.09519718924859964,2579760.293917195,4619283.147487542,0.036609,0.031571,40.489977,14.290971,True,True,883.4566365795438,3.910975679884048,1.4150745132306106,1.039542770129967,1139,/scratch/project_2013233/enchanted_plugins/data/ascot_DT-D_random_extended/batch_0/ascot_sdcc_workflow_runner-e013377d-3af2-46d7-97aa-2dc6238da05f,0
11.46,0.78,0.0,12.24,5147.774334747149,3.4648490445679526e+19,45896.11601318155,280561.2944072977,0.16358677026401594,3156613.69972609,3266579.125467152,0.0,0.0,30.34575,10.806716,True,True,549.2153532910331,10.304278096710853,1.4437325687580598,1.1646540348847139,1147,/scratch/project_2013233/enchanted_plugins/data/ascot_DT-D_random_extended/batch_0/ascot_sdcc_workflow_runner-7a10974a-97dc-47b5-b230-d41b4fef0858,0
6.43,0.93,0.0,7.35,261137.46305394676,1.0696345711803707e+20,187953.23565310703,1342860.7193183098,0.13996480271499762,8429292.94682378,12115784.33236629,0.0004,0.0004,34.064834,11.333718,True,True,967.1427516814473,10.245628388380533,1.1907528519359443,1.163034888163101,1149,/scratch/project_2013233/enchanted_plugins/data/ascot_DT-D_random_extended/batch_0/ascot_sdcc_workflow_runner-a49177a8-1b5d-4dd5-bcc8-fa4c2d93a273,0
6.95,0.75,0.0,7.69,122324.27041409184,1.1686392746677717e+20,338713.5202573512,1817254.8849559221,0.18638745894226433,6049903.660694323,8174800.159057578,0.001199,0.001797,47.209372,15.322874,True,True,960.3429320448664,7.64166907718152,1.1109121858058661,1.477878152007368,1163,/scratch/project_2013233/enchanted_plugins/data/ascot_DT-D_random_extended/batch_0/ascot_sdcc_workflow_runner-2158cd8f-ad70-47bb-ab19-c8926e530c67,0
10.71,0.65,0.0,11.36,170311.89450787785,1.3546670435441225e+20,227556.94664346104,2237250.030475342,0.10171279183986094,5596976.598583866,9759849.13533555,0.008527,0.004579,35.072642,12.026682,True,True,996.8610251729463,6.193225833342241,1.300026769530588,1.0408515770103184,1152,/scratch/project_2013233/enchanted_plugins/data/ascot_DT-D_random_extended/batch_0/ascot_sdcc_workflow_runner-a7bf0ad1-cf90-4ac5-887c-f84bf5ec8f78,0
17.47,0.59,0.0,18.06,2672.6057458310447,7.321464357590227e+19,181484.13869741352,1013967.5246249819,0.1789841728555713,2265707.3997349646,1563340.751619769,0.007543,0.008723,52.179114,16.574399,True,True,528.7265344115447,3.880823459462588,1.3111491765552876,1.4393209482749028,1108,/scratch/project_2013233/enchanted_plugins/data/ascot_DT-D_random_extended/batch_0/ascot_sdcc_workflow_runner-0131700a-3a7f-4c9e-870d-aabfa1fd41d3,0
6.58,0.74,0.0,7.32,3503.245814475582,3.2774086502806553e+19,39937.76075663089,293033.2907211386,0.1362908653086695,2809410.452663044,3175671.2251194166,0.0,0.0,33.039275,10.519025,True,True,537.93580567756,9.341516836643201,1.1773446037672275,1.1467620243036745,1161,/scratch/project_2013233/enchanted_plugins/data/ascot_DT-D_random_extended/batch_0/ascot_sdcc_workflow_runner-b09b52f8-37fc-43dd-9f1c-893d4abab5e7,0
6.27,0.89,0.0,7.16,107957.91465574596,1.1158387081287644e+20,263496.02776394034,1318225.9802748326,0.19988684163924983,8753356.066882439,9319789.820811361,0.0002,0.0,37.148353,13.510496,True,True,896.2930712241184,10.171728290697967,1.4513165287848155,1.3511066083333951,1157,/scratch/project_2013233/enchanted_plugins/data/ascot_DT-D_random_extended/batch_0/ascot_sdcc_workflow_runner-507f587c-85e4-4cd4-beff-25b49fcd7533,0
16.04,0.78,0.0,16.81,41897.45282785728,9.151663497613923e+19,146361.09347208723,1064887.1254253208,0.13744282372991404,5577596.722090693,5994216.363593742,0.0004,0.0002,32.583508,11.581388,True,True,708.9765819081332,7.386457428669153,1.4389298532673398,1.1166089005252533,1124,/scratch/project_2013233/enchanted_plugins/data/ascot_DT-D_random_extended/batch_0/ascot_sdcc_workflow_runner-999639aa-2ff8-42e7-83aa-96bcbba62005,0
11.23,0.53,0.0,11.76,91601.46928014235,1.0424494555686342e+20,250122.02074639493,2024443.9174737688,0.12355097544935364,2755583.2138424306,5310695.045439094,0.03232,0.026669,46.134195,15.147597,True,True,982.4248953967324,4.489156847018862,1.219786762175091,1.1885297349078012,1064,/scratch/project_2013233/enchanted_plugins/data/ascot_DT-D_random_extended/batch_0/ascot_sdcc_workflow_runner-a6278a19-062a-4b25-9644-8f8eb6562bb5,0
8.18,0.8,0.0,8.98,7245.525519306529,6.094045627817922e+19,79881.86185573121,644317.6160913621,0.12397901261852855,3589745.124997249,3344389.02423216,0.0004,0.0004,33.484638,11.191409,True,True,568.6774757560318,6.641088465082799,1.3538171122869866,1.0941855895215515,1166,/scratch/project_2013233/enchanted_plugins/data/ascot_DT-D_random_extended/batch_0/ascot_sdcc_workflow_runner-f0262f04-a348-4528-be6e-f96faedb182b,0
7.49,0.81,0.0,8.3,58868.744716059984,1.0806031792889976e+20,322617.65261904814,1885766.169444931,0.17108041168964738,4007951.7181156836,5707804.42115114,0.009509,0.005569,51.204347,15.948618,True,True,873.5922295690568,5.690798295772708,1.0149135292925417,1.458244913117597,1158,/scratch/project_2013233/enchanted_plugins/data/ascot_DT-D_random_extended/batch_0/ascot_sdcc_workflow_runner-ef5300b6-3d90-4187-b8fa-8d23b64b92c8,0
5.72,0.3,0.0,6.02,51168.342931332954,6.423115561074384e+18,-1292.8567416987614,66792.26020705838,-0.019356385570586464,826060.6444723927,7393300.217590263,0.0,0.0,9.347742,1.89052,True,True,612.7877891186453,11.069654762369,1.1302593381652581,0.9431402343984705,1153,/scratch/project_2013233/enchanted_plugins/data/ascot_DT-D_random_extended/batch_0/ascot_sdcc_workflow_runner-8176db3b-303f-4822-8bc6-6bf79ec47d72,0
10.0,0.58,0.0,10.58,113616.68965277848,1.1982840685745163e+20,201262.86682307752,1955527.6036278273,0.10291998254062056,4937480.570487412,8376653.625537874,0.005173,0.005173,38.187081,12.130683,True,True,906.4481977254565,6.039182399793988,1.161657978551252,1.081343253751576,1155,/scratch/project_2013233/enchanted_plugins/data/ascot_DT-D_random_extended/batch_0/ascot_sdcc_workflow_runner-6217a878-46b5-4463-b150-e22848ec2f35,0
8.96,0.33,0.0,9.29,131542.09620274918,7.341415397414334e+18,-1053.5831579031467,79456.75364999469,-0.01325983141148905,974167.5720068127,10013825.01913582,0.0,0.0,7.772395,1.620044,True,True,687.2211003016359,11.329168746413849,1.20774774951348,0.871387942344292,1160,/scratch/project_2013233/enchanted_plugins/data/ascot_DT-D_random_extended/batch_0/ascot_sdcc_workflow_runner-8f71ee7c-6812-4f64-b67d-273184688a9b,0
6.91,0.66,0.0,7.57,6309.757286595789,9.466099956469016e+19,283474.9298152338,1475540.528826211,0.19211599022680687,3025986.1063455637,2564510.344561723,0.007937,0.005371,50.796922,16.774579,True,True,632.8279738553206,4.372362138689576,1.3603371953023136,1.4783079155310452,1174,/scratch/project_2013233/enchanted_plugins/data/ascot_DT-D_random_extended/batch_0/ascot_sdcc_workflow_runner-c7dd2cb3-e37b-4eba-9e4e-b8ed397d88d2,0
61.63,0.7,0.0,62.33,39035.744248272415,1.1459316768513158e+20,283319.94105422654,1516361.21393769,0.18684198622998324,6101291.425889171,6148235.802334461,0.000799,0.000999,39.989641,14.32238,True,True,780.0904755727518,7.0870549584000155,1.4596020124559845,1.3401038093638507,1037,/scratch/project_2013233/enchanted_plugins/data/ascot_DT-D_random_extended/batch_0/ascot_sdcc_workflow_runner-b743327f-a9ea-4e94-819e-fc5f985b94a8,0
5.86,1.02,0.0,6.88,91339.33173411465,1.0062949860056945e+20,246468.68067988454,1196935.0532376247,0.20591650316631982,8458981.272896688,9657793.488692248,0.0,0.0,41.751135,14.175831,True,True,920.836063392559,11.110820508041899,1.2144072780257036,1.4739959235261706,1170,/scratch/project_2013233/enchanted_plugins/data/ascot_DT-D_random_extended/batch_0/ascot_sdcc_workflow_runner-d02b442b-7a1f-4cf6-80a5-87f737e5e93b,0
6.34,0.75,0.0,7.09,279873.75135396136,1.1214434920957865e+20,141968.89500215164,1493384.4548061586,0.09506520209531658,7456460.728786747,11877541.242195077,0.0004,0.0004,29.79237,9.862558,True,True,932.4188029368628,8.518820445978198,1.221873958868391,0.9971695941847184,1169,/scratch/project_2013233/enchanted_plugins/data/ascot_DT-D_random_extended/batch_0/ascot_sdcc_workflow_runner-b74a13a6-8816-47fe-8aae-e0393c58eac6,0
8.21,0.79,0.0,9.0,34571.061842554685,8.018085563811072e+19,175833.99673058794,970057.746846191,0.18126137057536182,6032526.253915954,7221822.614964283,0.0,0.0,42.379253,13.555826,True,True,788.1797328009886,9.738988809859466,1.078280422831066,1.4089688704902952,1164,/scratch/project_2013233/enchanted_plugins/data/ascot_DT-D_random_extended/batch_0/ascot_sdcc_workflow_runner-47c12d13-7a53-4deb-9ecd-6f898e769d0a,0
6.6,0.85,0.0,7.45,19014.761156464174,5.095536431335652e+19,44044.656559953255,528898.5107835598,0.08327619696773465,3168497.982197039,3553242.31045883,0.0006,0.0,29.596924,9.345972,True,True,556.0787937065007,6.771215876188228,1.2552000489195199,0.9599452107009229,1177,/scratch/project_2013233/enchanted_plugins/data/ascot_DT-D_random_extended/batch_0/ascot_sdcc_workflow_runner-e79a904d-597b-4d19-84d6-e2cd322c9f26,0
9.21,0.83,0.0,10.04,62515.99972079901,1.2209653458221233e+20,411870.8385002535,2161681.9969796236,0.19053257559425188,4256157.901209118,5340447.00821815,0.00833,0.006162,45.594641,16.532319,True,True,894.8652369099832,5.490578920883548,1.4939245696136725,1.408890635832076,1175,/scratch/project_2013233/enchanted_plugins/data/ascot_DT-D_random_extended/batch_0/ascot_sdcc_workflow_runner-9c603a42-d3c1-46dd-834f-bfff2e8a243a,0
8.78,0.76,0.0,9.55,27042.7969474607,8.608891691937817e+19,174760.0458120511,1080958.9107132314,0.16167131246158287,5155537.945810553,5663741.390209939,0.000999,0.0002,40.561639,13.005507,True,True,714.2516559176928,7.611108440491547,1.1756313010752986,1.2954302458398617,1168,/scratch/project_2013233/enchanted_plugins/data/ascot_DT-D_random_extended/batch_0/ascot_sdcc_workflow_runner-84dd5747-41b1-4c8c-b95f-cdc3e91b5a8f,0
4.78,0.94,0.0,5.72,180210.1240318386,1.0497810697854052e+20,237909.23625582512,1242463.151323115,0.19148192524057756,8770598.013565162,10220975.973585742,0.0,0.0,37.810936,13.17987,True,True,921.338049071102,10.850586962383186,1.304660235663049,1.3519139516174623,1151,/scratch/project_2013233/enchanted_plugins/data/ascot_DT-D_random_extended/batch_0/ascot_sdcc_workflow_runner-1b968797-50e7-4dff-8be5-b133872d0187,0
5.7,0.76,0.0,6.46,5626.770875246772,3.0564075394059944e+19,28075.0322675067,250069.19302938244,0.11226905612562985,2565142.389872373,2960297.8902875767,0.0,0.0,25.512762,9.009938,True,True,513.9806190582221,9.076260079967488,1.4451012977961977,0.9950188661308585,1182,/scratch/project_2013233/enchanted_plugins/data/ascot_DT-D_random_extended/batch_0/ascot_sdcc_workflow_runner-7cd2accc-0a30-402b-8460-735cd2dcd0d2,0
7.06,0.82,0.0,7.88,17689.579432350558,6.044645702243528e+19,96911.82254237036,628331.8019034257,0.15423669826800468,4523470.084336233,4890511.749735898,0.0,0.0004,34.861769,11.580857,True,True,645.6345051286015,8.778038685381274,1.2701169298410433,1.2041042921739575,1179,/scratch/project_2013233/enchanted_plugins/data/ascot_DT-D_random_extended/batch_0/ascot_sdcc_workflow_runner-dd348fc4-c942-464e-a50b-80fffc643f48,0
8.01,0.32,0.0,8.33,199491.9286075442,1.2036747922719967e+19,-1894.0589644441004,141122.85345869118,-0.013421348265173227,1444008.311706791,13760423.938981103,0.0,0.0,7.763713,1.697405,True,True,776.0297865641169,10.62549880625176,1.2426803537952011,0.813058873824539,1171,/scratch/project_2013233/enchanted_plugins/data/ascot_DT-D_random_extended/batch_0/ascot_sdcc_workflow_runner-c821ce90-39e8-4e33-bcce-f87463428a94,0
12.53,0.5,0.0,13.03,50894.71413086374,1.1436293498296708e+20,203204.66787621428,2065727.693931211,0.0983695326703506,3197730.469470866,4970618.208855152,0.020184,0.01826,40.711072,13.377204,True,True,799.2054044633932,4.320673029094225,1.2939172083764985,1.0643361771947906,1167,/scratch/project_2013233/enchanted_plugins/data/ascot_DT-D_random_extended/batch_0/ascot_sdcc_workflow_runner-d21aaac9-27fb-4680-84c0-c7b9bc4b97a6,0
16.18,0.69,0.0,16.87,3524.7256117908255,7.878954941539276e+19,171256.0336481186,930961.9453863213,0.18395599787599534,3748537.468565025,2862197.220326837,0.000799,0.0002,43.423385,14.65108,True,True,590.1457050585396,5.773862021479636,1.3913192266059848,1.3707010493960552,1154,/scratch/project_2013233/enchanted_plugins/data/ascot_DT-D_random_extended/batch_0/ascot_sdcc_workflow_runner-40374c97-a3d4-48b3-ac26-d7b9f33820df,0
8.48,0.64,0.0,9.13,82381.35384191034,1.1785907946857746e+20,266340.3414134645,1647629.9752606847,0.16165058017430442,6474709.843969159,7885113.722613264,0.001597,0.0,39.334958,13.274987,True,True,854.2615068441447,7.478234225813199,1.2799086489438007,1.2671714202197244,1156,/scratch/project_2013233/enchanted_plugins/data/ascot_DT-D_random_extended/batch_0/ascot_sdcc_workflow_runner-3aac2543-b8d0-4764-b326-572b44b26968,0
5.28,0.78,0.0,6.06,20519.06923189312,9.181122216630754e+19,202734.80831562585,1104784.1529760873,0.18350626026766875,5463482.595794748,5192945.674474551,0.0002,0.0002,39.805998,13.678204,True,True,703.0027961167027,7.472091837168685,1.3587641004000734,1.3364422466710693,1194,/scratch/project_2013233/enchanted_plugins/data/ascot_DT-D_random_extended/batch_0/ascot_sdcc_workflow_runner-7a15c6bf-2b5a-40de-a73f-b1da2ce37dd8,0
8.12,0.75,0.0,8.88,1947.0774712565349,5.833763428120331e+19,92798.25022367483,573301.3391548273,0.16186644594355898,3172855.546213893,2251226.5867124633,0.0004,0.0,38.111299,13.172898,True,True,521.7002827229469,6.106863988323467,1.4518734120036423,1.2388176292864315,1181,/scratch/project_2013233/enchanted_plugins/data/ascot_DT-D_random_extended/batch_0/ascot_sdcc_workflow_runner-026a62ce-f24f-4b5d-9cfb-4013c57094e6,0
9.82,0.68,0.0,10.49,12737.108074814036,3.2305421700636107e+19,-5416.632112832301,341572.9825911022,-0.015857905598220465,2171550.40947147,4288940.680416029,0.0002,0.0,20.15098,5.233295,True,True,540.0952610615414,6.656676878694611,1.2265507691022355,0.8237396182416882,1185,/scratch/project_2013233/enchanted_plugins/data/ascot_DT-D_random_extended/batch_0/ascot_sdcc_workflow_runner-39a7e207-eeca-4168-b53a-7861e98b7225,0
7.53,0.75,0.0,8.28,111967.04822926768,7.967966873648402e+19,85455.87110012927,994437.8898752466,0.0859338446072784,5476901.61068728,8511250.496991044,0.0002,0.0,29.484888,9.208358,True,True,775.7509591346583,8.363092605653526,1.1506474431906963,0.9762167003137293,1053,/scratch/project_2013233/enchanted_plugins/data/ascot_DT-D_random_extended/batch_0/ascot_sdcc_workflow_runner-5ec243d3-70d1-4458-b1f1-b7e809c6ed5b,0
17.26,0.76,0.0,18.01,244823.90698981407,8.77064715482029e+19,143538.60437941138,1002130.1462810821,0.1432334960804093,8147530.833836121,11877536.116524968,0.0002,0.0,30.320906,10.506841,True,True,925.5725051717282,11.591080353383166,1.2917848088595647,1.1224583155734524,1113,/scratch/project_2013233/enchanted_plugins/data/ascot_DT-D_random_extended/batch_0/ascot_sdcc_workflow_runner-7763e5b2-2233-47a6-ba81-56c8eecaec9f,0
25.24,0.29,0.0,25.53,70900.17859624563,5.213196446984929e+18,-1021.970362275832,54725.674339714045,-0.01867442246452494,678321.5134420799,7264687.385408079,0.0,0.0,8.249705,1.626572,True,True,610.1433116122888,11.007406533569384,1.0526681376047473,0.8076177539619812,1141,/scratch/project_2013233/enchanted_plugins/data/ascot_DT-D_random_extended/batch_0/ascot_sdcc_workflow_runner-7a23b013-be2c-4d29-85e9-824299c8a815,0
9.11,0.72,0.0,9.83,113432.03629757879,5.371892655617479e+19,54454.4924471598,576049.6133051534,0.09453090704239978,4693085.414136703,7704678.388691782,0.0,0.0,24.114346,8.214018,True,True,720.5435223886029,10.01535578305918,1.3496928578045033,0.9378363948684048,1192,/scratch/project_2013233/enchanted_plugins/data/ascot_DT-D_random_extended/batch_0/ascot_sdcc_workflow_runner-123a7101-50ff-46c6-9e56-aaa6747dbac9,0
8.39,0.86,0.0,9.25,0.0,3.542852209076427e+19,61431.54714053122,281484.22958020814,0.21824152362690882,3413468.6933770482,3016446.0621819976,0.0,0.0,37.570963,13.249403,True,True,555.5352639591864,11.137836433622612,1.3995182117784926,1.42821615529802,1188,/scratch/project_2013233/enchanted_plugins/data/ascot_DT-D_random_extended/batch_0/ascot_sdcc_workflow_runner-06da12ec-21e0-4291-bb72-2cd82b87f537,0
8.49,0.84,0.0,9.33,57834.666813049495,4.148226078291715e+19,43513.582960418,401368.3893855932,0.1084130791341783,4166694.425724066,6632771.970805992,0.0,0.0,25.079703,8.813439,True,True,685.8269768658199,11.644789319267526,1.3288819790442687,1.0270334195534023,1191,/scratch/project_2013233/enchanted_plugins/data/ascot_DT-D_random_extended/batch_0/ascot_sdcc_workflow_runner-6cf43cae-9b2a-4354-b020-f8577354ab77,0
7.22,0.71,0.0,7.93,79258.97756888412,9.736910380572983e+19,189357.9795223032,2097935.0734254518,0.09025921818120168,2013154.7133732154,4098116.243326545,0.05962,0.044708,40.966892,14.843217,True,True,968.6164786926946,3.6847045076272877,1.434011465298235,1.0178092996437207,1196,/scratch/project_2013233/enchanted_plugins/data/ascot_DT-D_random_extended/batch_0/ascot_sdcc_workflow_runner-53156ae1-fc5e-4ec0-9ee7-a1776adf6030,0
6.65,0.61,0.0,7.27,278075.6106487099,1.1284494903412512e+20,124073.42530575267,1686633.8842573138,0.07356274913235643,6570784.021261654,12329914.253331276,0.001398,0.000999,31.963482,9.752324,True,True,982.7291774929006,8.003977026256868,1.002895801424517,0.9652301984693689,1193,/scratch/project_2013233/enchanted_plugins/data/ascot_DT-D_random_extended/batch_0/ascot_sdcc_workflow_runner-d9825554-855e-4e2a-8e00-b72e7fa316ba,0
5.76,0.71,0.0,6.47,104657.40100134588,6.8432237167198044e+19,102818.18372155665,811300.5549039822,0.12673254455461974,5627564.915872237,8355214.026528199,0.0,0.0,33.669449,10.575712,True,True,785.37821520766,10.181730202901587,1.0861959965666634,1.136591470056218,1200,/scratch/project_2013233/enchanted_plugins/data/ascot_DT-D_random_extended/batch_0/ascot_sdcc_workflow_runner-992d8b73-c18d-4df3-be3e-703595220d6c,0
6.65,0.77,0.0,7.42,193116.44867604913,9.087388145279143e+19,72654.41881041914,1200493.454428259,0.0605204622669277,6282657.387514742,11586077.274474017,0.000799,0.0,26.729375,8.191485,True,True,873.7045376120502,8.493977979945274,1.1431410593944202,0.8795629396575481,1199,/scratch/project_2013233/enchanted_plugins/data/ascot_DT-D_random_extended/batch_0/ascot_sdcc_workflow_runner-85c99db9-fef6-48b4-a09b-21f532ea993b,0
6.09,0.66,0.0,6.75,2528.9384853371585,6.263054796310183e+19,97022.10030981981,713518.4651558623,0.13597699996260942,2790691.819398299,2109342.2377582937,0.000999,0.000799,41.277992,13.12147,True,True,516.2810228341724,5.110483743570181,1.2906591890223793,1.1976548323651222,1197,/scratch/project_2013233/enchanted_plugins/data/ascot_DT-D_random_extended/batch_0/ascot_sdcc_workflow_runner-95f08066-8b8b-4bcc-9d60-5a338b15e3d5,0
11.33,0.91,0.0,12.24,63518.31663957973,9.542463997801511e+19,306586.52299537923,1964828.6740788931,0.15603728052223498,2165638.064197458,3715919.9201490986,0.044708,0.039939,51.746422,17.246042,True,True,947.7966783419918,3.9740907134051358,1.2745508137840111,1.3476903172148638,1186,/scratch/project_2013233/enchanted_plugins/data/ascot_DT-D_random_extended/batch_0/ascot_sdcc_workflow_runner-04ab06c1-c865-4751-9852-7244c842fe74,0
11.25,0.92,0.0,12.17,31530.511761692753,6.062107063215535e+19,101016.46490192223,672594.4626701233,0.15018926040648384,5109844.2861752575,6843390.333462897,0.0002,0.0,36.518662,11.542786,True,True,729.6903880998169,10.310111614369987,1.0902438266596242,1.2347800572122547,1180,/scratch/project_2013233/enchanted_plugins/data/ascot_DT-D_random_extended/batch_0/ascot_sdcc_workflow_runner-526be80f-d885-4c83-8444-ddfca40d0f20,0
13.79,0.83,0.0,14.63,338317.6408885383,6.541854820811685e+19,65450.44027419339,776777.9387477074,0.08425888147610135,6199821.675161175,12263100.08766241,0.0,0.0002,25.726877,8.089005,True,True,890.5198331129881,11.38165208226401,1.1248722298197833,0.9450459796043612,1183,/scratch/project_2013233/enchanted_plugins/data/ascot_DT-D_random_extended/batch_0/ascot_sdcc_workflow_runner-04c0fbfc-f005-4bd4-96d3-0e4e48f0ff56,0
6.38,0.82,0.0,7.2,0.0,3.895645958373169e+19,61010.58991465454,320526.48992603144,0.19034492259511557,2939103.3858647626,2201598.7786173453,0.0,0.0,37.498662,12.979779,True,True,502.1743826323674,8.326472867640701,1.4016755881391976,1.3320427380463375,1212,/scratch/project_2013233/enchanted_plugins/data/ascot_DT-D_random_extended/batch_0/ascot_sdcc_workflow_runner-0da555a5-d889-49a0-aff3-1a87966f8433,0
27.91,0.65,0.0,28.56,131662.7218238116,9.140614088140985e+19,107344.2508780255,1831140.5568712407,0.05862152442379308,1967610.42041207,4866733.966489483,0.067512,0.060856,44.521726,13.604347,True,True,979.5279158386893,3.659998180684496,1.0591007869666593,0.9600819194779662,1123,/scratch/project_2013233/enchanted_plugins/data/ascot_DT-D_random_extended/batch_0/ascot_sdcc_workflow_runner-14f84c7f-144f-4127-a6fc-39f29576808f,0
9.21,0.61,0.0,9.82,47361.69527479059,9.230880940976875e+19,185543.94472004034,1291394.6453125367,0.14367718295373288,5022243.200233767,6471879.598719821,0.001398,0.000799,41.989958,12.909672,True,True,765.3182954652677,7.293647252358399,1.0592084285986465,1.2641119096433018,1187,/scratch/project_2013233/enchanted_plugins/data/ascot_DT-D_random_extended/batch_0/ascot_sdcc_workflow_runner-b5554f16-da3c-4cd4-b9a1-2bc563c52d55,0
12.48,0.34,0.0,12.82,89181.33271788157,9.398734080076409e+18,-1359.0391781718513,101158.75466642686,-0.013434716378758435,1156647.9783165434,9792400.882723697,0.0,0.0,8.041764,1.753372,True,True,676.1348673554673,10.582208698929147,1.2971720784713483,0.8477965398002201,1190,/scratch/project_2013233/enchanted_plugins/data/ascot_DT-D_random_extended/batch_0/ascot_sdcc_workflow_runner-6ba604c0-64cd-434c-a6cb-0f6f744e3263,0
8.96,0.8,0.0,9.76,10406.412205679226,7.098241845303813e+19,156098.07266214103,734295.4358395685,0.21258210938443842,5650590.2652954925,5163519.406733354,0.0,0.0,40.229046,13.951704,True,True,688.9884961965981,9.707254145678641,1.3376232937344767,1.4546111810241271,1178,/scratch/project_2013233/enchanted_plugins/data/ascot_DT-D_random_extended/batch_0/ascot_sdcc_workflow_runner-77dc8bfb-00a6-4fca-9705-42747ee8cb0b,0
6.53,0.81,0.0,7.34,267344.67153738794,1.2853155516428897e+20,248441.00475921461,1673835.8354018661,0.14842614759742384,8589712.388463743,11389939.035807265,0.0,0.0,34.166688,12.049379,True,True,967.3459787772396,8.876858410425944,1.352266464441807,1.1684104270904463,1184,/scratch/project_2013233/enchanted_plugins/data/ascot_DT-D_random_extended/batch_0/ascot_sdcc_workflow_runner-562f7add-b117-4242-b8fa-b82abb9b6558,0
17.21,0.71,0.0,17.93,46477.19393262843,5.48566762478424e+19,27498.067924010964,592997.6172898441,0.046371295806692116,3774673.123830068,6045104.12552951,0.0002,0.0,22.058478,7.154138,True,True,639.9042331442304,7.43137743796604,1.4401834702126803,0.8485820953504954,1176,/scratch/project_2013233/enchanted_plugins/data/ascot_DT-D_random_extended/batch_0/ascot_sdcc_workflow_runner-23d512cc-17a3-41cc-bf1c-88474c6afe81,0
6.58,0.81,0.0,7.39,754.8244384386675,3.252544301100392e+19,54225.71693156504,261893.98438111434,0.2070521667754479,3335038.075200234,3215176.011760907,0.0,0.0,35.478068,12.488616,True,True,561.8068150280982,11.831954374545104,1.3869069626918962,1.3598751074136457,1211,/scratch/project_2013233/enchanted_plugins/data/ascot_DT-D_random_extended/batch_0/ascot_sdcc_workflow_runner-ad6804e2-0506-45a4-b9ea-54d3070e77ff,0
12.06,0.78,0.0,12.85,431100.55024996394,7.663892878847119e+19,95681.28880981402,862549.7838791016,0.11092842476814659,7302404.932666981,12678188.197452324,0.0,0.0,23.60548,8.605714,True,True,904.2810585977002,11.501434435489463,1.4798941240943304,0.957300058921025,1198,/scratch/project_2013233/enchanted_plugins/data/ascot_DT-D_random_extended/batch_0/ascot_sdcc_workflow_runner-f0172b16-3272-4fd4-9862-2f7788cfa451,0
22.6,0.8,0.0,23.4,93345.60419739815,1.0299393868501582e+20,223956.36503064478,1189685.4309260673,0.18824838836289196,8018562.884426193,8875307.993812112,0.0,0.0,36.878212,13.050723,True,True,861.9168869436422,9.983038528808638,1.3638587413460816,1.3199492887371322,1159,/scratch/project_2013233/enchanted_plugins/data/ascot_DT-D_random_extended/batch_0/ascot_sdcc_workflow_runner-8ba3599a-dcf4-424d-8eea-dcfb43de5703,0
6.22,0.55,0.0,6.77,99670.10218790526,1.1213472787036019e+20,230294.4183182925,1760101.5822597363,0.13084154951024196,5463389.294859746,8411006.952910258,0.003388,0.002195,41.140005,12.858929,True,True,902.6688581076917,7.02802718575416,1.0804769218528596,1.2076560522083175,1219,/scratch/project_2013233/enchanted_plugins/data/ascot_DT-D_random_extended/batch_0/ascot_sdcc_workflow_runner-80881114-5ee8-44a3-8d0a-d2224b62e6de,0
6.91,0.69,0.0,7.6,5079.47982908774,3.0034760431272894e+19,31904.421177234515,280595.52575166133,0.11370252997359355,2660919.680607473,3491373.2245513126,0.0,0.0,31.359388,9.613642,True,True,546.3517301571358,9.587018610493018,1.0931853910572267,1.0774967172433072,1216,/scratch/project_2013233/enchanted_plugins/data/ascot_DT-D_random_extended/batch_0/ascot_sdcc_workflow_runner-fef8805b-4eb5-4a5b-ac58-b2492aa00854,0
6.49,0.85,0.0,7.34,6797.857549306011,5.289752085084851e+19,108428.50263799832,487899.13476543425,0.2222354886735496,4982955.810829107,4652767.635726742,0.0,0.0,37.333546,13.421225,True,True,653.2558898303918,11.395366913516188,1.4529626046819089,1.4303356319070728,1217,/scratch/project_2013233/enchanted_plugins/data/ascot_DT-D_random_extended/batch_0/ascot_sdcc_workflow_runner-7489f785-b777-4bcf-be4b-fbacb409ec73,0
10.83,0.59,0.0,11.43,131090.0079768036,1.2795635520624584e+20,81537.98745312964,1815298.1542838581,0.044917132351350114,6264655.441847444,10610938.939644564,0.002394,0.003388,25.330214,8.773357,True,True,865.4383978376752,6.130405535242926,1.462812431927193,0.8023884458695619,1202,/scratch/project_2013233/enchanted_plugins/data/ascot_DT-D_random_extended/batch_0/ascot_sdcc_workflow_runner-590a7d4d-3bb3-4a48-83b2-e4971dfacb46,0
8.07,0.28,0.0,8.34,281598.40840839286,8.792117108397034e+18,-448.7354525502051,100297.62280693125,-0.004474038765744251,1221660.2401228654,14987007.346347617,0.0,0.0,6.532099,1.417259,True,True,800.3962727964573,11.83302409063689,1.2846246220104927,0.8230587215493932,1218,/scratch/project_2013233/enchanted_plugins/data/ascot_DT-D_random_extended/batch_0/ascot_sdcc_workflow_runner-7e4f0ec3-bf29-4419-8566-ff7e9f66aeae,0
10.72,0.51,0.0,11.24,39817.41797972436,1.0462835934287467e+20,198320.3831563254,1603952.8317478118,0.12364477260856706,3950615.3832236724,4730913.78400905,0.006162,0.004381,40.579477,13.074779,True,True,714.0165465416366,5.183999766025959,1.2695519002939695,1.1514815442040849,1201,/scratch/project_2013233/enchanted_plugins/data/ascot_DT-D_random_extended/batch_0/ascot_sdcc_workflow_runner-cd52f4a0-114b-431e-b324-d281adc6b798,0
9.42,0.88,0.0,10.3,99789.78690821226,8.169957733726165e+19,113882.52871767568,911106.0629980997,0.1249937118659183,6436305.925576382,8539765.740008999,0.0,0.0,27.163908,9.964266,True,True,781.4810514962317,9.417450388968215,1.4782639491812115,1.0323327104058266,1206,/scratch/project_2013233/enchanted_plugins/data/ascot_DT-D_random_extended/batch_0/ascot_sdcc_workflow_runner-2bb77076-fe35-4da3-a98b-ec4939df4a20,0
7.63,0.4,0.0,8.02,2171.1735931668522,7.820549036914406e+19,160345.14404979307,1169890.0920426184,0.13706000686768086,2193764.768227527,1735422.554808932,0.011662,0.012833,47.683418,15.412524,True,True,545.3125632357853,3.642398657057811,1.356157126592673,1.238446455140799,1207,/scratch/project_2013233/enchanted_plugins/data/ascot_DT-D_random_extended/batch_0/ascot_sdcc_workflow_runner-3a23daa0-e45e-466c-882c-27121e651048,0
8.43,0.7,0.0,9.12,3896.149970614952,6.178978152718043e+19,64292.46690288836,665702.1585301929,0.0965784263713971,2929628.2201939267,2514307.682580041,0.000999,0.000799,33.86322,11.196846,True,True,521.833431544148,5.271955726336271,1.3661457338708196,1.0231358774080659,1205,/scratch/project_2013233/enchanted_plugins/data/ascot_DT-D_random_extended/batch_0/ascot_sdcc_workflow_runner-e08c2fd7-7ede-4203-880a-c22ecd5aa041,0
11.11,0.93,0.0,12.05,24672.294889949946,7.488772303797073e+19,129061.79365422764,859137.8476115419,0.1502224515111605,5239505.364546226,5916160.99576905,0.0,0.0002,35.922865,11.781702,True,True,703.5694267260487,8.499057247065542,1.2253295638420614,1.2066794440992332,1165,/scratch/project_2013233/enchanted_plugins/data/ascot_DT-D_random_extended/batch_0/ascot_sdcc_workflow_runner-f142c74e-2997-4887-83e5-c9a55a3ee53d,0
6.61,0.66,0.0,7.27,54837.62597789361,1.2279608730544703e+20,287018.36694905016,1871742.4213446472,0.1533428764962532,5331572.469701677,6733490.627560924,0.004381,0.002593,40.170558,13.744512,True,True,835.9915665694098,6.18862823929015,1.3417273227939615,1.236971410700054,1224,/scratch/project_2013233/enchanted_plugins/data/ascot_DT-D_random_extended/batch_0/ascot_sdcc_workflow_runner-1d407fa5-9c0d-4c06-890d-f272d59f40ee,0
6.76,0.83,0.0,7.6,10314.564167385332,5.092741873711211e+19,84342.69439778537,473866.6872949627,0.17798823310254236,4374856.115273487,4477119.7388998,0.0,0.0,33.285569,11.784914,True,True,627.928933983861,10.060177168148952,1.419560461776577,1.2399513789285943,1208,/scratch/project_2013233/enchanted_plugins/data/ascot_DT-D_random_extended/batch_0/ascot_sdcc_workflow_runner-5f4a52c5-2974-4c5f-8374-48a654f95d59,0
6.22,1.02,0.0,7.23,114281.12537758499,1.2900551039711022e+20,268183.0811692691,2191281.7641688418,0.12238639756626257,4734126.180754722,7669517.003861871,0.009116,0.007149,38.833168,13.295536,True,True,934.657343821983,5.648828883627409,1.3283065228547732,1.1280251378257433,1173,/scratch/project_2013233/enchanted_plugins/data/ascot_DT-D_random_extended/batch_0/ascot_sdcc_workflow_runner-b30b6468-a281-429d-8e47-b318aff0a82a,0
11.48,0.69,0.0,12.17,54904.24036542423,7.011106943270317e+19,99410.20363287108,850879.4037806252,0.11683230689469262,4896733.653847125,6699864.8448415175,0.0006,0.0,34.416742,10.601276,True,True,718.5621556792661,8.597610396876009,1.0883933792325495,1.1109352961666539,1214,/scratch/project_2013233/enchanted_plugins/data/ascot_DT-D_random_extended/batch_0/ascot_sdcc_workflow_runner-19568f30-fbef-457c-840a-c8c83dc01c53,0
12.75,0.76,0.0,13.52,6096.283123437979,4.8039929152028025e+19,8864.25601591613,524351.6117946368,0.016905175490120987,2441536.642057418,3015167.404105416,0.000799,0.000999,26.334952,7.404235,True,True,508.83177485689174,5.2429299894450185,1.2751363505030928,0.8499046939216117,1209,/scratch/project_2013233/enchanted_plugins/data/ascot_DT-D_random_extended/batch_0/ascot_sdcc_workflow_runner-d60bf15e-25d9-4460-8a22-129e4906f4dc,0
7.4,0.78,0.0,8.18,130738.00232340985,1.1159974478462747e+20,270354.87396158103,1559665.64396371,0.1733415588193027,6740473.276744061,8616782.621100416,0.0,0.0002,42.418778,13.843502,True,True,896.7669443150412,8.339686722980522,1.1540452905601395,1.363930348504503,1222,/scratch/project_2013233/enchanted_plugins/data/ascot_DT-D_random_extended/batch_0/ascot_sdcc_workflow_runner-f5fe1717-e149-4217-b304-cd8ab6e5b925,0
6.5,0.81,0.0,7.31,3479.033721767545,4.16250756781332e+19,67782.99274637183,406968.03060721594,0.1665560625124198,3468912.958859791,3810393.0585704,0.0,0.0,38.855036,12.268728,True,True,586.5123739663057,9.573793666512655,1.1025360070833339,1.309543176108477,1228,/scratch/project_2013233/enchanted_plugins/data/ascot_DT-D_random_extended/batch_0/ascot_sdcc_workflow_runner-15dd53f8-097e-4a16-a1e1-f063c20b16e9,0
6.27,0.63,0.0,6.89,155913.3764577151,1.2146097546170751e+20,89099.15116532319,2018126.2213147818,0.0441494442836565,4936305.565835753,10017142.296767656,0.00892,0.007149,31.535254,9.544057,True,True,914.8607837330923,5.782467385010186,1.1467825299220025,0.8541379550949717,1232,/scratch/project_2013233/enchanted_plugins/data/ascot_DT-D_random_extended/batch_0/ascot_sdcc_workflow_runner-a4d3e569-1113-4701-a63d-66c5097fcb74,0
7.62,0.61,0.0,8.22,0.0,7.191066285374987e+19,147511.67119573726,920322.7940537549,0.16028253581114854,2576080.6851269472,1722167.5792421293,0.00319,0.002991,45.166881,15.201642,True,True,523.8791739709243,4.31482342541278,1.4418901925249465,1.2938739586142851,1203,/scratch/project_2013233/enchanted_plugins/data/ascot_DT-D_random_extended/batch_0/ascot_sdcc_workflow_runner-91fb106e-fba9-4b05-8a83-d6cc05cbce2d,0
6.81,0.74,0.0,7.56,58837.39562053252,1.1330703534074642e+20,293074.4858999864,1939643.0045068199,0.15109712726466618,4137873.1824315535,5977064.867737328,0.00892,0.006359,46.397241,14.74965,True,True,859.8294912837646,5.5320652624769675,1.1538335301545275,1.3091387843401512,1220,/scratch/project_2013233/enchanted_plugins/data/ascot_DT-D_random_extended/batch_0/ascot_sdcc_workflow_runner-378cdda9-4453-4217-b7d3-f428f551af41,0
6.58,0.79,0.0,7.37,30069.87402793889,4.6225959599326085e+19,60502.22097033734,449194.7450404684,0.1346904024108444,4174155.680753655,5403652.208020765,0.0,0.0,28.266049,9.769282,True,True,647.5231137129142,10.373342954051155,1.3457122106224761,1.0779137772587655,1237,/scratch/project_2013233/enchanted_plugins/data/ascot_DT-D_random_extended/batch_0/ascot_sdcc_workflow_runner-dc3a2538-3267-45c7-9e3c-2c3b7109a3e4,0
9.76,0.88,0.0,10.64,308418.31315843936,1.1723566991031476e+20,185783.11942709854,1399949.8877572373,0.13270697833672376,8860628.423560299,11980453.39070592,0.0002,0.0002,28.806728,10.7499,True,True,933.4505113724845,9.480875948028531,1.4910514594168167,1.0631756677386477,1221,/scratch/project_2013233/enchanted_plugins/data/ascot_DT-D_random_extended/batch_0/ascot_sdcc_workflow_runner-579b5e62-3891-44c1-8447-f1fdf3c75cf4,0
17.32,0.72,0.0,18.04,49263.272713631864,1.02665528619183e+20,152772.66849361733,1634103.0143772874,0.09349023112342454,4137477.881577637,6424988.0419208165,0.007149,0.005569,39.831338,11.903205,True,True,777.455684255511,5.691401998989718,1.0242849891617394,1.0783603741933283,1204,/scratch/project_2013233/enchanted_plugins/data/ascot_DT-D_random_extended/batch_0/ascot_sdcc_workflow_runner-5d79a881-b879-438b-b042-0e4126972766,0
6.92,0.73,0.0,7.64,167828.2327446078,9.199744399873283e+19,157712.39463427276,1186729.885902745,0.13289662332410293,6714823.7966140015,9961742.987600565,0.0002,0.0002,35.843526,11.374708,True,True,879.9333051298522,9.529200017204943,1.0933175379350204,1.1708268573620877,1223,/scratch/project_2013233/enchanted_plugins/data/ascot_DT-D_random_extended/batch_0/ascot_sdcc_workflow_runner-af2726f1-80f6-4ba3-ab98-bc613bec5eea,0
7.52,0.7,0.0,8.22,7512.797151269868,4.184109248383139e+19,34688.94843804126,439907.4025921819,0.07885511413000659,2810986.2503364123,3651913.2297614585,0.0,0.0,31.677953,9.227355,True,True,553.530354230629,7.419598531582857,1.0104285515850495,0.9858027721755029,1236,/scratch/project_2013233/enchanted_plugins/data/ascot_DT-D_random_extended/batch_0/ascot_sdcc_workflow_runner-4b79c8d5-fec4-4688-bbe8-6ec158445333,0
7.96,0.57,0.0,8.53,5156.034719712061,8.94928947199825e+19,228874.19601644456,1401422.2280548527,0.1633156599307816,2893196.5531257964,2796166.7167359213,0.007149,0.007937,51.089861,15.677892,True,True,627.8700991067304,4.413155037676623,1.1602291917681011,1.3916740810536572,1195,/scratch/project_2013233/enchanted_plugins/data/ascot_DT-D_random_extended/batch_0/ascot_sdcc_workflow_runner-37d37a1d-42ad-4e41-a8c9-6db765014a06,0
7.61,0.81,0.0,8.41,1222.5943211648841,3.589601500891991e+19,50277.63745787365,290355.3825308437,0.17315896478183174,2916185.476506422,2461897.3081616075,0.0,0.0,33.740423,11.821124,True,True,512.1040964930456,8.959394627782103,1.425623983503851,1.232153811759964,1234,/scratch/project_2013233/enchanted_plugins/data/ascot_DT-D_random_extended/batch_0/ascot_sdcc_workflow_runner-b567e74f-51a3-4e9a-8b79-21195960ef23,0
43.05,0.73,0.0,43.78,17694.36005351719,8.86814589038053e+19,191992.97914886184,1032285.7600422661,0.18598820847921108,5854257.19263213,5738128.44867092,0.0002,0.0002,39.072825,13.430008,True,True,724.4421181917186,8.240248440822956,1.3414420985314837,1.3405554202014311,1142,/scratch/project_2013233/enchanted_plugins/data/ascot_DT-D_random_extended/batch_0/ascot_sdcc_workflow_runner-51f75c7d-b7be-4cad-bab4-cdc556099996,0
17.35,0.72,0.0,18.07,6989.419459407105,5.237974611877052e+19,70322.7001411283,548176.9142243814,0.12828468021246076,2860818.0042885053,2442246.474671477,0.0006,0.0,38.287026,11.934746,True,True,517.3111726363709,6.082911098557858,1.209338212414482,1.1591147623322837,1210,/scratch/project_2013233/enchanted_plugins/data/ascot_DT-D_random_extended/batch_0/ascot_sdcc_workflow_runner-e54c191f-c99f-4241-be4f-77bb9f9d38e0,0
4.64,0.6,0.0,5.24,221779.9972954225,1.1393387795305667e+20,223018.78679054973,1606866.7519624752,0.13879108925377642,7442210.968762396,11279561.897394689,0.0004,0.0002,38.171531,12.249222,True,True,989.4345195251569,9.062898887461904,1.0973311405083797,1.2106447759121932,1241,/scratch/project_2013233/enchanted_plugins/data/ascot_DT-D_random_extended/batch_0/ascot_sdcc_workflow_runner-6f35376f-1018-4929-984b-78fa7c9487df,0
5.37,0.67,0.0,6.05,111820.84821334049,1.2118388267008241e+20,340011.50463013665,2106107.7496847333,0.1614406977425697,4343831.269904436,6570550.619822945,0.010293,0.00774,45.155687,15.227361,True,True,945.1906510530996,5.667546357399371,1.2831623270034456,1.3201089427597372,1229,/scratch/project_2013233/enchanted_plugins/data/ascot_DT-D_random_extended/batch_0/ascot_sdcc_workflow_runner-88a09ef7-f7ec-4c4f-9b5d-f4dc16ef3070,0
7.57,0.58,0.0,8.16,28465.682246819386,7.817272976238707e+19,245863.83773456048,1585370.1841918505,0.15508292018238673,1616255.8764268823,3282884.1454486824,0.068381,0.064896,58.065548,18.363642,True,True,982.9762300019285,3.6010309304687436,1.0926654438986214,1.4295315144423966,1235,/scratch/project_2013233/enchanted_plugins/data/ascot_DT-D_random_extended/batch_0/ascot_sdcc_workflow_runner-01c1293f-4d64-44d4-bbf1-8c58c0882317,0
6.88,0.72,0.0,7.6,132891.71396703934,1.0238476672766619e+20,57855.64055318515,1548302.9289839298,0.03736713240680412,5192418.638657585,10332280.656561231,0.002991,0.001199,29.172376,8.418103,True,True,858.243463186918,6.710234118098094,1.051699559844141,0.8301341603572787,1230,/scratch/project_2013233/enchanted_plugins/data/ascot_DT-D_random_extended/batch_0/ascot_sdcc_workflow_runner-b692c994-0395-48e5-8621-9958052a92c0,0
7.06,0.79,0.0,7.85,4034.9917731642554,7.3533832350524604e+19,106215.68958418218,1058210.8883653607,0.10037289424252255,2608489.480425109,2702365.741843766,0.005767,0.007543,44.070779,12.876642,True,True,569.2176834271932,4.523341458878491,1.0858592976362005,1.125146121313771,1226,/scratch/project_2013233/enchanted_plugins/data/ascot_DT-D_random_extended/batch_0/ascot_sdcc_workflow_runner-5edc87ba-ffbc-4558-806a-28feaa55ba26,0
6.51,0.68,0.0,7.19,412064.223966855,1.0497517624544251e+20,73153.14878697562,1377602.5625346228,0.053101780423798456,7579166.5146132205,14563993.614670724,0.0006,0.0006,24.338299,7.771589,True,True,966.3454199047862,8.756516359836198,1.231743052868032,0.8321863983622646,1238,/scratch/project_2013233/enchanted_plugins/data/ascot_DT-D_random_extended/batch_0/ascot_sdcc_workflow_runner-016343b6-d5e8-4701-9b1a-41e912811b89,0
6.33,0.68,0.0,7.01,6149.675532954063,6.787465071460697e+19,46656.447797675944,827330.5903657041,0.05639395948970343,2682549.5181222,2666175.416357715,0.003786,0.003587,32.99268,10.320612,True,True,532.7861190952971,4.506598198566356,1.3310059682031734,0.9062670454276025,1231,/scratch/project_2013233/enchanted_plugins/data/ascot_DT-D_random_extended/batch_0/ascot_sdcc_workflow_runner-163fab1b-8a43-4e36-a46e-841b235c42e0,0
6.15,0.75,0.0,6.9,30728.45786401752,4.6808657802501734e+19,52962.7682704237,463466.698298748,0.11427524019489357,4092920.6496258727,5797686.577898179,0.0,0.0,25.681842,8.965032,True,True,653.326836437239,9.975940240645494,1.3766470771422545,1.0025143558362035,1246,/scratch/project_2013233/enchanted_plugins/data/ascot_DT-D_random_extended/batch_0/ascot_sdcc_workflow_runner-e630813c-bbd4-4ecf-86eb-32d3589f5334,0
7.11,0.86,0.0,7.98,15583.721328077696,5.7500320551042925e+19,104268.78076339545,631726.9379607815,0.16505356111609823,4677194.359371389,5722043.713639191,0.0,0.0,40.203495,12.569792,True,True,688.5387313304253,9.965850342153107,1.0216713785722846,1.3321646346570892,1233,/scratch/project_2013233/enchanted_plugins/data/ascot_DT-D_random_extended/batch_0/ascot_sdcc_workflow_runner-79b22966-8fce-4426-ab1e-69cb1a59f997,0
9.93,0.91,0.0,10.84,238460.89374067058,9.748366292113187e+19,127137.56750394928,1178188.8656990246,0.10790932693844293,7545293.4703379925,11501792.101412818,0.0004,0.0,28.004505,9.641332,True,True,892.5161090762056,9.501664129671667,1.3040781543502726,1.0099222429792356,1239,/scratch/project_2013233/enchanted_plugins/data/ascot_DT-D_random_extended/batch_0/ascot_sdcc_workflow_runner-b86b32ff-2019-494f-9c88-94c818da79ae,0
7.27,0.7,0.0,7.97,72519.12406088051,1.2939487050198211e+20,380028.84274582047,2189153.231772589,0.17359627331253813,4990224.830405629,6906579.476031644,0.006754,0.005569,41.875882,15.359262,True,True,949.5667096145746,6.064038009936006,1.4810507019615553,1.3102584957895733,1245,/scratch/project_2013233/enchanted_plugins/data/ascot_DT-D_random_extended/batch_0/ascot_sdcc_workflow_runner-96886ef5-5beb-423b-be72-df9cd7252c65,0
8.48,0.76,0.0,9.24,46723.4771082584,7.015748078147017e+19,102660.54053944006,790602.6202306298,0.1298509996203814,4926693.577780308,5941332.17156178,0.0002,0.0002,32.674611,10.775316,True,True,688.4854792565276,8.340671794947424,1.2565279571406018,1.1126434719416822,1242,/scratch/project_2013233/enchanted_plugins/data/ascot_DT-D_random_extended/batch_0/ascot_sdcc_workflow_runner-d5ec9fa2-3cb3-456b-a340-7b10da578994,0
9.29,0.7,0.0,9.98,37413.56506471495,8.77012475459207e+19,137469.04705634285,1150994.8360956537,0.11943498158745731,4837022.110050586,6059544.342278085,0.0006,0.0006,36.644941,11.467451,True,True,717.4106026296137,7.000578863870946,1.1552248852743396,1.1247617826063423,1240,/scratch/project_2013233/enchanted_plugins/data/ascot_DT-D_random_extended/batch_0/ascot_sdcc_workflow_runner-84593d33-93af-41f5-932f-e487333c713f,0
7.32,0.77,0.0,8.09,240062.9276772846,8.514777417698456e+19,148343.66290632507,943235.8318557546,0.15727102162188714,8037450.013998597,10949063.55384402,0.0002,0.0002,29.312616,10.684907,True,True,894.9463819935107,11.726455463077068,1.4392337191722318,1.1284895559613408,1251,/scratch/project_2013233/enchanted_plugins/data/ascot_DT-D_random_extended/batch_0/ascot_sdcc_workflow_runner-cb130953-513d-4933-bca2-f78d24dd0fcf,0
61.32,0.71,0.0,62.03,72744.01200310122,1.2297728389572844e+20,408068.8452114771,2132782.1181890084,0.19133170788114878,4544814.5335623305,6064657.337907399,0.00833,0.002991,46.947208,16.348172,True,True,935.969936489847,5.849936554123977,1.3728753304195878,1.4460519095338786,1112,/scratch/project_2013233/enchanted_plugins/data/ascot_DT-D_random_extended/batch_0/ascot_sdcc_workflow_runner-e94c04e0-d532-49ff-a298-b0ed2d490882,0
6.76,0.35,0.0,7.12,32425.445986097177,1.130928857426589e+20,181471.9112404179,2103265.496864603,0.08628102895756298,3077676.3788485643,5401260.536632218,0.023247,0.023247,41.483678,13.15986,True,True,844.2350343702353,4.293303114627573,1.2004016380542217,1.039320416481262,1253,/scratch/project_2013233/enchanted_plugins/data/ascot_DT-D_random_extended/batch_0/ascot_sdcc_workflow_runner-20f856b8-e477-41a5-aeeb-2e0a7cbe8c06,0
7.94,0.74,0.0,8.67,3145.7713377472905,2.4795754022169633e+19,30116.000432801124,220059.7828971625,0.1368537223672297,2613086.6652497784,3782921.0726762833,0.0,0.0,33.692939,10.397468,True,True,563.3832365317588,11.560032226778468,1.0018873763199418,1.1759782651752757,1225,/scratch/project_2013233/enchanted_plugins/data/ascot_DT-D_random_extended/batch_0/ascot_sdcc_workflow_runner-c1f62bdc-a989-4d25-b9b5-265c068f1c16,0
6.04,0.67,0.0,6.72,37959.53820839466,1.086596917697122e+20,325662.45561851584,1773258.9637300307,0.18365194383875463,4514868.21976458,5793594.474654428,0.00319,0.004975,50.355293,15.837751,True,True,835.87548872655,6.141169157963905,1.0856298779011393,1.499050490625824,1259,/scratch/project_2013233/enchanted_plugins/data/ascot_DT-D_random_extended/batch_0/ascot_sdcc_workflow_runner-9b75ce84-481d-45ae-a29c-c2b42570155b,0
10.33,0.46,0.0,10.79,35533.099285897435,1.1850459583265094e+20,277775.0672083978,1894944.2945089063,0.14658745801305254,4547810.10942806,5675664.745950385,0.005964,0.004182,41.211522,13.946068,True,True,796.6841558034178,5.528917783875849,1.3435565554557487,1.2222973018565835,1248,/scratch/project_2013233/enchanted_plugins/data/ascot_DT-D_random_extended/batch_0/ascot_sdcc_workflow_runner-1e455325-54da-4d66-9fed-dc5724c1d8f8,0
7.96,0.96,0.0,8.92,133166.933175563,1.1500633054312528e+20,197170.60531896082,1533423.1067905433,0.12858199700123157,7033717.454286633,9335432.16565573,0.000799,0.0004,33.355946,11.388342,True,True,864.8479757984417,7.947947729642545,1.3018501113055838,1.1081055017993382,1250,/scratch/project_2013233/enchanted_plugins/data/ascot_DT-D_random_extended/batch_0/ascot_sdcc_workflow_runner-5f934614-57a1-48ee-bf31-e74d0c37008d,0
8.11,0.72,0.0,8.84,59783.56775175899,1.1498549174632563e+20,199744.00212091987,1708689.4290093663,0.11689895116675704,4599804.405836877,5598620.041521774,0.004182,0.002991,34.755413,12.58974,True,True,743.4602515855833,5.436884166278609,1.4960057816478447,1.072050842563307,1260,/scratch/project_2013233/enchanted_plugins/data/ascot_DT-D_random_extended/batch_0/ascot_sdcc_workflow_runner-ba6b856d-0ea0-4dd7-a208-ff9a313373b3,0
8.16,0.76,0.0,8.93,100616.46291805606,6.649840998589461e+19,93954.08630153124,698825.2214864277,0.1344457575553546,5745433.604373305,7803428.704341545,0.0,0.0,27.218234,9.866686,True,True,747.9861652148592,10.308046922216768,1.463062203287511,1.056481621628355,1255,/scratch/project_2013233/enchanted_plugins/data/ascot_DT-D_random_extended/batch_0/ascot_sdcc_workflow_runner-aa3fb0d1-1fa6-4613-ae88-8add2c7c5fdf,0
4.62,0.77,0.0,5.39,40807.16922576121,8.014307060668098e+19,158869.10368436493,920017.6442101229,0.1726804966015204,6036287.343000467,6844796.891058094,0.0002,0.0,37.301747,12.505462,True,True,754.4901181932466,9.358495908335987,1.249629005106772,1.2886936113794822,1258,/scratch/project_2013233/enchanted_plugins/data/ascot_DT-D_random_extended/batch_0/ascot_sdcc_workflow_runner-f4d21865-c118-46db-9b42-34353e6fafe3,0
10.84,0.73,0.0,11.57,81017.96297338678,4.87321549289482e+19,45085.10670517249,499945.3664896781,0.09018006711760038,4438288.742123813,7778925.42796195,0.0,0.0002,21.993331,7.779137,True,True,713.9189189543754,10.463493478258872,1.4463897602676508,0.9088850985688158,1249,/scratch/project_2013233/enchanted_plugins/data/ascot_DT-D_random_extended/batch_0/ascot_sdcc_workflow_runner-47692738-ee71-49ea-8afe-a0d23e5b4f66,0
11.02,0.82,0.0,11.83,101245.39928737062,9.866309498094387e+19,175402.0137409677,1396149.4105201892,0.12563269548322548,5757434.413475683,8446448.74806223,0.000999,0.0002,38.712805,11.928374,True,True,843.0385432122571,7.9402729652346125,1.0203721369910086,1.1788745411248474,1247,/scratch/project_2013233/enchanted_plugins/data/ascot_DT-D_random_extended/batch_0/ascot_sdcc_workflow_runner-30df49ee-2f3e-443b-8668-a20001ff9ce4,0
10.2,0.61,0.0,10.81,31560.347110975727,9.850412661661318e+19,163900.2488425378,1560756.3538397292,0.10501334717575551,3889234.46502836,5620836.77405321,0.005964,0.004579,41.793276,12.473166,True,True,744.4578065685173,5.528485217037136,1.0075414784916972,1.1267943072056905,1243,/scratch/project_2013233/enchanted_plugins/data/ascot_DT-D_random_extended/batch_0/ascot_sdcc_workflow_runner-49592197-19e9-49d5-b95a-ab8eea4ddf2e,0
7.11,0.63,0.0,7.75,6222.280466843262,5.685829714986823e+19,19472.785146867554,673081.3251725775,0.02893080586045787,2440808.9871667577,2745722.408668505,0.001199,0.001797,30.926105,8.787764,True,True,513.520430158936,4.708505412873976,1.2182879736222385,0.8815024781535722,1267,/scratch/project_2013233/enchanted_plugins/data/ascot_DT-D_random_extended/batch_0/ascot_sdcc_workflow_runner-00596471-7144-45e0-8cff-4da8eebd93f9,0
51.33,0.95,0.0,52.28,59476.595996821925,9.645778668103927e+19,222977.99590182278,1077227.863062779,0.20699241409134253,7802732.754581423,7980531.650464443,0.0,0.0002,37.792903,13.604533,True,True,826.6295196152755,10.313032626495616,1.429566253048573,1.3870533093392416,1150,/scratch/project_2013233/enchanted_plugins/data/ascot_DT-D_random_extended/batch_0/ascot_sdcc_workflow_runner-c2bad2c8-b6b5-4843-9430-111934000e44,0
10.57,0.8,0.0,11.37,301555.7743207122,7.408033035355813e+19,61992.934223804725,864844.2015825454,0.0716810427940272,6345067.132128572,12279251.791345954,0.0,0.0002,21.468721,7.464218,True,True,863.1984498574274,9.980673173097,1.4283518317061337,0.8476013770109685,1257,/scratch/project_2013233/enchanted_plugins/data/ascot_DT-D_random_extended/batch_0/ascot_sdcc_workflow_runner-62bb59b2-fc6d-4062-a63d-38cacb62302b,0
7.36,0.95,0.0,8.31,137565.10892826575,1.1335712943706361e+20,275587.9802646973,1693374.2111211624,0.16274487851225386,6444460.186211798,8977036.578291886,0.000999,0.001199,43.256728,13.836164,True,True,937.2442877383036,8.135032641922578,1.0887375221286144,1.3456563145851228,1266,/scratch/project_2013233/enchanted_plugins/data/ascot_DT-D_random_extended/batch_0/ascot_sdcc_workflow_runner-422807de-2ef7-4c5c-935b-35ee7a0b7196,0
13.34,0.36,0.0,13.7,315876.9659753321,1.146789529213325e+19,-1191.1425345159114,133090.68938588383,-0.00894985622219077,1464891.7627226599,15023158.814913562,0.0,0.0,7.243037,1.606337,True,True,804.4374369619061,11.216150541791944,1.298056158115208,0.8196864922535942,1254,/scratch/project_2013233/enchanted_plugins/data/ascot_DT-D_random_extended/batch_0/ascot_sdcc_workflow_runner-2263c462-7f22-4e2e-adda-75a408536cd6,0
12.77,0.83,0.0,13.6,114070.55643802955,1.0359940224682797e+20,148996.38464269575,1237474.274474036,0.12040362189026008,6939497.253782138,8812673.541266778,0.0002,0.0002,28.54403,10.58006,True,True,807.386317533276,8.187374520685276,1.4955516761432819,1.0325861995293406,1252,/scratch/project_2013233/enchanted_plugins/data/ascot_DT-D_random_extended/batch_0/ascot_sdcc_workflow_runner-8cd3d964-657d-4c76-b854-8caab20a079d,0
6.15,0.97,0.0,7.12,22846.403457094573,1.0961236151810558e+20,164719.56062963814,1740278.7105264354,0.09465125306268349,3684687.089908744,4852695.232894125,0.011076,0.007346,36.558477,12.347642,True,True,715.1757413835139,4.698171248001411,1.3756750389489043,1.026869467503773,1275,/scratch/project_2013233/enchanted_plugins/data/ascot_DT-D_random_extended/batch_0/ascot_sdcc_workflow_runner-d9dff27b-0edb-425e-af82-71689e5e433a,0
37.97,0.78,0.0,38.75,104520.30525832591,1.0237510620513216e+20,259233.09763172886,1949769.1261322757,0.13295579161516688,2972761.2787996214,5507731.513738684,0.026859,0.023628,48.828847,15.429333,True,True,971.8668443899511,4.788851844896781,1.1126935992974083,1.2648983525945017,1189,/scratch/project_2013233/enchanted_plugins/data/ascot_DT-D_random_extended/batch_0/ascot_sdcc_workflow_runner-770b0dec-ff06-421b-bea5-821953eb49a9,0
6.2,0.66,0.0,6.86,683.1798994753333,6.752415923657253e+19,139456.69767159302,919601.6745907416,0.1516490253605254,2373619.0887694354,1984694.5327500526,0.006162,0.003388,51.571416,15.165264,True,True,533.6357868676091,4.381395356121881,1.05828277622523,1.3662446332449285,1285,/scratch/project_2013233/enchanted_plugins/data/ascot_DT-D_random_extended/batch_0/ascot_sdcc_workflow_runner-37ce873f-a007-453b-ac6c-1680465771f8,0
5.62,0.77,0.0,6.39,184059.91254360313,1.0013454234924248e+20,222733.33014184138,1254910.1628469331,0.17748946238234356,8623488.984382788,11396730.330450239,0.0,0.0,40.604426,13.301914,True,True,991.3570124495569,11.586940520552506,1.0907669958607178,1.3762090689279551,1276,/scratch/project_2013233/enchanted_plugins/data/ascot_DT-D_random_extended/batch_0/ascot_sdcc_workflow_runner-a9a0f997-47be-41ef-83fe-4ea7bbd7c907,0
13.73,0.58,0.0,14.3,106359.44648674456,1.2704252917534402e+20,316251.9957573704,1865333.2286920415,0.1695418228190381,6632106.781440258,8515674.021199768,0.002195,0.001797,40.472959,13.889401,True,True,917.1144685878141,7.412068193711263,1.311290468178956,1.3027048926495621,1256,/scratch/project_2013233/enchanted_plugins/data/ascot_DT-D_random_extended/batch_0/ascot_sdcc_workflow_runner-f0827e26-705b-4d5e-bd07-ce564f6c1255,0
26.58,0.55,0.0,27.13,7874.537496771266,9.156814390508113e+19,117187.50071161141,1353844.9159598968,0.08655902853431605,3046629.9922382277,3401885.7799669295,0.00774,0.005173,37.191111,12.211423,True,True,616.5209440358169,4.343991943336661,1.345033649683531,1.012291468338545,1213,/scratch/project_2013233/enchanted_plugins/data/ascot_DT-D_random_extended/batch_0/ascot_sdcc_workflow_runner-a6934bf6-aca6-4863-87ca-4b63b5889c31,0
14.9,0.58,0.0,15.48,71831.25834701995,1.0872205230184604e+20,283872.29587472935,2128368.1738474476,0.1333755594369624,2863124.8180231615,5107906.951929413,0.030068,0.027427,44.647827,15.372866,True,True,961.5594286271146,4.5156085334354445,1.3426730229649382,1.1991260221017321,1261,/scratch/project_2013233/enchanted_plugins/data/ascot_DT-D_random_extended/batch_0/ascot_sdcc_workflow_runner-648679bf-1515-4532-a37b-59b77db79e21,0
16.12,0.28,0.0,16.39,18264.779747842826,3.460660649976792e+18,-494.78240367852226,30568.72787938704,-0.016185901017234074,496666.30670229875,4706012.270468289,0.0,0.0,8.582286,1.724347,True,True,510.340489059671,11.443982721192768,1.1796338521786072,0.8965499171761853,1227,/scratch/project_2013233/enchanted_plugins/data/ascot_DT-D_random_extended/batch_0/ascot_sdcc_workflow_runner-2350dcbf-c9dd-4100-bcfc-57631721537a,0
7.67,0.88,0.0,8.55,87724.24496096096,9.371969039515964e+19,210564.3800404255,1031480.9500512813,0.2041379242437362,8466833.218758548,9226100.705579087,0.0,0.0,35.341484,12.951528,True,True,866.6716170385608,11.521630304519977,1.4919687151100318,1.3329972904086698,1273,/scratch/project_2013233/enchanted_plugins/data/ascot_DT-D_random_extended/batch_0/ascot_sdcc_workflow_runner-ad9b7fd4-139a-41df-b308-910ac6ea70b6,0
9.34,0.62,0.0,9.96,8809.9026435498,7.559223873485518e+19,150816.7424592978,989513.9296869234,0.15241497662091058,3498471.135087838,3519333.050817863,0.001199,0.001597,45.494272,13.802538,True,True,615.1203795728239,5.847654112615043,1.0960709387824814,1.3166742400559794,1133,/scratch/project_2013233/enchanted_plugins/data/ascot_DT-D_random_extended/batch_0/ascot_sdcc_workflow_runner-b8701f09-c720-4354-93a9-60775f931290,0
6.91,0.84,0.0,7.75,140585.14646163618,1.2098695963973752e+20,265592.56188139785,2222734.3526148545,0.11948911554318274,3818593.8928076546,6610057.2194109345,0.012833,0.014972,40.698924,13.857727,True,True,948.2048116602725,5.094254934946875,1.3169424658250064,1.1292780052418563,1281,/scratch/project_2013233/enchanted_plugins/data/ascot_DT-D_random_extended/batch_0/ascot_sdcc_workflow_runner-84ff51da-0cb2-434e-a2a4-bc60e2f10386,0
12.93,0.85,0.0,13.78,63339.06781885337,1.2594214571274035e+20,349373.3883995762,1740916.2069752924,0.20068363256068797,6508330.257971962,6856770.966516347,0.001597,0.0004,41.573103,15.153242,True,True,847.7502954927652,7.208753941349769,1.4893712080573747,1.4062608661684184,1265,/scratch/project_2013233/enchanted_plugins/data/ascot_DT-D_random_extended/batch_0/ascot_sdcc_workflow_runner-93b976fe-7a98-44d8-954c-7a76818423b3,0
10.26,0.79,0.0,11.05,59774.65550239731,1.086536502527359e+20,202310.77953796083,1657058.8325472057,0.12209028162685796,4974128.999932837,6882528.806725584,0.002593,0.002195,39.53488,12.413262,True,True,806.54657464179,6.365033340130091,1.1490638523909877,1.1554817639175385,1271,/scratch/project_2013233/enchanted_plugins/data/ascot_DT-D_random_extended/batch_0/ascot_sdcc_workflow_runner-f83203d1-3641-4082-81e5-07ebd5a9ed61,0
11.91,0.72,0.0,12.63,48327.08105917491,8.620860509287698e+19,53612.42453447569,1150996.461990664,0.04657913929791954,4559084.759307048,7350954.099838689,0.001797,0.0004,28.182977,8.442505,True,True,722.471450468278,6.4026685928960125,1.1847801618402019,0.8446967730928465,1262,/scratch/project_2013233/enchanted_plugins/data/ascot_DT-D_random_extended/batch_0/ascot_sdcc_workflow_runner-68436d22-4b8d-479b-a221-2535067f3225,0
13.6,0.72,0.0,14.33,411519.08677938115,7.10220836879458e+19,43272.502444115424,876709.8199537472,0.04935783934346528,6187357.022831132,13813910.297682201,0.0,0.0,21.673577,6.791774,True,True,911.9711445417136,10.140771097110864,1.2185784811095004,0.8057000320067735,1264,/scratch/project_2013233/enchanted_plugins/data/ascot_DT-D_random_extended/batch_0/ascot_sdcc_workflow_runner-5cbd6972-3dd9-46f4-a72f-2ddcc0e4386b,0
8.54,0.66,0.0,9.19,599.9386895641509,5.949885500126002e+19,125960.4666465259,752103.692560354,0.16747752722463594,2303487.081578717,1734340.8972087724,0.001996,0.002195,52.479117,15.425896,True,True,505.5562890207176,4.631661644047777,1.0604004604935136,1.4582410295709298,1289,/scratch/project_2013233/enchanted_plugins/data/ascot_DT-D_random_extended/batch_0/ascot_sdcc_workflow_runner-36372a81-3be5-4719-bd99-47a3070cbbef,0
8.58,0.73,0.0,9.32,5842.953399512504,3.0784721343834116e+19,9533.404496916695,286115.0422977636,0.03332017925501155,2181069.249004901,3161109.942345908,0.0,0.0,22.01502,6.571901,True,True,500.2749638603433,7.057391950500836,1.3872786091975058,0.8955545390932083,1272,/scratch/project_2013233/enchanted_plugins/data/ascot_DT-D_random_extended/batch_0/ascot_sdcc_workflow_runner-4754c404-cab3-4fbf-9fe1-998bc062ea0e,0
19.36,0.8,0.0,20.16,17239.2992778765,4.172556493605099e+19,36653.57378781055,382758.30443130445,0.09576166829945018,3180055.173470654,3858561.641236649,0.0002,0.0,24.965651,8.751012,True,True,562.5846893365324,8.2949340492631,1.4584350521068616,0.9450592580357093,1162,/scratch/project_2013233/enchanted_plugins/data/ascot_DT-D_random_extended/batch_0/ascot_sdcc_workflow_runner-60d1c296-1685-4495-bb69-c8229f1e8b63,0
7.53,0.62,0.0,8.15,16002.962837239798,9.713453535647436e+19,228033.91016110152,1321366.0128344605,0.17257437223767114,4068325.739677135,3645929.3014057186,0.001996,0.002195,42.851259,14.66152,True,True,654.2986433295091,5.456992567213975,1.4211458591347652,1.3196460990680028,1283,/scratch/project_2013233/enchanted_plugins/data/ascot_DT-D_random_extended/batch_0/ascot_sdcc_workflow_runner-71d458ae-f1bd-4bc6-8dcb-b68279366a6d,0
8.4,0.57,0.0,8.97,10653.445211537399,9.050829428899134e+19,231875.8964114392,1427703.1623261385,0.16241183919047064,3223631.84347156,3476436.2101520733,0.007149,0.006162,51.300112,15.422761,True,True,663.4778146890412,4.932792463656435,1.065941383428973,1.4119120750270289,1287,/scratch/project_2013233/enchanted_plugins/data/ascot_DT-D_random_extended/batch_0/ascot_sdcc_workflow_runner-ae0746e0-7097-4749-97d2-b99188f82217,0
7.94,0.73,0.0,8.66,91866.70463983816,4.913835901828411e+19,53145.364361814405,508784.14016833314,0.10445562305505644,4525521.95562933,7500061.215790032,0.0,0.0,24.195592,8.355425,True,True,712.3031224269828,10.64096133174856,1.355087064048855,0.9637431076811609,1172,/scratch/project_2013233/enchanted_plugins/data/ascot_DT-D_random_extended/batch_0/ascot_sdcc_workflow_runner-7eb24a43-d041-4e5c-a918-2e9f16ed6010,0
10.07,0.39,0.0,10.46,210760.1732072533,1.2528708435010443e+19,-3028.981223808081,152488.87676214532,-0.019863620797290912,1458195.242830462,13537770.250223845,0.0,0.0,9.019614,1.880917,True,True,782.3665947514,10.82352577274198,1.0814107106253321,0.8902324912098021,1269,/scratch/project_2013233/enchanted_plugins/data/ascot_DT-D_random_extended/batch_0/ascot_sdcc_workflow_runner-b59ce0e7-5ae5-4838-b4dd-4cd33cc6c2c1,0
6.36,0.72,0.0,7.07,104103.68606084047,9.423194200007854e+19,211585.68125953633,1160552.8910834338,0.18231455273185404,7794383.900459091,9680443.490392335,0.0,0.0,39.718893,13.184487,True,True,900.4316796273748,10.842498752839946,1.1610986758464144,1.368416566049011,1295,/scratch/project_2013233/enchanted_plugins/data/ascot_DT-D_random_extended/batch_0/ascot_sdcc_workflow_runner-091a28a2-ef64-4bdb-a591-3c932564f04a,0
10.89,0.75,0.0,11.64,48852.801714884525,1.0528526584578223e+20,251311.8891596432,1564007.2540141093,0.1606846058511798,4847360.960762068,5817394.008840702,0.002593,0.002195,43.931042,14.019577,True,True,774.8636486764314,6.369405569076651,1.177308913280744,1.3208510655617003,1282,/scratch/project_2013233/enchanted_plugins/data/ascot_DT-D_random_extended/batch_0/ascot_sdcc_workflow_runner-560cb692-ed02-4ce8-8bff-95ff8efbe28b,0
12.19,0.84,0.0,13.03,53377.42040581641,1.0007164010123017e+20,210067.17809370352,1368344.384566455,0.15351923131563186,5466481.6828271365,6650084.19000345,0.000799,0.0006,40.749215,13.059765,True,True,780.9405472190472,7.278592376396875,1.1713025826083745,1.2696326152391526,1268,/scratch/project_2013233/enchanted_plugins/data/ascot_DT-D_random_extended/batch_0/ascot_sdcc_workflow_runner-f507afaf-728e-40b6-8c41-678cbd945a4d,0
6.32,0.74,0.0,7.06,4250.305700148013,5.581203441699511e+19,86074.06278482765,552115.2971525561,0.15589871033956218,3356976.2578085116,2662382.6914340337,0.0004,0.0002,37.078894,12.474374,True,True,540.3013746261139,6.743327403682873,1.3658418333830342,1.2188210215032351,1299,/scratch/project_2013233/enchanted_plugins/data/ascot_DT-D_random_extended/batch_0/ascot_sdcc_workflow_runner-2e498969-0cce-43db-a64d-27d81f78b914,0
6.03,0.7,0.0,6.73,16345.390616110686,3.5179441940476183e+19,43952.365300874924,325315.9550508973,0.13510670048137774,3518917.7176967566,5070422.872044016,0.0,0.0,29.453137,9.695172,True,True,626.2727017539264,11.356018402984105,1.2187861779866636,1.1039210478468373,1244,/scratch/project_2013233/enchanted_plugins/data/ascot_DT-D_random_extended/batch_0/ascot_sdcc_workflow_runner-e6fcbcb7-07a7-490c-8544-5b42ba4b6555,0
16.99,0.61,0.0,17.6,83500.01575190369,4.406598608128694e+19,6869.259627993779,507183.4783037606,0.0135439341418761,3521345.151605182,8475724.29566515,0.0002,0.0002,18.354925,5.31286,True,True,698.6965365056632,8.440529098484902,1.3418123398733701,0.8251523310468012,1263,/scratch/project_2013233/enchanted_plugins/data/ascot_DT-D_random_extended/batch_0/ascot_sdcc_workflow_runner-dd218ba8-afa3-412f-ba4b-84061455fcd1,0
8.58,0.61,0.0,9.19,1935.4101854294636,6.963292205706382e+19,165632.0122313146,927362.2020095284,0.17860552421955708,2335124.464169604,1614058.8598301734,0.004975,0.003786,51.973036,16.202227,True,True,520.9966503400652,4.123277009132191,1.2495178634000386,1.4461051938426839,1277,/scratch/project_2013233/enchanted_plugins/data/ascot_DT-D_random_extended/batch_0/ascot_sdcc_workflow_runner-e24c5dea-feea-4219-96d2-5754df9d3c6c,0
9.47,0.65,0.0,10.12,18700.215228099598,8.205002155626573e+19,64706.452091429805,1049459.9595694891,0.06165690410711217,3946964.778716126,5136251.375861648,0.000799,0.002195,29.710054,9.403033,True,True,644.3422161955466,5.685564894355471,1.3052858553928075,0.8911369897737548,1290,/scratch/project_2013233/enchanted_plugins/data/ascot_DT-D_random_extended/batch_0/ascot_sdcc_workflow_runner-e14e9413-351a-4146-a26d-f8dd7ac841f5,0
5.86,0.96,0.0,6.81,104534.40051624553,1.0721409842996386e+20,79549.72513526706,1773166.6336939286,0.044863084846992654,4219049.298545097,8144460.864137812,0.005569,0.006557,33.826464,9.809199,True,True,833.0365607830246,5.569260671761446,1.008585894659343,0.8819293740457698,1300,/scratch/project_2013233/enchanted_plugins/data/ascot_DT-D_random_extended/batch_0/ascot_sdcc_workflow_runner-5007e5f5-0fd4-4304-9e61-3bc5ad4fa118,0
8.88,0.95,0.0,9.83,70533.90836300889,9.22823218227284e+19,197084.5920626469,1036165.0210346701,0.19020579546860852,7252909.828144128,7722711.972966766,0.0,0.0002,36.563934,12.975065,True,True,802.7899485589013,9.875902251548832,1.3896163322022594,1.3199107627508901,1297,/scratch/project_2013233/enchanted_plugins/data/ascot_DT-D_random_extended/batch_0/ascot_sdcc_workflow_runner-4113869d-35b8-4274-96c6-fe025b3f5384,0
6.51,0.7,0.0,7.21,60882.118402613705,1.1612370362101493e+20,298626.1165879842,1500382.9609801697,0.19903326307631342,6886681.749980539,6974286.553827856,0.001398,0.0,40.800025,14.520132,True,True,823.1224609243027,7.9073107104553575,1.426491286330002,1.399975958376908,1293,/scratch/project_2013233/enchanted_plugins/data/ascot_DT-D_random_extended/batch_0/ascot_sdcc_workflow_runner-766fa4a0-31f7-4ed7-b8a5-3f9d19ce3598,0
5.56,0.77,0.0,6.33,196711.7117087646,1.3875541873131012e+20,333844.0822738288,1917319.9106546072,0.17412017703391422,8410872.186420912,10513939.305884356,0.000799,0.0004,37.752804,13.622508,True,True,997.2851719111468,8.46699466431356,1.405960288789698,1.2795821649855612,1302,/scratch/project_2013233/enchanted_plugins/data/ascot_DT-D_random_extended/batch_0/ascot_sdcc_workflow_runner-1c423b99-eb94-4d53-a666-13599bfc8b12,0
7.97,0.82,0.0,8.79,641.3795468857088,2.702019216467982e+19,34074.697305707195,236337.07908628308,0.14417838046169235,2475678.4652856025,2960490.166367132,0.0,0.0,36.566533,11.206569,True,True,524.4831922723794,9.935933545554176,1.0160995182849548,1.224065275990964,1286,/scratch/project_2013233/enchanted_plugins/data/ascot_DT-D_random_extended/batch_0/ascot_sdcc_workflow_runner-dc868a53-6b65-4aea-aa61-f3dbc747c381,0
7.63,0.78,0.0,8.4,14745.837253996036,6.708984736546921e+19,91111.68137751165,700764.6716901788,0.13001751523483454,3978548.5729909,3600182.5106734675,0.0006,0.0004,32.274029,11.398417,True,True,585.9102281455592,6.737328904733536,1.463666074271196,1.0934754747134319,1292,/scratch/project_2013233/enchanted_plugins/data/ascot_DT-D_random_extended/batch_0/ascot_sdcc_workflow_runner-8e7a205b-5f02-4e78-8931-e7327665637d,0
11.06,0.73,0.0,11.79,16496.284024802168,6.6642451431764615e+19,99292.3416738343,765399.6077851148,0.1297261465303893,4433593.137928327,5267113.391126204,0.0,0.0004,35.751681,11.20651,True,True,662.2872729965693,7.972568726774096,1.1458531731270643,1.1518997020525354,1215,/scratch/project_2013233/enchanted_plugins/data/ascot_DT-D_random_extended/batch_0/ascot_sdcc_workflow_runner-0d3c999c-12d5-4934-aa5a-178fb0a5b257,0
6.06,0.69,0.0,6.75,66120.12652083108,1.1741530157130647e+20,234867.15495643197,1880705.7065566434,0.12488245988600036,4912061.6054962985,7206536.608368959,0.006359,0.005371,40.31667,12.889759,True,True,850.8073916216554,6.050944550533364,1.1874272159407946,1.1648028556086265,1307,/scratch/project_2013233/enchanted_plugins/data/ascot_DT-D_random_extended/batch_0/ascot_sdcc_workflow_runner-8ce7a6b8-7c33-45c1-bc4c-7b42fba26451,0
6.65,0.62,0.0,7.27,33050.80769656873,9.913296777566965e+19,273071.82560898055,1483842.942945583,0.18403014072830678,4724489.776869785,5520857.386886712,0.001199,0.002593,49.166969,15.294403,True,True,773.9365220384016,6.683403976984671,1.0452095927132652,1.4939958761819994,1278,/scratch/project_2013233/enchanted_plugins/data/ascot_DT-D_random_extended/batch_0/ascot_sdcc_workflow_runner-a68046fd-bd53-403c-9e50-f84d07db7123,0
9.15,0.7,0.0,9.84,43551.63248952562,1.0699850799280762e+20,109796.80161124156,1760039.6363702216,0.062383141460199465,4135415.6146498853,7452023.138831002,0.007346,0.007346,36.28189,10.699639,True,True,815.2243081426116,5.518721776593992,1.027195572902046,0.9549198425922024,1288,/scratch/project_2013233/enchanted_plugins/data/ascot_DT-D_random_extended/batch_0/ascot_sdcc_workflow_runner-d19a099d-630f-43bf-938b-44f83fbc34dd,0
7.21,0.69,0.0,7.91,34434.641728020026,5.135631099399965e+19,14038.889965934068,610479.573798348,0.022996494180117087,3283950.5640862444,5943626.080947883,0.0,0.0006,24.339623,6.695602,True,True,631.3789769603144,7.016536273041223,1.1436132793319067,0.8533397581725408,1306,/scratch/project_2013233/enchanted_plugins/data/ascot_DT-D_random_extended/batch_0/ascot_sdcc_workflow_runner-0f3e4f2c-5226-4236-8745-2844afcf8a6c,0
6.46,0.73,0.0,7.19,198547.70317717938,7.469497848824581e+19,57078.984613114466,932609.4088484714,0.06120352644049783,5943520.2273141155,11647420.306452107,0.0002,0.0,25.303149,7.696582,True,True,858.9020067215495,9.530641675931077,1.1244486021395779,0.8744561888177114,1312,/scratch/project_2013233/enchanted_plugins/data/ascot_DT-D_random_extended/batch_0/ascot_sdcc_workflow_runner-4508622e-a937-43bb-a107-fdaeab97fed5,0
6.87,0.85,0.0,7.71,599.4669903672585,4.509826075157118e+19,52548.592454518235,417924.1242083966,0.125737159954698,2817829.293857642,2446550.0520352325,0.0,0.0,34.482692,11.148643,True,True,505.4009643915158,6.7356428214934265,1.281377185197558,1.114531057172566,1304,/scratch/project_2013233/enchanted_plugins/data/ascot_DT-D_random_extended/batch_0/ascot_sdcc_workflow_runner-110c0bde-a4ee-4f26-8118-00c7833640f8,0
14.56,0.76,0.0,15.31,29613.678324975797,7.504079039604892e+19,95642.01800546717,833824.7085457767,0.11470278707891811,4678651.386316621,5188849.971984731,0.0004,0.0,30.065141,10.514485,True,True,653.4345224960429,7.245901814240103,1.4097786153049146,1.0371496185057598,1274,/scratch/project_2013233/enchanted_plugins/data/ascot_DT-D_random_extended/batch_0/ascot_sdcc_workflow_runner-66e5d7c0-ac75-47df-b989-0ec51270c6e0,0
7.12,0.54,0.0,7.66,30520.84853377742,1.071432458235834e+20,281813.80610497424,2077008.4763930156,0.13568254983454814,2583499.9249713733,3851049.4269590317,0.032882,0.03363,48.716593,15.806885,True,True,824.0200033600488,3.929088032799568,1.26220205236366,1.24385382488883,1298,/scratch/project_2013233/enchanted_plugins/data/ascot_DT-D_random_extended/batch_0/ascot_sdcc_workflow_runner-43b5c4c5-a6ca-460c-a76d-3486d2463264,0
7.34,0.87,0.0,8.21,126384.22908946997,1.3556790172721142e+20,305019.9680945134,2142260.453603683,0.14238229883831946,6020805.82389763,8815803.034969503,0.004579,0.003786,37.734478,13.383893,True,True,963.625257964878,6.593241653625088,1.3827752103355297,1.1776618163949821,1301,/scratch/project_2013233/enchanted_plugins/data/ascot_DT-D_random_extended/batch_0/ascot_sdcc_workflow_runner-6345aa20-9fce-42f8-b000-efc9b22c947a,0
12.95,0.58,0.0,13.53,9654.92136821268,9.417400884342954e+19,203957.15876882372,1362319.3217598493,0.14971318068465114,3827482.6665725335,3993499.635348688,0.004182,0.002593,43.963604,13.948966,True,True,668.8616832785265,5.392917988119105,1.2270028339534536,1.2728368904169052,1296,/scratch/project_2013233/enchanted_plugins/data/ascot_DT-D_random_extended/batch_0/ascot_sdcc_workflow_runner-5165c887-9c5b-4271-a8f7-698f3bfeda0a,0
5.52,0.73,0.0,6.26,12097.216415496821,8.440506823002489e+19,188596.3081082897,1139886.735538237,0.16545179641838487,4216395.045203978,4360999.810042727,0.001597,0.001797,45.504269,14.047102,True,True,669.283497021311,6.478379333939836,1.1008443219998811,1.3675922401587068,1325,/scratch/project_2013233/enchanted_plugins/data/ascot_DT-D_random_extended/batch_0/ascot_sdcc_workflow_runner-50291ea6-8b71-4321-bfb2-8d993616fafa,0
13.96,0.68,0.0,14.63,558300.8588792696,7.933835798629083e+19,62436.928319622464,950035.4341276316,0.0657206311225171,7290233.59423295,15422073.319543269,0.0002,0.0,20.842881,7.138099,True,True,960.7048375837124,10.766560949939109,1.3809096228054434,0.8286141696288729,1294,/scratch/project_2013233/enchanted_plugins/data/ascot_DT-D_random_extended/batch_0/ascot_sdcc_workflow_runner-11e6edee-c110-4f59-a980-1b4bd19fe236,0
7.79,0.6,0.0,8.4,13554.688725419257,8.32944572265907e+19,166954.48253981976,1131362.353954964,0.1475694166030786,3874667.9657008774,4110609.4867816693,0.001199,0.001398,43.97231,13.477762,True,True,651.1923369508814,6.011906360333969,1.1153841195419338,1.2822188925546512,1309,/scratch/project_2013233/enchanted_plugins/data/ascot_DT-D_random_extended/batch_0/ascot_sdcc_workflow_runner-6343313c-7484-4fec-a179-9d3094ec6646,0
9.28,0.7,0.0,9.98,44708.92620947471,6.474573365556304e+19,114162.27192474062,733482.7568205141,0.15564411141661855,5778173.779380434,7974525.704860982,0.0,0.0,37.213516,11.798485,True,True,782.5771212732695,11.156746373401873,1.0624252030170993,1.264696576220098,1316,/scratch/project_2013233/enchanted_plugins/data/ascot_DT-D_random_extended/batch_0/ascot_sdcc_workflow_runner-afa8b6a0-1db0-4784-8ed7-3afa946ab4a6,0
17.06,0.62,0.0,17.69,34614.960761616174,1.153353814501916e+20,197761.35359105887,1691898.6194551003,0.11688723621912446,4616282.254225538,5633035.15693926,0.005569,0.002394,34.756207,12.589626,True,True,743.4602515855833,5.436884166278609,1.4960057816478447,1.072050842563307,60,/scratch/project_2013233/enchanted_plugins/data/ascot_DT-D_random_extended/batch_0/ascot_sdcc_workflow_runner-8d9ca740-6438-41e5-adf6-82914fe68fa5,0
5.04,0.62,0.0,5.66,39555.95300326074,1.0414742862131623e+20,193217.30203933013,1747951.991728684,0.1105392499071114,3859268.3742664494,5787773.002234692,0.007543,0.006557,43.279103,13.006213,True,True,784.2451613415391,5.402458253817105,1.0219855060007115,1.1547648229774354,1314,/scratch/project_2013233/enchanted_plugins/data/ascot_DT-D_random_extended/batch_0/ascot_sdcc_workflow_runner-da9b85c3-1d27-4add-b47f-44c9703035df,0
9.49,0.63,0.0,10.12,26015.629687617016,1.1202012168691764e+20,134402.3157573386,2131426.556892221,0.06305744634865919,2654920.2291843495,4458181.454116329,0.03363,0.028938,36.679098,12.70944,True,True,773.0375376191196,3.7059547921132316,1.433781035453917,0.921564277138504,1291,/scratch/project_2013233/enchanted_plugins/data/ascot_DT-D_random_extended/batch_0/ascot_sdcc_workflow_runner-b20f0b77-93f1-4d22-ac66-e6eba7ee8880,0
9.29,0.64,0.0,9.93,10020.192573423166,8.54105120333476e+19,103146.6467056014,1105529.2151412603,0.09330069734287548,3476598.2483733157,3476987.841432941,0.002792,0.001996,33.702626,11.650138,True,True,597.505038510499,4.944585867350767,1.4474867077975873,1.006703329143891,1311,/scratch/project_2013233/enchanted_plugins/data/ascot_DT-D_random_extended/batch_0/ascot_sdcc_workflow_runner-fc4de7ca-efec-40d6-8289-e433c60c3d7e,0
7.42,0.79,0.0,8.21,100565.6979838027,1.1372808812900739e+20,293618.49875822023,1481865.73115248,0.19814109509764194,7627201.169703774,8599022.562716931,0.0004,0.0002,42.136659,14.376786,True,True,896.9112442279616,9.072622302662662,1.2606556797181812,1.4389806598706207,1315,/scratch/project_2013233/enchanted_plugins/data/ascot_DT-D_random_extended/batch_0/ascot_sdcc_workflow_runner-eaf9aa61-082e-4f5e-b868-da9ebf1d2bf5,0
10.53,0.3,0.0,10.83,47297.4436014669,6.318816571919668e+18,-1596.6546858053423,66072.20769786231,-0.02416529947215613,767017.729295713,6678620.969592894,0.0,0.0,10.248199,2.010475,True,True,592.6629909310896,10.722616224729956,1.0220324929086033,0.9343559405154127,1318,/scratch/project_2013233/enchanted_plugins/data/ascot_DT-D_random_extended/batch_0/ascot_sdcc_workflow_runner-809a8bec-e312-43f9-b139-66039778aa3c,0
7.45,0.56,0.0,8.01,35201.32629918316,1.0428259403783777e+20,116147.28169803295,1793111.7290672015,0.06477414642670046,3437029.5009476054,5684226.738170123,0.012053,0.013418,38.952409,11.488928,True,True,762.5625847279598,4.7854935421984806,1.0723439427962187,0.9767453179269125,1328,/scratch/project_2013233/enchanted_plugins/data/ascot_DT-D_random_extended/batch_0/ascot_sdcc_workflow_runner-a8f4675a-69e0-4801-b74f-86e4f11ce4e4,0
6.32,0.76,0.0,7.09,70256.42159486479,1.1953835926432568e+20,260442.32746197615,1714770.9981775992,0.15188169600416934,5777552.93157772,7002323.685089767,0.002195,0.000999,38.274892,13.231451,True,True,819.6778740695113,6.626869045594389,1.3672938761691755,1.2151296295935035,1326,/scratch/project_2013233/enchanted_plugins/data/ascot_DT-D_random_extended/batch_0/ascot_sdcc_workflow_runner-2f9e9ac0-6bc5-4e54-b1bc-b8121bf1a9dc,0
13.76,0.4,0.0,14.16,37214.03166792639,1.1941681936996858e+20,121259.12958747814,2011921.237199569,0.06027031642464344,3719183.1644690614,6147674.375933165,0.012053,0.009116,32.688942,11.177122,True,True,779.7189294403556,4.509731018903378,1.4268827844995784,0.8943800800878293,1305,/scratch/project_2013233/enchanted_plugins/data/ascot_DT-D_random_extended/batch_0/ascot_sdcc_workflow_runner-3d5d5b62-eacf-4691-a419-7961ab645596,0
7.31,0.69,0.0,8.01,12230.685108099902,3.1147259309907816e+19,17342.177245209994,299967.63811867905,0.057813493995471414,2683121.645668987,4331738.422920015,0.0,0.0,26.188403,7.887584,True,True,571.6126219321815,9.239727649133687,1.1332945287177218,0.9486742613476884,1333,/scratch/project_2013233/enchanted_plugins/data/ascot_DT-D_random_extended/batch_0/ascot_sdcc_workflow_runner-37a15787-57cd-4f3d-8993-bc1c0e8722bd,0
6.07,0.66,0.0,6.73,67534.17204820727,1.0456808761940425e+20,95326.62571666524,1351798.1249035913,0.0705183887745545,5137263.109361614,6764282.693335958,0.004182,0.001199,27.489233,9.784894,True,True,723.1988843952861,5.9359712087394385,1.4976923380127702,0.8912373742217699,1334,/scratch/project_2013233/enchanted_plugins/data/ascot_DT-D_random_extended/batch_0/ascot_sdcc_workflow_runner-dc0ac23c-e3ab-4c91-92e2-50d503cbd97c,0
6.99,0.75,0.0,7.75,1795.810148083461,2.939147309531022e+19,33052.11268668642,237398.3866190015,0.13922635767416336,2548486.127425269,2635045.6721526845,0.0,0.0,29.121698,10.090005,True,True,505.14453257174,9.40406592954294,1.3827370032276374,1.0962267008222015,1327,/scratch/project_2013233/enchanted_plugins/data/ascot_DT-D_random_extended/batch_0/ascot_sdcc_workflow_runner-f08ef158-ac4e-4524-8717-17546205c70a,0
7.98,0.73,0.0,8.72,21218.820605855413,5.765451400736525e+19,101180.66565980772,621699.4032660839,0.16274853269644038,5020337.1767138755,6342102.634932011,0.0,0.0,37.318098,11.944556,True,True,712.4863962432463,10.607736043178408,1.109670807537403,1.2804856251355676,1330,/scratch/project_2013233/enchanted_plugins/data/ascot_DT-D_random_extended/batch_0/ascot_sdcc_workflow_runner-c532616c-8f4a-4300-9c5d-2433f1a5448c,0
6.26,0.59,0.0,6.85,108330.56481155092,1.1242369927074747e+20,86574.27169641666,1924994.830203339,0.04497376841644387,4259006.5773174325,8842675.091928452,0.00833,0.006951,34.320908,10.049406,True,True,889.2980982203519,5.518849007086879,1.0405863553883614,0.8829461707421254,1336,/scratch/project_2013233/enchanted_plugins/data/ascot_DT-D_random_extended/batch_0/ascot_sdcc_workflow_runner-ba4fbb9c-2112-49a1-b516-c4ff6394afb7,0
12.02,0.61,0.0,12.63,68354.09324118364,9.256921621181212e+19,115320.60783853925,1833191.8480812646,0.06290700450105162,2145801.479654098,5239507.977626097,0.06209,0.053568,43.962446,13.502466,True,True,994.380572915864,3.89386031742775,1.072667825926513,0.9764116610565317,1323,/scratch/project_2013233/enchanted_plugins/data/ascot_DT-D_random_extended/batch_0/ascot_sdcc_workflow_runner-d370b13f-fbb0-472f-9ab1-746294d4f80f,0
4.57,0.7,0.0,5.27,71458.98528755122,7.961252624098062e+19,124848.1419964191,956125.969821971,0.13057708496262851,5741399.875775607,7478357.002444941,0.0,0.0002,33.606281,10.891416,True,True,760.0027508326717,8.879922847749588,1.1908452872889548,1.131067966663664,1342,/scratch/project_2013233/enchanted_plugins/data/ascot_DT-D_random_extended/batch_0/ascot_sdcc_workflow_runner-038739eb-cffb-4362-abdc-3c0579f0248f,0
8.32,0.51,0.0,8.82,49503.67483097461,1.0981129765243997e+20,159033.62253051283,1984345.2847354175,0.08014412801737655,3450832.8081044937,6232551.875836836,0.019223,0.016522,41.648179,12.488479,True,True,842.7477832189552,4.804801972952909,1.030851223028661,1.0392867613803554,1310,/scratch/project_2013233/enchanted_plugins/data/ascot_DT-D_random_extended/batch_0/ascot_sdcc_workflow_runner-3cf707cc-b3ee-4d47-ac71-dd52d6a8f449,0
4.32,0.78,0.0,5.1,67328.16257129484,9.235398736855853e+19,184050.62614737064,1182374.0911827506,0.15566192419123578,6009806.593447032,7446698.402564072,0.0,0.0002,39.183007,12.573767,True,True,796.6988729528654,8.481745152603764,1.1452535099687857,1.2677070795298673,1341,/scratch/project_2013233/enchanted_plugins/data/ascot_DT-D_random_extended/batch_0/ascot_sdcc_workflow_runner-bff60f09-7b95-48e6-9316-689007191a09,0
4.58,0.98,0.0,5.56,33411.606711531436,7.832857061534987e+19,83782.7011676253,966644.5658292227,0.08667374144471962,4733633.790283203,6337224.82967459,0.001199,0.000799,30.109514,9.58136,True,True,696.5049602574068,7.19684893953343,1.227372965421972,0.9742785216969488,1313,/scratch/project_2013233/enchanted_plugins/data/ascot_DT-D_random_extended/batch_0/ascot_sdcc_workflow_runner-61f963da-2109-4858-81b0-1fd40f45b57b,0
9.43,0.73,0.0,10.17,105410.36456055829,4.983236614091105e+19,52436.362073617194,513943.38999938435,0.10202750554624315,4762890.20542759,8228161.469450403,0.0,0.0,22.815627,8.086124,True,True,739.2104182976926,11.099013410766595,1.4070360426159259,0.9469138808123305,1335,/scratch/project_2013233/enchanted_plugins/data/ascot_DT-D_random_extended/batch_0/ascot_sdcc_workflow_runner-19ffaaf7-cee4-4a69-936f-e197e7508440,0
7.06,0.72,0.0,7.78,4933.221868237511,2.9267158221695054e+19,37393.80140657702,244750.26057906728,0.15278349987495454,3041056.271406101,3903236.310914171,0.0,0.0,29.583386,10.080432,True,True,573.4928379382873,11.701714928917017,1.3063444698458673,1.141264655494774,1345,/scratch/project_2013233/enchanted_plugins/data/ascot_DT-D_random_extended/batch_0/ascot_sdcc_workflow_runner-c98c8098-7d33-47bd-87cf-2870dc8f2879,0
10.18,0.82,0.0,11.0,40791.584983898894,1.1467573570790133e+20,282132.37854004937,1510079.4554915808,0.18683280374025482,6113466.247977561,6162868.518449104,0.0006,0.0006,39.989845,14.322133,True,True,780.0904755727518,7.0870549584000155,1.4596020124559845,1.3401038093638507,1337,/scratch/project_2013233/enchanted_plugins/data/ascot_DT-D_random_extended/batch_0/ascot_sdcc_workflow_runner-8639bff9-1e13-4bf4-a1a4-a518025f6f85,0
6.35,0.78,0.0,7.13,90117.14930691928,9.477568075449095e+19,214083.72217076668,1088198.0071651111,0.1967323233098735,7876363.77927241,8913533.98978862,0.0002,0.0,39.050056,13.434597,True,True,867.0089480906852,10.711002431669465,1.2765260067050228,1.3916102250105564,1348,/scratch/project_2013233/enchanted_plugins/data/ascot_DT-D_random_extended/batch_0/ascot_sdcc_workflow_runner-fc7fa289-21ca-4881-84c5-ce7687f387fe,0
7.91,0.76,0.0,8.68,3555.912433935306,3.2972578911180325e+19,28488.802551812987,275311.05342643574,0.10347860064915743,2549620.136166747,2773633.337501656,0.0,0.0,26.095173,9.065713,True,True,504.13847414101883,8.233124691323509,1.422141619068698,0.9789269756704957,1340,/scratch/project_2013233/enchanted_plugins/data/ascot_DT-D_random_extended/batch_0/ascot_sdcc_workflow_runner-bb9589a7-1b31-4722-ab81-35894cfc737a,0
6.71,0.66,0.0,7.37,20384.447716869243,1.014871602689898e+20,255775.54453197724,1630779.7722040704,0.15684248044497473,3678867.879639635,4292713.571022426,0.007346,0.004777,47.789737,14.876931,True,True,720.7865316442545,5.142665918768982,1.1555366472476802,1.3414349238757617,1329,/scratch/project_2013233/enchanted_plugins/data/ascot_DT-D_random_extended/batch_0/ascot_sdcc_workflow_runner-d188867a-4aee-4ed3-bdef-2362f84b85c1,0
5.86,0.8,0.0,6.65,301865.57754468883,8.900004410017577e+19,59255.472482965706,1125028.6957897549,0.05267018761807597,6566469.753675249,12595608.1730908,0.0004,0.0,23.964551,7.545896,True,True,888.2377019910053,8.750955140694321,1.2268616285796186,0.8301693224899132,1350,/scratch/project_2013233/enchanted_plugins/data/ascot_DT-D_random_extended/batch_0/ascot_sdcc_workflow_runner-bbfdae04-392a-4eca-82d1-4120466d107c,0
8.41,0.87,0.0,9.28,100751.02907317625,8.9413063686094e+19,144300.87239477347,1041498.7609025642,0.13855117049752622,6733514.729214841,8487493.216289738,0.0002,0.0,31.41946,10.890212,True,True,801.9266955316006,9.225291767886606,1.341897316678423,1.1177889349635448,1339,/scratch/project_2013233/enchanted_plugins/data/ascot_DT-D_random_extended/batch_0/ascot_sdcc_workflow_runner-457eebf2-9495-4189-ad00-0ecde791bc9b,0
5.57,0.68,0.0,6.24,4467.6987622744955,6.275358436657933e+19,133946.85271259412,736567.6717999243,0.18185274461648981,3561056.1573611232,3270821.861417724,0.0002,0.000999,47.26827,14.451469,True,True,592.8911032762462,6.932004295675947,1.032847312984795,1.4616040286132446,1362,/scratch/project_2013233/enchanted_plugins/data/ascot_DT-D_random_extended/batch_0/ascot_sdcc_workflow_runner-0d351289-6763-4cca-a88d-eefd1d4e348f,0
6.56,0.84,0.0,7.41,25626.085688263705,8.38611248789784e+19,163038.7887778099,943569.1112966649,0.17278945105966842,5271093.208388118,4811445.108249284,0.0004,0.0002,36.518991,12.931037,True,True,671.6128102975699,7.606214943260309,1.4460720810714496,1.2575190945788577,1352,/scratch/project_2013233/enchanted_plugins/data/ascot_DT-D_random_extended/batch_0/ascot_sdcc_workflow_runner-f12d3b57-8f7e-4fff-b51c-c394f136e69d,0
5.18,0.58,0.0,5.76,85272.85768112473,1.0513586217520621e+20,250953.40255968826,2031100.8995338394,0.12355535986286299,2781526.01282729,5351629.275406293,0.031196,0.028183,46.134195,15.147597,True,True,982.4248953967324,4.489156847018862,1.219786762175091,1.1885297349078012,1364,/scratch/project_2013233/enchanted_plugins/data/ascot_DT-D_random_extended/batch_0/ascot_sdcc_workflow_runner-55613d61-5774-496a-955e-31e256177f3e,0
10.47,0.75,0.0,11.22,126607.53195557368,1.1647403487909324e+20,73067.8496024571,2047296.0392162467,0.03568992866826881,4270299.11154744,9430887.426356781,0.012833,0.013612,33.528766,9.772428,True,True,921.888720113632,5.4263647128606065,1.0288672362076434,0.8460262298293865,1344,/scratch/project_2013233/enchanted_plugins/data/ascot_DT-D_random_extended/batch_0/ascot_sdcc_workflow_runner-6872271a-7c1e-4038-b428-3951fc922e36,0
11.01,0.34,0.0,11.34,35441.36871717296,6.394775784476054e+18,-596.3248952596095,60329.91691200543,-0.0098843977545897,862458.3934791342,6372067.5731356265,0.0,0.0,8.831231,1.950172,True,True,575.0997142076861,11.490015489073516,1.410988254104215,1.0067321242946652,1346,/scratch/project_2013233/enchanted_plugins/data/ascot_DT-D_random_extended/batch_0/ascot_sdcc_workflow_runner-8d954381-f5a0-4b8e-b96d-03318f23c165,0
8.07,0.66,0.0,8.73,20212.672567503756,9.063409221362752e+19,162567.53838964322,1146718.9994640697,0.14176754589888257,4582414.7411307655,4612598.962302075,0.001797,0.000999,37.392842,12.54904,True,True,664.6637014453481,6.281247546906205,1.339521266506853,1.1780731118172856,1358,/scratch/project_2013233/enchanted_plugins/data/ascot_DT-D_random_extended/batch_0/ascot_sdcc_workflow_runner-24601d4c-e0c7-426a-b0a0-442d0afb5630,0
12.62,0.63,0.0,13.25,145602.2990021464,1.1049376404119038e+20,261159.27880251515,1505095.5922971845,0.17351673882980095,7281454.764975695,9515761.819848893,0.0002,0.0004,42.114669,13.707337,True,True,929.1618580269665,9.081115047555773,1.1227224035122307,1.3686611106119093,1338,/scratch/project_2013233/enchanted_plugins/data/ascot_DT-D_random_extended/batch_0/ascot_sdcc_workflow_runner-fe779e72-eecd-4bee-bb1c-8c66358d2b3a,0
34.8,0.61,0.0,35.42,49789.88007607576,7.953157379895384e+19,24758.686783469155,1096813.6851623796,0.022573283975576685,3799847.95449934,6509028.235018729,0.002792,0.002195,27.9788,7.855615,True,True,683.887590689934,5.759033220116184,1.133346981134007,0.8017553932917098,1270,/scratch/project_2013233/enchanted_plugins/data/ascot_DT-D_random_extended/batch_0/ascot_sdcc_workflow_runner-2c647a7a-be03-4122-8ac5-ede0fc1e5e27,0
6.26,0.73,0.0,6.99,7866.443117265307,4.006295972798059e+19,60551.51600982493,380539.6648191124,0.15912011705430967,4037719.7136340505,5312840.592003146,0.0002,0.0,33.239973,10.942518,True,True,649.842139416663,11.727249664059048,1.1888872950099172,1.213596196854251,1360,/scratch/project_2013233/enchanted_plugins/data/ascot_DT-D_random_extended/batch_0/ascot_sdcc_workflow_runner-73f2035f-1e91-4d6b-887a-5ebbcc9210a4,0
8.05,0.72,0.0,8.77,131382.36745420244,7.288977203715365e+19,45318.18973319949,952911.9054798592,0.047557585829907906,4743405.667062128,8940815.39827621,0.001199,0.0,27.382108,7.864975,True,True,768.0681796374067,7.925277901542653,1.0390847580513451,0.8554278199861707,1356,/scratch/project_2013233/enchanted_plugins/data/ascot_DT-D_random_extended/batch_0/ascot_sdcc_workflow_runner-ba2381fe-53f7-4240-ba4f-b9baed8485c2,0
4.27,0.76,0.0,5.02,1602.549563636665,7.085190270500971e+19,119574.7130989523,814872.5813487651,0.14674038105569093,3475408.0976682287,2882452.925832502,0.001398,0.0,39.744313,12.982804,True,True,567.5781118620239,5.760382139564401,1.3163325150706031,1.2157076643682507,1366,/scratch/project_2013233/enchanted_plugins/data/ascot_DT-D_random_extended/batch_0/ascot_sdcc_workflow_runner-e13e139e-963f-4ad2-ae3d-f592ac9babda,0
7.99,0.94,0.0,8.93,8142.935272381954,8.309395644581685e+19,189228.65761164276,1111947.4949380073,0.17017769136859517,3748667.2838896615,3396125.4067506324,0.001398,0.000999,45.795197,14.430803,True,True,624.6201305639755,5.7321069782260805,1.2005690419905468,1.368206751087456,1367,/scratch/project_2013233/enchanted_plugins/data/ascot_DT-D_random_extended/batch_0/ascot_sdcc_workflow_runner-9d267dd8-eef1-441a-aa11-9c138d7ff71d,0
14.92,0.41,0.0,15.33,19378.704579628014,7.368541625906292e+18,-1199.9596753234969,68531.54549071866,-0.017509596007666415,849453.0384148288,4771858.626297648,0.0,0.0,10.154571,2.232152,True,True,514.3914372729251,9.734746657549717,1.3469407984517134,0.937517151446245,1322,/scratch/project_2013233/enchanted_plugins/data/ascot_DT-D_random_extended/batch_0/ascot_sdcc_workflow_runner-d1c3c8b2-48cc-4990-a217-5d614663a652,0
6.35,0.84,0.0,7.2,6358.425160270053,5.360122030192084e+19,99808.60309618586,499086.77732182364,0.1999824632336969,4704942.284583101,4422995.202063427,0.0,0.0,34.835765,12.590918,True,True,634.7641509524489,10.421922104030399,1.4895128792334467,1.317201767174776,1357,/scratch/project_2013233/enchanted_plugins/data/ascot_DT-D_random_extended/batch_0/ascot_sdcc_workflow_runner-76fea3e8-4491-4d0c-a866-babd17b0de95,0
7.09,0.94,0.0,8.02,275977.7458707807,1.3351589807564933e+20,203296.98387871849,1765321.3115557886,0.11516146241929838,8512446.73227667,12467886.360031193,0.0006,0.0006,30.233915,10.844109,True,True,979.7255699580577,8.338680942421943,1.378484215589965,1.0387237971576702,1371,/scratch/project_2013233/enchanted_plugins/data/ascot_DT-D_random_extended/batch_0/ascot_sdcc_workflow_runner-49e2ccaa-a4d9-4dcc-afb7-f954e648af9a,0
11.72,0.79,0.0,12.51,7957.630525487746,6.058977272584277e+19,116682.73086363556,661843.7533000953,0.17629951220636345,4080657.4650468393,4074851.069931424,0.0,0.0,42.222963,13.320239,True,True,620.5955522244874,8.087404000199959,1.1238439473856043,1.372207806278055,1343,/scratch/project_2013233/enchanted_plugins/data/ascot_DT-D_random_extended/batch_0/ascot_sdcc_workflow_runner-1be46732-ddef-4544-bc7b-8141e5ee0860,0
6.51,0.76,0.0,7.27,14284.336057406033,7.512416335218282e+19,147487.69299696042,981106.3158281029,0.150327941648682,3929300.427113682,4178440.9913024516,0.000799,0.0002,43.85938,13.29975,True,True,644.1961800607309,6.622215061954831,1.0553969738741733,1.3024281103822481,1379,/scratch/project_2013233/enchanted_plugins/data/ascot_DT-D_random_extended/batch_0/ascot_sdcc_workflow_runner-c6ce6cad-810c-4623-8041-d47c88fde92b,0
18.09,0.53,0.0,18.62,35055.18948399809,1.1566254501775355e+20,163446.74835519606,1814196.670996211,0.09009318061720632,4129562.8951511024,5647876.539834676,0.007543,0.003984,34.207201,11.939694,True,True,747.26792823681,4.956045221684715,1.4263894746934147,0.9972419340707391,1349,/scratch/project_2013233/enchanted_plugins/data/ascot_DT-D_random_extended/batch_0/ascot_sdcc_workflow_runner-dc258c90-868f-47e9-a4d4-c3365257451e,0
22.13,0.77,0.0,22.9,153107.30981675626,1.284138332931666e+20,283421.33357809356,1723810.3140963374,0.16441561537277946,7332631.330910345,8644175.56636937,0.0004,0.000799,36.135671,13.177342,True,True,884.6966174563162,7.708218344900347,1.4598811147133475,1.2242119989500515,1332,/scratch/project_2013233/enchanted_plugins/data/ascot_DT-D_random_extended/batch_0/ascot_sdcc_workflow_runner-1289ce11-11c6-47ac-ae43-3e77d6daec9f,0
5.91,0.77,0.0,6.68,0.0,5.246574510686437e+19,90167.58393525654,495034.3093679439,0.18214411047666945,3063192.8866424044,2069202.638156914,0.0002,0.0002,40.447983,13.720316,True,True,507.17136362409934,6.504808513340812,1.4004459152417845,1.333596676660167,1370,/scratch/project_2013233/enchanted_plugins/data/ascot_DT-D_random_extended/batch_0/ascot_sdcc_workflow_runner-42ef9c8f-3d63-406a-9d28-b9edbb7bcd22,0
24.57,0.7,0.0,25.27,5810.487403348953,6.436861510580595e+19,58749.979097350246,768742.838989911,0.07642344893195328,2889142.642883603,2935994.6461764486,0.000999,0.001199,34.821029,10.632833,True,True,545.7330292883296,5.1647048686686645,1.2104327452639623,0.9823773045601012,1324,/scratch/project_2013233/enchanted_plugins/data/ascot_DT-D_random_extended/batch_0/ascot_sdcc_workflow_runner-4fd667aa-7a65-4b17-8499-d8b45a9b90c0,0
7.4,0.88,0.0,8.28,149757.47171468593,1.2381646561935884e+20,155188.42097059902,2096548.3000032706,0.07402091378975477,4766509.96405001,8904952.696568122,0.009705,0.00833,35.11855,11.10135,True,True,919.259121546542,5.687278492413222,1.1765365064993252,0.9685716395631773,1375,/scratch/project_2013233/enchanted_plugins/data/ascot_DT-D_random_extended/batch_0/ascot_sdcc_workflow_runner-86694fc1-b622-4b34-a217-8351ab5a7869,0
20.58,0.72,0.0,21.31,3716.555267235251,2.672914122946405e+19,28272.42823999451,210911.91460690656,0.13404851163903236,2491107.930662888,2882954.4757201225,0.0,0.0,28.113792,9.620404,True,True,513.227217842038,10.100602325024353,1.3480726307755613,1.0771650958686958,1321,/scratch/project_2013233/enchanted_plugins/data/ascot_DT-D_random_extended/batch_0/ascot_sdcc_workflow_runner-03f233f1-5a32-4092-9023-ab31205ed9a5,0
5.93,0.8,0.0,6.73,1235.5514761505651,6.048827300007165e+19,97241.67988091764,778907.1478662757,0.12484373798250505,2288761.1461050916,1927292.6649914903,0.004975,0.003587,47.535881,13.808007,True,True,511.5102642781014,4.548169920029155,1.050010122670082,1.2371897113552186,1377,/scratch/project_2013233/enchanted_plugins/data/ascot_DT-D_random_extended/batch_0/ascot_sdcc_workflow_runner-0189968e-56fe-4e0e-8718-e8ebba2794f8,0
6.84,0.75,0.0,7.59,29966.812300915626,1.1056830674550696e+20,232284.5204136025,1645557.5415577067,0.1411585523735128,4466538.211280863,5253219.282294328,0.004777,0.002991,40.32755,13.469176,True,True,744.3015806297116,5.562782734193708,1.3271943824737105,1.1988806134471692,1303,/scratch/project_2013233/enchanted_plugins/data/ascot_DT-D_random_extended/batch_0/ascot_sdcc_workflow_runner-64dfb7fd-59dd-4a68-941a-d4179086a09f,0
7.16,0.72,0.0,7.87,691096.0078310948,7.892317269091507e+19,74781.11956441353,927897.271051768,0.08059202445939885,7598945.52067723,15590434.884366132,0.0,0.0,20.834932,7.443004,True,True,980.4890549018203,11.435838111298544,1.4728036361917511,0.8545260410405264,1363,/scratch/project_2013233/enchanted_plugins/data/ascot_DT-D_random_extended/batch_0/ascot_sdcc_workflow_runner-f6bba8ec-a5e0-47c1-919c-b256d6a9a1a4,0
6.4,0.77,0.0,7.16,5718.617261520429,3.2327179887444513e+19,32695.832397910966,272038.6761436107,0.12018817640713213,2681984.148782184,2936244.0625302284,0.0,0.0,27.514252,9.476344,True,True,517.3179694254295,8.938263309024435,1.3859234383103105,1.0345860058401308,1380,/scratch/project_2013233/enchanted_plugins/data/ascot_DT-D_random_extended/batch_0/ascot_sdcc_workflow_runner-0a2df411-aa01-4d3a-bd26-15413c6a7bdc,0
6.48,0.7,0.0,7.18,43383.470424419786,1.0171752106518777e+20,185423.9092309224,1954768.941990222,0.09485720038202342,2436041.7251637643,4339274.227146938,0.036794,0.038831,48.43678,14.558406,True,True,829.0128320725104,3.8380695175501973,1.0252991968074237,1.1212249199368762,1361,/scratch/project_2013233/enchanted_plugins/data/ascot_DT-D_random_extended/batch_0/ascot_sdcc_workflow_runner-6bdb24d2-1bc8-401c-b9b3-82dc7897dd4c,0
7.29,0.78,0.0,8.07,425037.2859974114,1.0684676723212286e+20,68048.18818297642,1537600.2810465216,0.04425609764890356,6905672.715662757,14496408.883282546,0.001199,0.000799,27.281009,8.059706,True,True,999.295584371909,8.422017949008193,1.0527455589291363,0.8411731039903316,1387,/scratch/project_2013233/enchanted_plugins/data/ascot_DT-D_random_extended/batch_0/ascot_sdcc_workflow_runner-16f98747-f942-481a-938c-0e5162853ca2,0
38.84,0.43,0.0,39.27,16366.064433922162,1.1121194605915386e+19,-2004.151826494073,109470.4052483659,-0.018307704460827228,1153427.501018181,5305891.352997664,0.0,0.0,11.550153,2.621813,True,True,541.3035002282913,9.134638395705144,1.373384426749807,0.9190264541773933,1284,/scratch/project_2013233/enchanted_plugins/data/ascot_DT-D_random_extended/batch_0/ascot_sdcc_workflow_runner-fb891e63-685f-4ccc-8582-c98f95b5eaf3,0
15.38,0.65,0.0,16.03,35171.464359938516,1.0992807765481308e+20,337218.34732488065,2174289.2446875735,0.15509360042542822,2740056.020833548,3610770.9205341213,0.028749,0.024961,46.854636,16.641835,True,True,829.5215513147978,4.0280288847871475,1.4671441802126424,1.2795221384638247,1354,/scratch/project_2013233/enchanted_plugins/data/ascot_DT-D_random_extended/batch_0/ascot_sdcc_workflow_runner-a7ee426a-9f85-498f-a6b1-317c37b51a77,0
11.9,0.85,0.0,12.75,1918.9505111944022,5.201763232306981e+19,82910.59419216363,487077.92237981205,0.1702203905836485,3226103.894785893,2321568.3805071265,0.0002,0.0,37.257842,12.91792,True,True,518.6889537153238,6.886736192770252,1.430978643688122,1.2585730442028442,1369,/scratch/project_2013233/enchanted_plugins/data/ascot_DT-D_random_extended/batch_0/ascot_sdcc_workflow_runner-5cdc7998-a313-4a85-8e54-18ce14dced61,0
6.94,0.58,0.0,7.53,14167.795712133593,9.985248387782879e+19,309365.1803946229,1824908.916423404,0.1695236280619092,2791235.5024131136,3408491.4244035897,0.019416,0.017875,55.449827,16.840889,True,True,743.6409591249218,4.253137736977755,1.065782820823996,1.4754115038531128,1386,/scratch/project_2013233/enchanted_plugins/data/ascot_DT-D_random_extended/batch_0/ascot_sdcc_workflow_runner-72afa69a-fdbd-49d2-8443-00b3f408fbf0,0
35.24,0.78,0.0,36.02,2884.4996326882533,5.404981162152082e+19,67964.48688530814,517088.64684701734,0.13143681900526372,3406054.6739152996,2981363.757724667,0.0004,0.0,32.174282,11.193709,True,True,544.1840221095042,6.970212949567314,1.4311868098189675,1.09921364191318,1308,/scratch/project_2013233/enchanted_plugins/data/ascot_DT-D_random_extended/batch_0/ascot_sdcc_workflow_runner-397d8d10-00c5-4c80-b576-ac2cae3de1cf,0
4.57,0.78,0.0,5.35,118928.07383522265,1.320130700170225e+20,212343.4964104353,2148585.6225620504,0.09882943187399221,5023547.9437417565,7854470.705684763,0.008133,0.006359,33.755184,12.07976,True,True,877.1275299748356,5.564717505393601,1.4215552175836743,1.0164038096858126,1347,/scratch/project_2013233/enchanted_plugins/data/ascot_DT-D_random_extended/batch_0/ascot_sdcc_workflow_runner-50b5300b-2188-4e74-9c23-fedf84d2c626,0
8.94,0.79,0.0,9.73,26404.84791285803,1.0810793440439083e+20,314541.2813093333,2106458.6488205683,0.14932231472260268,2592530.7831449425,3437388.2233599466,0.026669,0.026859,48.030684,16.452209,True,True,799.3922615750733,3.8576318687348183,1.4057142326191738,1.274138788393861,1385,/scratch/project_2013233/enchanted_plugins/data/ascot_DT-D_random_extended/batch_0/ascot_sdcc_workflow_runner-0da698d4-9909-40ab-a872-f53cfd843013,0
10.56,0.86,0.0,11.42,108448.74807261457,8.496614752488854e+19,149309.07581781488,958292.0066750693,0.155807493726118,6894600.426507772,8399062.530089464,0.0,0.0,31.943995,11.275026,True,True,802.201031005301,9.97054020447254,1.3825012629502442,1.1661980718512712,1384,/scratch/project_2013233/enchanted_plugins/data/ascot_DT-D_random_extended/batch_0/ascot_sdcc_workflow_runner-12d75828-3aa7-4403-a294-fc096b31c50d,0
41.35,0.69,0.0,42.04,11457.928411360352,7.712601195733538e+19,118591.72075725821,1025656.3706643167,0.11562519782375696,3932743.9024425736,4749429.752739523,0.000999,0.001398,39.178653,11.796705,True,True,654.8833945962078,6.419441668259593,1.0847867012622967,1.143063836288268,1279,/scratch/project_2013233/enchanted_plugins/data/ascot_DT-D_random_extended/batch_0/ascot_sdcc_workflow_runner-373e5a95-0fdb-41b3-95c6-532368001718,0
16.05,0.74,0.0,16.79,43907.56244194148,1.0677390979824927e+20,180970.05756831658,2024269.4000271573,0.08940018436572164,2838487.81173818,4927770.567108273,0.027805,0.027994,44.254369,13.561883,True,True,833.0342663574324,4.202987257519547,1.119732845853275,1.0731337140220192,1373,/scratch/project_2013233/enchanted_plugins/data/ascot_DT-D_random_extended/batch_0/ascot_sdcc_workflow_runner-67fb8437-1993-4c6a-b98e-30972acc4fa9,0
7.69,0.86,0.0,8.54,43350.90906754326,9.744964826561411e+19,89570.19333345818,1502081.455531282,0.059630716432603495,4037815.928726864,6441335.296216994,0.005569,0.003984,34.168345,10.11095,True,True,738.7740173156002,5.556680968813654,1.1101942458109875,0.9287926091245888,1391,/scratch/project_2013233/enchanted_plugins/data/ascot_DT-D_random_extended/batch_0/ascot_sdcc_workflow_runner-b5415323-d5d5-4fad-b252-304b4f2d894b,0
6.35,0.79,0.0,7.14,75347.16693615225,9.699660988326035e+19,144431.9815662901,1928870.6097234553,0.07487904105034682,2296942.1713937493,5256568.24394126,0.046166,0.04961,43.359381,13.732854,True,True,996.9155130096777,4.032718746464867,1.1354906835157408,1.0095054265010366,1396,/scratch/project_2013233/enchanted_plugins/data/ascot_DT-D_random_extended/batch_0/ascot_sdcc_workflow_runner-8f7d50e6-8fb9-4731-aaa8-c31881bf2d90,0
11.35,0.82,0.0,12.17,127601.86283364263,1.3511893135186017e+20,308183.4473412695,1958103.4468085822,0.15738874666890698,6965713.962306715,9208186.275353262,0.000999,0.001597,37.497901,13.377439,True,True,940.9960773609466,7.330122189773055,1.4045354913264108,1.2223159333381224,1381,/scratch/project_2013233/enchanted_plugins/data/ascot_DT-D_random_extended/batch_0/ascot_sdcc_workflow_runner-cbd6a727-9977-4d74-b406-03baf7cbad09,0
7.37,0.76,0.0,8.12,25513.678852236717,5.996837247259788e+19,92340.55128974777,623776.3077245082,0.1480347203737179,4751381.65880313,5573875.917677855,0.0,0.0,32.907253,11.040355,True,True,670.4414676043067,9.324224793038868,1.2807495089590888,1.1647793061205676,1392,/scratch/project_2013233/enchanted_plugins/data/ascot_DT-D_random_extended/batch_0/ascot_sdcc_workflow_runner-6780e004-827d-4c94-928b-0a06fe74afa3,0
8.57,0.31,0.0,8.88,41943.44123124187,4.671477696005634e+18,-389.99909320510545,41987.16850720112,-0.009288530450397427,639570.9220348378,5547812.590560534,0.0,0.0,7.439507,1.612843,True,True,541.1352157073758,11.044315979085614,1.3889825882353026,0.8415143809096691,1395,/scratch/project_2013233/enchanted_plugins/data/ascot_DT-D_random_extended/batch_0/ascot_sdcc_workflow_runner-4ef35b71-a13e-4222-bb1a-3bc19242e0b4,0
6.15,0.47,0.0,6.63,20174.00963414754,1.071702464235596e+20,106119.75439934216,1916871.9704675425,0.055360898398164056,2908209.212853173,4799384.193183677,0.023819,0.021718,37.94765,11.692444,True,True,739.4151407242093,4.013407416774556,1.2242410495637461,0.91999946885936,1403,/scratch/project_2013233/enchanted_plugins/data/ascot_DT-D_random_extended/batch_0/ascot_sdcc_workflow_runner-fc1f2447-c6c2-4b7c-898f-9b263b5483ae,0
6.56,0.7,0.0,7.26,16570.02866654823,9.474560730457973e+19,223068.36805622108,1141114.463021878,0.19548290314846734,5442573.87831898,4936012.3760096375,0.000999,0.0,41.692346,14.369911,True,True,705.644489411546,7.284508680332441,1.3760676674260337,1.4000314107229985,1400,/scratch/project_2013233/enchanted_plugins/data/ascot_DT-D_random_extended/batch_0/ascot_sdcc_workflow_runner-4244fffd-9d34-4a2a-a174-802cafbf2205,0
6.65,0.65,0.0,7.3,5959.535807226084,5.9544597814325125e+19,42658.80919962959,708107.7159086555,0.06024338987026727,2860707.130032674,3280938.277307542,0.000999,0.0006,33.172423,9.666181,True,True,551.2969158036426,5.471536877590143,1.141671299669967,0.9434694517961235,1397,/scratch/project_2013233/enchanted_plugins/data/ascot_DT-D_random_extended/batch_0/ascot_sdcc_workflow_runner-8b50dff7-1e7f-4a24-818c-dad81140fd45,0
8.93,0.86,0.0,9.8,143008.10799349583,1.1365764017659452e+20,131764.27514320097,1624781.6229462996,0.0810966060191314,6093044.487216182,9857915.671860887,0.001398,0.002195,30.957176,9.95456,True,True,866.4293492197147,7.043927265968458,1.2120221464871093,0.9624318165714014,1365,/scratch/project_2013233/enchanted_plugins/data/ascot_DT-D_random_extended/batch_0/ascot_sdcc_workflow_runner-3bad045d-6290-4957-8bcf-a36511be7400,0
6.71,0.78,0.0,7.49,123184.04021293193,1.2045522004015037e+20,81808.68430842888,1915271.63583603,0.04271388077687414,5185456.169327311,9882989.67700771,0.003984,0.004777,29.555594,9.124006,True,True,875.7240787007903,5.860066586254414,1.2171738998473858,0.8339546479916073,1383,/scratch/project_2013233/enchanted_plugins/data/ascot_DT-D_random_extended/batch_0/ascot_sdcc_workflow_runner-446e0ddd-42e6-413b-a5ec-88b27fad1278,0
25.9,0.82,0.0,26.72,2973.7146745936366,4.952579171771535e+19,99515.47965076675,466713.34287119814,0.2132261294235821,4337317.52581984,4000041.12220723,0.0,0.0,41.139255,13.851075,True,True,620.2504126164222,10.34911239752559,1.2461311980162064,1.486625134065262,1351,/scratch/project_2013233/enchanted_plugins/data/ascot_DT-D_random_extended/batch_0/ascot_sdcc_workflow_runner-0b0ad509-29e3-4a7c-9ca8-6035269179e6,0
6.4,0.71,0.0,7.11,35774.51659435229,1.1676706626847746e+20,324972.4138983318,1551109.5728501477,0.20950964366830538,6458671.530570418,6421634.815123376,0.001597,0.0,43.436116,15.266765,True,True,816.4559963987424,7.513208855988276,1.3940323139381494,1.4752416832623347,1405,/scratch/project_2013233/enchanted_plugins/data/ascot_DT-D_random_extended/batch_0/ascot_sdcc_workflow_runner-4ecb7db1-9fd2-4c5b-837f-321cee26f616,0
7.88,0.92,0.0,8.8,25546.200448715826,9.329627968467978e+19,226024.05705858252,1270342.4177604686,0.17792372662565129,5050111.836081531,5672579.224426254,0.000999,0.000799,45.644798,14.35906,True,True,747.9606610561623,7.255181704990212,1.0982699056370044,1.4212599297580728,1390,/scratch/project_2013233/enchanted_plugins/data/ascot_DT-D_random_extended/batch_0/ascot_sdcc_workflow_runner-ba98c381-1e65-4344-b657-350459afe8f1,0
5.09,0.74,0.0,5.83,90530.7904179982,1.223642739156134e+20,294046.8985110631,2165187.1499921517,0.13580668927955208,4075006.4721180936,6236316.592891901,0.010685,0.007937,42.375808,14.262503,True,True,896.878441614195,5.216019015113822,1.308782648020749,1.1986978925551437,1407,/scratch/project_2013233/enchanted_plugins/data/ascot_DT-D_random_extended/batch_0/ascot_sdcc_workflow_runner-64d4900f-9997-4594-b446-3a8f15381c06,0
11.13,0.65,0.0,11.78,2518.106760723067,6.210305756554652e+19,9987.122887293566,766158.6606194115,0.013035319445739007,2368492.6907985606,2723094.6749312324,0.006754,0.005767,29.83435,8.530972,True,True,517.0981323268355,4.216102019084325,1.2850490308760105,0.8159863172803481,1398,/scratch/project_2013233/enchanted_plugins/data/ascot_DT-D_random_extended/batch_0/ascot_sdcc_workflow_runner-d6a8890c-9d32-4d93-a8ff-dea8086c6c93,0
7.99,0.78,0.0,8.77,350413.0021927151,1.1849326271045743e+20,104408.74108405996,1507420.0472825863,0.06926320322744595,8158085.92942015,13826053.24731528,0.0004,0.0004,24.088121,8.544441,True,True,949.0377103289732,8.295191865746686,1.4462971224520749,0.8609621020467096,1411,/scratch/project_2013233/enchanted_plugins/data/ascot_DT-D_random_extended/batch_0/ascot_sdcc_workflow_runner-d133b691-ad37-478d-b98f-dd03bf66c6c4,0
7.58,0.52,0.0,8.1,42880.93010602088,9.295913588416284e+19,295767.5388917608,1922983.5288798457,0.15380658983805645,2031748.7134510789,3381639.2594701075,0.049971,0.046711,53.688361,17.414354,True,True,919.9845981372737,3.7798710328534564,1.2146547272509154,1.3634967025740363,1399,/scratch/project_2013233/enchanted_plugins/data/ascot_DT-D_random_extended/batch_0/ascot_sdcc_workflow_runner-b41ad23e-87c9-4997-91aa-8634a465b212,0
4.47,0.72,0.0,5.19,12368.523264444975,8.920912466261289e+19,138451.72749196258,1218458.2448660585,0.11362861885117957,4165651.137191858,4931778.342290005,0.001398,0.001996,37.923846,11.840518,True,True,675.2481829799079,5.9651540858701715,1.1837161944127166,1.1119310945196699,1416,/scratch/project_2013233/enchanted_plugins/data/ascot_DT-D_random_extended/batch_0/ascot_sdcc_workflow_runner-3e74079c-afa7-4a6f-ad4a-fabb902e4c96,0
6.86,0.66,0.0,7.52,126646.74939294523,1.152578368423257e+20,289789.67351713614,2085789.546319888,0.1389352411073463,3915063.8518255656,6782328.543275775,0.014778,0.011662,44.784947,14.698788,True,True,993.4428640780129,5.48754251089172,1.2029344633259198,1.2431194757681157,1389,/scratch/project_2013233/enchanted_plugins/data/ascot_DT-D_random_extended/batch_0/ascot_sdcc_workflow_runner-0c47e8ad-533b-4fd9-80df-55628b75110c,0
11.19,0.87,0.0,12.06,53848.13160204709,8.18844977793051e+19,164536.09378535615,922043.8335294577,0.17844714947610948,6912458.0695712315,8042002.426329606,0.0,0.0,36.006774,12.345338,True,True,805.6461702650732,10.561851583463513,1.2869688722163903,1.2896311431211502,1317,/scratch/project_2013233/enchanted_plugins/data/ascot_DT-D_random_extended/batch_0/ascot_sdcc_workflow_runner-3117363d-7e17-46a6-a403-3b2782bb8af6,0
5.42,0.71,0.0,6.13,231944.64877949713,7.24232079769438e+19,91190.22164759829,833381.4557495955,0.10942194719892835,6404026.931054785,10407435.124919798,0.0,0.0,27.366015,9.158944,True,True,839.0130613347812,10.641487327661123,1.2420520832220134,1.0157867065110011,1417,/scratch/project_2013233/enchanted_plugins/data/ascot_DT-D_random_extended/batch_0/ascot_sdcc_workflow_runner-90c43d62-0c10-4064-92e3-53f1b3c5f787,0
6.17,0.5,0.0,6.67,21953.920686135767,1.0483057555594887e+20,251420.54362622343,1813335.7896018047,0.1386508472771243,3099824.1219360325,3816863.472369543,0.012833,0.011272,47.52346,14.935999,True,True,722.2838015604339,4.359261967332783,1.213548378700934,1.257897302836166,1410,/scratch/project_2013233/enchanted_plugins/data/ascot_DT-D_random_extended/batch_0/ascot_sdcc_workflow_runner-7a6d3e1c-7a2a-4349-80f7-e6b30e21943d,0
7.3,0.75,0.0,8.05,35259.3764660461,1.0808268067024034e+20,275980.8717326802,1454360.6061755188,0.18976096475716392,6200634.832130211,6737051.123549588,0.0002,0.0002,43.03105,14.390273,True,True,811.5729990471591,7.734417953301797,1.2488413485695522,1.4140919616042005,1414,/scratch/project_2013233/enchanted_plugins/data/ascot_DT-D_random_extended/batch_0/ascot_sdcc_workflow_runner-58463e61-c09d-4970-9998-807246783927,0
8.74,0.72,0.0,9.45,97927.04417265131,1.2194950287449203e+20,408213.92613145296,2133427.021723178,0.19134187482154266,4513783.311286197,5942383.924407609,0.008133,0.006162,46.948896,16.348629,True,True,935.969936489847,5.849936554123977,1.3728753304195878,1.4460519095338786,1412,/scratch/project_2013233/enchanted_plugins/data/ascot_DT-D_random_extended/batch_0/ascot_sdcc_workflow_runner-558ca8c6-36bc-4e4a-bcab-0adbd58d3b46,0
16.71,0.77,0.0,17.48,82125.90105703632,9.889765025281234e+19,198112.02466235196,1224457.8946346533,0.16179570202490587,6798948.604720183,8071719.9245343935,0.0,0.0,37.041667,12.437855,True,True,818.8697469194673,8.813093679112221,1.255884976902818,1.2511010621549656,1359,/scratch/project_2013233/enchanted_plugins/data/ascot_DT-D_random_extended/batch_0/ascot_sdcc_workflow_runner-c16220ed-28eb-48d2-841e-199928144d77,0
9.21,1.0,0.0,10.21,88158.15833579144,1.2005026061081113e+20,349980.6791120466,2077107.636946234,0.16849424309401154,4627778.58962377,6666338.323158543,0.005173,0.007346,46.160841,15.319704,True,True,942.0700447777288,5.991418914003441,1.2359670518361872,1.3665867184303204,1402,/scratch/project_2013233/enchanted_plugins/data/ascot_DT-D_random_extended/batch_0/ascot_sdcc_workflow_runner-b41b09e0-2acd-46f8-ba1b-5be8da77979c,0
13.12,0.63,0.0,13.75,16526.86975053301,6.986761711779064e+19,5085.277446481744,970758.4097147065,0.00523845829775118,2979707.712555299,4917914.819212524,0.003587,0.003786,28.733819,7.626556,True,True,613.2689353024962,5.075416639424483,1.094631196607713,0.8020179343576447,1331,/scratch/project_2013233/enchanted_plugins/data/ascot_DT-D_random_extended/batch_0/ascot_sdcc_workflow_runner-739a83ca-6352-4214-ac12-fec6f53ac99f,0
53.35,0.87,0.0,54.22,473741.80484062195,8.74905624824419e+19,104487.91234992725,1032144.5969264633,0.10123379288238589,8025689.37375362,13976912.988670293,0.0,0.0,23.911881,8.575236,True,True,952.7753683378548,11.05047160187328,1.4172114646895086,0.9422398493595967,1280,/scratch/project_2013233/enchanted_plugins/data/ascot_DT-D_random_extended/batch_0/ascot_sdcc_workflow_runner-eb801e7b-b576-44a2-91fd-1e9c944aefcd,0
4.51,0.72,0.0,5.23,12737.11695721832,1.0126589496497534e+20,245152.5959201052,1839019.3942945704,0.13330615037594168,2545848.8816901604,3193114.8443767596,0.025721,0.023819,49.495233,15.520133,True,True,712.637901909177,3.8062365239808136,1.219297787324789,1.248263812834234,1415,/scratch/project_2013233/enchanted_plugins/data/ascot_DT-D_random_extended/batch_0/ascot_sdcc_workflow_runner-2f7cda1c-a071-42a0-8cd1-70ca8e1793c3,0
6.45,0.97,0.0,7.42,100932.15541785791,1.1831563498780341e+20,262037.23516488716,1690274.498444401,0.15502643825369555,6694185.595860395,8941763.156992262,0.001199,0.001398,39.689258,13.086805,True,True,907.2386123070773,7.865460535550509,1.2004853412756895,1.2605876682474189,1376,/scratch/project_2013233/enchanted_plugins/data/ascot_DT-D_random_extended/batch_0/ascot_sdcc_workflow_runner-fa6907d2-00a1-4b1e-9194-879f4fd0f4cb,0
9.15,0.85,0.0,10.0,5933.508035220903,6.293348881071062e+19,134497.56230155632,682645.350071274,0.19702406569899528,5450805.949232469,6082164.442462233,0.0,0.0,42.546355,13.766547,True,True,726.1509508946084,10.787621907235051,1.098708779624283,1.4699165676248689,1418,/scratch/project_2013233/enchanted_plugins/data/ascot_DT-D_random_extended/batch_0/ascot_sdcc_workflow_runner-742e6d83-70a0-4cac-8f0b-10130789fea7,0
13.45,0.88,0.0,14.33,319355.0862185447,7.84648012682494e+19,92470.36321284532,927510.2869277566,0.09969739906512519,7017665.259648237,12195194.571623323,0.0,0.0,26.644585,8.832904,True,True,899.7944584260172,10.84915920056668,1.2193488712130867,0.9859731399316777,1404,/scratch/project_2013233/enchanted_plugins/data/ascot_DT-D_random_extended/batch_0/ascot_sdcc_workflow_runner-71f77722-1e6c-45cc-a34f-0760b4a392d6,0
35.18,0.79,0.0,35.98,68738.10827537239,9.770489804403283e+19,181696.9825841028,1283879.1799860299,0.14152187013896422,6036541.416302232,7735645.869148586,0.000799,0.0002,37.443761,12.052856,True,True,803.3528167826208,8.052566852827447,1.1716003364446905,1.1995994267780568,1355,/scratch/project_2013233/enchanted_plugins/data/ascot_DT-D_random_extended/batch_0/ascot_sdcc_workflow_runner-ebe58858-b52d-4509-a3cc-dff26003ca5c,0
5.37,0.83,0.0,6.21,61770.36543494731,7.722321474337767e+19,169333.53334597152,858260.075690108,0.19729862560578057,7117703.732656083,8278312.349017576,0.0,0.0002,40.081871,13.398055,True,True,827.9295206228373,11.727871544567925,1.175982399848801,1.4244047692034898,1437,/scratch/project_2013233/enchanted_plugins/data/ascot_DT-D_random_extended/batch_0/ascot_sdcc_workflow_runner-d7a72771-6763-4ee3-8572-ee48263b9fe9,0
7.6,0.65,0.0,8.25,3317.939212336271,6.289764491333312e+19,6307.08087920606,890503.9447541711,0.0070825973499164755,2026813.7096959818,2655127.162602609,0.008723,0.008133,35.228771,9.281474,True,True,526.3851622507907,3.9156573519550513,1.04330403628248,0.8507774637403595,1422,/scratch/project_2013233/enchanted_plugins/data/ascot_DT-D_random_extended/batch_0/ascot_sdcc_workflow_runner-dd6089c2-11c8-46bd-84a0-acaddb009462,0
10.48,0.79,0.0,11.27,826.0167865511335,6.274595381039144e+19,128754.74402193041,614826.6757167388,0.2094163267588115,4042780.7903044303,2911923.893252021,0.0,0.0002,42.019791,14.480744,True,True,574.5213236601599,7.493311745311633,1.3917900880155945,1.454053764386878,1421,/scratch/project_2013233/enchanted_plugins/data/ascot_DT-D_random_extended/batch_0/ascot_sdcc_workflow_runner-aadd0b6c-5439-4d2f-9233-7cf5aaf7e16a,0
14.75,0.88,0.0,15.63,105123.10662612256,7.87005606868471e+19,158868.21458895886,905381.344738997,0.1754710493121076,7254484.013422353,9584980.1657219,0.0,0.0,37.882854,12.498314,True,True,870.9041580022297,11.80155510487532,1.139797611686176,1.32563860037946,1320,/scratch/project_2013233/enchanted_plugins/data/ascot_DT-D_random_extended/batch_0/ascot_sdcc_workflow_runner-ce5d5f35-9492-407d-abc2-113f4f518490,0
13.08,0.57,0.0,13.65,0.0,7.3162149186612584e+19,184186.58630094235,1029046.035000096,0.17898770320894844,2264814.4047010597,1548860.3395339283,0.007149,0.008133,52.179076,16.574398,True,True,528.7265344115447,3.880823459462588,1.3111491765552876,1.4393209482749028,1408,/scratch/project_2013233/enchanted_plugins/data/ascot_DT-D_random_extended/batch_0/ascot_sdcc_workflow_runner-38ade531-74eb-4882-b9e6-3488c35ddea2,0
7.42,0.77,0.0,8.19,27133.58936172408,5.685362460438779e+19,59852.53694227772,632093.7653449362,0.09468933285493798,3906158.711625808,5072926.303165189,0.0,0.0,30.239162,9.482292,True,True,630.9122316881909,7.846882320595199,1.1819455010098587,1.005392278966628,1434,/scratch/project_2013233/enchanted_plugins/data/ascot_DT-D_random_extended/batch_0/ascot_sdcc_workflow_runner-57cdd278-acbd-4934-afad-21b65726cae8,0
5.3,0.83,0.0,6.12,244835.07251043906,8.785980972507134e+19,144837.29202863618,1011347.4840230803,0.14321219394592452,8162549.852361371,11975000.643262146,0.0,0.0,30.321218,10.506992,True,True,925.5725051717282,11.591080353383166,1.2917848088595647,1.1224583155734524,1413,/scratch/project_2013233/enchanted_plugins/data/ascot_DT-D_random_extended/batch_0/ascot_sdcc_workflow_runner-df9dfdd0-304d-43ab-8158-0975eb0bae1a,0
8.36,0.7,0.0,9.07,126717.12846303449,7.573175497414417e+19,62629.60086337971,953112.8951410976,0.0657105797043152,5177150.353530133,8931672.912709367,0.0006,0.0004,27.98167,8.417911,True,True,777.7616423416707,8.252613172996499,1.1093926776550918,0.9093254118120981,1429,/scratch/project_2013233/enchanted_plugins/data/ascot_DT-D_random_extended/batch_0/ascot_sdcc_workflow_runner-93a92c56-0150-4073-beb0-110b5bb2c972,0
6.14,0.6,0.0,6.74,7827.940969389013,7.644235328820178e+19,155325.24258118923,1019057.7076260404,0.15242045805534335,3527788.0897908774,3472612.153338076,0.002394,0.000999,45.494272,13.802538,True,True,615.1203795728239,5.847654112615043,1.0960709387824814,1.3166742400559794,1433,/scratch/project_2013233/enchanted_plugins/data/ascot_DT-D_random_extended/batch_0/ascot_sdcc_workflow_runner-663ed5ed-36bb-43c8-bf70-b7dfdba78a62,0
10.21,0.33,0.0,10.55,233434.50231825787,9.364374268253983e+18,-1390.9182003254855,110145.7680704003,-0.012627976768353661,1230569.2142632117,14250746.443000218,0.0,0.0,7.478376,1.555738,True,True,791.4333810432888,11.554139255426232,1.1547915991567874,0.8590585497144143,1425,/scratch/project_2013233/enchanted_plugins/data/ascot_DT-D_random_extended/batch_0/ascot_sdcc_workflow_runner-e3a0df52-4307-437c-8211-03e30262e93d,0
26.29,0.82,0.0,27.1,7739.281446945905,5.86486718719958e+19,117681.09083230037,572833.5767061517,0.20543678935333712,5358525.464311323,5477760.266352713,0.0,0.0,37.260456,13.023436,True,True,686.6502666492945,11.065446983395637,1.3558885542444625,1.385631081009608,1378,/scratch/project_2013233/enchanted_plugins/data/ascot_DT-D_random_extended/batch_0/ascot_sdcc_workflow_runner-cda7f338-7aa5-483f-ad38-3e1adfe22ecb,0
9.16,0.83,0.0,9.99,204026.8442939439,1.1852252933369002e+20,95130.4021639226,1905774.127039875,0.04991693444368613,5484996.983999437,11100774.055132883,0.004975,0.004579,31.296142,9.392405,True,True,935.5771119263943,6.4743251943703815,1.096362480340366,0.8775886450955215,1420,/scratch/project_2013233/enchanted_plugins/data/ascot_DT-D_random_extended/batch_0/ascot_sdcc_workflow_runner-4932ccf5-0a5d-4f01-bcd5-ccb7f491e424,0
9.09,0.96,0.0,10.06,223161.42669889855,9.205392099517284e+19,119762.67837059194,1085838.79887419,0.11029508108824554,7388547.835894715,11165339.219286205,0.0,0.0002,26.718143,9.487511,True,True,872.8125803413939,9.743804917050596,1.3797430328550704,1.0003397299541872,1436,/scratch/project_2013233/enchanted_plugins/data/ascot_DT-D_random_extended/batch_0/ascot_sdcc_workflow_runner-c4296b21-4140-40c6-b773-89bcc2d3fc8b,0
7.53,0.63,0.0,8.15,13464.134126183582,1.0113955056707605e+20,299131.72272735916,1669163.0104271267,0.17921061086227494,3215799.4959042724,3417940.236423959,0.009901,0.009116,51.562433,16.318784,True,True,698.5753151817712,4.570945634735334,1.2129692135693089,1.4546744472598376,1432,/scratch/project_2013233/enchanted_plugins/data/ascot_DT-D_random_extended/batch_0/ascot_sdcc_workflow_runner-e1a3a644-a57e-4e0f-b983-8c660440b5da,0
6.43,0.87,0.0,7.3,336081.6592990267,1.1622049670373245e+20,105057.18098622386,1771421.9283813853,0.059306695543855294,6344961.797416007,12698660.166796383,0.00319,0.002792,30.958024,9.342792,True,True,991.5595899230116,7.525757042720208,1.062979177472047,0.9106620124594241,1319,/scratch/project_2013233/enchanted_plugins/data/ascot_DT-D_random_extended/batch_0/ascot_sdcc_workflow_runner-1a41f166-96ac-40bc-a638-bb0068a1aeed,0
7.19,0.61,0.0,7.8,64318.42394427221,1.0042686078386928e+20,122446.90946345583,1969197.850758165,0.0621811106569674,2379853.744864254,5299131.437389342,0.045255,0.047438,43.735343,13.210676,True,True,920.0010331334108,3.896532194611724,1.0079113265163717,0.9778920601722065,1440,/scratch/project_2013233/enchanted_plugins/data/ascot_DT-D_random_extended/batch_0/ascot_sdcc_workflow_runner-cfcf7988-0262-4842-8d89-1c747abc41f0,0
12.04,0.6,0.0,12.64,116171.25784305482,1.0227781203531966e+20,193130.50834127425,1481863.1879362683,0.1303295134891902,5920305.356526348,8630370.065782402,0.001199,0.0006,39.39292,12.198691,True,True,862.0702228816448,7.956731599455278,1.0415438503282748,1.1998644411594985,1427,/scratch/project_2013233/enchanted_plugins/data/ascot_DT-D_random_extended/batch_0/ascot_sdcc_workflow_runner-d5bb0412-2f86-4aa3-878b-c88d2574783b,0
13.62,0.33,0.0,13.95,58961.722140696846,6.327752026500823e+18,-1068.3851353259713,64035.50532012892,-0.01668426180108764,818692.5797550293,7353690.335155496,0.0,0.0,8.501505,1.766475,True,True,608.1257471296257,10.898896008054429,1.2050452021280782,0.887445188676922,1430,/scratch/project_2013233/enchanted_plugins/data/ascot_DT-D_random_extended/batch_0/ascot_sdcc_workflow_runner-1a49928e-937c-4da1-92d8-aebd6e1d48fd,0
5.62,0.73,0.0,6.35,17696.9084875118,8.916148886404958e+19,191634.21171689706,1030420.3096897069,0.18597674164109243,5888317.191457971,5793579.664614707,0.0,0.0002,39.072476,13.429555,True,True,724.4421181917186,8.240248440822956,1.3414420985314837,1.3405554202014311,1442,/scratch/project_2013233/enchanted_plugins/data/ascot_DT-D_random_extended/batch_0/ascot_sdcc_workflow_runner-a682d85f-cd83-4ff1-a53f-bc499d75d6b9,0
27.08,0.78,0.0,27.86,115467.79070334363,7.918803615119375e+19,84883.15648877372,987798.9960600906,0.08593160838119543,5449256.562702417,8447066.519244306,0.0002,0.0002,29.484888,9.208358,True,True,775.7509591346583,8.363092605653526,1.1506474431906963,0.9762167003137293,1353,/scratch/project_2013233/enchanted_plugins/data/ascot_DT-D_random_extended/batch_0/ascot_sdcc_workflow_runner-bced52bc-e6c7-4a42-b925-b86308e30a95,0
12.78,0.6,0.0,13.39,47952.17567232595,7.831612264748651e+19,42062.526734136736,1069266.059709053,0.03933775541849887,4028046.8600582797,6893409.314425117,0.000799,0.001398,29.791921,8.405076,True,True,703.4558462958989,6.370557890321503,1.0464473846749751,0.8449646910598243,1431,/scratch/project_2013233/enchanted_plugins/data/ascot_DT-D_random_extended/batch_0/ascot_sdcc_workflow_runner-7683fd98-d8ce-478f-ba0b-b81d308d1c0b,0
9.25,0.76,0.0,10.01,81029.00506266815,4.4485383250494456e+19,25710.33577020831,447793.70909439685,0.05741558054087906,3922961.4551686486,6786389.345550582,0.0,0.0,21.698778,7.537654,True,True,673.4307186999786,9.923054479270824,1.4098457422187192,0.901360009682898,1426,/scratch/project_2013233/enchanted_plugins/data/ascot_DT-D_random_extended/batch_0/ascot_sdcc_workflow_runner-5f4f90d6-f2a5-47ad-89d7-3499ef70e30d,0
5.37,0.72,0.0,6.09,1766.4541166315475,7.95009654800108e+19,172767.63944099916,939258.2993219631,0.18394049812039734,3777811.155572425,2893185.7954984102,0.000999,0.0004,43.42447,14.650577,True,True,590.1457050585396,5.773862021479636,1.3913192266059848,1.3707010493960552,1454,/scratch/project_2013233/enchanted_plugins/data/ascot_DT-D_random_extended/batch_0/ascot_sdcc_workflow_runner-bcfbdb3d-8d1f-4f06-8d8a-dfbceffc1b9f,0
8.54,0.77,0.0,9.31,4427.2405345437455,3.4390773854953406e+19,46445.0755601177,283931.44970359514,0.16357848208996628,3136335.2213465828,3223547.038072584,0.0,0.0,30.34575,10.806716,True,True,549.2153532910331,10.304278096710853,1.4437325687580598,1.1646540348847139,1447,/scratch/project_2013233/enchanted_plugins/data/ascot_DT-D_random_extended/batch_0/ascot_sdcc_workflow_runner-f009d719-5c13-4ef0-a4b8-2f34af388cf1,0
10.38,0.69,0.0,11.07,40382.638164714495,1.072647084484918e+20,123923.19506025167,1585150.7858665283,0.07817754384325566,4427164.244501616,6223464.414341808,0.005371,0.004182,33.070709,10.744981,True,True,739.6643373202795,5.443003965827322,1.2954146917482476,0.9613100369309211,1374,/scratch/project_2013233/enchanted_plugins/data/ascot_DT-D_random_extended/batch_0/ascot_sdcc_workflow_runner-3785b79a-4c4b-4f58-a9d6-0f92499040f1,0
11.62,0.88,0.0,12.5,46088.31509063341,9.125630684471886e+19,146438.50346147968,1065546.0385065814,0.13743047993188628,5546622.515622458,6008114.080171487,0.0006,0.0002,32.583086,11.581381,True,True,708.9765819081332,7.386457428669153,1.4389298532673398,1.1166089005252533,1424,/scratch/project_2013233/enchanted_plugins/data/ascot_DT-D_random_extended/batch_0/ascot_sdcc_workflow_runner-257af592-13f1-465b-aa4c-f5119e817f32,0
8.17,0.73,0.0,8.9,1216.4761439911883,4.604301829126145e+19,46010.75310068521,495721.7441832581,0.09281568468716592,2517451.641313193,2519145.1494765067,0.0,0.0002,37.168636,10.792163,True,True,508.35047745821413,6.071851623723962,1.046251811413834,1.0643530842130107,1438,/scratch/project_2013233/enchanted_plugins/data/ascot_DT-D_random_extended/batch_0/ascot_sdcc_workflow_runner-8fe34f98-42b9-4362-b050-0a072ea8b306,0
4.49,0.66,0.0,5.14,22708.606991279088,1.0757779035695663e+20,186736.16550855254,1914366.8283280802,0.09754460991765058,2876653.7050238894,3859195.5309232934,0.018453,0.019416,39.848328,13.63459,True,True,713.4459603356743,3.982272397431175,1.4133583963382856,1.0511545398197844,1446,/scratch/project_2013233/enchanted_plugins/data/ascot_DT-D_random_extended/batch_0/ascot_sdcc_workflow_runner-b1fbbec9-2b77-421e-9867-471b25dd89ba,0
12.41,0.7,0.0,13.11,307761.0313835849,1.1466680303008868e+20,88603.69587412108,1595135.099168225,0.055546201647950086,6993595.007346832,12910687.645609614,0.000999,0.0004,26.815459,8.45816,True,True,936.0476187235995,7.707267822335904,1.2071982526723692,0.856768238980641,1444,/scratch/project_2013233/enchanted_plugins/data/ascot_DT-D_random_extended/batch_0/ascot_sdcc_workflow_runner-de2fba4e-a3a7-4e07-a511-72fed94d85ce,0
6.65,1.07,0.0,7.72,160712.66385375953,1.1676419793423699e+20,331193.5402166898,1717826.835833141,0.19279797783346533,6981797.961056306,9040582.218614127,0.0004,0.001199,46.012193,15.120786,True,True,981.5380237631528,8.616889778033476,1.1259218401356819,1.4916472664284313,1445,/scratch/project_2013233/enchanted_plugins/data/ascot_DT-D_random_extended/batch_0/ascot_sdcc_workflow_runner-f9ee9ea7-d75b-4af9-a7e9-c1ffc889fbf7,0
7.9,0.9,0.0,8.8,123731.88069006546,1.0432893916047884e+20,237158.43168719613,1238534.3597717043,0.1914831266618319,8711094.73285407,10140120.440291608,0.0,0.0,37.809336,13.178891,True,True,921.338049071102,10.850586962383186,1.304660235663049,1.3519139516174623,1451,/scratch/project_2013233/enchanted_plugins/data/ascot_DT-D_random_extended/batch_0/ascot_sdcc_workflow_runner-5ca40ff9-8580-4482-a0ac-408c89145a97,0
4.98,0.32,0.0,5.3,12535.065828168445,4.795261472444135e+18,-858.7505452954979,43144.76425015646,-0.019903934120868064,622804.9715194891,4498751.489540841,0.0,0.0,10.656473,2.187693,True,True,505.2606446710723,10.809999694083853,1.1489726191176741,1.0082442176822508,1443,/scratch/project_2013233/enchanted_plugins/data/ascot_DT-D_random_extended/batch_0/ascot_sdcc_workflow_runner-e33918b4-07df-43d7-86f2-7b31574b24e8,0
9.53,0.72,0.0,10.25,148911.58696463789,5.357086692958575e+19,52389.72409279077,558735.6111543347,0.09376478435758699,5221957.728846373,9322913.495578712,0.0,0.0,22.070668,8.146384,True,True,776.2460651482361,11.6172698612338,1.4919125586115318,0.946554355208624,1428,/scratch/project_2013233/enchanted_plugins/data/ascot_DT-D_random_extended/batch_0/ascot_sdcc_workflow_runner-4e4a4a3f-3bc4-4379-9e1a-b8e84336a647,0
6.64,0.83,0.0,7.47,118783.93539105589,1.2056951575007163e+20,205263.7689191341,1994237.3816404226,0.10292845315650835,4949951.79186194,8310915.630778336,0.007346,0.006162,38.187334,12.130899,True,True,906.4481977254565,6.039182399793988,1.161657978551252,1.081343253751576,1455,/scratch/project_2013233/enchanted_plugins/data/ascot_DT-D_random_extended/batch_0/ascot_sdcc_workflow_runner-edceedb9-7dec-416d-8d35-18fde3210d7c,0
5.93,0.77,0.0,6.7,86522.84025335658,1.040482381468574e+20,227761.74734364043,1209865.0539012682,0.18825384418635094,8101913.101827511,8925782.619557913,0.0,0.0,36.877811,13.05008,True,True,861.9168869436422,9.983038528808638,1.3638587413460816,1.3199492887371322,1459,/scratch/project_2013233/enchanted_plugins/data/ascot_DT-D_random_extended/batch_0/ascot_sdcc_workflow_runner-a64c540c-d0f9-44be-aa10-8945425a9e35,0
7.26,0.85,0.0,8.11,118003.11759975685,1.1203540155378811e+20,262487.20719544677,1313124.0451441912,0.1998952103314989,8776563.964142842,9392103.24442602,0.0002,0.0,37.148905,13.510942,True,True,896.2930712241184,10.171728290697967,1.4513165287848155,1.3511066083333951,1457,/scratch/project_2013233/enchanted_plugins/data/ascot_DT-D_random_extended/batch_0/ascot_sdcc_workflow_runner-f83094d3-66a9-4a4a-a2d5-f2faf6948f07,0
9.36,0.86,0.0,10.22,40481.56990101744,8.802236541305925e+19,59933.24684494335,1265436.1611634295,0.047361730827923644,3937808.0946415095,6174773.481418061,0.002593,0.002991,31.74978,9.238661,True,True,699.2658514340643,5.682347722660376,1.117203240337462,0.8752087192760178,1406,/scratch/project_2013233/enchanted_plugins/data/ascot_DT-D_random_extended/batch_0/ascot_sdcc_workflow_runner-a5426dcc-01ff-43bd-bb1d-d5b05c7966f1,0
4.63,0.97,0.0,5.59,254943.38067751218,1.122721825735412e+20,143830.68372141733,1512882.406717308,0.09507063013146204,7433727.986879078,11949977.971940232,0.0006,0.0,29.79237,9.862558,True,True,932.4188029368628,8.518820445978198,1.221873958868391,0.9971695941847184,1469,/scratch/project_2013233/enchanted_plugins/data/ascot_DT-D_random_extended/batch_0/ascot_sdcc_workflow_runner-393963ea-7333-458a-a93f-8ac5b5005c15,0
4.74,0.82,0.0,5.56,83538.54054299866,1.162252151357656e+20,334941.58687428833,1796937.7976540662,0.1863957602269597,5986679.1098512,8115281.825497055,0.001996,0.001597,47.20861,15.322884,True,True,960.3429320448664,7.64166907718152,1.1109121858058661,1.477878152007368,1463,/scratch/project_2013233/enchanted_plugins/data/ascot_DT-D_random_extended/batch_0/ascot_sdcc_workflow_runner-bee1e417-ec8f-4161-ac90-472af2ea75e0,0
8.22,0.9,0.0,9.12,56423.732051726685,8.093102788778797e+19,177539.36066464,979453.8171460656,0.18126363648462213,6085022.7420293,7220304.043663857,0.0002,0.0,42.379253,13.555826,True,True,788.1797328009886,9.738988809859466,1.078280422831066,1.4089688704902952,1464,/scratch/project_2013233/enchanted_plugins/data/ascot_DT-D_random_extended/batch_0/ascot_sdcc_workflow_runner-89d86801-a885-459a-8a56-4a83934a6141,0
13.78,0.65,0.0,14.43,48436.433302876605,1.119339964185877e+20,213303.54577146712,2240973.412348226,0.0951834343933402,2599647.4841457955,4701996.6682872875,0.042879,0.031008,40.490555,14.291244,True,True,883.4566365795438,3.910975679884048,1.4150745132306106,1.039542770129967,1439,/scratch/project_2013233/enchanted_plugins/data/ascot_DT-D_random_extended/batch_0/ascot_sdcc_workflow_runner-9e192c4e-4650-49f6-b7bc-87e0144655d6,0
6.73,1.02,0.0,7.76,222733.13090623455,1.3522239232513262e+20,228475.5028278028,2246438.5701763458,0.10170565350018337,5581316.345548223,9771103.116038537,0.00774,0.006359,35.072642,12.026682,True,True,996.8610251729463,6.193225833342241,1.300026769530588,1.0408515770103184,1452,/scratch/project_2013233/enchanted_plugins/data/ascot_DT-D_random_extended/batch_0/ascot_sdcc_workflow_runner-a7a27289-f8da-47dc-b01a-cf39a9324701,0
12.81,0.73,0.0,13.54,20926.438499907348,9.5007979558118e+19,142984.6663502097,1572717.8694112727,0.09091564935529996,3095411.792638789,4314181.314540593,0.011272,0.009312,43.184147,12.718853,True,True,690.5146363322056,4.61360385718277,1.0626474031837023,1.0866019624129593,1448,/scratch/project_2013233/enchanted_plugins/data/ascot_DT-D_random_extended/batch_0/ascot_sdcc_workflow_runner-8043a325-57d9-440a-8da6-5579f52ebb9e,0
44.35,0.92,0.0,45.27,188478.36298164664,1.3841371734318742e+20,99405.0346580303,2349714.6346276053,0.04230515195041312,5337356.421271783,11338617.924206976,0.011662,0.010293,29.621444,9.631719,True,True,993.7644633646894,5.610260689539925,1.2835894265285681,0.8230050668410082,1382,/scratch/project_2013233/enchanted_plugins/data/ascot_DT-D_random_extended/batch_0/ascot_sdcc_workflow_runner-bf164653-0f93-49ed-b5ef-e6bc41bc2f4a,0
6.51,0.6,0.0,7.11,82385.55853659393,1.1774683740331549e+20,262462.7954843221,1623706.5175469718,0.16164423351631302,6459975.045677541,7975999.339782364,0.002394,0.000799,39.335433,13.275608,True,True,854.2615068441447,7.478234225813199,1.2799086489438007,1.2671714202197244,1456,/scratch/project_2013233/enchanted_plugins/data/ascot_DT-D_random_extended/batch_0/ascot_sdcc_workflow_runner-a5a9ac22-8ff7-431d-8c33-097b19d1b450,0
4.99,0.86,0.0,5.85,7804.931639736735,7.045693210105456e+19,154563.15103883605,727023.2642588029,0.21259725601272544,5603094.698283865,5122675.90976747,0.0,0.0,40.229128,13.951698,True,True,688.9884961965981,9.707254145678641,1.3376232937344767,1.4546111810241271,1478,/scratch/project_2013233/enchanted_plugins/data/ascot_DT-D_random_extended/batch_0/ascot_sdcc_workflow_runner-f0c9e218-d528-4600-bd47-3665ecc218c8,0
5.32,0.74,0.0,6.06,35676.12872481354,5.5476619496489296e+19,28352.919798829134,611668.3418241894,0.04635342040798076,3834253.682890668,5988250.749456365,0.0006,0.0002,22.053603,7.151649,True,True,639.9042331442304,7.43137743796604,1.4401834702126803,0.8485820953504954,1476,/scratch/project_2013233/enchanted_plugins/data/ascot_DT-D_random_extended/batch_0/ascot_sdcc_workflow_runner-a0394006-a5f7-466e-9ed7-ac5afc7f11a2,0
6.61,0.76,0.0,7.37,47124.96143295629,1.1473123911689565e+20,203407.60197990324,2067850.9835315866,0.0983666635554719,3215146.98637966,5032566.417295849,0.021526,0.014001,40.711072,13.377204,True,True,799.2054044633932,4.320673029094225,1.2939172083764985,1.0643361771947906,1467,/scratch/project_2013233/enchanted_plugins/data/ascot_DT-D_random_extended/batch_0/ascot_sdcc_workflow_runner-c643c338-2e26-470e-af2c-5e35e03aad8a,0
7.21,0.7,0.0,7.91,86213.0472818458,4.8420561732360266e+19,51813.86272979886,496101.7256801242,0.10444201269158118,4457813.602381478,7441921.26921609,0.0002,0.0,24.195587,8.355425,True,True,712.3031224269828,10.64096133174856,1.355087064048855,0.9637431076811609,1472,/scratch/project_2013233/enchanted_plugins/data/ascot_DT-D_random_extended/batch_0/ascot_sdcc_workflow_runner-026cc6d2-888f-47fb-b8c6-4ded651321f3,0
7.67,0.75,0.0,8.42,61189.89667697972,1.0786770972175371e+20,324577.4372431148,1897139.922293148,0.17108776924096628,3992549.1320443214,5640880.6193717625,0.006951,0.006359,51.2043,15.94862,True,True,873.5922295690568,5.690798295772708,1.0149135292925417,1.458244913117597,1458,/scratch/project_2013233/enchanted_plugins/data/ascot_DT-D_random_extended/batch_0/ascot_sdcc_workflow_runner-f429afe4-51a8-4aee-92f5-7aeebddcc803,0
8.94,0.74,0.0,9.68,17238.861642432996,4.139597812127676e+19,35824.58821355982,374168.59596480645,0.09574450822411994,3144943.5302019427,3867633.1229250156,0.0,0.0002,24.965651,8.751012,True,True,562.5846893365324,8.2949340492631,1.4584350521068616,0.9450592580357093,1462,/scratch/project_2013233/enchanted_plugins/data/ascot_DT-D_random_extended/batch_0/ascot_sdcc_workflow_runner-c7e2d7c0-3b87-4cfe-b75e-f6730dfe6640,0
4.99,0.62,0.0,5.61,10572.743127631522,3.232880522792233e+19,-5482.843322623532,346133.97568427515,-0.015840234440391045,2172166.0915528447,4276646.182491215,0.0002,0.0,20.15098,5.233295,True,True,540.0952610615414,6.656676878694611,1.2265507691022355,0.8237396182416882,1485,/scratch/project_2013233/enchanted_plugins/data/ascot_DT-D_random_extended/batch_0/ascot_sdcc_workflow_runner-7971846e-6d31-4ab5-a29f-5a0dcc7db880,0
7.33,0.81,0.0,8.14,8844.757291533577,6.107708265262448e+19,79777.76178784049,643488.4687264595,0.12397698741320134,3595540.200763529,3361282.1395522994,0.0002,0.0002,33.484638,11.191409,True,True,568.6774757560318,6.641088465082799,1.3538171122869866,1.0941855895215515,1466,/scratch/project_2013233/enchanted_plugins/data/ascot_DT-D_random_extended/batch_0/ascot_sdcc_workflow_runner-559b76b5-cc43-4827-9a2f-c2d984a67fa3,0
7.27,0.75,0.0,8.02,10644.017893913842,5.097707262126067e+19,43643.48753577686,524030.500589958,0.08328425060496031,3169612.225827703,3538728.958268445,0.0004,0.0002,29.596924,9.345972,True,True,556.0787937065007,6.771215876188228,1.2552000489195199,0.9599452107009229,1477,/scratch/project_2013233/enchanted_plugins/data/ascot_DT-D_random_extended/batch_0/ascot_sdcc_workflow_runner-f2c074e0-2131-4bd8-8db6-462dac31d475,0
5.17,0.75,0.0,5.92,3885.5108949830696,5.895672315790115e+19,94646.48565725522,584687.8134219354,0.16187524946574236,3208145.776410231,2266216.743164283,0.0,0.0,38.111299,13.172898,True,True,521.7002827229469,6.106863988323467,1.4518734120036423,1.2388176292864315,1481,/scratch/project_2013233/enchanted_plugins/data/ascot_DT-D_random_extended/batch_0/ascot_sdcc_workflow_runner-8944602d-9671-4391-8aa3-cdb8de93d7e3,0
9.4,0.78,0.0,10.17,38430.580693907854,8.526509577145945e+19,173366.4667112436,1072353.320237763,0.16166916578651955,5112924.41247512,5610966.8150423635,0.000799,0.0006,40.561639,13.005507,True,True,714.2516559176928,7.611108440491547,1.1756313010752986,1.2954302458398617,1468,/scratch/project_2013233/enchanted_plugins/data/ascot_DT-D_random_extended/batch_0/ascot_sdcc_workflow_runner-0e0fb421-6dc6-48c7-8091-04a1349dd440,0
17.21,0.96,0.0,18.17,291493.8815833504,1.0728046380425855e+20,188783.9071999928,1348678.4431544289,0.1399769590432879,8427551.108571013,12233031.799960682,0.0002,0.0004,34.064835,11.333718,True,True,967.1427516814473,10.245628388380533,1.1907528519359443,1.163034888163101,1449,/scratch/project_2013233/enchanted_plugins/data/ascot_DT-D_random_extended/batch_0/ascot_sdcc_workflow_runner-e05654f3-20c0-44f1-a541-58eb4e396fd7,0
6.58,0.65,0.0,7.24,338368.16046141135,6.479163472815126e+19,65026.275487875995,772027.268796502,0.08422795167487304,6132981.016805637,12323968.36311622,0.0,0.0,25.726989,8.08909,True,True,890.5198331129881,11.38165208226401,1.1248722298197833,0.9450459796043612,1483,/scratch/project_2013233/enchanted_plugins/data/ascot_DT-D_random_extended/batch_0/ascot_sdcc_workflow_runner-f5fd48d3-7a44-4ac0-8de1-0417c6af3699,0
25.45,0.8,0.0,26.25,814.1633859592254,3.788905757161257e+19,63019.010869518985,320514.6998207,0.19661816105399416,3554779.0655391663,3400803.4127316177,0.0,0.0,35.821132,12.439585,True,True,571.2707880712755,10.763619348167664,1.3521727422658865,1.337348679875659,1435,/scratch/project_2013233/enchanted_plugins/data/ascot_DT-D_random_extended/batch_0/ascot_sdcc_workflow_runner-0f2ce00b-c1de-4f74-b5e9-ba0fea391985,0
8.39,0.78,0.0,9.17,27411.39762400676,7.522497776541958e+19,129540.12496156758,862365.7269764254,0.1502148345061826,5258204.338105391,5950344.887306317,0.0002,0.0002,35.923838,11.782235,True,True,703.5694267260487,8.499057247065542,1.2253295638420614,1.2066794440992332,1465,/scratch/project_2013233/enchanted_plugins/data/ascot_DT-D_random_extended/batch_0/ascot_sdcc_workflow_runner-d707f746-ba14-4a25-a83f-15593b43350c,0
7.22,0.73,0.0,7.95,5127.936320109854,6.188525713191656e+19,50113.54472560789,659688.1665346512,0.07596550501861336,3245880.575156354,3204906.8984276135,0.001199,0.0006,28.995533,9.767395,True,True,547.6445486952015,5.717990472232389,1.4346995750560223,0.9241921840760883,1393,/scratch/project_2013233/enchanted_plugins/data/ascot_DT-D_random_extended/batch_0/ascot_sdcc_workflow_runner-dbeb8767-ac4c-4550-994e-ac2352abbb46,0
7.97,0.75,0.0,8.71,94020.38700288195,1.0136269959738673e+20,248391.2405210345,1206205.5563828123,0.20592778669160997,8524641.428058278,9595954.358206298,0.0,0.0002,41.751135,14.175831,True,True,920.836063392559,11.110820508041899,1.2144072780257036,1.4739959235261706,1470,/scratch/project_2013233/enchanted_plugins/data/ascot_DT-D_random_extended/batch_0/ascot_sdcc_workflow_runner-9d0931c1-2ee2-451e-8c32-0e799b398c3a,0
10.55,0.54,0.0,11.09,46196.23341553275,9.486953930797077e+19,304106.7115003499,1949001.2401648627,0.15603207695990284,2151655.9944377537,3695518.9093001876,0.039201,0.038646,51.746385,17.24604,True,True,947.7966783419918,3.9740907134051358,1.2745508137840111,1.3476903172148638,1486,/scratch/project_2013233/enchanted_plugins/data/ascot_DT-D_random_extended/batch_0/ascot_sdcc_workflow_runner-84e03dd5-375a-48e2-9c92-4c1c9e017f61,0
13.85,0.77,0.0,14.62,13268.01984895267,6.079005984418988e+19,98193.58274839715,636595.2011816882,0.15424807250529696,4551429.681044494,4894198.595252076,0.0002,0.0,34.860438,11.580103,True,True,645.6345051286015,8.778038685381274,1.2701169298410433,1.2041042921739575,1479,/scratch/project_2013233/enchanted_plugins/data/ascot_DT-D_random_extended/batch_0/ascot_sdcc_workflow_runner-585e65bd-2e3a-46a6-919a-dde58bfed934,0
7.13,0.68,0.0,7.81,82997.29578744993,1.045131601130825e+20,264739.1201468705,1991251.2624870376,0.13295113737490669,3044624.9209454423,5646642.934586086,0.024771,0.021909,48.829442,15.42917,True,True,971.8668443899511,4.788851844896781,1.1126935992974083,1.2648983525945017,1489,/scratch/project_2013233/enchanted_plugins/data/ascot_DT-D_random_extended/batch_0/ascot_sdcc_workflow_runner-a9715d51-30d7-4e15-9d96-176dc3c24b50,0
8.7,0.82,0.0,9.51,0.0,3.547242458972337e+19,61546.04571799772,282015.7148219103,0.2182362275693159,3416230.036058398,3025754.6674549715,0.0,0.0,37.570963,13.249403,True,True,555.5352639591864,11.137836433622612,1.3995182117784926,1.42821615529802,1488,/scratch/project_2013233/enchanted_plugins/data/ascot_DT-D_random_extended/batch_0/ascot_sdcc_workflow_runner-61203cf8-70e7-42e4-bc3e-87a1c429bdd8,0
7.36,0.7,0.0,8.06,85824.63450623942,5.40429668527056e+19,54377.1869719706,575278.4172141177,0.09452325229808074,4715252.713887039,7768654.240691592,0.0,0.0,24.114346,8.214018,True,True,720.5435223886029,10.01535578305918,1.3496928578045033,0.9378363948684048,1492,/scratch/project_2013233/enchanted_plugins/data/ascot_DT-D_random_extended/batch_0/ascot_sdcc_workflow_runner-536902e0-cd3e-4f57-a87b-a5402a37e647,0
7.41,0.7,0.0,8.11,52716.80023664401,4.107908910001622e+19,42616.89799452425,393238.3016157056,0.10837422961960573,4120035.526372324,6666930.797796085,0.0,0.0,25.079703,8.813439,True,True,685.8269768658199,11.644789319267526,1.3288819790442687,1.0270334195534023,1491,/scratch/project_2013233/enchanted_plugins/data/ascot_DT-D_random_extended/batch_0/ascot_sdcc_workflow_runner-32fc4ec5-8855-41f2-acf8-150366c737a4,0
8.67,0.65,0.0,9.32,632.3079416047315,6.239779290583717e+19,95456.6674546364,702007.5972988468,0.1359766871782161,2781252.015355334,2109244.080280064,0.001797,0.001199,41.277992,13.12147,True,True,516.2810228341724,5.110483743570181,1.2906591890223793,1.1976548323651222,1497,/scratch/project_2013233/enchanted_plugins/data/ascot_DT-D_random_extended/batch_0/ascot_sdcc_workflow_runner-1a21f6c9-49c4-44de-b7da-d5d27d3137f8,0
6.64,0.52,0.0,7.15,3154.822339906552,9.449839785430291e+19,283146.30691122025,1473849.1314519309,0.19211349443364312,3027637.8299895218,2540528.975638559,0.006162,0.005767,50.796922,16.774579,True,True,632.8279738553206,4.372362138689576,1.3603371953023136,1.4783079155310452,1474,/scratch/project_2013233/enchanted_plugins/data/ascot_DT-D_random_extended/batch_0/ascot_sdcc_workflow_runner-81d3c739-a2bd-4fa5-b8c9-cd8384fda7a9,0
7.72,0.57,0.0,8.3,10312.398431637579,8.883187582520176e+19,226314.91224240244,1385717.451736848,0.16331966661655375,2868804.0592916305,2802724.439768991,0.005964,0.00833,51.089861,15.677892,True,True,627.8700991067304,4.413155037676623,1.1602291917681011,1.3916740810536572,1495,/scratch/project_2013233/enchanted_plugins/data/ascot_DT-D_random_extended/batch_0/ascot_sdcc_workflow_runner-4edcb94b-c8aa-4cfb-88a6-728054bcec82,0
8.36,0.75,0.0,9.11,50732.58493839596,9.227517100682325e+19,185452.2090252939,1290706.639975662,0.14368269541775258,5013476.912238512,6457902.802447099,0.000999,0.000799,41.989928,12.909672,True,True,765.3182954652677,7.293647252358399,1.0592084285986465,1.2641119096433018,1487,/scratch/project_2013233/enchanted_plugins/data/ascot_DT-D_random_extended/batch_0/ascot_sdcc_workflow_runner-f9219645-e2f8-447f-be74-006e486094eb,0
37.76,0.89,0.0,38.65,90902.63589707242,9.140292872698007e+19,107304.18285238034,1830551.1150286351,0.058618512190904755,1970153.370778343,4898928.6449586805,0.06577,0.05696,44.521726,13.604347,True,True,979.5279158386893,3.659998180684496,1.0591007869666593,0.9600819194779662,1423,/scratch/project_2013233/enchanted_plugins/data/ascot_DT-D_random_extended/batch_0/ascot_sdcc_workflow_runner-e7640514-d327-45b8-a4fa-98b2cba27c57,0
4.2,0.82,0.0,5.02,264308.3431433389,1.2795842385458053e+20,248171.6648281484,1671906.2676914432,0.14843635054423365,8555866.97499801,11238671.107700426,0.0,0.0006,34.166688,12.049379,True,True,967.3459787772396,8.876858410425944,1.352266464441807,1.1684104270904463,1484,/scratch/project_2013233/enchanted_plugins/data/ascot_DT-D_random_extended/batch_0/ascot_sdcc_workflow_runner-8a9db1a2-3ce6-46b1-8288-fe703e2abce5,0
26.88,0.3,0.0,27.18,62937.13203637728,6.503238847451852e+18,-1295.6823238598392,67288.29328494165,-0.019255687142681593,833170.1801640136,7388120.621495025,0.0,0.0,9.347742,1.89052,True,True,612.7877891186453,11.069654762369,1.1302593381652581,0.9431402343984705,1453,/scratch/project_2013233/enchanted_plugins/data/ascot_DT-D_random_extended/batch_0/ascot_sdcc_workflow_runner-a72fedc6-2682-4928-b921-1c94ab83a585,0
8.47,0.6,0.0,9.07,259141.2355483303,1.1294431549331204e+20,122515.05246740096,1665480.6584701012,0.07356137811888036,6594962.93753712,12509085.771217396,0.000799,0.000799,31.963482,9.752324,True,True,982.7291774929006,8.003977026256868,1.002895801424517,0.9652301984693689,1493,/scratch/project_2013233/enchanted_plugins/data/ascot_DT-D_random_extended/batch_0/ascot_sdcc_workflow_runner-8b850857-7083-4ccb-9acc-6e25ec241340,0
5.92,0.32,0.0,6.24,122556.58245347677,7.39893570908064e+18,-1057.9059483208337,79681.77675588382,-0.013276636031371079,982877.2382771592,10057157.609015912,0.0,0.0,7.772406,1.620069,True,True,687.2211003016359,11.329168746413849,1.20774774951348,0.871387942344292,1460,/scratch/project_2013233/enchanted_plugins/data/ascot_DT-D_random_extended/batch_0/ascot_sdcc_workflow_runner-1add10ed-90ae-4f10-9795-21ddabaea8eb,0
23.29,0.75,0.0,24.04,62302.26472662354,4.367152272468997e+19,58590.126468368544,417828.5608132561,0.1402252788902929,4419247.281322619,6705184.125027497,0.0,0.0,25.444796,9.187196,True,True,694.2544760505999,11.979980010843061,1.4422877569445256,1.0514609128003847,1409,/scratch/project_2013233/enchanted_plugins/data/ascot_DT-D_random_extended/batch_0/ascot_sdcc_workflow_runner-298b4cd7-5918-4af0-b273-9f28f84e4cb8,0
6.6,0.86,0.0,7.45,70020.50091065538,1.2357062613641057e+20,417349.71146499366,2190461.9094069004,0.1905304582895017,4303486.565683077,5429380.653844789,0.00774,0.008133,45.594784,16.532284,True,True,894.8652369099832,5.490578920883548,1.4939245696136725,1.408890635832076,1475,/scratch/project_2013233/enchanted_plugins/data/ascot_DT-D_random_extended/batch_0/ascot_sdcc_workflow_runner-a3fe2d2f-e02f-442e-89ac-ce0ca0c51c27,0
8.78,0.7,0.0,9.48,20509.296687684735,9.227732631075039e+19,203432.72689525606,1108595.6024596042,0.1835049015564437,5504119.611737772,5153168.200808583,0.0006,0.0,39.805578,13.678869,True,True,703.0027961167027,7.472091837168685,1.3587641004000734,1.3364422466710693,1494,/scratch/project_2013233/enchanted_plugins/data/ascot_DT-D_random_extended/batch_0/ascot_sdcc_workflow_runner-a658adbd-1161-4ad1-8bdc-6537c2dbc83e,0
9.22,0.38,0.0,9.6,187333.4179266928,1.1891904748256872e+19,-1868.7205828234728,139922.20140973062,-0.013355425829467518,1426493.2975706095,13713872.385035684,0.0,0.0,7.763713,1.697405,True,True,776.0297865641169,10.62549880625176,1.2426803537952011,0.813058873824539,1471,/scratch/project_2013233/enchanted_plugins/data/ascot_DT-D_random_extended/batch_0/ascot_sdcc_workflow_runner-56ccc9d6-64f2-41ba-b26b-af1bc2dab080,0
6.64,0.33,0.0,6.97,105351.37440094564,9.207398166496914e+18,-1341.7621672035298,99621.74185621705,-0.013468567625931297,1131274.170212985,9674630.591493372,0.0,0.0,8.041727,1.753361,True,True,676.1348673554673,10.582208698929147,1.2971720784713483,0.8477965398002201,1490,/scratch/project_2013233/enchanted_plugins/data/ascot_DT-D_random_extended/batch_0/ascot_sdcc_workflow_runner-4fe341fa-7903-4182-b82e-6c77613c3197,0
11.91,0.67,0.0,12.59,141360.44682051515,8.269575520783791e+19,97166.28762986705,1070723.759451116,0.09074823153235835,5846045.171985538,9686626.594884155,0.0002,0.0002,31.129328,9.549766,True,True,831.1638370090939,8.939650199357645,1.0668378423017177,1.013511995513409,1388,/scratch/project_2013233/enchanted_plugins/data/ascot_DT-D_random_extended/batch_0/ascot_sdcc_workflow_runner-8374ed21-9c92-4a97-bf28-32149e84c977,0
8.02,0.32,0.0,8.35,66953.91951824972,5.116798275653998e+18,-997.37763907956,52801.61402822427,-0.018889150595783447,668204.8315888233,7340212.31983318,0.0,0.0,8.244845,1.625705,True,True,610.1433116122888,11.007406533569384,1.0526681376047473,0.8076177539619812,1441,/scratch/project_2013233/enchanted_plugins/data/ascot_DT-D_random_extended/batch_0/ascot_sdcc_workflow_runner-b1007ebb-1bdf-4352-85de-348126477bb0,0
21.22,0.7,0.0,21.92,55480.00098011823,6.1021171678862344e+19,103426.71343484952,688555.6190533317,0.1502082193113853,5129572.768830919,6807720.973011928,0.0,0.0,36.518662,11.542786,True,True,729.6903880998169,10.310111614369987,1.0902438266596242,1.2347800572122547,1480,/scratch/project_2013233/enchanted_plugins/data/ascot_DT-D_random_extended/batch_0/ascot_sdcc_workflow_runner-f6d193a7-7494-4bc7-9818-e2515d154c81,0
6.91,0.85,0.0,7.77,202536.3003681689,9.075996158323954e+19,72001.35717945498,1189696.853125318,0.060520759545012126,6273985.163453166,11655352.9965526,0.0,0.000999,26.729375,8.191485,True,True,873.7045376120502,8.493977979945274,1.1431410593944202,0.8795629396575481,1499,/scratch/project_2013233/enchanted_plugins/data/ascot_DT-D_random_extended/batch_0/ascot_sdcc_workflow_runner-8e97e731-c07f-4785-b70e-b40eba91f491,0
6.61,0.77,0.0,7.38,10728.588448169496,3.31992731756874e+19,36469.077377211026,278296.15458146436,0.13104412970440668,2925402.294866392,3344064.841507648,0.0002,0.0,27.234317,9.584983,True,True,542.7758300938274,9.720477621082107,1.41330104819219,1.0544226885320809,1394,/scratch/project_2013233/enchanted_plugins/data/ascot_DT-D_random_extended/batch_0/ascot_sdcc_workflow_runner-4a281f06-16bf-4f8a-833b-ccbaee9903e2,0
52.0,0.91,0.0,52.9,73229.84388881232,7.02919043282708e+19,110163.31352261813,777632.6759748213,0.1416649748990037,5747149.617919089,7415081.834543782,0.0,0.0,31.603588,10.690837,True,True,746.9916398984271,9.83797933367632,1.2839178499796904,1.1331843307598746,1401,/scratch/project_2013233/enchanted_plugins/data/ascot_DT-D_random_extended/batch_0/ascot_sdcc_workflow_runner-dacede06-73db-41e2-a1c4-e616eb0a7ec2,0
16.32,0.23,0.0,16.55,106693.95747033485,9.821046832286094e+19,189369.23471998962,2098188.278467432,0.0902536901303774,2026627.0771195942,4168227.728902645,0.057137,0.043428,40.966812,14.843287,True,True,968.6164786926946,3.6847045076272877,1.434011465298235,1.0178092996437207,1496,/scratch/project_2013233/enchanted_plugins/data/ascot_DT-D_random_extended/batch_0/ascot_sdcc_workflow_runner-2602bcda-d917-4f27-9be9-efc2914c73dc,0
12.98,0.77,0.0,13.75,395205.2944077039,7.644359970293788e+19,97378.47661022155,877910.9501032,0.11092067663442919,7271330.246711823,12657629.174782956,0.0,0.0,23.605465,8.605714,True,True,904.2810585977002,11.501434435489463,1.4798941240943304,0.957300058921025,1498,/scratch/project_2013233/enchanted_plugins/data/ascot_DT-D_random_extended/batch_0/ascot_sdcc_workflow_runner-a914a712-b0c9-4e37-aa4a-9406c01bb818,0
10.07,0.74,0.0,10.81,1779.2379653064195,7.090509377357003e+19,143986.26750466492,747359.669384712,0.19265993791611244,4187759.056729504,3161576.65090311,0.0004,0.0,40.448142,14.081935,True,True,591.8281788744717,6.964886333457606,1.4269135698551736,1.3687864616585514,1419,/scratch/project_2013233/enchanted_plugins/data/ascot_DT-D_random_extended/batch_0/ascot_sdcc_workflow_runner-641ff465-c771-4aa5-a1ed-db87a08b3d6f,0
9.01,0.77,0.0,9.77,5001.443202264394,3.07668831647365e+19,27907.59080017447,248532.47869286657,0.11228951220762712,2585158.213874428,2971306.0869882414,0.0,0.0,25.512762,9.009938,True,True,513.9806190582221,9.076260079967488,1.4451012977961977,0.9950188661308585,1482,/scratch/project_2013233/enchanted_plugins/data/ascot_DT-D_random_extended/batch_0/ascot_sdcc_workflow_runner-fa6f7631-06a5-414e-b28d-fc15fce5c998,0
27.65,0.73,0.0,28.38,2783.1451869027005,3.257041518287215e+19,39465.01640948392,289602.80651431,0.13627290731222197,2794978.774743927,3209300.9951881436,0.0,0.0,33.039276,10.519026,True,True,537.93580567756,9.341516836643201,1.1773446037672275,1.1467620243036745,1461,/scratch/project_2013233/enchanted_plugins/data/ascot_DT-D_random_extended/batch_0/ascot_sdcc_workflow_runner-04b78afb-bb6d-4210-b6dd-c6244dc72cbc,0
65.53,0.39,0.0,65.92,58866.934398257305,1.1369860866581519e+20,361632.5665011561,2161885.4187507806,0.16727647236277726,3320057.7602222576,4830130.538368719,0.018068,0.015554,47.32677,16.255236,True,True,903.1875064066395,4.791765068127559,1.366199544757125,1.344601379530891,1368,/scratch/project_2013233/enchanted_plugins/data/ascot_DT-D_random_extended/batch_0/ascot_sdcc_workflow_runner-244eb91f-26aa-43cb-a50c-298a368a914a,0
33.21,0.99,0.0,34.2,61528.83226082236,9.622395110300788e+19,222529.88067203428,1075034.8613792355,0.20699782738816072,7805652.767600705,7959178.506832013,0.0,0.0,37.79166,13.603665,True,True,826.6295196152755,10.313032626495616,1.429566253048573,1.3870533093392416,1450,/scratch/project_2013233/enchanted_plugins/data/ascot_DT-D_random_extended/batch_0/ascot_sdcc_workflow_runner-7e29f4f0-409c-4460-8833-14bc2a980281,0
26.78,0.67,0.0,27.45,117093.34197322803,1.2863063595856871e+20,271152.2847541299,2215307.2624376044,0.12239940226430196,4719636.27533063,7555209.934930202,0.010293,0.007937,38.833168,13.295536,True,True,934.657343821983,5.648828883627409,1.3283065228547732,1.1280251378257433,1473,/scratch/project_2013233/enchanted_plugins/data/ascot_DT-D_random_extended/batch_0/ascot_sdcc_workflow_runner-f6a62c9d-5d81-402a-9a32-c6e05438c36b,0
