success,te0,teav,output_shine_inj1,shine_inj2,clean_time_min,run_time_min,enbi,nbar,np,hfactor,index,run_dir,batch_num
True,50.982076,15.230577,0.082737,0.083242,0.0016969799995422362,20.21866521437963,722.136695869267,2.6996003776788715,1.1041538561694324,1.0234636875800789,15,/tmp/ShineRunner-a9caef0d-b494-45a7-87d3-c9e0b38a208d,0
True,58.328774,19.371867,0.191723,0.17519,0.00144805908203125,20.23474599123001,710.0148764438927,1.8304533775895835,1.349187029991299,1.1364339599385858,63,/tmp/ShineRunner-6eda8cb9-025a-4332-907d-d2a410d1326d,0
True,52.848593,16.194483,0.112846,0.105546,0.0013657768567403158,20.56396758556366,904.5441243797541,2.9376990925520663,1.0761400260962546,1.0987254671752453,50,/tmp/ShineRunner-74ec3330-c560-46f8-b50a-b21a6fda01af,0
True,50.586023,14.91336,0.027616,0.02856,0.0011551499366760254,20.85764080286026,691.0532908514142,3.693305325135589,1.0501476642675698,1.1874112439341844,32,/tmp/ShineRunner-d645b551-5d1f-4980-aafa-7aa05f942828,0
True,40.554826,13.70709,0.06209,0.06068,0.0010052204132080078,20.8585644364357,843.7725063413382,3.2272142283618455,1.3672151626087725,0.9252898198552431,38,/tmp/ShineRunner-5387ecf6-7341-419c-bb76-73b993e006aa,0
True,47.25638,14.583837,0.0242,0.020568,0.0013125777244567872,21.171403125921884,628.1699873507023,3.5907123204320675,1.2251355154439807,1.1471249909140169,8,/tmp/ShineRunner-ac468635-b41c-4af9-bd88-41339610ff00,0
True,31.987658,10.536661,0.017102,0.012053,0.0011834502220153809,21.239517041047414,715.5147371813655,4.183219078183174,1.403206383343786,0.8374196792021394,0,/tmp/ShineRunner-71da0ef0-939c-47a0-8319-40e21297bd31,0
True,41.978522,12.379497,0.041595,0.039201,0.00045283238093058267,22.206546592712403,571.2972595356405,2.8584815654903655,1.2151452954858541,0.8565249652601779,44,/tmp/ShineRunner-e43e8146-73bc-4f64-9ec8-199aa29642ab,0
True,58.920864,21.60142,0.51,0.51,0.0007350007692972819,22.704896414279936,907.810103148222,1.1897491466253998,1.4332992141135037,0.9344283697195351,61,/tmp/ShineRunner-a17ece8e-58c4-479f-ba38-094a84429520,0
True,42.411834,14.999837,0.048344,0.041778,0.0005141258239746094,22.70519164005915,678.9820319972932,3.1393734306097034,1.4782711658626795,1.0303972464054822,56,/tmp/ShineRunner-6a4ea0b4-7e2a-492b-ada0-e38220840ba1,0
True,63.136107,20.188091,0.51,0.51,0.002802614370981852,22.792969210942587,896.366452332586,1.148898358643055,1.17628783127293,0.8754646308720112,13,/tmp/ShineRunner-97285fb6-1cef-444d-9c46-79802920a1d9,0
True,52.744011,17.121733,0.063495,0.059797,0.0008043845494588217,22.96963387330373,742.0448032207787,3.0453909605741503,1.3090207404457033,1.2569628797471524,16,/tmp/ShineRunner-371961ba-c6a3-48c7-91b6-45f6ef1f1e3a,0
True,57.907265,18.944399,0.055356,0.045619,0.001193078358968099,22.995596325397493,591.489739716053,2.645943281427026,1.385283175855875,1.4180904110893606,51,/tmp/ShineRunner-e4c8bcb1-82cd-44f9-aa1e-1a313ad8c0f1,0
True,63.613679,19.55393,0.149949,0.136591,0.0005981604258219401,23.10182520151138,863.9249349944293,2.468419449776411,1.0457148593850434,1.4000948885455728,57,/tmp/ShineRunner-f7f8307b-06f0-4792-9ab2-6aa16f208677,0
True,55.236334,18.735142,0.118166,0.111743,0.0010270237922668456,23.372094563643138,648.0241543613374,2.1543378051370383,1.4221240961924195,1.172790320776403,23,/tmp/ShineRunner-ce12501d-8f1f-481b-b558-bddc862b16aa,0
True,36.542578,12.585475,0.013028,0.01088,0.0010185718536376953,23.67564364671707,622.5425079464912,3.8801654316484933,1.4565164214000106,0.9698370318859816,28,/tmp/ShineRunner-0b7acc2d-92fb-4948-a65f-234ca31ea917,0
True,71.328613,21.119563,0.51,0.51,0.0007350842157999674,23.81970866123835,958.4829998202622,0.6359684780240059,1.0950499828904867,1.4364838417619468,37,/tmp/ShineRunner-035e24d5-6099-48f4-ba6f-80dc247048f5,0
True,56.153985,17.521451,0.033256,0.029126,0.0014813621838887534,23.852000133196512,770.3917012549937,3.773013820126653,1.1590624153614044,1.4678391885012387,62,/tmp/ShineRunner-616cf2b7-2b0f-4f94-9186-6ecc6e69bcdf,0
True,43.085375,12.866485,0.018068,0.017682,0.0014334678649902343,23.876477038860322,812.0917836204171,4.563871117308736,1.0023672357201576,1.0585318958386778,46,/tmp/ShineRunner-e919f223-9fb0-42a1-8803-e206d97a442d,0
True,41.134964,13.918132,0.045619,0.043245,0.0004426717758178711,23.97452965974808,916.2339898757637,3.7236550167202953,1.3151917564682662,0.9956700188107789,2,/tmp/ShineRunner-77eac58e-c560-49d3-8cf7-1959442130f0,0
True,52.709629,17.126888,0.012248,0.011662,0.0005983869234720866,23.97573651075363,652.5359470397234,4.132184377312661,1.3214803654700518,1.4971274023875594,40,/tmp/ShineRunner-59d82898-82d2-420a-97f8-c643fdf4c1a3,0
True,43.127807,14.156745,0.005767,0.003388,0.0006377180417378743,23.990689861774445,584.0405593626201,4.465309051424265,1.3632384380325675,1.2065445667132735,12,/tmp/ShineRunner-8ab8df16-5041-410b-a43a-01575354e4b9,0
True,55.763248,15.789717,0.020184,0.01536,0.00044701099395751955,24.915056486924488,509.3979989178479,3.326309207454324,1.0093957199715078,1.4342080307193101,4,/tmp/ShineRunner-0324adf3-a2b3-4c9d-989e-4bc1084825c5,0
True,56.215284,16.257666,0.222758,0.218506,0.002154636383056641,25.113419047991435,633.4198820404708,1.5955439299345016,1.0312291085720062,0.822776706609875,55,/tmp/ShineRunner-1b1c579a-90d7-4773-9ff7-0cc79b44dea4,0
True,46.266242,14.638355,0.113318,0.106664,0.0004402041435241699,25.32686052322388,800.9843216277659,2.5473861984908583,1.2452388433739543,0.9098316362127662,17,/tmp/ShineRunner-26c74462-7aa6-4efb-8673-c6492fc133ce,0
True,36.565452,12.298271,0.001996,0.001996,0.0003416895866394043,26.08059276739756,522.0460505224764,4.9503283895552155,1.412249602843076,1.0842203045263887,36,/tmp/ShineRunner-0cd2c7f7-6938-4528-b942-4abe70423790,0
True,39.553888,11.582182,0.058026,0.053747,0.00039341449737548826,26.435572405656178,832.504406105727,3.4426990289241077,1.1163989077322185,0.820180457085371,22,/tmp/ShineRunner-8fa4274d-a4b0-4a94-a582-5aa1689669cc,0
True,42.668107,13.712282,0.01536,0.014001,0.0011462688446044922,26.81682206392288,761.6465617902577,4.366182129830122,1.2630406701937318,1.1178374289534987,30,/tmp/ShineRunner-062243f2-eb6e-4778-bd74-f26c4b243bad,0
True,75.689569,23.113328,0.51,0.51,0.00039812723795572914,27.465304295221966,565.0782715529203,0.9530440427362918,1.0363632263615727,1.0680833057500423,19,/tmp/ShineRunner-32f8bcbd-af0a-442c-87c6-8541224ea612,0
True,49.187432,17.55631,0.016135,0.011076,0.0004333337148030599,27.77807822624842,876.2676231563091,4.647789527475834,1.4709946545772254,1.4487125414423645,18,/tmp/ShineRunner-9f400c79-e7d7-423a-bf83-1e46ee846d25,0
True,56.260169,19.209875,0.072356,0.061209,0.0004241029421488444,27.84029678106308,781.8312859162688,2.888288902491331,1.4197664866223931,1.408544170949608,14,/tmp/ShineRunner-a7b5a039-301d-44d9-879e-dd740f0a8111,0
True,74.652785,24.835842,0.51,0.51,0.0007055123647054036,28.184949040412903,792.2121216543019,0.9232322473078967,1.3326575551182032,1.2598353789187968,49,/tmp/ShineRunner-2cb08277-c388-4efe-8d08-7ff948414130,0
True,81.174072,26.235396,0.51,0.51,0.0003079414367675781,28.228006048997244,502.19118501991034,0.7623588062822819,1.2352767386473715,1.1974123385734856,59,/tmp/ShineRunner-0bcb0d12-84f7-48c8-bc51-5214377c75d2,0
True,41.993372,12.779927,0.045255,0.043977,0.0022251725196838377,28.646640769640605,989.8992371745408,4.1023759912699465,1.0553376423195004,0.9444377457723022,10,/tmp/ShineRunner-7ced7219-20a8-463e-91cf-fddb63e266d6,0
True,54.517839,17.366939,0.096168,0.092229,0.0008052587509155273,29.382765555381773,967.6412297412753,3.1777797710150484,1.1485886992886662,1.233097417280078,26,/tmp/ShineRunner-d74e785b-1b80-4b4b-b148-7f8d72ea1d78,0
True,33.49598,11.006411,0.019031,0.016522,0.00046645402908325196,29.42209493716558,939.2768712714314,4.836303509771824,1.304307583719492,0.8830784677527845,58,/tmp/ShineRunner-74f9e149-9259-40f8-802e-67e0391686f4,0
True,68.321574,20.923181,0.316473,0.312242,0.0006576736768086751,29.531086667378744,780.5186668410897,1.4154645793139935,1.0894247395917773,1.1571322377771138,1,/tmp/ShineRunner-430cc821-8fd8-40d5-832f-0d25f277c931,0
True,75.739152,23.612149,0.332978,0.31945,0.0004720330238342285,29.74988143046697,695.3229852952063,1.2200928062200547,1.1974277864210308,1.4864156988449395,31,/tmp/ShineRunner-9587f451-d30f-4bbe-8d91-aa8cd5267a5e,0
True,67.674286,21.057214,0.28856,0.280989,0.0003633975982666016,30.063705039024352,936.1129496246576,1.7313539400696754,1.019565591122955,1.2844147542491555,29,/tmp/ShineRunner-ca14c720-264f-4709-8225-77fe18b5b78c,0
True,50.918136,16.665607,0.031571,0.031196,0.0005979776382446289,32.26047985951106,926.9624105654657,4.282313008233905,1.2319122874177992,1.3456676060333848,34,/tmp/ShineRunner-8dc8cdca-3c91-4b7d-80f4-02404de61956,0
True,69.462928,24.379046,0.51,0.51,0.0004995465278625488,33.69434782663981,855.1182835362852,0.8614571947604418,1.3764197058044374,1.050101995188743,25,/tmp/ShineRunner-fad79182-57bb-4804-915d-9b96ea3f1646,0
True,65.367798,20.566573,0.322677,0.318151,0.0005401452382405599,33.94548005263011,843.6195552349091,1.4686290971934794,1.138924312312156,1.1111194737255574,41,/tmp/ShineRunner-e8f98464-ce3c-49eb-ab32-e1608663d26b,0
True,44.484147,15.864262,0.176412,0.164019,0.0007276614507039388,34.16770859559377,750.2930974587798,1.9225611526519062,1.4884410221129656,0.8071179821155966,33,/tmp/ShineRunner-0dede4a5-f7a5-406a-8c8a-a31d860662f3,0
True,75.295264,25.573805,0.51,0.51,0.001027842362721761,34.17449711958567,684.4743210822344,0.6743687864392995,1.2664051065221429,0.8954125668853522,7,/tmp/ShineRunner-3a3ef0d7-ba20-44f4-8aa5-74f3b9742876,0
True,54.707307,17.99008,0.115357,0.104585,0.0006046096483866373,34.20497470696767,885.6717678718269,2.7385419916361573,1.2766076107509434,1.2254615309648216,45,/tmp/ShineRunner-3ad5c384-0e93-4aa2-8eb7-88e9453e05e7,0
True,61.870929,20.401332,0.274732,0.26986,0.0006665825843811035,34.500286094347636,616.0661946050823,1.3083095584064721,1.2910552136600018,0.9988629486411811,35,/tmp/ShineRunner-58036521-9d54-46ac-8289-542366d60067,0
True,52.890108,17.283864,0.21396,0.207481,0.004099833965301514,34.670428864161174,998.08460008353,2.1841485515236854,1.1893044244498014,0.9817085316404701,53,/tmp/ShineRunner-80fa3dad-ca3b-48e7-a822-f9b4fee4a4db,0
True,51.582103,18.773327,0.183673,0.16374,0.0004511793454488119,35.14554982980092,947.693067137152,2.277170414850116,1.4520836314186454,1.0864760949276389,5,/tmp/ShineRunner-113b3e06-07a1-450b-ae85-0f2110220adf,0
True,42.924326,13.423385,0.052133,0.052133,0.002626482645670573,35.68986130158107,528.5147959366441,2.438074741140008,1.343107822816819,0.8474160799756647,27,/tmp/ShineRunner-ac728efc-1fba-4583-9c47-32664c624b29,0
True,53.459287,16.616666,0.022483,0.015942,0.00047157605489095054,36.86396199067433,560.4488784447312,3.4037608243525033,1.2565042679198086,1.3612408839166164,52,/tmp/ShineRunner-59926c85-ddbb-46eb-8ea5-8f7b38983bc4,0
True,46.711386,15.078751,0.012053,0.012053,0.0004287600517272949,37.16396656036377,874.0595877170563,4.919979747012258,1.2106801713816822,1.2752702170982957,6,/tmp/ShineRunner-adab17c1-f995-4751-ab1f-886783065b2c,0
True,43.677641,15.501812,0.029315,0.022101,0.0014079650243123373,37.517080358664195,823.6716478131711,4.018684034794569,1.4614660278894007,1.1701713698916136,54,/tmp/ShineRunner-b4a7f7b7-bfe5-45f5-ac7f-fb6e40497a97,0
True,41.498818,12.284824,0.005173,0.006754,0.0012152870496114096,16.42621965408325,534.0989222750068,3.9109911177307373,1.1651106565259397,1.0112426447682084,20,/tmp/ShineRunner-05dd8292-e142-42a0-be22-2abc2028f0fb,0
True,35.806087,10.624541,0.012053,0.011858,0.001185925801595052,38.8721728404363,727.3790189065039,4.686728781089187,1.144363943953067,0.9069818305782974,48,/tmp/ShineRunner-a0791fd9-0762-47fa-9321-5f64bf562457,0
True,49.765156,14.95712,0.00774,0.004975,0.0021764278411865235,39.12843995094299,596.1583387106657,4.404587421193719,1.1218366753309965,1.3198461203835905,60,/tmp/ShineRunner-8485cfd2-a881-446e-ace2-bcd5abb5bf78,0
True,51.154225,15.346503,0.009312,0.00892,0.0012358029683430989,39.444026744365694,664.3506991676986,4.729152947291732,1.0683751134201884,1.3804101734422147,24,/tmp/ShineRunner-052eef5b-c2bd-4826-81ac-5428142f93bd,0
True,65.413424,21.231927,0.184472,0.169297,0.00046474536259969075,39.86549132267634,813.298499211669,1.9929173666983844,1.2831798545084894,1.4611018541269005,9,/tmp/ShineRunner-2346a7e8-883d-4845-955b-0151b96c3f71,0
True,58.475164,17.965563,0.096168,0.09371,0.0005807836850484212,39.889415101210275,660.0734330713749,2.3843264847993852,1.1869784966111183,1.2454156680963933,39,/tmp/ShineRunner-7e8c3260-a0f7-4f07-b384-27b177e85f53,0
True,54.568475,15.705602,0.103461,0.100881,0.00038209756215413414,19.044602874914805,540.3254781849682,2.1006053008139136,1.0784976207651198,0.9638020250014961,43,/tmp/ShineRunner-a388a5e6-853c-4844-afc2-1a59ede045ad,0
True,70.589231,22.985695,0.51,0.51,0.0004673600196838379,19.552383387088774,944.9298870749772,1.340896085649729,1.2197085521183908,1.318581920210272,69,/tmp/ShineRunner-7aac587e-d8ae-43e4-96a1-b9f992acf0b5,0
True,43.291408,13.71473,0.069594,0.058735,0.0005519668261210124,17.4048273563385,887.359419837594,3.3681284043937927,1.1995550626888871,0.9541287486441434,82,/tmp/ShineRunner-da887ba3-9eec-40dc-b6ad-290bc4f3dcb3,0
True,65.659197,19.575102,0.14045,0.146612,0.00251851479212443,41.41695343653361,603.3575846813619,1.8841597951948645,1.1305605517700315,1.3488805695436894,3,/tmp/ShineRunner-e9ab4ddf-9361-4a0d-8853-45537e72dead,0
True,75.846884,28.612517,0.51,0.51,0.0007724960645039877,21.374488711357117,597.889609169215,0.6038285803049802,1.4176251883618534,0.881608655396849,67,/tmp/ShineRunner-e737fb3a-38db-49bd-9ca7-7f763a742d14,0
True,35.170604,10.781558,0.004579,0.004381,0.0011985222498575845,20.68647236029307,504.34922287240624,4.244882293045521,1.2886173380538821,0.9382991100661457,68,/tmp/ShineRunner-4578db95-a527-4587-8e21-547cf64f6034,0
True,56.552139,17.45505,0.04489,0.036609,0.0016870697339375813,20.874731918176014,704.362322576344,3.2633630473166706,1.1747680893167853,1.3928145214915275,64,/tmp/ShineRunner-775b0fdd-b813-4e5b-aaa3-32c11adef781,0
True,68.274806,20.362659,0.157256,0.145737,0.0006827354431152344,22.56006812254588,672.9027070105076,1.9554164640605451,1.0613737958483398,1.476836879365146,71,/tmp/ShineRunner-17f61c99-a601-4663-a6f3-34727f990ee6,0
True,51.038116,15.451448,0.045073,0.042696,0.0006709655125935872,21.00624696413676,558.2741354592144,2.770065052807331,1.2048878828063607,1.1022117095068098,75,/tmp/ShineRunner-4896ee65-cc29-4a78-ab36-f22bd789d96e,0
True,72.830684,24.80636,0.51,0.51,0.0007906397183736166,44.24126805861791,746.5641675516963,1.0412093754857779,1.4424915970303118,1.3734559394419192,47,/tmp/ShineRunner-5adc73dd-b13a-4079-92b8-0982ef035b3a,0
True,64.18096,21.248953,0.28418,0.265462,0.0006313999493916829,20.971348424752552,733.0186842009425,1.4362395603209734,1.3170892493799329,1.163275506068021,79,/tmp/ShineRunner-a308ad8f-80d0-4d27-91da-085a27003e8b,0
True,43.425641,15.307692,0.085589,0.08609,0.0003346840540568034,18.338795173168183,693.271663505584,2.5010985631495717,1.4728957386687398,0.9269305567257107,95,/tmp/ShineRunner-56d08147-b8c9-400d-8eb6-312fa5a815d4,0
True,44.031852,15.087501,0.006754,0.004579,0.00042030413945515953,23.41892278989156,639.4853610545397,4.5283307425677775,1.4459139271639287,1.2691321603022516,72,/tmp/ShineRunner-660172f0-3506-49a7-9218-31cd7fcf8080,0
True,55.571369,16.614705,0.06367,0.068207,0.0005412062009175618,18.527049271265664,755.8848545886576,3.1018842395395043,1.0344802918843925,1.2412538507021964,94,/tmp/ShineRunner-447b31a3-8460-4da1-b730-87824d2782c4,0
True,46.08427,14.361185,0.019608,0.017682,0.0008780876795450846,24.139352277914682,913.8889363966882,4.98620835877955,1.106284693814814,1.2017450387589634,66,/tmp/ShineRunner-6abeec26-dbd3-4401-aaf3-c76e7dc50594,0
True,51.222653,15.140933,0.014001,0.009312,0.0004761417706807454,17.74962377945582,526.8269036896527,3.755238110944629,1.1329976189881563,1.2882801696658135,100,/tmp/ShineRunner-c3005471-aec7-437d-b73d-99e30f9ea899,0
True,62.955224,19.912368,0.239428,0.227083,0.0006519039471944173,19.79578437010447,849.9131049029529,1.7984060496091843,1.1712663089856505,1.1885045717470348,89,/tmp/ShineRunner-763002dc-3429-41ea-9450-ddffcddcc888,0
True,37.612214,12.116377,0.00892,0.007346,0.00044165452321370444,19.905112075805665,701.4495013281703,4.887651800364256,1.278616627678275,1.0428162719123066,96,/tmp/ShineRunner-31ec897c-160d-46d3-a7ba-5b4cfc2d2ccd,0
True,50.085797,16.93305,0.119873,0.116452,0.0005872050921122233,28.756309672196707,768.2341253384948,2.352992546185851,1.3647706075571477,1.0405404908582567,65,/tmp/ShineRunner-68f0f7e4-c194-4839-8ed7-d40a354210e1,0
True,65.190933,22.802776,0.1912,0.164439,0.0006673097610473633,49.27611352602641,553.0072660185397,1.5075717601925134,1.4998565423302352,1.3137877680361272,11,/tmp/ShineRunner-a8df9a23-d18a-455a-9d94-f620ab531fe1,0
True,60.596245,17.770008,0.097961,0.085756,0.0005342404047648112,21.047164102395374,620.3067316673696,2.3140538170933724,1.0040212483145297,1.2316222382709383,99,/tmp/ShineRunner-3584540b-36a9-4a0e-af55-3f23739ca5f6,0
True,43.75669,15.959736,0.045073,0.036609,0.0020927707354227703,27.72477738459905,862.1931727975607,3.6566805034875873,1.493808020837605,1.1300427988171577,70,/tmp/ShineRunner-b7f8b90c-c4e0-478b-bd66-89b9d63536dd,0
True,55.976041,17.390518,0.027994,0.028938,0.0005461414655049642,18.25685156583786,857.3545217514038,4.215071022138,1.0840569399297237,1.480029862653464,102,/tmp/ShineRunner-78c2f568-6d5b-460d-be3d-57ff636f80c3,0
True,60.150476,18.740989,0.094367,0.079868,0.0012241601943969727,30.307738077640533,577.4245038628578,2.2159988891333344,1.260895303916186,1.3015129185281693,83,/tmp/ShineRunner-6f608173-5879-40db-a71c-851adda5c4bc,0
True,50.607855,16.486372,0.031196,0.031008,0.0003546595573425293,29.079495831330618,545.9038848057389,2.9748486891388897,1.3818607507273555,1.215993866790086,84,/tmp/ShineRunner-02714066-2a1d-4a39-87b4-297759c112c7,0
True,75.126756,23.829013,0.51,0.51,0.00031771262486775714,29.5094739039739,650.8487868122756,0.8900957517325878,1.1546212616376579,1.0548747811466455,87,/tmp/ShineRunner-196f56b9-a15a-463a-98f4-521d82d38de3,0
True,37.284421,13.140612,0.073388,0.064371,0.0005078236262003581,25.194397449493408,930.5347832851112,3.29317536726594,1.4408500120043755,0.8517541363835335,98,/tmp/ShineRunner-51ad5c02-14cf-4e22-901e-ccb92c6cf842,0
True,37.264678,13.48722,0.028183,0.025341,0.0023447314898173014,28.041225012143453,956.2641652300954,4.440677223354578,1.427932373713702,1.0050832269713283,90,/tmp/ShineRunner-52107ecf-e6db-4fb0-9a10-795ac03498b2,0
True,32.558637,8.599083,0.005173,0.004579,0.0015889207522074382,18.09933560291926,546.9281962141395,4.616453982517124,1.0397846046835184,0.8660022916272283,116,/tmp/ShineRunner-2898c04f-cada-49b6-9249-1d2d8e6933ef,0
True,51.26698,17.983785,0.063495,0.06332,0.00041294495264689127,33.001034732659654,979.1439943946898,3.4921513035893446,1.3975282423198223,1.294446182344109,42,/tmp/ShineRunner-e2b7b5a3-b779-4c07-844b-d2cd9d157007,0
True,59.334769,19.863726,0.123268,0.114574,0.001140145460764567,34.057064306735995,992.4453967250884,2.8221358217298986,1.2722098226659,1.4171252597123385,74,/tmp/ShineRunner-1cd82b04-c593-4d30-8631-3e32c901386d,0
True,62.814565,19.437094,0.327505,0.315068,0.0008320927619934082,21.629375807444255,881.85960566625,1.5433916963636876,1.051922844722867,1.0159652044065297,109,/tmp/ShineRunner-5d531abe-7c2d-4b70-9274-1bc18efcc4d4,0
True,59.362203,18.203785,0.172322,0.166389,0.0008059223492940267,19.61528890132904,787.9108474589884,2.1169044345617296,1.119813606608659,1.1425733036361634,113,/tmp/ShineRunner-52f3631a-0dd4-4eba-a3b3-58ba3fe3bdff,0
True,48.045134,15.728041,0.044525,0.037351,0.0015307585398356119,22.471665966510773,799.3135964497924,3.559468820691109,1.2934295409359038,1.1826398361474275,110,/tmp/ShineRunner-b8905622-4be8-416b-b6e1-24bffde66be4,0
True,48.205823,16.265991,0.014972,0.012248,0.0009219527244567871,32.199987729390465,837.4928026460111,4.723609527945518,1.3370552631095052,1.3742501767352224,86,/tmp/ShineRunner-15a6562f-9a63-482d-9a73-d77dc0144f02,0
True,45.77914,13.222912,0.05482,0.048344,0.0008028348286946615,26.11378264427185,642.4326337873936,2.9212336856871848,1.1007323791272938,0.9191230613738299,104,/tmp/ShineRunner-c375d359-d2dd-4658-9f3a-429c1c60b605,0
True,46.717605,16.132041,0.006951,0.004579,0.0005860726038614908,23.977360967795054,567.2973464243114,4.07032712250948,1.4866763618774712,1.329952561017126,108,/tmp/ShineRunner-01294621-553e-44d7-8f15-706bc4e634d2,0
True,53.98929,18.385853,0.033816,0.027805,0.0003874023755391439,21.678980934619904,723.8682177849114,3.4752829007804396,1.4353041928261518,1.4630470012314618,112,/tmp/ShineRunner-283fc581-8ff3-46bd-b1c3-df281ed3e3bf,0
True,64.705817,22.166006,0.287343,0.264922,0.0015306671460469563,38.63326419591904,969.7475405409932,1.6941020619124174,1.3577987914904952,1.331726794037968,21,/tmp/ShineRunner-1bc9405e-d6c9-49e2-bf56-0c4a17335dd4,0
True,44.510039,13.772009,0.01536,0.009509,0.0005600214004516602,17.086883767445883,682.2993564419448,4.332989813759923,1.194990858901292,1.1530959395691753,120,/tmp/ShineRunner-c648d8f0-a66d-4226-b817-48d21b3dd12e,0
True,49.762759,15.778933,0.003388,0.005767,0.000811298688252767,32.50905288457871,609.9260877817869,4.799619687721133,1.2474873042665422,1.443935122899711,92,/tmp/ShineRunner-7889d1fd-871f-4037-97f7-0a7b4eaefa16,0
True,32.845618,10.320803,0.017875,0.016716,0.0013331095377604166,34.350053381919864,661.7439216934144,3.8088352970778945,1.351625049021095,0.8030763276852668,88,/tmp/ShineRunner-1881b4b7-48a0-4a56-a24b-159af7f20030,0
True,52.468738,18.455383,0.13119,0.120802,0.002710258960723877,19.815375141302745,515.4642099514604,1.7685981880873443,1.4677435010671616,0.9865067700855434,123,/tmp/ShineRunner-7f7f455c-d249-46a7-ac3e-0626594c23f8,0
True,39.549232,12.872314,0.036609,0.030444,0.0025355060895284015,16.863893949985503,711.498158518225,3.505189855769277,1.3386878115125,0.9459762750193477,128,/tmp/ShineRunner-9f2fe955-7f60-4290-979d-1696ef2e9dd8,0
True,68.772464,24.439327,0.51,0.51,0.0011526028315226237,20.96086640357971,988.1682069972157,0.9891912553459405,1.4841814232058823,1.2131440285593271,117,/tmp/ShineRunner-744b9516-908f-45bd-9a11-b6820e471d9f,0
True,55.496959,17.255336,0.04943,0.050332,0.004108273983001709,18.443778745333354,949.4417561218143,3.8477784845978027,1.024933545384556,1.3550954916514457,122,/tmp/ShineRunner-685d935d-ef87-403f-82ec-a50a20e0871d,0
True,58.490639,19.074648,0.51,0.51,0.0017982045809427896,19.98335591554642,868.4196858666837,1.257068794593215,1.250837890431285,0.8385076403617859,121,/tmp/ShineRunner-eb9d8beb-1b91-48ed-b2c3-202e00aa596e,0
True,67.373862,23.207673,0.24812,0.231242,0.002081493536631266,36.26167833010356,806.5129150636494,1.627125483378768,1.4580521821044385,1.49258108176291,81,/tmp/ShineRunner-267f3d1b-2ae9-45bc-a76f-dbfcdff4a72a,0
True,45.941819,14.841749,0.030444,0.028372,0.0021198272705078127,19.9492848555247,608.9970245957375,3.2095726981759074,1.3308964562602341,1.0939327009953559,124,/tmp/ShineRunner-38ff6c78-3076-4350-a4d6-31be8991cddc,0
True,42.639667,13.737045,0.029315,0.024961,0.001840504010518392,26.687390875816345,975.8874070830643,4.4979855094105,1.1806864948011935,1.067123510595411,106,/tmp/ShineRunner-2407176c-9aab-48bc-97d3-b70b96ded1c2,0
True,63.658946,20.183084,0.165136,0.15283,0.0033114314079284667,19.4204216559728,918.4084925800562,2.4025359727442264,1.1461431924253702,1.4242303441278636,125,/tmp/ShineRunner-7b19b74e-1615-4774-bd5e-2c031fe0a426,0
True,35.950957,10.511531,0.024009,0.021909,0.0024395227432250977,38.02041734457016,794.3873265758157,4.169426035508514,1.1286735790781677,0.832620897050947,78,/tmp/ShineRunner-bc0ccede-8d78-48c5-afeb-16bcaf272877,0
True,43.936027,15.258109,0.037906,0.027427,0.0020785888036092123,17.2612188855807,919.9376422911882,4.119173124805093,1.3798350193537772,1.1479792066849768,130,/tmp/ShineRunner-18ef5493-9312-45e3-8f10-1322fa4859e0,0
True,53.151517,18.393719,0.262754,0.251721,0.002160938580830892,27.113449553648632,961.5142219699919,1.8477230224758388,1.3273946908302605,0.968578146211803,101,/tmp/ShineRunner-b1d060bf-852d-4dc7-94b2-eab1f6b24e41,0
True,63.153126,21.580708,0.269433,0.263406,0.001912224292755127,31.818517490228018,669.9293274432421,1.3798337657004596,1.3919794433750212,1.1268298053182662,103,/tmp/ShineRunner-b20f5308-5f18-40c3-afeb-cbcc477a3847,0
True,57.765821,17.512278,0.185004,0.181803,0.0009969115257263184,24.838862140973408,578.3873032778502,1.6574746504426003,1.1607204959727824,0.9515098486095668,115,/tmp/ShineRunner-acd21def-a0cc-41d1-b681-4c8011250512,0
True,84.869403,27.211027,0.51,0.51,0.001002192497253418,34.14457589785258,763.3339622989297,0.7115209728479386,1.2131258179433644,1.3905587845481933,97,/tmp/ShineRunner-35b22cc6-6303-44c3-bfa2-51e429170939,0
True,74.214021,21.751148,0.282846,0.285204,0.00041147867838541664,37.281379862626395,516.4538314566016,1.1585072532296181,1.110610687173903,1.3364989906549454,91,/tmp/ShineRunner-d997c0a0-b35f-48c7-ad3b-dea91bc0d448,0
True,82.179806,25.451367,0.51,0.51,0.0003611842791239421,19.974255545934042,713.7665399350226,0.8251129917800426,1.073749739676714,1.2769162684679032,127,/tmp/ShineRunner-7a416782-4570-4cd0-9b08-f8069d3d2628,0
True,49.544793,16.843868,0.038277,0.03698,0.0003845810890197754,25.00774076382319,894.2086510360241,3.9438438393175606,1.3475490063428879,1.3041091354563834,114,/tmp/ShineRunner-5d7b46ae-6a14-4780-a282-3ab0ed06083f,0
True,47.746233,14.457989,0.151248,0.148211,0.0006113211313883463,40.65629362662633,981.3795341178775,2.613612744957209,1.0629522181116045,0.8631297416053713,85,/tmp/ShineRunner-772664c8-ea6a-4c9d-921d-2b943056dada,0
True,32.057383,10.754415,0.015748,0.00892,0.0005191286404927571,18.203414316972097,774.4529475457966,4.760677549242973,1.3876534649170935,0.8912454245612026,126,/tmp/ShineRunner-fac1ee18-951d-42ef-8056-16df942a4645,0
True,40.049316,13.682817,0.061033,0.058912,0.0016768972078959148,20.00388204654058,680.525931995362,2.7515679471194745,1.4599546194076538,0.8715335547924042,135,/tmp/ShineRunner-c7279350-ee80-43bb-822e-191f210e9798,0
True,59.172613,18.800955,0.065944,0.06577,0.000885629653930664,28.05318639278412,630.3273267112672,2.5832646269351245,1.2987623759545386,1.4048923707567156,119,/tmp/ShineRunner-ed7586ee-f46c-4abf-b3a1-fb8a5cb421dd,0
True,73.311375,25.05897,0.51,0.51,0.00042349894841512044,37.8446416536967,925.2924136817455,0.7953061792999506,1.3067522821947932,1.0742479324340821,93,/tmp/ShineRunner-606e619d-a5af-4f1c-ac3e-565dbeadafbf,0
True,53.970486,18.586432,0.105065,0.095841,0.0011022408803304036,33.573208487033845,830.2857931703329,2.662913965806365,1.4065796341747046,1.2501925455406309,105,/tmp/ShineRunner-3279bff2-d4a5-49fa-9db6-e1d307f87799,0
True,49.950139,16.72338,0.025151,0.022101,0.00046474536259969075,18.41361077229182,580.2751537412405,3.239965326711536,1.4275135826319456,1.2713404031470419,140,/tmp/ShineRunner-f7076ea1-2e10-4cc0-b9ee-47c5096b995d,0
True,40.964877,11.805763,0.011272,0.013418,0.0005328019460042317,21.215758800506592,631.8507543765008,4.303662060946226,1.0319641325622797,0.9920813445933163,136,/tmp/ShineRunner-f0f4f5eb-15b6-4a48-95eb-8a9727d2a31c,0
True,37.571943,12.02054,0.061033,0.057137,0.0011541406313578288,19.648743132750194,985.920806415379,3.6719541825354103,1.2486294247210026,0.8331468584015966,138,/tmp/ShineRunner-8538addc-6ff7-4eee-9226-0f9bc310c004,0
True,74.271256,23.866132,0.298934,0.280058,0.0016036430994669597,34.494813593228656,535.7691557146609,1.1114065121859311,1.3734967038035393,1.452193417120725,107,/tmp/ShineRunner-c79d6bee-953e-4ac8-b3c4-12a5ef0a5131,0
True,47.694999,14.701542,0.16346,0.157256,0.0006866296132405599,35.50534296433131,735.9044449403882,2.0290055625140666,1.2295255921781063,0.8132792787626386,111,/tmp/ShineRunner-9f372c2a-5d7e-46e0-979b-c642a39ea1ef,0
True,46.715283,15.045396,0.081558,0.068381,0.0007007519404093424,31.63614214261373,818.9512933604419,3.0132495220750575,1.240840096026659,1.0242525999434293,118,/tmp/ShineRunner-68aafbb7-e331-4fc6-a41f-c4261d811a4c,0
True,56.203871,18.579778,0.071495,0.071667,0.0008410175641377766,17.83062708377838,880.3150779567659,3.1263558838516476,1.28563958639279,1.3850248745642602,146,/tmp/ShineRunner-a394be3d-6b97-412d-bd57-db02fd122ff2,0
True,61.441115,21.224438,0.195495,0.183007,0.0005822340647379557,48.284129071235654,898.4781536273658,2.0674103293567896,1.4009419931098819,1.365958129055798,77,/tmp/ShineRunner-001c298f-133a-4dc8-ac68-ebabe8799876,0
True,51.171663,15.652671,0.064896,0.065246,0.0006365696589152018,18.34020370642344,568.9658666960895,2.4900538336485627,1.2217359356582165,1.0482229937799274,147,/tmp/ShineRunner-95538062-ad8e-4318-b0c4-36b538454e22,0
True,48.417009,16.369554,0.009901,0.008133,0.0007994214693705241,20.387042339642843,785.7875437475741,4.937566792592406,1.3553680777549744,1.4295927559025585,142,/tmp/ShineRunner-51f3fa64-c8e5-4518-80ae-a79678136bc2,0
True,58.571447,18.617005,0.122961,0.107302,0.0005223393440246582,24.051866368452707,549.2957448586822,1.9353080466389656,1.3065518834628165,1.1586693588644266,139,/tmp/ShineRunner-7c06d16f-4a1d-4727-bf3b-f7396bacfa70,0
True,49.959653,15.375912,0.002593,0.001597,0.0005694270133972168,31.09976625839869,513.3161107078195,4.585499198734761,1.2028114800341427,1.4104251542128623,132,/tmp/ShineRunner-19bd66f6-1127-4ee2-9252-7b8512a6595d,0
True,33.349732,9.998493,0.012443,0.011662,0.0003729820251464844,17.713212259610494,618.4342592023313,4.031424642726779,1.270797049626708,0.8186413541436196,156,/tmp/ShineRunner-b75ad614-d079-4f19-8bc1-9a1acbd60cc0,0
True,52.642698,16.653133,0.51,0.51,0.0004924654960632325,20.396341558297475,524.474733043462,0.9359854355454444,1.3998010181821883,0.9137634320184589,155,/tmp/ShineRunner-ea391a7d-1418-43fc-bc06-c7847d46a530,0
True,46.801817,13.651833,0.010293,0.007149,0.0009295940399169922,22.61753094593684,537.9326329566538,3.7946356073021894,1.1085209329612553,1.1214253625832498,148,/tmp/ShineRunner-563d170a-bb76-4349-bcda-22e05c3d09d2,0
True,49.862373,16.75515,0.113789,0.105386,0.0005144278208414713,19.411640946070353,858.9829877018929,2.633183774352074,1.3196065840311348,1.072696598712355,153,/tmp/ShineRunner-c11fc8bb-b7a2-4b09-9757-a36ed8720eac,0
True,82.023713,26.667246,0.51,0.51,0.0007575392723083496,27.512609096368156,725.8713436312973,0.6573049504309892,1.1685393885709345,1.0883556491695345,143,/tmp/ShineRunner-0010c518-71b5-4781-be3b-53f426c650b6,0
True,56.736118,17.299042,0.106983,0.103782,0.0012113571166992188,31.410081005096437,870.3170730732381,2.8368723422288897,1.017144484911114,1.2077399222180247,134,/tmp/ShineRunner-810544ba-3868-4f98-8ca8-40c2ddb69f96,0
True,63.955343,19.082246,0.135098,0.134199,0.00041063626607259113,21.513815089066824,699.4615150615573,2.2054913181811573,1.0118116498924792,1.3353161566890777,159,/tmp/ShineRunner-5a56c69a-4c57-4d67-a7ac-97e1ef011cde,0
True,43.671408,12.626257,0.055891,0.056426,0.001836995283762614,18.69989615281423,731.3655568286777,3.156164269894362,1.0838889530859888,0.8870093665085733,176,/tmp/ShineRunner-24b93c97-ff82-4275-89fc-0151255231c4,0
True,49.219119,15.558652,0.016909,0.014778,0.0006279468536376954,21.156962446371715,694.9401688762009,4.080766784399748,1.239666712936014,1.2959838666953147,160,/tmp/ShineRunner-d7692197-b345-4809-a8d2-e6682f35cd06,0
True,39.233803,12.179299,0.021718,0.026101,0.0006389101346333822,23.73411015669505,828.3732663840055,4.382971903681756,1.1728653670288622,0.9741105932742358,150,/tmp/ShineRunner-5761f805-207b-4de8-9770-089a729eea30,0
True,60.260971,19.318048,0.129678,0.114417,0.001143165429433187,20.652580189704896,954.3516235426068,2.72122428752482,1.1634752815589309,1.3688413947820663,165,/tmp/ShineRunner-13b0811f-1a0e-4f4e-8456-923fba034534,0
True,67.602351,22.835966,0.51,0.51,0.0003521442413330078,36.14731894731521,951.4658628031611,1.0281855262815953,1.2586588095873594,1.0188496748916804,133,/tmp/ShineRunner-dc4040c8-d095-4440-9ad1-1975b8a2c6b3,0
True,59.432471,18.547823,0.055891,0.055713,0.0024539868036905924,21.408331155776978,922.8849150240421,3.612340418249369,1.0422695013694465,1.4979821292683482,162,/tmp/ShineRunner-92f4ea76-9551-4626-b172-15074c175884,0
True,57.859125,17.680231,0.222999,0.21716,0.0013388514518737793,18.196523066361745,839.7248103283346,1.9054962512105704,1.070743394549936,0.9997164342552424,169,/tmp/ShineRunner-80f4d04f-6f27-420d-a2e0-16b82a17b982,0
True,63.378361,19.626173,0.167083,0.172048,0.0003995378812154134,38.44906190236409,776.8452917225659,2.078991889581084,1.1539342496544123,1.3095161885023119,129,/tmp/ShineRunner-54819c65-2936-4eab-9a0e-94c4b2cdcafa,0
True,40.951018,14.475009,0.037351,0.036052,0.0004678805669148763,23.933935662110645,765.4421264305711,3.390988736972213,1.448640115559101,1.0103890026919544,158,/tmp/ShineRunner-ffc14b59-2ba9-4209-b355-e2a0eaca07bb,0
True,68.143469,23.948177,0.51,0.51,0.00047911802927652993,35.235186723868054,817.3076878301799,1.295543757081032,1.4763612491078675,1.3497361934743821,137,/tmp/ShineRunner-69209a60-479d-423c-b37c-749ada2744a2,0
True,31.838111,10.987784,0.018068,0.013612,0.0003775914510091146,22.617079532146455,847.8736053220928,4.47834758721292,1.435751325916499,0.8577221461571753,166,/tmp/ShineRunner-0005325b-174b-472f-8762-909e84436a61,0
True,50.795117,16.643653,0.030256,0.028372,0.0003473679224650065,18.073584433396658,827.4442031979561,3.89319767318666,1.2800000454299152,1.3241175225935877,182,/tmp/ShineRunner-2a0a559d-11cc-47d8-b1f4-438ff0d0c8b5,0
True,49.833069,15.204728,0.157966,0.157824,0.0004742344220479329,33.45451091925303,892.4409486353397,2.3629627618938684,1.112022698391229,0.8966093514114619,141,/tmp/ShineRunner-51b2c757-e47f-4a46-b0e1-b958ecd6714c,0
True,40.061594,12.946894,0.007937,0.006754,0.0013398448626200357,18.33899249235789,675.2702705562115,4.635017456486821,1.2964370651170611,1.0968460693955422,184,/tmp/ShineRunner-b9bc79e5-c928-47d1-a184-3e9a44799d3d,0
True,53.991487,18.433585,0.117387,0.101366,0.000511030356089274,22.325805524984997,795.9164911881089,2.4511111706495288,1.3931540055200458,1.196217139530927,177,/tmp/ShineRunner-3db6b059-5ff0-4172-b683-51c76c328a27,0
True,47.47964,14.884615,0.058558,0.050332,0.001298495133717855,22.9280872742335,808.2652245648205,3.347658243775368,1.1917661214247346,1.0796071888878942,174,/tmp/ShineRunner-19c54e09-6c60-49d3-b129-16b19637f605,0
True,70.876846,22.284765,0.51,0.51,0.0015336036682128905,20.494216970602672,994.342798832804,1.2417272064834832,1.0077356835827231,1.1355799214914442,181,/tmp/ShineRunner-81b72fca-2bf6-4392-8066-9aae484d89a3,0
True,74.294697,22.759676,0.51,0.51,0.0006487329800923665,25.285437349478403,663.9073840342462,1.1272849638015032,1.1184294605627656,1.2215313206426799,167,/tmp/ShineRunner-3feaf404-f92d-4a56-883c-36fbb19937e5,0
True,41.937989,14.914874,0.007937,0.006754,0.0003942688306172689,32.78370528618495,738.1879659369588,4.849335767701268,1.4944962081499398,1.2370278049260377,144,/tmp/ShineRunner-dc981733-f3cc-49b2-b22e-554037466cb9,0
True,80.30012,26.134754,0.51,0.51,0.0005459149678548177,23.256710823376974,587.4724476598203,0.8484438195824623,1.3249109433963895,1.3982140826061369,179,/tmp/ShineRunner-6b78ed01-ebe6-465f-9a34-550d342cabc7,0
True,45.716775,15.663119,0.041411,0.03232,0.0005227168401082357,26.11856935421626,983.0079851672053,4.195970192924142,1.3292369367554784,1.1831392680294812,170,/tmp/ShineRunner-83a9a0df-0ebd-4462-bae3-83f49e2c3c8e,0
True,70.260487,23.366241,0.318987,0.298049,0.0005135615666707357,30.892042648792266,644.2211978137493,1.2027855925261974,1.3656752780079842,1.2828769134357572,151,/tmp/ShineRunner-6637c37a-f348-4b3a-ba24-4022b1583936,0
True,55.631542,17.240258,0.192767,0.184871,0.00045496622721354166,21.021449955304465,637.33727671206,1.709751035645604,1.2126784035935998,0.9328899969346822,183,/tmp/ShineRunner-b74fd477-013f-48f1-87c3-89ea34993ef2,0
True,57.250846,18.941047,0.274837,0.253731,0.0005154728889465332,27.72238631248474,754.3403119780123,1.5205976992845536,1.2989319888874888,0.9595286409370601,161,/tmp/ShineRunner-fdea86cd-1cc1-4595-a5ae-13dc1cd251e8,0
True,74.759109,23.355511,0.51,0.51,0.0005842963854471843,30.542539918422698,796.9061126932502,0.7407558854669333,1.05974286980927,0.8462187426164747,145,/tmp/ShineRunner-5fb0b285-4b78-4c6c-bd87-aed8f5a28ab9,0
True,46.642498,14.928143,0.03363,0.027994,0.0007794618606567383,27.610274116198223,518.2423805817962,2.8752776335924866,1.3438343196175992,1.060410719923675,164,/tmp/ShineRunner-6c5bd358-9fa3-4fa5-ac25-cb6d006ce64b,0
True,62.970204,20.055429,0.123268,0.11801,0.0004769643147786458,26.252326869964598,742.4556785263121,2.2644046299159526,1.253106541465968,1.4383639279752969,175,/tmp/ShineRunner-79bc626f-f9bd-4a1d-80bc-75b0b26b16f1,0
True,53.988344,18.931718,0.214454,0.201533,0.00044877131779988606,19.598749713102976,706.2501879408956,1.6813425712287429,1.4098036433570087,0.9852970285341144,191,/tmp/ShineRunner-8dd89185-235f-49b5-8516-e24e3128b0e6,0
True,64.725473,21.009921,0.321482,0.305266,0.00035145282745361326,29.325360874334972,932.2871076874435,1.5741865012794733,1.2053064187057316,1.1770624531432987,157,/tmp/ShineRunner-bb674fd0-36f6-4742-a287-ea1adf818ea4,0
True,57.296417,16.081567,0.046711,0.05321,0.0005881826082865398,20.672732611497242,505.87266543880105,2.5260287534445527,1.0535840201191604,1.263765036407858,187,/tmp/ShineRunner-53c69fc5-d818-40ac-b6dd-64916cfdfce2,0
True,60.046302,18.149438,0.049971,0.051773,0.001518865426381429,31.644777778784434,668.4210393577814,2.959037654846907,1.125209691002965,1.4468322987668216,152,/tmp/ShineRunner-cb75a6ff-5c3e-43dc-97f7-2bef57bf42d1,0
True,49.322617,14.940686,0.026101,0.023628,0.0005794326464335124,22.857465279102325,599.8927499167621,3.4213373795151716,1.1825565239414573,1.1686344261281192,188,/tmp/ShineRunner-26016c7a-02d5-452d-857b-61ea245d314b,0
True,53.836083,16.422513,0.027427,0.02648,0.0007425030072530111,17.705089441935222,766.4664378389716,3.9323296636343006,1.0984634468331933,1.3603854164481164,190,/tmp/ShineRunner-1b6ed946-9848-4c39-a8e5-a749bf264d41,0
True,38.95555,12.952497,0.034749,0.024771,0.00039306879043579104,15.663861354192099,866.0882781259716,4.048967595770955,1.312111247330904,0.9763504069298506,198,/tmp/ShineRunner-0e2bf623-e1dc-4c61-b386-4f81bdcfb136,0
True,54.036945,19.010336,0.128464,0.120183,0.0005083521207173666,30.618947513898213,612.2095938771963,1.9798935011029246,1.4806851269677281,1.1075316965579987,163,/tmp/ShineRunner-e68dc792-5559-4fd3-a6b8-f595af3ab8aa,0
True,40.8713,12.730675,0.018453,0.017102,0.0004393617312113444,27.027358071009317,900.8705127052963,4.750774750858545,1.1364955711178482,1.0350111026316882,178,/tmp/ShineRunner-c7d3561e-9a44-46a8-a0e4-72c4ab34aa35,0
True,35.025929,9.689725,0.002593,0.004777,0.0004400849342346191,31.008846537272134,575.4365026950836,4.898628588020801,1.0258706277236342,0.9213581805117429,172,/tmp/ShineRunner-91fa2822-c24b-475d-b2f3-61b0ee1f2f1a,0
True,61.550123,20.636228,0.51,0.51,0.0004782557487487793,31.053170609474183,889.4675690680742,0.6871156968176365,1.4658732204698026,1.2466115868650376,173,/tmp/ShineRunner-c875523f-8e6d-45ba-97ca-84ac4d36c5e7,0
True,57.615246,17.101947,0.234772,0.219482,0.0005135734875996908,32.001982728640236,544.3955818191171,1.3941008400171997,1.1468027564696968,0.8086569077335298,171,/tmp/ShineRunner-20e07d35-73ec-44cb-88fe-cbd2d697b0db,0
True,71.86095,21.050233,0.239081,0.233482,0.0004673600196838379,46.98747363090515,607.3438823223114,1.4902529906481505,1.0659311152994633,1.4575119386427104,131,/tmp/ShineRunner-dfcc3fa1-84ae-4bf9-9cd6-60a1d1490819,0
True,49.881691,15.688471,0.037165,0.032695,0.0007318258285522461,15.641722937424978,635.6520089320838,3.3147950645536186,1.2643411313183606,1.2029424387030303,200,/tmp/ShineRunner-be513c57-5361-497e-bf51-2ee0b695d111,0
True,66.095496,23.462274,0.51,0.51,0.0003136038780212402,22.396835358937583,772.060087416321,1.0900511734187603,1.4254940305836499,1.1040920564904808,193,/tmp/ShineRunner-5f16fd6f-531f-4c6c-b46f-a7101e32b160,0
True,48.138502,14.939278,0.149081,0.143249,0.0003406683603922526,16.76079671382904,821.3193430565298,2.301038368418813,1.1971415858715773,0.8776782051660121,201,/tmp/ShineRunner-5b022e12-fed2-419d-ae01-470ab4a71dbd,0
True,44.997675,15.357714,0.190415,0.172048,0.0008010745048522949,25.801174330711365,911.7656475864351,2.1670910097658633,1.3725588633678854,0.8270493709482253,189,/tmp/ShineRunner-4d95c6c9-2ce6-4f56-a933-cf3ba74dbded,0
True,65.879934,23.010406,0.250262,0.236058,0.0004538297653198242,39.42929138739904,973.8479224033654,1.8174400188028814,1.4143680091947317,1.4855607946403324,149,/tmp/ShineRunner-b1a3950a-759a-4200-9baf-1a61eff0f392,0
True,52.267435,15.982909,0.011858,0.010685,0.0004493594169616699,24.63927232027054,708.470453042537,4.510728207230568,1.1140317898243666,1.4125118624418973,192,/tmp/ShineRunner-c510bda1-6a37-426b-b9cd-461bb1952954,0
True,47.958791,17.3427,0.022292,0.017682,0.0004727641741434733,19.12502070267995,996.5764163061976,4.866034192964435,1.453662692103535,1.394693460315466,202,/tmp/ShineRunner-fa7f75df-af72-48ee-812c-f9e8ca878689,0
True,49.687113,16.720465,0.005173,0.004182,0.0005212863286336263,29.24617841641108,556.5007259137928,4.353164566680789,1.4380944683216512,1.4714289475232363,180,/tmp/ShineRunner-58be555d-3598-4c86-9922-4b88bfda8ce5,0
True,49.324427,15.432611,0.02648,0.021909,0.0003819863001505534,39.30896687110265,963.7462445534766,4.665367148071527,1.0918788127601147,1.2557667836546897,154,/tmp/ShineRunner-fd6e6916-70bb-403b-a4b6-37e34e622afa,0
True,42.700285,13.674661,0.057493,0.043428,0.0011393388112386068,24.204841192563375,593.7507208436728,2.6842588223516946,1.3570221648551524,0.9014021215029061,195,/tmp/ShineRunner-9c569f53-82a1-4f6f-9f4d-f7d2eb7570a7,0
True,50.097177,16.637392,0.022674,0.014972,0.0005969206492106119,35.84702058235804,648.4966012649238,3.710893436148763,1.389652225188911,1.3420784207060934,168,/tmp/ShineRunner-13632e27-fe64-494a-ba79-ba0a10e8e64a,0
True,62.094573,19.258357,0.233716,0.219116,0.0009014964103698731,21.179005785783133,941.0655396059155,2.0162481617182495,1.037878502625972,1.1648147550411523,197,/tmp/ShineRunner-c88a583f-f4db-41fc-b2c5-87c6d959ea70,0
True,43.328266,13.939691,0.004975,0.001398,0.00042699178059895835,18.216408665974935,542.2227610833943,4.782024512067437,1.313676254823804,1.2400572122074665,212,/tmp/ShineRunner-1a684c9b-0356-460b-9754-6042267412ca,0
True,78.11424,25.085614,0.51,0.51,0.0006221135457356771,32.27935881614685,859.9457871168852,0.9743867930024863,1.2275284579955041,1.422705508582294,185,/tmp/ShineRunner-46094563-ac4e-4c39-9315-4980f1ca47e2,0
True,68.563609,21.615529,0.235825,0.226006,0.0004605253537495931,24.33814662694931,676.9426516257226,1.5561469908803702,1.243080581072718,1.3668116251006723,199,/tmp/ShineRunner-8b44235c-59f9-4374-8649-75b2909110c8,0
True,41.600802,12.990141,0.032695,0.022483,0.0006562709808349609,19.20922710498174,748.0934513732791,3.8605274766683584,1.2073114421218634,1.004227707348764,208,/tmp/ShineRunner-a45a0660-0c61-46cb-9773-8e1cb0936472,0
True,56.394768,17.914551,0.109687,0.092229,0.0005037029584248861,24.557919804255167,910.0937284529209,2.908463688194752,1.1668977290391922,1.2652004688046872,194,/tmp/ShineRunner-6804bf26-798e-432d-b22e-1ffe963f0a52,0
True,39.935438,14.630881,0.096984,0.075444,0.0003409862518310547,32.603001578648886,943.2862964458764,3.058131584897638,1.4860179470852017,0.905785223376006,186,/tmp/ShineRunner-f2344d73-6259-4bd6-9cc7-dbb6bab3d678,0
True,44.529157,13.368564,0.008723,0.00833,0.0003456234931945801,21.884194433689117,593.5977697372437,4.22810117378831,1.1521696341224015,1.1308977238833904,204,/tmp/ShineRunner-6f89082f-fcad-40e7-bf41-b6b0e109f102,0
True,32.248844,10.499604,0.011272,0.006359,0.00047069787979125977,29.78900689681371,500.27852412313223,3.580809489265085,1.4704345110803843,0.8283486186526716,196,/tmp/ShineRunner-f0ff60a5-fd5a-4eaa-8815-78c8195d06a4,0
True,66.226222,23.148277,0.260136,0.244142,0.0004938244819641113,22.2937806169192,573.6894994042814,1.2784031607210635,1.4502982408739626,1.1927774968557059,211,/tmp/ShineRunner-538b6231-fd30-495e-85b0-1b71b32bfa3f,0
True,35.724172,10.243829,0.02648,0.02629,0.0004946231842041015,22.33607085943222,883.40352056548,4.320226110517979,1.0101735815405846,0.8015391022898257,210,/tmp/ShineRunner-56635173-6ab1-4f1a-8f59-6a7139a15016,0
True,36.351023,12.331097,0.018068,0.010489,0.0005047043164571126,20.49585886398951,657.8261665999889,3.9654740270227196,1.4200543989427388,0.9584002655930818,216,/tmp/ShineRunner-14e65a48-c06a-49a0-b7c8-c6242cb38ae3,0
True,63.113458,18.386165,0.087258,0.085923,0.0008013407389322917,20.521310583750406,520.4023406840861,2.1299324963241815,1.1791427955031395,1.491726803407073,219,/tmp/ShineRunner-dc4ba83f-0196-4dae-9ac6-8a7b1c0ceec7,0
True,55.751836,19.082427,0.065595,0.057315,0.0005942384401957194,23.57128007809321,841.4713516831398,3.188219465687871,1.4053644500672817,1.4420554226264357,214,/tmp/ShineRunner-b2f8367f-a54a-4a8b-8b2f-5bf4f46a2782,0
True,75.092042,23.521733,0.51,0.51,0.0002906163533528646,19.28486183087031,624.0717768669128,1.0602433118969201,1.1896247486583889,1.2513890067115425,227,/tmp/ShineRunner-e2eb9603-9ffc-4c60-a9f2-729cabdef074,0
True,73.963004,23.70604,0.51,0.51,0.0003542184829711914,24.46192278464635,977.3707040585577,0.8123451005667448,1.1311200228519738,0.9308602246455848,213,/tmp/ShineRunner-322f9363-4c26-4397-870f-594b3df5dbde,0
True,45.388293,14.427127,0.011076,0.012443,0.0005780855814615885,22.78453932205836,752.1808436140418,4.603444819897414,1.224106150213629,1.2199249637313188,222,/tmp/ShineRunner-9ac83093-1124-4ea9-8409-c27cb1206a81,0
True,52.2888,17.26918,0.140155,0.123268,0.00038907527923583987,21.07884242137273,666.2479671649635,2.0460549741983414,1.3352731349878013,1.0168205675669015,231,/tmp/ShineRunner-836a66e4-3128-4939-9834-5d183e48b8c7,0
True,65.454553,21.206767,0.232658,0.229109,0.0006026506423950195,28.25857181151708,810.4385370388627,1.7472323589026928,1.268773936200887,1.3400875605642795,209,/tmp/ShineRunner-5d8d2c25-30af-4802-a0c8-3350c81886cf,0
True,46.047313,16.305636,0.021143,0.01439,0.0003611842791239421,18.710802952448528,802.9875666834414,4.266502006724477,1.478798198979348,1.2898184798657895,238,/tmp/ShineRunner-2c5f08cf-1880-47b3-af7e-788ce596d06f,0
True,46.378178,16.097951,0.072356,0.062969,0.0004905144373575847,26.357604404290516,960.0065615959466,3.453675783798099,1.3593797595240176,1.1166492426767944,218,/tmp/ShineRunner-21e06d3f-dc4e-49ca-bcb7-0427014493ab,0
True,32.450953,9.422888,0.004381,0.004381,0.0012799382209777832,22.022122776508333,646.3804296217859,4.9731886893510815,1.1573056518100202,0.8529493562877178,232,/tmp/ShineRunner-8c593083-a72c-476c-a0e2-8403a6ec92af,0
True,54.469422,17.273335,0.012248,0.009312,0.0007032871246337891,21.27652550538381,563.3106883615255,3.6350629124790435,1.3011839664541185,1.4808839636854827,236,/tmp/ShineRunner-588a8925-8e44-4fb6-9ec4-81ba3840d0f6,0
True,47.568557,17.803055,0.143249,0.125262,0.001337126890818278,25.249623616536457,928.9656705223024,2.561653305590153,1.496275382116437,1.052993818745017,221,/tmp/ShineRunner-b8fba040-09f5-48f5-a483-4ee95ad16f8c,0
True,52.326056,18.314334,0.51,0.51,0.0016964435577392577,23.857854823271435,965.4930112883449,1.4575844004750254,1.3842252171598375,0.8148163268342614,229,/tmp/ShineRunner-04cb0dd5-6a3f-478a-b5a1-725411f1727f,0
True,44.763204,15.750197,0.043428,0.03419,0.0004218498865763346,20.667089887460072,898.0348533950746,3.8301822435110813,1.4119309643283486,1.1515568679198622,242,/tmp/ShineRunner-a9811f99-4439-4826-88e2-b990af68d8b9,0
True,58.536499,17.198769,0.042696,0.044343,0.00044384002685546873,29.01103966633479,613.9427865855396,3.0262901641428472,1.0579818454571068,1.3788641685619951,220,/tmp/ShineRunner-0525f184-4450-4e9d-bba8-4bb01b424fe4,0
True,62.301558,18.833187,0.085087,0.075444,0.0008092006047566732,26.016767688592275,759.3782995827496,2.7828203637152913,1.0274028717540205,1.4540729609318077,225,/tmp/ShineRunner-f58cf708-b804-499c-af03-bed90a7528de,0
True,81.38942,25.515496,0.51,0.51,0.0003783305486043294,34.77526295979818,562.0772102847695,0.7245553288608789,1.0234259516000748,1.0359258523210884,203,/tmp/ShineRunner-15e4a30c-366d-4358-ba47-0b7ffbf204ab,0
True,42.581073,12.481585,0.034563,0.033443,0.00042068958282470703,32.513962876796725,790.3395150788128,3.7422184579074385,1.0683053978718817,0.9398369300179183,206,/tmp/ShineRunner-bf0107c0-cd77-44bb-afd3-1f85b0ea1a31,0
True,45.99738,16.186838,0.070977,0.061385,0.0005057613054911295,28.12092343568802,697.715210262686,2.800776278600097,1.464353404007852,1.0625082670710981,224,/tmp/ShineRunner-bff92907-bd21-43c1-9dd0-5a73055755cc,0
True,47.879843,16.043249,0.010685,0.009312,0.0003088275591532389,22.32658958832423,719.7290929034352,4.419323974475264,1.3710431149229407,1.354242152068764,240,/tmp/ShineRunner-f48a82df-732c-4839-9dce-200b045b83bc,0
True,48.573326,15.26433,0.090578,0.085254,0.0006801168123881022,23.139866880575816,972.1149699762464,3.276393182575703,1.1242341022007167,1.0446970569901168,234,/tmp/ShineRunner-fcd4819f-6bd1-4d93-b3eb-02ec364e9033,0
True,56.894796,17.28917,0.099748,0.090744,0.00044042269388834635,17.13216905196508,717.6227821037173,2.6005909856408835,1.1383965807035565,1.2119467850774526,255,/tmp/ShineRunner-923c987b-dfe1-44bc-8372-d9ac3f1a0798,0
True,55.230582,16.26968,0.096331,0.096494,0.00046152671178181965,31.90345859924952,654.560187831521,2.415280776843429,1.0863335304893553,1.0788633532822132,215,/tmp/ShineRunner-8bc8b938-239b-4b05-8dff-05af266d2124,0
True,68.326635,21.14478,0.276934,0.25761,0.00045486291249593097,32.48284134864807,846.1399506777525,1.6444529075175525,1.1028546001762152,1.2999744518660008,217,/tmp/ShineRunner-79051d70-8dd0-4bb3-b15c-01d33b74a943,0
True,62.154112,20.77799,0.181535,0.159946,0.0006653706232706706,35.011892728010814,729.1314476169646,1.8693553000688552,1.3774483688175678,1.3143083796836437,207,/tmp/ShineRunner-1ac06504-9d0d-4acb-8657-394cffcdc7d9,0
True,71.169557,23.729901,0.51,0.51,0.0004531701405843099,35.056134994824724,902.5562424212694,1.3582287386059761,1.3404629472643137,1.4732489248737692,205,/tmp/ShineRunner-05dcffe7-19df-4487-af5e-4b155621ae28,0
True,40.485209,13.068187,0.074074,0.059443,0.0005036195119222006,18.81779070695241,778.5307997837663,2.996478893235326,1.3230280834250152,0.8699325645342469,254,/tmp/ShineRunner-4fe6d8ab-af63-44cd-86c5-f4e81f4d87dc,0
True,54.627413,17.066732,0.047256,0.054105,0.0005012353261311849,27.81052529414495,853.3449782989919,3.5418673507869247,1.140754190273583,1.3263641684316099,230,/tmp/ShineRunner-47a9b8c2-fde2-415d-8d96-adadb5ec13ea,0
True,58.328858,19.006367,0.219238,0.199488,0.0019385774930318197,27.72170604467392,878.1553544104099,1.9684508036822082,1.2374023674055934,1.1232399837113918,237,/tmp/ShineRunner-559a5a7d-4e1e-4b55-99a1-bd539109bd67,0
True,53.955605,15.567536,0.170262,0.160228,0.00048142274220784506,22.274293796221414,582.4961508624256,1.785638174787164,1.096318035852164,0.8427797622978688,243,/tmp/ShineRunner-9daf226d-7518-4ebb-8c67-1037038f6b9c,0
True,68.321574,20.923181,0.31535,0.309583,0.0005399703979492188,20.036445387204488,780.5186668410897,1.4154645793139935,1.0894247395917773,1.1571322377771138,257,/tmp/ShineRunner-04409051-4e4d-4320-b67a-ed2b04cc63c9,0
True,41.134964,13.918132,0.04943,0.043794,0.00036345720291137696,19.387490395704905,916.2339898757637,3.7236550167202953,1.3151917564682662,0.9956700188107789,258,/tmp/ShineRunner-fa923a31-129c-4c16-bc81-f68162ee1d92,0
True,81.577105,25.570304,0.51,0.51,0.0007239301999409993,21.522001004219057,914.3613982014358,0.9031237971037627,1.0816205693408847,1.4030136092565955,253,/tmp/ShineRunner-88442075-13d3-42cb-9814-3fad86db588c,0
True,43.325549,12.982489,0.014001,0.013612,0.0013003985087076822,25.30813745657603,815.0871824473143,4.812368696182967,1.0475313859060407,1.0920525104738772,246,/tmp/ShineRunner-952666c8-0fe4-429f-a105-a20965982621,0
True,64.677971,20.700338,0.51,0.51,0.0014748732248942057,30.906174584229788,834.0279529802501,0.6254608742892742,1.3499934887513518,1.2276913186535239,233,/tmp/ShineRunner-8c87529b-6e90-4200-8fb0-85aa0cdc036d,0
True,47.242323,16.951843,0.161918,0.154834,0.0012729843457539877,25.33934989372889,872.5514188408852,2.2376248888671397,1.4442500760778785,0.9499721851199866,249,/tmp/ShineRunner-644b4675-f054-4b39-9976-cd6dc69ded6d,0
True,35.95491,12.061239,0.004182,0.005964,0.0016377369562784831,19.578206797440846,605.1100282929838,4.702002427354455,1.3954023919068277,1.0288670820184052,252,/tmp/ShineRunner-576d1725-ebd6-434a-948f-ba77cf40214d,0
True,67.624248,22.020556,0.51,0.51,0.0005070328712463379,25.795688327153524,626.2573413550854,0.7739403337240219,1.4920505839399993,1.4288435640744865,247,/tmp/ShineRunner-ee118580-dc16-497b-84e8-3f2b258f39d6,0
True,46.711386,15.078751,0.018838,0.012833,0.0005170702934265137,20.173323980967204,874.0595877170563,4.919979747012258,1.2106801713816822,1.2752702170982957,262,/tmp/ShineRunner-86668b08-9856-4acf-9082-2c54bda36ea1,0
True,31.987658,10.536661,0.016135,0.013223,0.0006472508112589519,23.45807378689448,715.5147371813655,4.183219078183174,1.403206383343786,0.8374196792021394,256,/tmp/ShineRunner-298cc9c6-7d50-404d-8b9c-016061318844,0
True,36.174889,11.687004,0.025151,0.023437,0.0010259509086608886,35.56050101915995,934.459688141942,4.549671394750476,1.2552374536171556,0.9151935499161482,226,/tmp/ShineRunner-d0ae631f-c028-4300-8580-5031bdd636a2,0
True,65.659197,19.575102,0.147776,0.136591,0.0005268494288126628,21.70413414637248,603.3575846813619,1.8841597951948645,1.1305605517700315,1.3488805695436894,259,/tmp/ShineRunner-cf3fcd67-c9b9-4c4b-929f-fedb297a06f3,0
True,47.394378,13.729576,0.006359,0.005767,0.0004907846450805664,35.38546121120453,530.5390218272805,4.1566560544073585,1.0761809227988124,1.178367067500949,228,/tmp/ShineRunner-b8c02aa6-d25b-44e5-be29-d0faa890b4f1,0
True,75.295264,25.573805,0.51,0.51,0.0005431095759073893,20.886798922220866,684.4743210822344,0.6743687864392995,1.2664051065221429,0.8954125668853522,263,/tmp/ShineRunner-1788147e-7ddd-4d44-b6cd-6e49c10f6c2e,0
True,58.557035,19.135982,0.066293,0.059974,0.0017338275909423828,34.31526633501053,531.8516409024596,2.331387535482645,1.4299591118469834,1.385944949183613,235,/tmp/ShineRunner-fb505edd-55ce-455f-a28e-6955c84d05db,0
True,46.266242,14.638355,0.117855,0.110479,0.0004900654157002766,16.791550095876058,800.9843216277659,2.5473861984908583,1.2452388433739543,0.9098316362127662,273,/tmp/ShineRunner-cfec9452-27cb-497c-b365-134a62a30c2c,0
True,55.214109,18.074896,0.039201,0.036237,0.0005200068155924479,29.50265868504842,945.3407772816718,3.995286346971989,1.2184866364113986,1.466634799260646,250,/tmp/ShineRunner-3de8151d-48f7-42ba-88f8-8c544cce2c9f,0
True,63.136107,20.188091,0.51,0.51,0.0003004193305969238,19.41513568162918,896.366452332586,1.148898358643055,1.17628783127293,0.8754646308720112,269,/tmp/ShineRunner-5b4fac09-019e-484a-8cbd-74642be495c5,0
True,64.001416,21.139946,0.51,0.51,0.0009759863217671713,40.0259982585907,689.2857225611806,1.0108172386884688,1.2832493744790554,0.8619343652389944,223,/tmp/ShineRunner-6968041e-3b4f-4bd7-b494-844ca1b6c4d5,0
True,55.763248,15.789717,0.019992,0.016135,0.0006090680758158366,26.120660773913066,509.3979989178479,3.326309207454324,1.0093957199715078,1.4342080307193101,260,/tmp/ShineRunner-b14a0b07-dbd3-4679-8f22-3e6c29d491a8,0
True,64.606997,19.628719,0.327143,0.320929,0.0005088567733764649,32.59028800725937,739.9213803000748,1.3278806205838918,1.0441669495776296,0.9643068065866829,239,/tmp/ShineRunner-37011579-4edd-4c43-a1f8-8167dee864ac,0
True,43.127807,14.156745,0.005569,0.00319,0.00045088529586791994,20.602949702739714,584.0405593626201,4.465309051424265,1.3632384380325675,1.2065445667132735,268,/tmp/ShineRunner-4c849e81-8d73-43e0-9933-5a6bcdfa997e,0
True,65.714666,21.129479,0.51,0.51,0.00044416189193725587,36.073344973723096,784.114926122129,1.1712520737200975,1.1840923293493688,0.9900958093814552,241,/tmp/ShineRunner-27f3be9e-0cab-4825-9851-0361331d9fde,0
True,52.744011,17.121733,0.06367,0.053747,0.0030377944310506183,18.062242662906648,742.0448032207787,3.0453909605741503,1.3090207404457033,1.2569628797471524,272,/tmp/ShineRunner-06b855d6-1a6a-47b2-9c0b-ba2e80dea007,0
True,50.982076,15.230577,0.089253,0.088423,0.0019575993220011393,19.91402377684911,722.136695869267,2.6996003776788715,1.1041538561694324,1.0234636875800789,271,/tmp/ShineRunner-be1c72ee-eb5b-45c0-be74-1bce197d09d1,0
True,41.993372,12.779927,0.042329,0.048344,0.001352862517038981,24.532810207207998,989.8992371745408,4.1023759912699465,1.0553376423195004,0.9444377457723022,266,/tmp/ShineRunner-7353aab7-9a22-444a-9953-37bde751542a,0
True,55.236334,18.735142,0.112846,0.096168,0.0005056659380594889,17.972944128513337,648.0241543613374,2.1543378051370383,1.4221240961924195,1.172790320776403,279,/tmp/ShineRunner-9ff03f18-4b09-4923-88ef-124f533cb98e,0
True,47.25638,14.583837,0.021909,0.020376,0.0006592075030008951,27.825072062015533,628.1699873507023,3.5907123204320675,1.2251355154439807,1.1471249909140169,264,/tmp/ShineRunner-5084058c-b078-459d-8627-569a2bd7cbf0,0
True,55.60642,16.489589,0.043977,0.042329,0.001694782574971517,32.80069773197174,686.1026678234339,3.355119225382805,1.0015619858168066,1.3083824986591934,248,/tmp/ShineRunner-7e479d9d-5a68-4a4c-9056-602d27512d4c,0
True,54.517839,17.366939,0.08809,0.084081,0.001052415370941162,17.93876796166102,967.6412297412753,3.1777797710150484,1.1485886992886662,1.233097417280078,282,/tmp/ShineRunner-dbfc2baf-97ae-40fb-883d-ced1fabb18c8,0
True,51.154225,15.346503,0.004381,0.00774,0.0006598671277364095,18.17416483561198,664.3506991676986,4.729152947291732,1.0683751134201884,1.3804101734422147,280,/tmp/ShineRunner-4923321d-1861-4038-99b4-7efd5fbc82cb,0
True,41.226726,12.270628,0.031383,0.022292,0.0006060202916463217,36.944871759414674,550.9679005481303,3.0891205526888372,1.2329695774242282,0.8900496101006866,244,/tmp/ShineRunner-0d833091-977e-41de-9142-0a3bd744864b,0
True,42.924326,13.423385,0.057671,0.055178,0.0003791371981302897,17.390790553887687,528.5147959366441,2.438074741140008,1.343107822816819,0.8474160799756647,283,/tmp/ShineRunner-21e76053-b06e-461f-bdb3-d406014a06a1,0
True,65.413424,21.231927,0.186992,0.169711,0.0008092880249023438,25.068245339393616,813.298499211669,1.9929173666983844,1.2831798545084894,1.4611018541269005,265,/tmp/ShineRunner-0d048084-0bcc-47f6-a62e-8914cc3d2a48,0
True,65.190933,22.802776,0.190546,0.170813,0.00046478907267252605,26.817437501748405,553.0072660185397,1.5075717601925134,1.4998565423302352,1.3137877680361272,267,/tmp/ShineRunner-c74d15e7-88cf-4230-a5cb-a9549db82440,0
True,75.689569,23.113328,0.51,0.51,0.0009186426798502604,21.45918173789978,565.0782715529203,0.9530440427362918,1.0363632263615727,1.0680833057500423,275,/tmp/ShineRunner-a6a489a8-b4fc-463b-b8a6-687e83d96426,0
True,69.462928,24.379046,0.51,0.51,0.00043886899948120117,20.006136242548624,855.1182835362852,0.8614571947604418,1.3764197058044374,1.050101995188743,281,/tmp/ShineRunner-582e49d8-a5e2-495b-a7fb-de9dc9bc2338,0
True,42.668107,13.712282,0.016909,0.011662,0.0009677290916442871,18.62947229941686,761.6465617902577,4.366182129830122,1.2630406701937318,1.1178374289534987,286,/tmp/ShineRunner-e592a01b-9c28-4d76-a6b8-a813623681f1,0
True,57.740361,19.476782,0.156545,0.141041,0.0005032618840535482,39.72301814158757,992.0625952072442,2.522432912886143,1.2910140953026712,1.2808478035032749,245,/tmp/ShineRunner-bc9c047e-693f-4f42-9e30-dc086b50d8b6,0
True,50.586023,14.91336,0.030632,0.02648,0.001228777567545573,19.099947245915732,691.0532908514142,3.693305325135589,1.0501476642675698,1.1874112439341844,288,/tmp/ShineRunner-5341b2fd-993c-4dc4-bdbc-388c983cc8ef,0
True,56.260169,19.209875,0.074931,0.069075,0.0022312243779500323,27.15206244389216,781.8312859162688,2.888288902491331,1.4197664866223931,1.408544170949608,270,/tmp/ShineRunner-b5560767-9d58-4195-a064-f4963c74d1c6,0
True,52.709629,17.126888,0.011858,0.006951,0.00149993896484375,17.085482394695283,652.5359470397234,4.132184377312661,1.3214803654700518,1.4971274023875594,296,/tmp/ShineRunner-3cc396ab-8f21-4a8f-8fa6-9a0ad7a92b7d,0
True,40.554826,13.70709,0.069075,0.057493,0.0012156128883361816,18.217938951651256,843.7725063413382,3.2272142283618455,1.3672151626087725,0.9252898198552431,294,/tmp/ShineRunner-31d3978c-ffb4-46e9-8d0c-2800094eef2c,0
True,75.739152,23.612149,0.51,0.51,0.0005248665809631347,20.499263314406075,695.3229852952063,1.2200928062200547,1.1974277864210308,1.4864156988449395,287,/tmp/ShineRunner-caf2165b-762d-4485-8812-0b739b99124f,0
True,61.870929,20.401332,0.281299,0.274205,0.0009168465932210286,21.80873016913732,616.0661946050823,1.3083095584064721,1.2910552136600018,0.9988629486411811,291,/tmp/ShineRunner-44ae41d4-82fe-4ee0-b9a5-a54a02b286aa,0
True,36.542578,12.585475,0.013223,0.009509,0.00037653446197509765,23.174271229902903,622.5425079464912,3.8801654316484933,1.4565164214000106,0.9698370318859816,284,/tmp/ShineRunner-a1439441-f538-40f5-be87-2d6126b53cbf,0
True,51.582103,18.773327,0.178577,0.162619,0.0004726290702819824,35.59292078415553,947.693067137152,2.277170414850116,1.4520836314186454,1.0864760949276389,261,/tmp/ShineRunner-afec261c-3938-4e3c-8daf-10961fba23c7,0
True,50.918136,16.665607,0.032508,0.025721,0.0005210677782694499,23.11704821983973,926.9624105654657,4.282313008233905,1.2319122874177992,1.3456676060333848,290,/tmp/ShineRunner-5ef03401-a4d6-47d4-9f53-812abe2b5a79,0
True,51.26698,17.983785,0.067512,0.05696,0.00041685899098714194,21.401712123552958,979.1439943946898,3.4921513035893446,1.3975282423198223,1.294446182344109,298,/tmp/ShineRunner-6e48e3fd-46c9-4aeb-839f-c15df5752cc5,0
True,62.610683,19.725908,0.164299,0.149949,0.0005663156509399414,40.83271030187607,511.6301407106221,1.6055141784250737,1.2742118695750833,1.141718555893749,251,/tmp/ShineRunner-c20ec77a-1e99-4a3e-92d2-73857fa01c6a,0
True,53.459287,16.616666,0.0198,0.016522,0.000488587220509847,18.230922261873882,560.4488784447312,3.4037608243525033,1.2565042679198086,1.3612408839166164,308,/tmp/ShineRunner-47fe2e74-0e28-487b-9a6c-5ee31d77f87d,0
True,67.45715,20.774377,0.51,0.51,0.0003385821978251139,21.465455929438274,825.420081615448,1.0730006963014602,1.0155549636110663,0.900206129718572,73,/tmp/ShineRunner-7ae2174f-e50c-4753-beb3-f6e6632c70bf,0
True,43.085375,12.866485,0.021143,0.014778,0.00041966835657755535,18.133291725317637,812.0917836204171,4.563871117308736,1.0023672357201576,1.0585318958386778,302,/tmp/ShineRunner-cd00f284-70e6-4c20-b260-226d86d15227,0
True,49.187432,17.55631,0.015942,0.014778,0.0004967371622721354,30.897851852575936,876.2676231563091,4.647789527475834,1.4709946545772254,1.4487125414423645,274,/tmp/ShineRunner-c2d8d39a-13f7-488c-a176-7aadef3efabf,0
True,39.553888,11.582182,0.050693,0.055178,0.0007682402928670247,30.291133999824524,832.504406105727,3.4426990289241077,1.1163989077322185,0.820180457085371,278,/tmp/ShineRunner-d23bc1a9-c90c-4525-a08b-38b354196482,0
True,67.674286,21.057214,0.279019,0.28947,0.00029540459314982096,24.3630726536115,936.1129496246576,1.7313539400696754,1.019565591122955,1.2844147542491555,285,/tmp/ShineRunner-28c08f15-73fd-42f2-9be7-a89449d47152,0
True,65.367798,20.566573,0.308819,0.306423,0.0005179087320963542,23.014533146222433,843.6195552349091,1.4686290971934794,1.138924312312156,1.1111194737255574,297,/tmp/ShineRunner-f2aceb10-ac93-458d-87be-1a03df87c9f4,0
True,42.411834,14.999837,0.043977,0.035122,0.00043584903081258136,20.88517335255941,678.9820319972932,3.1393734306097034,1.4782711658626795,1.0303972464054822,312,/tmp/ShineRunner-9f8ab1c0-f7e3-46b7-8d6b-8458698f3614,0
True,52.848593,16.194483,0.109052,0.102334,0.0004188696543375651,23.338584470748902,904.5441243797541,2.9376990925520663,1.0761400260962546,1.0987254671752453,306,/tmp/ShineRunner-7e75f87c-96c0-4e9e-bdf7-56e0008c200a,0
True,47.088811,13.944856,0.025911,0.023819,0.0006690462430318197,24.25149949391683,744.3281658925116,3.9822457212954765,1.018049887381494,1.1130592646077275,80,/tmp/ShineRunner-292ec255-ffd6-47b4-8d47-32061adaa9cf,0
True,49.765156,14.95712,0.008133,0.008527,0.000761870543162028,18.534928500652313,596.1583387106657,4.404587421193719,1.1218366753309965,1.3198461203835905,316,/tmp/ShineRunner-a6e0cf05-8024-4dfd-a0c7-8ae0e98f377b,0
True,36.565452,12.298271,0.001398,0.000799,0.0005104740460713705,29.20597469806671,522.0460505224764,4.9503283895552155,1.412249602843076,1.0842203045263887,292,/tmp/ShineRunner-910f07c1-df59-4a23-ba86-9b8f8b7628d0,0
True,43.677641,15.501812,0.029315,0.020184,0.0005212545394897461,20.267775865395866,823.6716478131711,4.018684034794569,1.4614660278894007,1.1701713698916136,310,/tmp/ShineRunner-e195a2a7-126f-4aa8-a1e5-b940c6eb72dc,0
True,71.328613,21.119563,0.51,0.51,0.000488754113515218,30.42993776400884,958.4829998202622,0.6359684780240059,1.0950499828904867,1.4364838417619468,293,/tmp/ShineRunner-2171599b-c1e3-4c49-aee4-856fae09e4c0,0
True,56.153985,17.521451,0.031383,0.025721,0.0005052010218302409,18.4691123008728,770.3917012549937,3.773013820126653,1.1590624153614044,1.4678391885012387,318,/tmp/ShineRunner-7778c911-16ba-4ff1-a541-650db98ab840,0
True,41.498818,12.284824,0.012443,0.009509,0.0011683980623881022,36.362354187170666,534.0989222750068,3.9109911177307373,1.1651106565259397,1.0112426447682084,276,/tmp/ShineRunner-7371ca3b-b45f-4210-a46f-48148230131f,0
True,35.806087,10.624541,0.012248,0.00774,0.0017734686533610025,22.97514117558797,727.3790189065039,4.686728781089187,1.144363943953067,0.9069818305782974,304,/tmp/ShineRunner-8d3289e3-ecba-4df8-a08f-99a2a7d0f6fc,0
True,46.08427,14.361185,0.0198,0.015748,0.002243796984354655,19.542720452944437,913.8889363966882,4.98620835877955,1.106284693814814,1.2017450387589634,322,/tmp/ShineRunner-6e3ad082-a9ce-4b9d-b2b3-e6df1e4bb820,0
True,68.274806,20.362659,0.152399,0.155833,0.0011461893717447916,18.027615491549174,672.9027070105076,1.9554164640605451,1.0613737958483398,1.476836879365146,327,/tmp/ShineRunner-d29e2a0e-57fd-42d6-8682-48329395cd17,0
True,43.798602,12.635225,0.023437,0.021335,0.0006042997042338054,16.855323032538095,589.7408141754568,3.52912463657558,1.0916767618618906,0.9799396235495806,332,/tmp/ShineRunner-df9f5dee-9902-428f-9c92-055680aba4b7,0
True,58.328774,19.371867,0.191462,0.177226,0.0011776526769002279,21.276423827807108,710.0148764438927,1.8304533775895835,1.349187029991299,1.1364339599385858,319,/tmp/ShineRunner-d29d053d-ce3f-49f4-b6e3-a3fc3133338e,0
True,56.552139,17.45505,0.041595,0.043245,0.0005167603492736816,20.55505259434382,704.362322576344,3.2633630473166706,1.1747680893167853,1.3928145214915275,320,/tmp/ShineRunner-ec2d01b3-d702-405f-946e-7ad88fde1bec,0
True,58.475164,17.965563,0.09535,0.095514,0.0005631645520528158,32.02868686914444,660.0734330713749,2.3843264847993852,1.1869784966111183,1.2454156680963933,295,/tmp/ShineRunner-730a3bfc-7431-4084-a4ed-36fa5a0170e1,0
True,64.705817,22.166006,0.297753,0.271349,0.00046983559926350914,38.13571500778198,969.7475405409932,1.6941020619124174,1.3577987914904952,1.331726794037968,277,/tmp/ShineRunner-b807169b-216e-432d-a2cf-adb0ffe1ede8,0
True,57.907265,18.944399,0.059974,0.045255,0.0008203864097595214,30.15415097872416,591.489739716053,2.645943281427026,1.385283175855875,1.4180904110893606,307,/tmp/ShineRunner-8971a210-3257-4956-af33-b9e0af5c37fb,0
True,54.707307,17.99008,0.113161,0.097961,0.0009657939275105795,32.44316800832748,885.6717678718269,2.7385419916361573,1.2766076107509434,1.2254615309648216,301,/tmp/ShineRunner-f87888e0-763c-44de-a7ca-e0b73129fb14,0
True,43.291408,13.71473,0.061033,0.061385,0.0004506826400756836,16.92579836845398,887.359419837594,3.3681284043937927,1.1995550626888871,0.9541287486441434,338,/tmp/ShineRunner-fa57dd68-8b7a-4bf0-9c26-0084b5f05a98,0
True,44.031852,15.087501,0.005569,0.005767,0.0003856778144836426,19.800901341438294,639.4853610545397,4.5283307425677775,1.4459139271639287,1.2691321603022516,328,/tmp/ShineRunner-5d2a06e6-69de-4e59-8dff-d11728836d3c,0
True,43.798602,12.635225,0.023056,0.020568,0.0003743886947631836,32.9843768119812,589.7408141754568,3.52912463657558,1.0916767618618906,0.9799396235495806,76,/tmp/ShineRunner-a93b77a9-af91-4ddb-b491-d8102bbf19d9,0
True,50.607855,16.486372,0.027994,0.02439,0.0003773291905721029,17.675085651874543,545.9038848057389,2.9748486891388897,1.3818607507273555,1.215993866790086,340,/tmp/ShineRunner-c527f81b-fc90-4b30-b014-5083081b532d,0
True,52.890108,17.283864,0.220212,0.198333,0.0014593084653218588,30.38830626408259,998.08460008353,2.1841485515236854,1.1893044244498014,0.9817085316404701,309,/tmp/ShineRunner-a84ebfdd-bede-4257-9898-05bcd2059134,0
True,67.45715,20.774377,0.51,0.51,0.0016478141148885091,21.750744978586834,825.420081615448,1.0730006963014602,1.0155549636110663,0.900206129718572,329,/tmp/ShineRunner-014f894c-d2d5-47e5-b65c-2a4868e61811,0
True,51.038116,15.451448,0.043245,0.043428,0.0005264600118001302,22.907555826505025,558.2741354592144,2.770065052807331,1.2048878828063607,1.1022117095068098,331,/tmp/ShineRunner-2e14ceb1-3889-4867-b135-2348e9be93f6,0
True,60.150476,18.740989,0.095023,0.078001,0.0012335777282714844,18.92434160312017,577.4245038628578,2.2159988891333344,1.260895303916186,1.3015129185281693,339,/tmp/ShineRunner-e143bf95-4479-4195-ac9a-acd57503decd,0
True,59.334769,19.863726,0.123576,0.119408,0.0012120246887207032,24.174010169506072,992.4453967250884,2.8221358217298986,1.2722098226659,1.4171252597123385,330,/tmp/ShineRunner-29dd51ac-6bb5-47a2-b109-ac2da9ba512d,0
True,50.085797,16.93305,0.130284,0.111743,0.001111916700998942,26.487930353482565,768.2341253384948,2.352992546185851,1.3647706075571477,1.0405404908582567,321,/tmp/ShineRunner-7e64e6a5-681a-451d-9d20-e15a8f0236a1,0
True,44.484147,15.864262,0.186727,0.165832,0.0004641850789388021,38.6869921207428,750.2930974587798,1.9225611526519062,1.4884410221129656,0.8071179821155966,289,/tmp/ShineRunner-88a28ba3-3e8e-4a26-b9a5-ccf724dd35ef,0
True,47.088811,13.944856,0.024581,0.024771,0.00044860045115152993,22.123769334952037,744.3281658925116,3.9822457212954765,1.018049887381494,1.1130592646077275,336,/tmp/ShineRunner-a6f97ece-cf69-483f-b92d-fef642bf0b98,0
True,64.18096,21.248953,0.293586,0.265678,0.0012004534403483073,21.320451021194458,733.0186842009425,1.4362395603209734,1.3170892493799329,1.163275506068021,335,/tmp/ShineRunner-ce12c6d1-44cc-4690-a3b3-d986469b6708,0
True,48.205823,16.265991,0.014584,0.009116,0.0004363854726155599,19.413324757417044,837.4928026460111,4.723609527945518,1.3370552631095052,1.3742501767352224,342,/tmp/ShineRunner-b9878590-1655-4e93-92d3-95900f7b1664,0
True,56.215284,16.257666,0.224806,0.212598,0.0004167278607686361,31.90833112796148,633.4198820404708,1.5955439299345016,1.0312291085720062,0.822776706609875,311,/tmp/ShineRunner-7d48035f-97a3-42fe-8638-0293fd62ab53,0
True,33.49598,11.006411,0.022483,0.02076,0.0006225069363911946,31.091063272953033,939.2768712714314,4.836303509771824,1.304307583719492,0.8830784677527845,314,/tmp/ShineRunner-84d03b76-ec5a-4291-8d44-efdc23c0d84b,0
True,75.846884,28.612517,0.51,0.51,0.00047001838684082033,26.948771317799885,597.889609169215,0.6038285803049802,1.4176251883618534,0.881608655396849,323,/tmp/ShineRunner-30db7155-997d-4c19-824e-65af1dd39c6b,0
True,37.264678,13.48722,0.027994,0.022483,0.00047249794006347655,18.55707231760025,956.2641652300954,4.440677223354578,1.427932373713702,1.0050832269713283,346,/tmp/ShineRunner-1ae91cdc-9d4f-4353-a161-42fa54a3e568,0
True,35.950957,10.511531,0.025531,0.019608,0.0005060354868570964,22.929777359962465,794.3873265758157,4.169426035508514,1.1286735790781677,0.832620897050947,334,/tmp/ShineRunner-41551c4d-31fa-462e-8011-6e1fa60ec4c4,0
True,43.425641,15.307692,0.089585,0.081895,0.00040412346522013346,17.004198106129966,693.271663505584,2.5010985631495717,1.4728957386687398,0.9269305567257107,351,/tmp/ShineRunner-49483cf2-d8ef-4630-a535-8d4c371a01de,0
True,47.746233,14.457989,0.16051,0.14966,0.00040820042292277016,22.059346743424733,981.3795341178775,2.613612744957209,1.0629522181116045,0.8631297416053713,341,/tmp/ShineRunner-016b6ed3-b5a4-421a-a948-1fad334dc18a,0
True,49.762759,15.778933,0.004182,0.002792,0.0007566928863525391,20.531263240178426,609.9260877817869,4.799619687721133,1.2474873042665422,1.443935122899711,348,/tmp/ShineRunner-6e9b6655-2c6e-4817-b7c2-97c9467c4f89,0
True,35.170604,10.781558,0.003984,0.00319,0.00045135815938313805,31.632671626408897,504.34922287240624,4.244882293045521,1.2886173380538821,0.9382991100661457,324,/tmp/ShineRunner-3ab5dd93-f4e8-4b85-b780-5d0823438379,0
True,72.830684,24.80636,0.51,0.51,0.0015917579332987467,41.1464500784874,746.5641675516963,1.0412093754857779,1.4424915970303118,1.3734559394419192,303,/tmp/ShineRunner-3d81a775-3491-4fc1-9d97-ef8c3ea5bcb3,0
True,37.284421,13.140612,0.07184,0.067164,0.00048633813858032224,20.011375427246094,930.5347832851112,3.29317536726594,1.4408500120043755,0.8517541363835335,354,/tmp/ShineRunner-1c19bdc6-72bb-4456-b183-d66a7dfa9391,0
True,55.571369,16.614705,0.065246,0.068381,0.000536958376566569,20.75457990169525,755.8848545886576,3.1018842395395043,1.0344802918843925,1.2412538507021964,350,/tmp/ShineRunner-ce8fbe13-cc62-4117-91e5-8528798c65a7,0
True,84.869403,27.211027,0.51,0.51,0.0002912282943725586,22.316613912582397,763.3339622989297,0.7115209728479386,1.2131258179433644,1.3905587845481933,353,/tmp/ShineRunner-13821472-3842-47da-a9b0-838d4685faec,0
True,43.75669,15.959736,0.040307,0.033443,0.0004873752593994141,33.38402387301127,862.1931727975607,3.6566805034875873,1.493808020837605,1.1300427988171577,326,/tmp/ShineRunner-50a83ba0-fee0-4c8f-b280-16b547d2b441,0
True,62.955224,19.912368,0.242424,0.226844,0.0003955245018005371,25.94888844490051,849.9131049029529,1.7984060496091843,1.1712663089856505,1.1885045717470348,345,/tmp/ShineRunner-9aa9bc59-0c5d-451c-954a-bfd4632db8a2,0
True,70.589231,22.985695,0.51,0.51,0.0003268082936604818,34.94665672381719,944.9298870749772,1.340896085649729,1.2197085521183908,1.318581920210272,325,/tmp/ShineRunner-63309876-707a-45e8-b7b6-38cc27b2d8ab,0
True,63.613679,19.55393,0.139267,0.137782,0.0003998875617980957,40.35602205991745,863.9249349944293,2.468419449776411,1.0457148593850434,1.4000948885455728,313,/tmp/ShineRunner-2235d290-6cad-4da4-9859-6f1829d11b97,0
True,63.153126,21.580708,0.27683,0.26557,0.000627589225769043,21.10796714623769,669.9293274432421,1.3798337657004596,1.3919794433750212,1.1268298053182662,359,/tmp/ShineRunner-f87553c1-1f48-4613-950a-a66bc3a0724c,0
True,53.151517,18.393719,0.261666,0.250375,0.00032901366551717123,22.017461574077608,961.5142219699919,1.8477230224758388,1.3273946908302605,0.968578146211803,357,/tmp/ShineRunner-22043bb5-9e1f-495f-bb62-88552fc1f5b4,0
True,58.920864,21.60142,0.51,0.51,0.0004433671633402506,39.27332663536072,907.810103148222,1.1897491466253998,1.4332992141135037,0.9344283697195351,317,/tmp/ShineRunner-2b842c6c-631a-4a76-aafb-14529082cf61,0
True,32.558637,8.599083,0.002991,0.003984,0.00040459632873535156,17.87834956248601,546.9281962141395,4.616453982517124,1.0397846046835184,0.8660022916272283,372,/tmp/ShineRunner-bbd81f8d-11c8-44db-8408-8e8e829d4255,0
True,37.612214,12.116377,0.007346,0.005569,0.0015214761098225912,24.09594474633535,701.4495013281703,4.887651800364256,1.278616627678275,1.0428162719123066,352,/tmp/ShineRunner-e449c26f-dc94-4ef2-bdbe-7d8b7ce5ad0f,0
True,32.845618,10.320803,0.019031,0.016909,0.001185929775238037,29.338302036126453,661.7439216934144,3.8088352970778945,1.351625049021095,0.8030763276852668,344,/tmp/ShineRunner-4c6757ea-132e-45d2-9f7a-d840f69963ee,0
True,55.976041,17.390518,0.024581,0.023056,0.0004412094751993815,23.197744369506836,857.3545217514038,4.215071022138,1.0840569399297237,1.480029862653464,358,/tmp/ShineRunner-d373ad29-3335-4919-92b1-b87247b85450,0
True,81.174072,26.235396,0.51,0.51,0.0004797101020812988,43.82365970214208,502.19118501991034,0.7623588062822819,1.2352767386473715,1.1974123385734856,315,/tmp/ShineRunner-c8e41e95-ca2d-474e-9674-857b9c0adfdd,0
True,45.77914,13.222912,0.061209,0.053926,0.000971376895904541,23.806702518463133,642.4326337873936,2.9212336856871848,1.1007323791272938,0.9191230613738299,360,/tmp/ShineRunner-4d508234-ccd4-49f9-a93b-4cd493c806ac,0
True,53.970486,18.586432,0.107302,0.089087,0.0007200002670288086,22.328894368807475,830.2857931703329,2.662913965806365,1.4065796341747046,1.2501925455406309,361,/tmp/ShineRunner-dc6443e7-04bc-4f5a-ad67-76129e8a0fd9,0
True,74.271256,23.866132,0.296369,0.282228,0.0010782718658447266,23.42201595703761,535.7691557146609,1.1114065121859311,1.3734967038035393,1.452193417120725,363,/tmp/ShineRunner-ba31dfba-ad6d-4048-a333-d6c258574527,0
True,39.549232,12.872314,0.032695,0.028183,0.00041745503743489585,18.256919777393342,711.498158518225,3.505189855769277,1.3386878115125,0.9459762750193477,384,/tmp/ShineRunner-fc637efb-0e9e-49e6-b758-8b70f3ab0890,0
True,60.596245,17.770008,0.095023,0.095514,0.0005274295806884765,24.800937469800314,620.3067316673696,2.3140538170933724,1.0040212483145297,1.2316222382709383,355,/tmp/ShineRunner-506a33e8-89b8-442c-9745-28ec9e42b953,0
True,44.510039,13.772009,0.012443,0.012833,0.0008408228556315104,19.537271642684935,682.2993564419448,4.332989813759923,1.194990858901292,1.1530959395691753,376,/tmp/ShineRunner-17be1f8c-a8ed-4b2d-a082-8851fffb1a24,0
True,63.378361,19.626173,0.16346,0.160228,0.0010952115058898925,18.334872980912525,776.8452917225659,2.078991889581084,1.1539342496544123,1.3095161885023119,385,/tmp/ShineRunner-d6ed1aeb-d717-4770-8d91-afd6bcacdefa,0
True,48.045134,15.728041,0.041227,0.03698,0.0004559000333150228,23.605771418412527,799.3135964497924,3.559468820691109,1.2934295409359038,1.1826398361474275,366,/tmp/ShineRunner-63d73edf-36cd-4692-9cb3-68e0d2857180,0
True,74.214021,21.751148,0.280679,0.282228,0.0010423660278320312,35.144171631336214,516.4538314566016,1.1585072532296181,1.110610687173903,1.3364989906549454,347,/tmp/ShineRunner-24518ccf-b7c3-4d13-8d9d-6798e929cb69,0
True,57.765821,17.512278,0.173963,0.176548,0.0011864225069681802,21.277083233992258,578.3873032778502,1.6574746504426003,1.1607204959727824,0.9515098486095668,371,/tmp/ShineRunner-15978736-5c2c-401c-a72c-f7f9d6918f70,0
True,61.441115,21.224438,0.204835,0.188707,0.0006921648979187012,41.74607530832291,898.4781536273658,2.0674103293567896,1.4009419931098819,1.365958129055798,333,/tmp/ShineRunner-19228a67-5b93-4c99-88df-09a4ebd892d8,0
True,49.959653,15.375912,0.002991,0.002195,0.0010014812151590982,18.298394640286762,513.3161107078195,4.585499198734761,1.2028114800341427,1.4104251542128623,388,/tmp/ShineRunner-744e14a1-d6ad-4d8d-9bcb-5a81532b9782,0
True,62.814565,19.437094,0.318244,0.306037,0.000712581475575765,26.455245498816172,881.85960566625,1.5433916963636876,1.051922844722867,1.0159652044065297,365,/tmp/ShineRunner-d65c16bf-1668-43e0-a18f-e585d1e6e770,0
True,56.736118,17.299042,0.110162,0.102011,0.0007929046948750814,19.025700128078462,870.3170730732381,2.8368723422288897,1.017144484911114,1.2077399222180247,390,/tmp/ShineRunner-2ddfe136-711a-48d4-ae8f-822c6d213bbd,0
True,40.964877,11.805763,0.011467,0.01088,0.0004743218421936035,18.8205890695254,631.8507543765008,4.303662060946226,1.0319641325622797,0.9920813445933163,392,/tmp/ShineRunner-628b5755-2075-4028-9b03-090218487245,0
True,75.126756,23.829013,0.51,0.51,0.00045748551686604816,34.88361754417419,650.8487868122756,0.8900957517325878,1.1546212616376579,1.0548747811466455,343,/tmp/ShineRunner-288bd031-f257-498f-a94c-51fad75de363,0
True,73.311375,25.05897,0.51,0.51,0.0004236022631327311,34.85959217151006,925.2924136817455,0.7953061792999506,1.3067522821947932,1.0742479324340821,349,/tmp/ShineRunner-6d443a93-d4fb-45ff-8024-da9e6e207c0d,0
True,59.172613,18.800955,0.065071,0.068728,0.000457612673441569,23.03541300694148,630.3273267112672,2.5832646269351245,1.2987623759545386,1.4048923707567156,375,/tmp/ShineRunner-a5da7c77-b59f-4d72-929b-98cdd7715428,0
True,40.049316,13.682817,0.072012,0.06068,0.0005587021509806315,18.508911601702373,680.525931995362,2.7515679471194745,1.4599546194076538,0.8715335547924042,391,/tmp/ShineRunner-667b98aa-90cb-48f5-a1a0-0c9cba1f5f9b,0
True,63.658946,20.183084,0.153976,0.151392,0.0008141557375590006,23.087388741970063,918.4084925800562,2.4025359727442264,1.1461431924253702,1.4242303441278636,381,/tmp/ShineRunner-183468ca-6495-4c5f-86bb-c7dbb3910bee,0
True,42.639667,13.737045,0.034563,0.029315,0.001450653870900472,27.28178116083145,975.8874070830643,4.4979855094105,1.1806864948011935,1.067123510595411,362,/tmp/ShineRunner-ae04af05-7dd4-4c62-b9ba-0cf73ebfbd4f,0
True,59.362203,18.203785,0.167222,0.160087,0.0004916588465372721,27.954081948598226,787.9108474589884,2.1169044345617296,1.119813606608659,1.1425733036361634,369,/tmp/ShineRunner-938320ee-bb33-4e1b-90cb-408c8a235dea,0
True,51.222653,15.140933,0.010685,0.011272,0.00043271382649739585,34.59286975065867,526.8269036896527,3.755238110944629,1.1329976189881563,1.2882801696658135,356,/tmp/ShineRunner-41830611-7654-4ed9-bc2c-343b83e0f17e,0
True,45.941819,14.841749,0.030444,0.027237,0.0005658626556396485,23.61611917813619,608.9970245957375,3.2095726981759074,1.3308964562602341,1.0939327009953559,380,/tmp/ShineRunner-17b1ec13-97eb-467a-a8c0-5f71a376c6ef,0
True,53.98929,18.385853,0.03363,0.032133,0.0006826440493265788,28.92408311367035,723.8682177849114,3.4752829007804396,1.4353041928261518,1.4630470012314618,368,/tmp/ShineRunner-7e630a40-e247-460d-adfc-879a5af9aa05,0
True,48.417009,16.369554,0.00892,0.007346,0.0014029343922932942,17.396597747008006,785.7875437475741,4.937566792592406,1.3553680777549744,1.4295927559025585,398,/tmp/ShineRunner-a29e8a0d-abbb-47d2-9d6f-ee6706496478,0
True,67.602351,22.835966,0.51,0.51,0.0008375088373819987,21.94926325082779,951.4658628031611,1.0281855262815953,1.2586588095873594,1.0188496748916804,389,/tmp/ShineRunner-c3b60c1d-6f14-4792-8f33-5ac12287d871,0
True,82.179806,25.451367,0.51,0.51,0.0003352999687194824,23.075575125217437,713.7665399350226,0.8251129917800426,1.073749739676714,1.2769162684679032,383,/tmp/ShineRunner-7b2d81a4-2d27-4eb5-b8d4-471c074b4b59,0
True,49.833069,15.204728,0.158391,0.155263,0.000592497984568278,18.066274746259054,892.4409486353397,2.3629627618938684,1.112022698391229,0.8966093514114619,397,/tmp/ShineRunner-779dff23-ff21-4212-90cf-5c16e179a905,0
True,68.143469,23.948177,0.51,0.51,0.00036105314890543617,21.687716456254325,817.3076878301799,1.295543757081032,1.4763612491078675,1.3497361934743821,393,/tmp/ShineRunner-3716a5b5-62e3-481c-a734-5caee8b6858b,0
True,55.496959,17.255336,0.052133,0.046893,0.0005186994870503744,27.38428004980087,949.4417561218143,3.8477784845978027,1.024933545384556,1.3550954916514457,378,/tmp/ShineRunner-8de86b9b-e845-4ff5-9fd8-f45183a57ab2,0
True,46.715283,15.045396,0.080544,0.073903,0.0004836837450663249,29.062204070885976,818.9512933604419,3.0132495220750575,1.240840096026659,1.0242525999434293,374,/tmp/ShineRunner-d01556f1-df46-4390-b80f-9706d0e69759,0
True,46.717605,16.132041,0.005767,0.006162,0.0005499561627705892,33.00677517652512,567.2973464243114,4.07032712250948,1.4866763618774712,1.329952561017126,364,/tmp/ShineRunner-1143adad-02b1-4093-ba83-ddcc2e50fba7,0
True,32.057383,10.754415,0.012833,0.009116,0.000805199146270752,28.166014862060546,774.4529475457966,4.760677549242973,1.3876534649170935,0.8912454245612026,382,/tmp/ShineRunner-e48676e8-6b18-4504-aee3-f87baac8a72d,0
True,71.86095,21.050233,0.234538,0.224325,0.0005133469899495442,26.62368838787079,607.3438823223114,1.4902529906481505,1.0659311152994633,1.4575119386427104,387,/tmp/ShineRunner-d197f08b-a416-41a3-9c6f-5f0fef44b06c,0
True,67.373862,23.207673,0.25827,0.234772,0.0014602224032084147,47.961194662253064,806.5129150636494,1.627125483378768,1.4580521821044385,1.49258108176291,337,/tmp/ShineRunner-5c0da0aa-d64c-4194-8e21-079329476433,0
True,58.490639,19.074648,0.51,0.51,0.0003892183303833008,29.652908257643382,868.4196858666837,1.257068794593215,1.250837890431285,0.8385076403617859,377,/tmp/ShineRunner-89c04904-d714-46cb-85d8-eabe241dbb88,0
True,41.937989,14.914874,0.011858,0.005173,0.00037631988525390627,20.307749370733898,738.1879659369588,4.849335767701268,1.4944962081499398,1.2370278049260377,400,/tmp/ShineRunner-a075afc9-ca83-4bef-b5f0-3c125fe91768,0
True,49.544793,16.843868,0.03419,0.032695,0.0009631594022115072,34.1330740292867,894.2086510360241,3.9438438393175606,1.3475490063428879,1.3041091354563834,370,/tmp/ShineRunner-14c7ae46-46a5-4365-a459-c8e153cc3c97,0
True,74.759109,23.355511,0.51,0.51,0.000339814027150472,20.480865959326426,796.9061126932502,0.7407558854669333,1.05974286980927,0.8462187426164747,401,/tmp/ShineRunner-29e03240-ecb1-4a33-b6f9-d203b89c3ae1,0
True,43.936027,15.258109,0.036052,0.029503,0.00048601229985555013,27.893758018811543,919.9376422911882,4.119173124805093,1.3798350193537772,1.1479792066849768,386,/tmp/ShineRunner-0018bee9-c300-405e-b844-d61161579501,0
True,51.171663,15.652671,0.06786,0.059443,0.0005551656087239583,16.435647749900816,568.9658666960895,2.4900538336485627,1.2217359356582165,1.0482229937799274,403,/tmp/ShineRunner-b582faf8-2d2c-4d03-8fdf-32a35257c2af,0
True,58.571447,18.617005,0.11692,0.106505,0.0012296795845031737,20.331311082839967,549.2957448586822,1.9353080466389656,1.3065518834628165,1.1586693588644266,395,/tmp/ShineRunner-8a400df9-c7c3-486f-9fc8-6d8883b9dc9e,0
True,49.862373,16.75515,0.107302,0.104424,0.0005408922831217448,17.18340468009313,858.9829877018929,2.633183774352074,1.3196065840311348,1.072696598712355,409,/tmp/ShineRunner-e8d0cec3-ee4e-4b5b-96fd-e8d96730a2b0,0
True,49.324427,15.432611,0.022865,0.025911,0.000753466288248698,17.974982583522795,963.7462445534766,4.665367148071527,1.0918788127601147,1.2557667836546897,410,/tmp/ShineRunner-1ac715ba-0db9-43cf-b413-ae65aac57697,0
True,47.694999,14.701542,0.160087,0.153547,0.000466458002726237,37.07694717248281,735.9044449403882,2.0290055625140666,1.2295255921781063,0.8132792787626386,367,/tmp/ShineRunner-b194f1f2-51f3-4017-be1a-4cff10a1fdda,0
True,56.203871,18.579778,0.078341,0.064546,0.0005985975265502929,24.373611780007682,880.3150779567659,3.1263558838516476,1.28563958639279,1.3850248745642602,402,/tmp/ShineRunner-25462a7f-c978-4158-9f56-20753f0985fd,0
True,52.468738,18.455383,0.135696,0.122499,0.0007354736328125,32.404153883457184,515.4642099514604,1.7685981880873443,1.4677435010671616,0.9865067700855434,379,/tmp/ShineRunner-279bc75b-3c00-455f-9fc1-6674b93c2db1,0
True,82.023713,26.667246,0.51,0.51,0.0005262454350789388,26.301181650161745,725.8713436312973,0.6573049504309892,1.1685393885709345,1.0883556491695345,399,/tmp/ShineRunner-583bfd63-4e5c-4cb6-ad8e-59ba0d69640d,0
True,37.571943,12.02054,0.061914,0.05482,0.0014298915863037109,31.8857147137324,985.920806415379,3.6719541825354103,1.2486294247210026,0.8331468584015966,394,/tmp/ShineRunner-c727d543-865c-4d2b-80f3-d5ea38ae6f64,0
True,49.950139,16.72338,0.028183,0.026859,0.00042961835861206056,31.573533976078032,580.2751537412405,3.239965326711536,1.4275135826319456,1.2713404031470419,396,/tmp/ShineRunner-acbc1bb2-7e41-49e0-b5f7-6161a252fe28,0
True,68.772464,24.439327,0.51,0.51,0.0004158496856689453,37.968805122375485,988.1682069972157,0.9891912553459405,1.4841814232058823,1.2131440285593271,373,/tmp/ShineRunner-f878bd7b-ca83-4aaa-b710-c9e79b5026d6,0
True,70.260487,23.366241,0.313564,0.303524,0.0012281934420267742,23.00588577191035,644.2211978137493,1.2027855925261974,1.3656752780079842,1.2828769134357572,407,/tmp/ShineRunner-e4aac594-4170-429a-959d-4c5644f3834d,0
True,39.233803,12.179299,0.0242,0.018646,0.0009769717852274576,26.32180990775426,828.3732663840055,4.382971903681756,1.1728653670288622,0.9741105932742358,406,/tmp/ShineRunner-c3a1c693-924c-4808-86fb-7d8ba2756702,0
True,46.801817,13.651833,0.01088,0.011662,0.0005382180213928222,28.672860483328503,537.9326329566538,3.7946356073021894,1.1085209329612553,1.1214253625832498,404,/tmp/ShineRunner-92897d26-510b-4d53-8968-a3b1e71522e1,0
True,49.219119,15.558652,0.019223,0.01439,0.0005315899848937988,17.88075447877248,694.9401688762009,4.080766784399748,1.239666712936014,1.2959838666953147,416,/tmp/ShineRunner-70b63339-e46e-4dec-bf38-31fd3bce064d,0
True,43.671408,12.626257,0.056248,0.057671,0.0009285807609558105,16.24751718044281,731.3655568286777,3.156164269894362,1.0838889530859888,0.8870093665085733,432,/tmp/ShineRunner-670cbdd0-c9c6-4672-befe-025a3ded8881,0
True,45.716775,15.663119,0.041043,0.036237,0.00044447978337605794,18.38205210765203,983.0079851672053,4.195970192924142,1.3292369367554784,1.1831392680294812,426,/tmp/ShineRunner-22165452-66be-4d84-895d-d201bf072a0b,0
True,31.838111,10.987784,0.019416,0.011858,0.0005160252253214519,19.68019138177236,847.8736053220928,4.47834758721292,1.435751325916499,0.8577221461571753,422,/tmp/ShineRunner-37b50785-3640-4aea-ba9a-57109df5d260,0
True,57.250846,18.941047,0.274942,0.255066,0.0005096197128295898,23.889326453208923,754.3403119780123,1.5205976992845536,1.2989319888874888,0.9595286409370601,417,/tmp/ShineRunner-0ddaf211-e6d6-4d8c-bca9-dc613988e9ad,0
True,59.432471,18.547823,0.059089,0.05321,0.0007119178771972656,22.78682036002477,922.8849150240421,3.612340418249369,1.0422695013694465,1.4979821292683482,418,/tmp/ShineRunner-da4c52f8-0c98-4cec-b2bd-d5c88fa7daee,0
True,40.951018,14.475009,0.040675,0.033816,0.0005391120910644531,21.711670418580372,765.4421264305711,3.390988736972213,1.448640115559101,1.0103890026919544,414,/tmp/ShineRunner-d6e6abf6-60a8-4e20-bd36-79f1fd8c8289,0
True,62.970204,20.055429,0.126332,0.118787,0.0006558815638224284,19.090839970111848,742.4556785263121,2.2644046299159526,1.253106541465968,1.4383639279752969,431,/tmp/ShineRunner-15ff89c4-08d3-45c9-b535-9b54a5c50fe1,0
True,63.955343,19.082246,0.131492,0.125109,0.0016172250111897786,24.953549818197885,699.4615150615573,2.2054913181811573,1.0118116498924792,1.3353161566890777,415,/tmp/ShineRunner-2e99bfd3-9ee3-42e8-81a0-7bf31caab31c,0
True,70.876846,22.284765,0.51,0.51,0.00043532450993855797,20.301088146368663,994.342798832804,1.2417272064834832,1.0077356835827231,1.1355799214914442,437,/tmp/ShineRunner-b8de9f48-0467-4cbc-9439-7582c632708e,0
True,53.991487,18.433585,0.120183,0.107143,0.00042452414830525714,22.037522506713866,795.9164911881089,2.4511111706495288,1.3931540055200458,1.196217139530927,433,/tmp/ShineRunner-05820cc9-29e9-4457-baf5-391eea0b7704,0
True,57.859125,17.680231,0.219482,0.224205,0.00030510425567626954,22.86073197921117,839.7248103283346,1.9054962512105704,1.070743394549936,0.9997164342552424,425,/tmp/ShineRunner-167eca77-98a1-4c58-a4c5-25a32f7b7a77,0
True,57.615246,17.101947,0.223482,0.231833,0.000843350092569987,22.30949693918228,544.3955818191171,1.3941008400171997,1.1468027564696968,0.8086569077335298,427,/tmp/ShineRunner-dad9cc45-c104-4a9a-873f-e54337a8db5a,0
True,53.836083,16.422513,0.024771,0.027237,0.000361939271291097,17.99675456285477,766.4664378389716,3.9323296636343006,1.0984634468331933,1.3603854164481164,446,/tmp/ShineRunner-180a2a6f-9ba1-47b1-ad60-c6392b863337,0
True,60.046302,18.149438,0.057671,0.043977,0.0013337413469950358,31.13479047616323,668.4210393577814,2.959037654846907,1.125209691002965,1.4468322987668216,408,/tmp/ShineRunner-49df009a-12c0-4bbb-8c2f-050e92ec0ce2,0
True,50.795117,16.643653,0.031383,0.028372,0.0006389220555623373,21.05010163386663,827.4442031979561,3.89319767318666,1.2800000454299152,1.3241175225935877,438,/tmp/ShineRunner-b852c0d7-1a4b-4699-b629-1917a6d18383,0
True,46.642498,14.928143,0.033443,0.027048,0.0004995544751485189,27.815658477942147,518.2423805817962,2.8752776335924866,1.3438343196175992,1.060410719923675,420,/tmp/ShineRunner-5c4837b2-64bd-4f57-8852-b0c09ef6ae5d,0
True,49.687113,16.720465,0.005371,0.003786,0.0004010915756225586,21.36198744773865,556.5007259137928,4.353164566680789,1.4380944683216512,1.4714289475232363,436,/tmp/ShineRunner-4648ae91-5c79-463c-a707-4ddbd2972722,0
True,55.631542,17.240258,0.190546,0.187916,0.0010013540585835775,22.5893980940183,637.33727671206,1.709751035645604,1.2126784035935998,0.9328899969346822,439,/tmp/ShineRunner-7b199c16-60d1-40c9-851a-d77ed33a5b1e,0
True,78.11424,25.085614,0.51,0.51,0.00037303765614827476,22.742698427041372,859.9457871168852,0.9743867930024863,1.2275284579955041,1.422705508582294,441,/tmp/ShineRunner-5d3d7d6b-aeb7-475f-b8f8-414c9353442f,0
True,38.95555,12.952497,0.031946,0.02629,0.000716090202331543,16.616742471853893,866.0882781259716,4.048967595770955,1.312111247330904,0.9763504069298506,454,/tmp/ShineRunner-3b828283-2ce9-4e00-9bfb-92eeff648fcf,0
True,60.260971,19.318048,0.130888,0.117855,0.0007601658503214519,27.868473931153616,954.3516235426068,2.72122428752482,1.1634752815589309,1.3688413947820663,421,/tmp/ShineRunner-d54a3647-deef-4026-aa2f-4c3895e29b21,0
True,42.700285,13.674661,0.056069,0.052133,0.0007236917813618978,18.124569964408874,593.7507208436728,2.6842588223516946,1.3570221648551524,0.9014021215029061,451,/tmp/ShineRunner-6cdc3e60-aef4-4e63-b93c-d3da8ac37f8b,0
True,47.47964,14.884615,0.057493,0.045073,0.0005832632382710774,26.564872972170512,808.2652245648205,3.347658243775368,1.1917661214247346,1.0796071888878942,430,/tmp/ShineRunner-220a1e38-81a5-4e51-b41e-5f8fa2908da5,0
True,49.322617,14.940686,0.028372,0.022674,0.0004946470260620117,21.017622284094493,599.8927499167621,3.4213373795151716,1.1825565239414573,1.1686344261281192,444,/tmp/ShineRunner-df0c1dcf-ef13-4ac2-9bab-37a20a693640,0
True,54.036945,19.010336,0.12679,0.114417,0.0005620082219441731,29.24817750453949,612.2095938771963,1.9798935011029246,1.4806851269677281,1.1075316965579987,419,/tmp/ShineRunner-e9547d8f-23b2-4e60-8cd2-4fed71a543b1,0
True,49.881691,15.688471,0.02988,0.025531,0.0009583751360575358,19.04706062078476,635.6520089320838,3.3147950645536186,1.2643411313183606,1.2029424387030303,456,/tmp/ShineRunner-ab5e42c0-4965-4584-a4a4-7efef3dc4b66,0
True,48.138502,14.939278,0.141189,0.138228,0.00040683348973592125,18.232774861653645,821.3193430565298,2.301038368418813,1.1971415858715773,0.8776782051660121,457,/tmp/ShineRunner-106a5f11-6b0b-4113-afea-20c5576a5527,0
True,64.725473,21.009921,0.319543,0.296468,0.0016054431597391763,34.32563990354538,932.2871076874435,1.5741865012794733,1.2053064187057316,1.1770624531432987,413,/tmp/ShineRunner-2d0f9a0b-c527-42de-91b8-048bfcfbdbea,0
True,53.988344,18.931718,0.212722,0.20306,0.00045707225799560545,20.854889245827994,706.2501879408956,1.6813425712287429,1.4098036433570087,0.9852970285341144,447,/tmp/ShineRunner-60654752-593c-474a-b2db-f19ab984d959,0
True,39.935438,14.630881,0.091405,0.07698,0.00116958220799764,21.013236033916474,943.2862964458764,3.058131584897638,1.4860179470852017,0.905785223376006,442,/tmp/ShineRunner-ce2dba8c-6716-4334-8da9-910a0cfaaee8,0
True,33.349732,9.998493,0.012833,0.010293,0.0003878037134806315,33.971294061342874,618.4342592023313,4.031424642726779,1.270797049626708,0.8186413541436196,412,/tmp/ShineRunner-5ed31554-2c37-4089-a6ce-8357da08f4a3,0
True,40.8713,12.730675,0.019992,0.0198,0.001523605982462565,27.57492573261261,900.8705127052963,4.750774750858545,1.1364955711178482,1.0350111026316882,434,/tmp/ShineRunner-b706c8f0-60db-4563-9a65-2211eb2e0334,0
True,56.394768,17.914551,0.105546,0.101366,0.0012803196907043457,19.053008302052817,910.0937284529209,2.908463688194752,1.1668977290391922,1.2652004688046872,450,/tmp/ShineRunner-bc072365-727f-405c-8a2a-115ddcedd8d3,0
True,44.529157,13.368564,0.00892,0.009705,0.0005820989608764648,17.856427582105002,593.5977697372437,4.22810117378831,1.1521696341224015,1.1308977238833904,460,/tmp/ShineRunner-413bc111-d1c8-455d-aee3-587fdb7995fa,0
True,52.267435,15.982909,0.014001,0.013028,0.000348059336344401,23.249061326185863,708.470453042537,4.510728207230568,1.1140317898243666,1.4125118624418973,448,/tmp/ShineRunner-ea2a29d4-1c5a-4a16-aa10-afa0c1e4a3a8,0
True,40.061594,12.946894,0.007543,0.006162,0.0005050897598266602,27.529119622707366,675.2702705562115,4.635017456486821,1.2964370651170611,1.0968460693955422,440,/tmp/ShineRunner-9d5f35b2-301a-4d4c-a150-7bf11723488f,0
True,47.958791,17.3427,0.016329,0.015554,0.00044564008712768557,19.629966473579408,996.5764163061976,4.866034192964435,1.453662692103535,1.394693460315466,458,/tmp/ShineRunner-88dd1ec4-37eb-48d9-b815-8aad7d00e8f5,0
True,65.879934,23.010406,0.263623,0.242768,0.00042885541915893555,40.04719152847926,973.8479224033654,1.8174400188028814,1.4143680091947317,1.4855607946403324,405,/tmp/ShineRunner-d8e1a848-f4e6-487a-a142-4db7c819b7ee,0
True,62.154112,20.77799,0.190808,0.171362,0.00044797261555989585,18.479293155670167,729.1314476169646,1.8693553000688552,1.3774483688175678,1.3143083796836437,463,/tmp/ShineRunner-19e854e1-96bc-4406-a8d6-60bf8d600908,0
True,52.642698,16.653133,0.51,0.51,0.0010109186172485352,38.39249903361003,524.474733043462,0.9359854355454444,1.3998010181821883,0.9137634320184589,411,/tmp/ShineRunner-138946b3-8dea-4da4-ad74-05f1ef2f836b,0
True,35.724172,10.243829,0.028372,0.026859,0.0007833361625671387,17.243738190333048,883.40352056548,4.320226110517979,1.0101735815405846,0.8015391022898257,466,/tmp/ShineRunner-7d508c69-7c6f-4bb3-a866-83a6d36385e5,0
True,44.997675,15.357714,0.188575,0.178037,0.0004660685857137044,27.81538619995117,911.7656475864351,2.1670910097658633,1.3725588633678854,0.8270493709482253,445,/tmp/ShineRunner-9f4159dc-80b9-4c25-98d5-4cf35d0cfca8,0
True,42.581073,12.481585,0.031571,0.03568,0.00045410394668579104,19.680419532457986,790.3395150788128,3.7422184579074385,1.0683053978718817,0.9398369300179183,462,/tmp/ShineRunner-7190d28a-423f-47e5-98d9-4aa44f14bd81,0
True,61.550123,20.636228,0.51,0.51,0.0005232016245524089,31.38104564746221,889.4675690680742,0.6871156968176365,1.4658732204698026,1.2466115868650376,429,/tmp/ShineRunner-13db07be-c841-40a3-9206-980cc1a7c33a,0
True,50.097177,16.637392,0.019992,0.014972,0.00048259099324544273,34.26905308961868,648.4966012649238,3.710893436148763,1.389652225188911,1.3420784207060934,424,/tmp/ShineRunner-d496d690-731b-45af-a7c3-e9602b539aa2,0
True,55.230582,16.26968,0.100396,0.097961,0.0004726250966389974,17.98407427072525,654.560187831521,2.415280776843429,1.0863335304893553,1.0788633532822132,471,/tmp/ShineRunner-b9b2b033-ee55-4e04-b666-0eda4701cc46,0
True,35.025929,9.689725,0.003388,0.004182,0.0004339694976806641,36.08046688636144,575.4365026950836,4.898628588020801,1.0258706277236342,0.9213581805117429,428,/tmp/ShineRunner-a0aa5164-059c-449e-a8b9-adef166e807c,0
True,80.30012,26.134754,0.51,0.51,0.0003908554712931315,34.638549121220905,587.4724476598203,0.8484438195824623,1.3249109433963895,1.3982140826061369,435,/tmp/ShineRunner-3102c347-f589-4299-a0a7-6996eb242c4b,0
True,81.38942,25.515496,0.51,0.51,0.00043882131576538085,20.740930434068044,562.0772102847695,0.7245553288608789,1.0234259516000748,1.0359258523210884,459,/tmp/ShineRunner-1b40458b-420a-4ebd-b273-3e41bd794352,0
True,58.536499,17.198769,0.042879,0.037906,0.00042099555333455403,21.151484008630117,613.9427865855396,3.0262901641428472,1.0579818454571068,1.3788641685619951,476,/tmp/ShineRunner-8200025e-214a-4401-807a-a1e863776774,0
True,74.294697,22.759676,0.51,0.51,0.0003230730692545573,40.226515769958496,663.9073840342462,1.1272849638015032,1.1184294605627656,1.2215313206426799,423,/tmp/ShineRunner-a4fd5506-043a-4996-94bb-4572648bd72d,0
True,68.326635,21.14478,0.276516,0.269753,0.0005476752916971843,20.593338457743325,846.1399506777525,1.6444529075175525,1.1028546001762152,1.2999744518660008,473,/tmp/ShineRunner-fb19f6c2-3ae8-4aba-b2ec-2fefa1623b5d,0
True,41.600802,12.990141,0.032695,0.031571,0.000582730770111084,24.86774189074834,748.0934513732791,3.8605274766683584,1.2073114421218634,1.004227707348764,464,/tmp/ShineRunner-365c8a6d-2538-4f42-9ed8-a3443043fa0f,0
True,55.751836,19.082427,0.065595,0.053568,0.0008655349413553874,22.019216120243073,841.4713516831398,3.188219465687871,1.4053644500672817,1.4420554226264357,470,/tmp/ShineRunner-aceedab9-1f60-47a9-9a73-f10d4e80f032,0
True,73.963004,23.70604,0.51,0.51,0.00026320219039916993,23.583804392814635,977.3707040585577,0.8123451005667448,1.1311200228519738,0.9308602246455848,469,/tmp/ShineRunner-3e50e7b4-ee2f-49f3-a980-f19218f83338,0
True,57.296417,16.081567,0.054642,0.055891,0.00042581955591837565,36.460906346639,505.87266543880105,2.5260287534445527,1.0535840201191604,1.263765036407858,443,/tmp/ShineRunner-d005ed79-48d7-47cb-a7ca-e5f12b089063,0
True,66.226222,23.148277,0.255952,0.240122,0.0008233189582824707,22.626431488990782,573.6894994042814,1.2784031607210635,1.4502982408739626,1.1927774968557059,467,/tmp/ShineRunner-4c15604b-bf3a-4466-9ddb-adc57f5efc59,0
True,63.113458,18.386165,0.089087,0.082064,0.0003490606943766276,23.854235688845318,520.4023406840861,2.1299324963241815,1.1791427955031395,1.491726803407073,475,/tmp/ShineRunner-23ebbbaf-f285-452c-9814-a2ed3fa78d80,0
True,62.094573,19.258357,0.229228,0.219604,0.0004032333691914876,35.27995580832164,941.0655396059155,2.0162481617182495,1.037878502625972,1.1648147550411523,453,/tmp/ShineRunner-04048501-6336-48aa-ab05-cfd004ca8f0d,0
True,32.248844,10.499604,0.008527,0.00892,0.0005604743957519532,35.63250563542048,500.27852412313223,3.580809489265085,1.4704345110803843,0.8283486186526716,452,/tmp/ShineRunner-1603602a-228f-43bb-b946-ef06e69d2bde,0
True,43.328266,13.939691,0.002593,0.001797,0.0004407048225402832,25.733436663945515,542.2227610833943,4.782024512067437,1.313676254823804,1.2400572122074665,468,/tmp/ShineRunner-3e890f26-8c29-4fa9-b10d-7470b6dc4be1,0
True,68.563609,21.615529,0.23524,0.225886,0.0007243593533833822,35.655766022205356,676.9426516257226,1.5561469908803702,1.243080581072718,1.3668116251006723,455,/tmp/ShineRunner-b141023a-bbb7-4dc6-bd7b-6d9bd69ceee4,0
True,45.388293,14.427127,0.011076,0.015166,0.0006580750147501627,21.80781859954198,752.1808436140418,4.603444819897414,1.224106150213629,1.2199249637313188,478,/tmp/ShineRunner-0df919b1-4328-4831-a621-8e54ac657d4a,0
True,48.573326,15.26433,0.090744,0.09157,0.0005065480868021647,19.871752858161926,972.1149699762464,3.276393182575703,1.1242341022007167,1.0446970569901168,490,/tmp/ShineRunner-075b1d50-d419-43eb-a411-cf93016f8b88,0
True,44.763204,15.750197,0.040675,0.035494,0.0012449185053507487,18.979116419951122,898.0348533950746,3.8301822435110813,1.4119309643283486,1.1515568679198622,498,/tmp/ShineRunner-24e47612-0cd8-42c0-aa67-5f125875b59a,0
True,75.092042,23.521733,0.51,0.51,0.0007316867510477701,24.512087643146515,624.0717768669128,1.0602433118969201,1.1896247486583889,1.2513890067115425,483,/tmp/ShineRunner-04c6353f-ab1f-4d8a-a30d-e3a3e5436983,0
True,46.378178,16.097951,0.064721,0.061033,0.0017138640085856119,28.019318274656932,960.0065615959466,3.453675783798099,1.3593797595240176,1.1166492426767944,474,/tmp/ShineRunner-de02c57a-66cf-4fed-a65d-b8baa2db4e08,0
True,35.95491,12.061239,0.004381,0.002792,0.0024291634559631347,17.29424508412679,605.1100282929838,4.702002427354455,1.3954023919068277,1.0288670820184052,508,/tmp/ShineRunner-732fd71d-2fb9-445e-adff-a241424c8bd0,0
True,47.879843,16.043249,0.011858,0.009705,0.0004786968231201172,22.07443517446518,719.7290929034352,4.419323974475264,1.3710431149229407,1.354242152068764,496,/tmp/ShineRunner-ed14039d-d1e2-44a8-b795-acc5fa8f1e83,0
True,52.326056,18.314334,0.51,0.51,0.0004880507787068685,26.224524807929992,965.4930112883449,1.4575844004750254,1.3842252171598375,0.8148163268342614,485,/tmp/ShineRunner-46c3eef5-4303-46b4-9b2e-c68016346e6d,0
True,47.394378,13.729576,0.006162,0.005964,0.0006196935971577962,24.303261844317117,530.5390218272805,4.1566560544073585,1.0761809227988124,1.178367067500949,484,/tmp/ShineRunner-a6df13de-de98-4c44-8ac9-e0d5f76b1c7c,0
True,66.095496,23.462274,0.51,0.51,0.0009633382161458333,43.14980727036794,772.060087416321,1.0900511734187603,1.4254940305836499,1.1040920564904808,449,/tmp/ShineRunner-6caf916a-27bb-44f2-9ca5-4c275cf54884,0
True,57.740361,19.476782,0.157966,0.143836,0.0004516482353210449,21.68835989634196,992.0625952072442,2.522432912886143,1.2910140953026712,1.2808478035032749,501,/tmp/ShineRunner-0189454a-18a5-4c8c-8f12-bd64f9367019,0
True,36.174889,11.687004,0.030256,0.020184,0.0004826227823893229,27.659572231769562,934.459688141942,4.549671394750476,1.2552374536171556,0.9151935499161482,482,/tmp/ShineRunner-85b4acdd-135d-4d6a-9513-fd80bc8ff8a2,0
True,54.469422,17.273335,0.012833,0.011076,0.0007151484489440918,22.478317260742188,563.3106883615255,3.6350629124790435,1.3011839664541185,1.4808839636854827,492,/tmp/ShineRunner-f6401ae6-22e7-4031-ba44-baa5e596f5bb,0
True,32.450953,9.422888,0.006359,0.005569,0.0007095615069071452,24.92649918794632,646.3804296217859,4.9731886893510815,1.1573056518100202,0.8529493562877178,488,/tmp/ShineRunner-25ff1aa7-e021-4435-b365-34a7c8dbc08c,0
True,58.557035,19.135982,0.057671,0.06068,0.0003597935040791829,24.48213799794515,531.8516409024596,2.331387535482645,1.4299591118469834,1.385944949183613,491,/tmp/ShineRunner-ebaa482d-e5ab-46bb-8089-0975e823a577,0
True,45.99738,16.186838,0.070805,0.052312,0.0010353565216064454,28.31876324415207,697.715210262686,2.800776278600097,1.464353404007852,1.0625082670710981,480,/tmp/ShineRunner-aadedfe4-e3c2-4e05-98fe-034a042a2942,0
True,56.894796,17.28917,0.084249,0.087591,0.001788624127705892,18.81971623500188,717.6227821037173,2.6005909856408835,1.1383965807035565,1.2119467850774526,511,/tmp/ShineRunner-498aafb2-d33d-47e4-abdf-2ec5298c2063,0
True,55.60642,16.489589,0.040307,0.034563,0.000652472178141276,23.1127344528834,686.1026678234339,3.355119225382805,1.0015619858168066,1.3083824986591934,504,/tmp/ShineRunner-f5ed93ee-1bca-45fe-b2e3-6baa5cf89a54,0
True,65.454553,21.206767,0.235941,0.220698,0.0004322727521260579,37.33001187245051,810.4385370388627,1.7472323589026928,1.268773936200887,1.3400875605642795,465,/tmp/ShineRunner-10a9cc7b-f2b5-489d-8d30-4c91bdf55439,0
True,31.987658,10.536661,0.014972,0.01088,0.0006426016489664714,19.509156274795533,715.5147371813655,4.183219078183174,1.403206383343786,0.8374196792021394,512,/tmp/ShineRunner-d33a7efc-d176-4655-9be5-d8d9cbca6d9e,0
True,81.577105,25.570304,0.51,0.51,0.00036242008209228513,20.67746375401815,914.3613982014358,0.9031237971037627,1.0816205693408847,1.4030136092565955,509,/tmp/ShineRunner-1ca673ff-4e13-49cd-9d13-2b9fb83509d5,0
True,71.169557,23.729901,0.51,0.51,0.00035668214162190754,40.522582864761354,902.5562424212694,1.3582287386059761,1.3404629472643137,1.4732489248737692,461,/tmp/ShineRunner-1baa0e27-54ca-4e1b-8a23-eef08ad04467,0
True,47.568557,17.803055,0.130435,0.119408,0.000453190008799235,34.52728398640951,928.9656705223024,2.561653305590153,1.496275382116437,1.052993818745017,477,/tmp/ShineRunner-ffaaf23d-096c-45ad-9ea6-29845db4c1d1,0
True,47.242323,16.951843,0.15683,0.155691,0.00036521752675374347,24.798387813568116,872.5514188408852,2.2376248888671397,1.4442500760778785,0.9499721851199866,505,/tmp/ShineRunner-11002589-5cb6-49c0-9e23-3e699ac1710e,0
True,55.214109,18.074896,0.038831,0.038646,0.0013994574546813965,23.71628120740255,945.3407772816718,3.995286346971989,1.2184866364113986,1.466634799260646,506,/tmp/ShineRunner-077f5d87-5756-4df7-b11e-db598629c475,0
True,43.325549,12.982489,0.015554,0.014001,0.0006404399871826171,24.361153062184652,815.0871824473143,4.812368696182967,1.0475313859060407,1.0920525104738772,502,/tmp/ShineRunner-dd0c63ec-ae1a-4305-8bd1-8c828b184de4,0
True,47.25638,14.583837,0.023628,0.023628,0.00041052103042602537,18.393121512730918,628.1699873507023,3.5907123204320675,1.2251355154439807,1.1471249909140169,520,/tmp/ShineRunner-261a2179-5440-444c-bc69-4aec9d1d5a91,0
True,53.955605,15.567536,0.160087,0.157256,0.0015331029891967774,27.83369767665863,582.4961508624256,1.785638174787164,1.096318035852164,0.8427797622978688,499,/tmp/ShineRunner-4255b413-e8ff-4a6a-af56-9ff5a428038e,0
True,41.226726,12.270628,0.030068,0.027805,0.0004622737566630046,28.060843348503113,550.9679005481303,3.0891205526888372,1.2329695774242282,0.8900496101006866,500,/tmp/ShineRunner-89f95f98-58c6-4420-b62c-12705ab98853,0
True,55.763248,15.789717,0.015748,0.020376,0.0003581682840983073,20.775778885682424,509.3979989178479,3.326309207454324,1.0093957199715078,1.4342080307193101,516,/tmp/ShineRunner-c79fd13e-6f17-4920-8b19-d3c2980f79d0,0
True,36.351023,12.331097,0.015942,0.012833,0.000574501355489095,39.64726314147313,657.8261665999889,3.9654740270227196,1.4200543989427388,0.9584002655930818,472,/tmp/ShineRunner-d40d7e00-f14d-46bf-be43-5845f5df6dff,0
True,67.624248,22.020556,0.51,0.51,0.0015990773836771647,29.062469927469888,626.2573413550854,0.7739403337240219,1.4920505839399993,1.4288435640744865,503,/tmp/ShineRunner-f857ac74-b48a-417b-93f4-d906bb0491ff,0
True,68.321574,20.923181,0.316473,0.306711,0.00037953853607177737,25.66571710507075,780.5186668410897,1.4154645793139935,1.0894247395917773,1.1571322377771138,513,/tmp/ShineRunner-ee19a169-8d14-45fa-858c-dc04d5f5f401,0
True,46.047313,16.305636,0.020376,0.018453,0.0010138114293416342,31.427879106998443,802.9875666834414,4.266502006724477,1.478798198979348,1.2898184798657895,494,/tmp/ShineRunner-64b44d2e-a884-4843-b557-d389f32a3bdc,0
True,65.714666,21.129479,0.51,0.51,0.0003554622332255046,31.383798031012216,784.114926122129,1.1712520737200975,1.1840923293493688,0.9900958093814552,497,/tmp/ShineRunner-a8100d3d-b572-4f7e-9854-a48f5ee52d1c,0
True,46.266242,14.638355,0.120028,0.105225,0.0014183759689331056,15.425914831956227,800.9843216277659,2.5473861984908583,1.2452388433739543,0.9098316362127662,529,/tmp/ShineRunner-7a650cfb-b4c3-4eec-beef-a7a5a06f33d0,0
True,50.982076,15.230577,0.08809,0.081895,0.0005576888720194499,17.06508498986562,722.136695869267,2.6996003776788715,1.1041538561694324,1.0234636875800789,527,/tmp/ShineRunner-c2210072-c315-49be-9774-119abd75dd1a,0
True,46.711386,15.078751,0.01536,0.017296,0.0009439349174499512,19.81549135843913,874.0595877170563,4.919979747012258,1.2106801713816822,1.2752702170982957,518,/tmp/ShineRunner-ba5151de-43a4-436c-b953-ec8f39820cc8,0
True,56.260169,19.209875,0.073731,0.060327,0.0004685084025065104,19.570293589433035,781.8312859162688,2.888288902491331,1.4197664866223931,1.408544170949608,526,/tmp/ShineRunner-17e39499-808a-4faf-9256-706ee58eafe4,0
True,52.2888,17.26918,0.143542,0.136293,0.0006493806838989257,34.703064517180124,666.2479671649635,2.0460549741983414,1.3352731349878013,1.0168205675669015,487,/tmp/ShineRunner-fba10692-695f-4626-967f-c76113c02e6c,0
True,54.627413,17.066732,0.055356,0.045802,0.0006154457728068034,34.70467311938604,853.3449782989919,3.5418673507869247,1.140754190273583,1.3263641684316099,486,/tmp/ShineRunner-859d95d5-172a-4e9a-98bd-613c2675c50e,0
True,64.606997,19.628719,0.331551,0.319635,0.0005195975303649902,33.70483314593633,739.9213803000748,1.3278806205838918,1.0441669495776296,0.9643068065866829,495,/tmp/ShineRunner-77760736-6e24-4f63-ad30-8ce26bb65a53,0
True,49.187432,17.55631,0.014972,0.013612,0.00043181578318277997,17.782000565528868,876.2676231563091,4.647789527475834,1.4709946545772254,1.4487125414423645,530,/tmp/ShineRunner-458f6172-9c5d-4f9e-9839-fe010e9ebb9a,0
True,63.136107,20.188091,0.51,0.51,0.0005096952120463053,20.94622811079025,896.366452332586,1.148898358643055,1.17628783127293,0.8754646308720112,525,/tmp/ShineRunner-c9c9ea22-fced-49b1-b78a-3c04723bf6e7,0
True,58.328858,19.006367,0.215809,0.207984,0.0006522814432779948,35.657657372951505,878.1553544104099,1.9684508036822082,1.2374023674055934,1.1232399837113918,493,/tmp/ShineRunner-b09c7fd6-17ce-4d5b-bfda-b96c9a33e92e,0
True,65.413424,21.231927,0.184738,0.177226,0.0006261348724365234,22.669900381565093,813.298499211669,1.9929173666983844,1.2831798545084894,1.4611018541269005,521,/tmp/ShineRunner-6beca3ae-70a4-4cba-b6aa-2311bac55d3c,0
True,62.610683,19.725908,0.165693,0.154977,0.0005676587422688802,29.160713291168214,511.6301407106221,1.6055141784250737,1.2742118695750833,1.141718555893749,507,/tmp/ShineRunner-7bac2b52-45b8-419f-a897-f50679d259e4,0
True,64.677971,20.700338,0.51,0.51,0.00035725831985473634,36.44690526723862,834.0279529802501,0.6254608742892742,1.3499934887513518,1.2276913186535239,489,/tmp/ShineRunner-5dd91ed3-beb3-4992-aaab-485d345c28d2,0
True,64.001416,21.139946,0.51,0.51,0.0004658818244934082,41.09893716176351,689.2857225611806,1.0108172386884688,1.2832493744790554,0.8619343652389944,479,/tmp/ShineRunner-b6076f8a-f0bd-444b-94e0-f207c91defdb,0
True,75.295264,25.573805,0.51,0.51,0.0003781755765279134,25.100832772254943,684.4743210822344,0.6743687864392995,1.2664051065221429,0.8954125668853522,519,/tmp/ShineRunner-f0090ccc-f022-4bd1-b17f-efc0a1b153e1,0
True,51.154225,15.346503,0.006162,0.007937,0.0005844473838806152,18.75555810928345,664.3506991676986,4.729152947291732,1.0683751134201884,1.3804101734422147,536,/tmp/ShineRunner-f0ba4682-8720-4002-b823-df6e2d190f8b,0
True,51.582103,18.773327,0.175734,0.16051,0.0005422115325927734,30.029348985354105,947.693067137152,2.277170414850116,1.4520836314186454,1.0864760949276389,517,/tmp/ShineRunner-1bb6bfa8-c980-454a-82c6-b229f71cf6b7,0
True,65.659197,19.575102,0.141631,0.141189,0.00029739936192830406,33.61378611326218,603.3575846813619,1.8841597951948645,1.1305605517700315,1.3488805695436894,515,/tmp/ShineRunner-e17aeddd-b28e-437f-b883-925293e7246b,0
True,40.485209,13.068187,0.070459,0.06068,0.0005995670954386394,35.774987332026164,778.5307997837663,2.996478893235326,1.3230280834250152,0.8699325645342469,510,/tmp/ShineRunner-d9ca852f-c5e7-4fdf-bad1-a205d9355059,0
True,41.498818,12.284824,0.011272,0.01088,0.00048759778340657555,24.069822343190513,534.0989222750068,3.9109911177307373,1.1651106565259397,1.0112426447682084,532,/tmp/ShineRunner-92d27e11-185d-4582-8ea8-20b382ba1c54,0
True,41.134964,13.918132,0.047075,0.045802,0.0014636516571044922,31.69819299777349,916.2339898757637,3.7236550167202953,1.3151917564682662,0.9956700188107789,514,/tmp/ShineRunner-e2198080-9d99-4fba-8936-17568468fcd6,0
True,50.918136,16.665607,0.031008,0.026669,0.0005377451578776042,17.412057423591612,926.9624105654657,4.282313008233905,1.2319122874177992,1.3456676060333848,546,/tmp/ShineRunner-7c8f4773-437f-4fff-8c49-6e8c20dd4335,0
True,36.542578,12.585475,0.014778,0.01439,0.0005257050196329753,20.631696569919587,622.5425079464912,3.8801654316484933,1.4565164214000106,0.9698370318859816,540,/tmp/ShineRunner-87c9ebc5-0c8f-4497-8a9b-72b123fb9e79,0
True,50.586023,14.91336,0.030632,0.02629,0.0005426406860351562,19.091409583886463,691.0532908514142,3.693305325135589,1.0501476642675698,1.1874112439341844,544,/tmp/ShineRunner-0265b1e9-20a7-432e-bbff-3975d7b4eb4a,0
True,55.236334,18.735142,0.112846,0.112058,0.0004917065302530925,26.148618586858113,648.0241543613374,2.1543378051370383,1.4221240961924195,1.172790320776403,535,/tmp/ShineRunner-ba675948-87ad-48de-b26f-5e977f032049,0
True,71.328613,21.119563,0.51,0.51,0.000453190008799235,21.52326601743698,958.4829998202622,0.6359684780240059,1.0950499828904867,1.4364838417619468,549,/tmp/ShineRunner-eabb481f-acb7-4946-b417-3b769d64c64b,0
True,54.707307,17.99008,0.112846,0.102656,0.0007495085398356119,17.912171717484792,885.6717678718269,2.7385419916361573,1.2766076107509434,1.2254615309648216,557,/tmp/ShineRunner-801ae10a-42bd-4405-b1df-a516e932271c,0
True,64.705817,22.166006,0.292486,0.283668,0.0004941026369730631,28.859850923220318,969.7475405409932,1.6941020619124174,1.3577987914904952,1.331726794037968,533,/tmp/ShineRunner-c16e4f81-6109-469c-b137-38d59ff51b04,0
True,41.993372,12.779927,0.046893,0.04961,0.0005381464958190918,31.88502529859543,989.8992371745408,4.1023759912699465,1.0553376423195004,0.9444377457723022,522,/tmp/ShineRunner-3c3f1706-dfda-4181-be71-6ce54f5b21b1,0
True,61.870929,20.401332,0.282537,0.269647,0.00041315158208211266,21.760443528493244,616.0661946050823,1.3083095584064721,1.2910552136600018,0.9988629486411811,547,/tmp/ShineRunner-d4ba029c-4570-4292-938d-f4a191539c18,0
True,42.924326,13.423385,0.058558,0.057137,0.0006313522656758627,23.522654767831167,528.5147959366441,2.438074741140008,1.343107822816819,0.8474160799756647,539,/tmp/ShineRunner-1453b04d-4e54-4bd7-9781-02225e94cc27,0
True,36.565452,12.298271,0.00319,0.001996,0.00046290159225463866,21.494727206230163,522.0460505224764,4.9503283895552155,1.412249602843076,1.0842203045263887,548,/tmp/ShineRunner-9c46c1db-5ace-43b5-b35d-e87682ea3f62,0
True,52.744011,17.121733,0.056604,0.04961,0.0009296178817749023,31.577208443482718,742.0448032207787,3.0453909605741503,1.3090207404457033,1.2569628797471524,528,/tmp/ShineRunner-6157707f-1caa-43e9-80c5-20c1319481e7,0
True,69.462928,24.379046,0.51,0.51,0.0004375139872233073,23.609958453973135,855.1182835362852,0.8614571947604418,1.3764197058044374,1.050101995188743,537,/tmp/ShineRunner-2c7269d6-1858-4736-918c-aaf48bbb5b96,0
True,58.475164,17.965563,0.102334,0.096168,0.0003389318784077962,22.2223383585612,660.0734330713749,2.3843264847993852,1.1869784966111183,1.2454156680963933,551,/tmp/ShineRunner-ee02059c-fcbd-4885-8dc2-e9d64eddfe5e,0
True,54.517839,17.366939,0.087091,0.084584,0.00047963460286458334,27.125692828496298,967.6412297412753,3.1777797710150484,1.1485886992886662,1.233097417280078,538,/tmp/ShineRunner-68d3e0a4-8bed-4108-a983-6e6d6a810900,0
True,43.127807,14.156745,0.005767,0.005173,0.0007745623588562012,34.952162897586824,584.0405593626201,4.465309051424265,1.3632384380325675,1.2065445667132735,524,/tmp/ShineRunner-6034a8ff-5d39-4ff7-8f50-0f23559d2461,0
True,75.739152,23.612149,0.333156,0.327415,0.0005211909612019857,26.001124195257823,695.3229852952063,1.2200928062200547,1.1974277864210308,1.4864156988449395,543,/tmp/ShineRunner-ef4e1fca-fae3-425b-b189-a3a91247761b,0
True,42.411834,14.999837,0.041043,0.038277,0.0004655122756958008,17.393196443716686,678.9820319972932,3.1393734306097034,1.4782711658626795,1.0303972464054822,568,/tmp/ShineRunner-3987ef3f-a66b-49de-ba23-ad8f716c5dc5,0
True,75.689569,23.113328,0.51,0.51,0.0011121352513631185,29.49599245786667,565.0782715529203,0.9530440427362918,1.0363632263615727,1.0680833057500423,531,/tmp/ShineRunner-d8150cdb-e759-430a-a56f-510253383ff5,0
True,42.668107,13.712282,0.017875,0.014584,0.0009496013323465983,26.924635807673138,761.6465617902577,4.366182129830122,1.2630406701937318,1.1178374289534987,542,/tmp/ShineRunner-fe58c3ba-a8bc-4a2c-a4ef-b9f2bbe1e35c,0
True,33.49598,11.006411,0.020184,0.019031,0.0011781970659891763,17.36176993846893,939.2768712714314,4.836303509771824,1.304307583719492,0.8830784677527845,570,/tmp/ShineRunner-50e26c62-042f-4e89-a8a6-6fc29108b42d,0
True,72.830684,24.80636,0.51,0.51,0.00042656660079956057,21.950554859638213,746.5641675516963,1.0412093754857779,1.4424915970303118,1.3734559394419192,559,/tmp/ShineRunner-ac6b2371-6b49-4649-99c7-0e9d287337ca,0
True,52.848593,16.194483,0.108893,0.101366,0.0004480282465616862,20.94294553200404,904.5441243797541,2.9376990925520663,1.0761400260962546,1.0987254671752453,562,/tmp/ShineRunner-8acda228-ace0-42f1-b983-48d32a204374,0
True,65.367798,20.566573,0.316286,0.310725,0.0005055586496988932,23.737072332700095,843.6195552349091,1.4686290971934794,1.138924312312156,1.1111194737255574,553,/tmp/ShineRunner-1ab85c8c-bebb-4f37-b596-a35bb4519b0d,0
True,65.190933,22.802776,0.180193,0.174509,0.00044962565104166664,36.844015113512675,553.0072660185397,1.5075717601925134,1.4998565423302352,1.3137877680361272,523,/tmp/ShineRunner-8297393d-cde0-4378-8fcd-a86826db419d,0
True,56.552139,17.45505,0.044708,0.03698,0.0004063089688618978,17.247517502307893,704.362322576344,3.2633630473166706,1.1747680893167853,1.3928145214915275,576,/tmp/ShineRunner-6e7eb9b8-d270-45bc-9de3-8a562978f835,0
True,63.613679,19.55393,0.13808,0.143542,0.0003218293190002441,18.734026924769083,863.9249349944293,2.468419449776411,1.0457148593850434,1.4000948885455728,569,/tmp/ShineRunner-935f51ef-f38d-4c97-91b7-ae8120160b4c,0
True,52.890108,17.283864,0.216055,0.200895,0.0005581498146057129,19.950191263357798,998.08460008353,2.1841485515236854,1.1893044244498014,0.9817085316404701,565,/tmp/ShineRunner-5a9ee4d8-a995-468d-95ea-a2326e7f796c,0
True,54.568475,15.705602,0.102495,0.098287,0.0006124218304951986,26.80393120845159,540.3254781849682,2.1006053008139136,1.0784976207651198,0.9638020250014961,555,/tmp/ShineRunner-5002bca6-b891-413f-8d87-ab40962f6d10,0
True,46.08427,14.361185,0.014778,0.014778,0.0005048314730326334,18.198080639044445,913.8889363966882,4.98620835877955,1.106284693814814,1.2017450387589634,578,/tmp/ShineRunner-2fec7192-200d-41cd-92aa-2f6c40e60237,0
True,58.920864,21.60142,0.51,0.51,0.00036460161209106445,19.618188043435413,907.810103148222,1.1897491466253998,1.4332992141135037,0.9344283697195351,573,/tmp/ShineRunner-cbb884ad-8a78-4e8c-a753-6931f888bc72,0
True,56.215284,16.257666,0.223964,0.214454,0.0004083434740702311,20.33024885257085,633.4198820404708,1.5955439299345016,1.0312291085720062,0.822776706609875,567,/tmp/ShineRunner-5ad7c39a-4ae0-48a7-acce-8ceb78a9c026,0
True,51.26698,17.983785,0.070459,0.06209,0.0004985451698303223,28.517704284191133,979.1439943946898,3.4921513035893446,1.3975282423198223,1.294446182344109,554,/tmp/ShineRunner-6814b681-f7c9-4b07-a977-9b5092cf1ee9,0
True,41.978522,12.379497,0.050152,0.039201,0.0007511059443155925,27.054467674096426,571.2972595356405,2.8584815654903655,1.2151452954858541,0.8565249652601779,556,/tmp/ShineRunner-94f362dc-2c5b-4ca9-87d3-b68e84db4b7f,0
True,43.75669,15.959736,0.041778,0.040123,0.0010144710540771484,18.94450474580129,862.1931727975607,3.6566805034875873,1.493808020837605,1.1300427988171577,582,/tmp/ShineRunner-5674a93a-ac43-4747-92fd-be681a9af4c3,0
True,44.484147,15.864262,0.18527,0.156261,0.00043238401412963866,32.31642440954844,750.2930974587798,1.9225611526519062,1.4884410221129656,0.8071179821155966,545,/tmp/ShineRunner-1f6fe0d9-d60c-472a-84ae-870230242655,0
True,57.907265,18.944399,0.054284,0.048344,0.0007917046546936035,25.567634503046673,591.489739716053,2.645943281427026,1.385283175855875,1.4180904110893606,563,/tmp/ShineRunner-a0104546-5998-4f48-9ca4-13bc98c6afe8,0
True,49.765156,14.95712,0.006359,0.006162,0.0003687699635823568,22.90773831208547,596.1583387106657,4.404587421193719,1.1218366753309965,1.3198461203835905,572,/tmp/ShineRunner-e79bb534-a565-4703-955e-1191caf3951e,0
True,75.846884,28.612517,0.51,0.51,0.0006921847661336263,20.875485289096833,597.889609169215,0.6038285803049802,1.4176251883618534,0.881608655396849,579,/tmp/ShineRunner-eb87f7c5-e5ec-401b-a8a3-67a6dbaf4a24,0
True,35.950957,10.511531,0.022292,0.024581,0.0004068811734517415,17.35997001727422,794.3873265758157,4.169426035508514,1.1286735790781677,0.832620897050947,590,/tmp/ShineRunner-08ff641f-da8f-40dc-9cdf-0ed7ffafe087,0
True,50.085797,16.93305,0.127247,0.110004,0.00048187176386515297,23.027855523427327,768.2341253384948,2.352992546185851,1.3647706075571477,1.0405404908582567,577,/tmp/ShineRunner-c571ee88-c4b7-40ba-81ed-986e4002f25f,0
True,53.459287,16.616666,0.016909,0.019416,0.00039747158686319984,26.234236605962117,560.4488784447312,3.4037608243525033,1.2565042679198086,1.3612408839166164,564,/tmp/ShineRunner-bb276c92-3a70-4069-8e7b-296c4c7c7ff2,0
True,43.085375,12.866485,0.014972,0.016909,0.0004980007807413737,31.537559719880424,812.0917836204171,4.563871117308736,1.0023672357201576,1.0585318958386778,558,/tmp/ShineRunner-0a64d90e-8dfa-4238-9643-537bc1b80184,0
True,67.674286,21.057214,0.282125,0.27662,0.0004294753074645996,35.37066691319148,936.1129496246576,1.7313539400696754,1.019565591122955,1.2844147542491555,541,/tmp/ShineRunner-8707eb7e-4358-432c-9e7a-6f0c2aea2f62,0
True,41.978522,12.379497,0.042329,0.036609,0.0004612286885579427,19.03922474384308,571.2972595356405,2.8584815654903655,1.2151452954858541,0.8565249652601779,300,/tmp/ShineRunner-39c42f3d-9570-491c-9f01-96cf3dfbe3b4,0
True,39.553888,11.582182,0.05482,0.05482,0.00034739176432291665,40.410995908578236,832.504406105727,3.4426990289241077,1.1163989077322185,0.820180457085371,534,/tmp/ShineRunner-f9ee6d23-1131-4d52-a1f0-8d2109c24cfd,0
True,56.153985,17.521451,0.031383,0.028749,0.00039294958114624026,26.25554345448812,770.3917012549937,3.773013820126653,1.1590624153614044,1.4678391885012387,574,/tmp/ShineRunner-96426f22-9fea-4808-a9b6-939b5ecefb44,0
True,59.334769,19.863726,0.128312,0.115044,0.0008118987083435058,20.19820476770401,992.4453967250884,2.8221358217298986,1.2722098226659,1.4171252597123385,586,/tmp/ShineRunner-7b5537bc-40eb-4fb1-a653-50a17a06f62b,0
True,40.554826,13.70709,0.060327,0.053389,0.00032817920049031576,35.678452134132385,843.7725063413382,3.2272142283618455,1.3672151626087725,0.9252898198552431,550,/tmp/ShineRunner-feb3ff92-d92e-4801-8f59-f92c3fde8142,0
True,68.274806,20.362659,0.155833,0.143249,0.00045166412989298504,21.754137289524078,672.9027070105076,1.9554164640605451,1.0613737958483398,1.476836879365146,583,/tmp/ShineRunner-7eac97c1-aeb7-4da3-a4af-4d177b5e3627,0
True,74.652785,24.835842,0.51,0.51,0.0005172411600748698,26.16862856944402,792.2121216543019,0.9232322473078967,1.3326575551182032,1.2598353789187968,305,/tmp/ShineRunner-4de070c3-c0ec-46bd-8b7a-6c15e05129ba,0
True,52.709629,17.126888,0.012053,0.010685,0.00041590134302775067,36.05747117598852,652.5359470397234,4.132184377312661,1.3214803654700518,1.4971274023875594,552,/tmp/ShineRunner-67df3dfd-5084-490a-8ff1-2756ce3e1968,0
True,35.806087,10.624541,0.012833,0.012248,0.0005803982416788737,31.835542074839275,727.3790189065039,4.686728781089187,1.144363943953067,0.9069818305782974,560,/tmp/ShineRunner-00277ca6-b2fd-43af-9f50-57b947e3f231,0
True,60.150476,18.740989,0.089087,0.083242,0.0009485840797424317,18.423631540934245,577.4245038628578,2.2159988891333344,1.260895303916186,1.3015129185281693,595,/tmp/ShineRunner-7e8cdb51-33b3-4d7d-9c88-54424c3ceb34,0
True,47.746233,14.457989,0.156545,0.148066,0.0003756046295166016,19.287369751930235,981.3795341178775,2.613612744957209,1.0629522181116045,0.8631297416053713,597,/tmp/ShineRunner-ed52839b-be3c-46dc-9ed4-ad551d783227,0
True,43.798602,12.635225,0.021143,0.020184,0.0004910707473754882,23.276853720347088,589.7408141754568,3.52912463657558,1.0916767618618906,0.9799396235495806,588,/tmp/ShineRunner-80812526-fe4e-4ded-b045-72ce1d7c991d,0
True,67.45715,20.774377,0.51,0.51,0.0003837744394938151,26.562342381477357,825.420081615448,1.0730006963014602,1.0155549636110663,0.900206129718572,585,/tmp/ShineRunner-6a22d9f4-bfd8-4e77-b553-7d3f64811222,0
True,37.264678,13.48722,0.028749,0.021718,0.0004326939582824707,18.713259053230285,956.2641652300954,4.440677223354578,1.427932373713702,1.0050832269713283,602,/tmp/ShineRunner-3857fb63-f722-4137-8c8b-96be47573a0f,0
True,50.607855,16.486372,0.03082,0.022674,0.0006032824516296387,18.472868124643963,545.9038848057389,2.9748486891388897,1.3818607507273555,1.215993866790086,596,/tmp/ShineRunner-04162728-2210-4679-ad0e-8f4d8cd55afe,0
True,43.677641,15.501812,0.02988,0.019223,0.000580147902170817,35.22702722549438,823.6716478131711,4.018684034794569,1.4614660278894007,1.1701713698916136,566,/tmp/ShineRunner-d8c1efd1-1c18-4e76-b460-05a22d94c2f7,0
True,37.612214,12.116377,0.006557,0.004975,0.0004605929056803385,16.504482221603393,701.4495013281703,4.887651800364256,1.278616627678275,1.0428162719123066,608,/tmp/ShineRunner-9e759bd1-18d2-4746-8ac5-af4339c4c122,0
True,81.174072,26.235396,0.51,0.51,0.0005982041358947754,36.61318546930949,502.19118501991034,0.7623588062822819,1.2352767386473715,1.1974123385734856,571,/tmp/ShineRunner-74b66369-eb21-4367-b443-f4cf6dc3e844,0
True,32.845618,10.320803,0.017875,0.014584,0.0009864211082458497,24.408019908269246,661.7439216934144,3.8088352970778945,1.351625049021095,0.8030763276852668,600,/tmp/ShineRunner-3097ef4a-7eba-4ec1-8a90-8a3fbe91887a,0
True,51.038116,15.451448,0.047438,0.042879,0.0005256493886311848,28.234556595484417,558.2741354592144,2.770065052807331,1.2048878828063607,1.1022117095068098,587,/tmp/ShineRunner-4cd7f744-e86b-4c9c-8719-5bac623ce6e0,0
True,51.222653,15.140933,0.009705,0.011467,0.00046674410502115887,20.249727181593578,526.8269036896527,3.755238110944629,1.1329976189881563,1.2882801696658135,612,/tmp/ShineRunner-3cfc48bb-4914-4364-8868-4b4b7926cc71,0
True,48.045134,15.728041,0.040675,0.038277,0.0008673469225565592,17.24959876934687,799.3135964497924,3.559468820691109,1.2934295409359038,1.1826398361474275,622,/tmp/ShineRunner-00921977-46b2-4a14-943f-510d94795b19,0
True,55.976041,17.390518,0.026859,0.031008,0.0007315238316853841,19.97369920015335,857.3545217514038,4.215071022138,1.0840569399297237,1.480029862653464,614,/tmp/ShineRunner-1fccf574-b005-4c71-a3e2-64f243905104,0
True,74.652785,24.835842,0.51,0.51,0.0003482858339945475,42.691265960534416,792.2121216543019,0.9232322473078967,1.3326575551182032,1.2598353789187968,561,/tmp/ShineRunner-1d053e21-8807-4879-8dfd-49174c070fc2,0
True,55.571369,16.614705,0.064896,0.060856,0.0005163033803304036,22.97302101055781,755.8848545886576,3.1018842395395043,1.0344802918843925,1.2412538507021964,606,/tmp/ShineRunner-fc0de5b1-31ea-4eda-b100-f4a7bb44c521,0
True,60.596245,17.770008,0.096494,0.101527,0.0005256056785583497,22.29196988741557,620.3067316673696,2.3140538170933724,1.0040212483145297,1.2316222382709383,611,/tmp/ShineRunner-7922d827-de48-4b26-8caf-c21751ab0435,0
True,47.694999,14.701542,0.169711,0.154263,0.0005097150802612305,19.866062462329865,735.9044449403882,2.0290055625140666,1.2295255921781063,0.8132792787626386,623,/tmp/ShineRunner-a2059a87-4d22-4471-8196-a295562b279b,0
True,43.425641,15.307692,0.095514,0.079698,0.0004564642906188965,24.36140492359797,693.271663505584,2.5010985631495717,1.4728957386687398,0.9269305567257107,607,/tmp/ShineRunner-95b335e7-b921-4bcb-83b4-9071a600e9de,0
True,74.214021,21.751148,0.291283,0.280989,0.0008703390757242839,27.058546249071757,516.4538314566016,1.1585072532296181,1.110610687173903,1.3364989906549454,603,/tmp/ShineRunner-62b41d84-f34e-4fdc-83fd-c88bffef9f4e,0
True,46.717605,16.132041,0.009116,0.005371,0.00034341017405192055,22.269992748896282,567.2973464243114,4.07032712250948,1.4866763618774712,1.329952561017126,620,/tmp/ShineRunner-1c7469f5-afa8-4a11-80d1-68da7371114b,0
True,73.311375,25.05897,0.51,0.51,0.00044560829798380533,25.064042480786643,925.2924136817455,0.7953061792999506,1.3067522821947932,1.0742479324340821,605,/tmp/ShineRunner-b0e12946-5ddb-4f74-8a9a-9671df1b88fd,0
True,43.291408,13.71473,0.057493,0.061914,0.0003862857818603516,29.125296115875244,887.359419837594,3.3681284043937927,1.1995550626888871,0.9541287486441434,594,/tmp/ShineRunner-45450435-e37c-4d3d-8061-1373b6fb3123,0
True,62.955224,19.912368,0.23524,0.228752,0.0005475759506225586,27.796651430924733,849.9131049029529,1.7984060496091843,1.1712663089856505,1.1885045717470348,601,/tmp/ShineRunner-b0446e46-14b3-4a4b-b202-3c4e8a813165,0
True,64.18096,21.248953,0.282949,0.267077,0.0004715601603190104,34.796326982975,733.0186842009425,1.4362395603209734,1.3170892493799329,1.163275506068021,591,/tmp/ShineRunner-f3b74efe-c949-4a5c-83da-8a63955b9eea,0
True,49.544793,16.843868,0.040307,0.030256,0.000388797124226888,20.59453039566676,894.2086510360241,3.9438438393175606,1.3475490063428879,1.3041091354563834,626,/tmp/ShineRunner-39786fb6-787d-4b7f-abe0-083c99e0ff91,0
True,44.510039,13.772009,0.010097,0.010685,0.0005364259084065755,17.211503795782725,682.2993564419448,4.332989813759923,1.194990858901292,1.1530959395691753,632,/tmp/ShineRunner-39fde793-db86-4ea8-890b-31d7026230f0,0
True,55.496959,17.255336,0.051233,0.053389,0.00046454270680745444,18.448048138618468,949.4417561218143,3.8477784845978027,1.024933545384556,1.3550954916514457,634,/tmp/ShineRunner-d3e5b6dd-c26d-4059-9408-d857c6e62179,0
True,63.153126,21.580708,0.275782,0.261775,0.0005662401517232259,21.695714334646862,669.9293274432421,1.3798337657004596,1.3919794433750212,1.1268298053182662,615,/tmp/ShineRunner-abca298c-c8ef-453d-bef6-c6b40a99906c,0
True,46.715283,15.045396,0.082064,0.073388,0.0006142735481262207,18.9391491095225,818.9512933604419,3.0132495220750575,1.240840096026659,1.0242525999434293,630,/tmp/ShineRunner-2131897f-13bc-4e86-8d35-931a74ed9ebd,0
True,63.658946,20.183084,0.159946,0.152111,0.0005024472872416178,18.040556597709656,918.4084925800562,2.4025359727442264,1.1461431924253702,1.4242303441278636,637,/tmp/ShineRunner-2fc94d78-cd23-4f00-a336-c8c0c479764c,0
True,48.205823,16.265991,0.014584,0.012638,0.001084601879119873,31.855427932739257,837.4928026460111,4.723609527945518,1.3370552631095052,1.3742501767352224,598,/tmp/ShineRunner-a0295b77-8725-4d45-9403-f5042d098f85,0
True,59.362203,18.203785,0.167638,0.169711,0.0004128416379292806,22.894564394156138,787.9108474589884,2.1169044345617296,1.119813606608659,1.1425733036361634,625,/tmp/ShineRunner-4a58f621-d105-42d7-8385-5831f1269e38,0
True,42.639667,13.737045,0.031008,0.03082,0.0006610353787740072,26.372335652510326,975.8874070830643,4.4979855094105,1.1806864948011935,1.067123510595411,618,/tmp/ShineRunner-15f7edd7-a71a-4f0f-997b-726aa38b5dc3,0
True,47.088811,13.944856,0.027616,0.027616,0.0005787293116251628,32.848644602298734,744.3281658925116,3.9822457212954765,1.018049887381494,1.1130592646077275,592,/tmp/ShineRunner-e13e33cf-6a5d-4169-9f0a-955c6c796f6a,0
True,37.284421,13.140612,0.077661,0.062266,0.0010106444358825683,28.50105836788813,930.5347832851112,3.29317536726594,1.4408500120043755,0.8517541363835335,610,/tmp/ShineRunner-b144064f-5eb9-40d7-b31e-bd5961d2836e,0
True,53.98929,18.385853,0.029691,0.02629,0.0009865840276082358,20.896914752324424,723.8682177849114,3.4752829007804396,1.4353041928261518,1.4630470012314618,624,/tmp/ShineRunner-91da7627-19ca-46b5-9faa-720ee4471873,0
True,39.549232,12.872314,0.034749,0.030068,0.0005487442016601562,18.312315515677135,711.498158518225,3.505189855769277,1.3386878115125,0.9459762750193477,640,/tmp/ShineRunner-838c9121-6aaf-4b15-9f1e-7dabbc38d8b6,0
True,57.765821,17.512278,0.178847,0.174917,0.0008345842361450195,23.446327527364094,578.3873032778502,1.6574746504426003,1.1607204959727824,0.9515098486095668,627,/tmp/ShineRunner-f1aeafc3-025f-486a-8296-35dcf0f84e4b,0
True,49.762759,15.778933,0.004777,0.004182,0.00047282775243123374,30.572448869546253,609.9260877817869,4.799619687721133,1.2474873042665422,1.443935122899711,604,/tmp/ShineRunner-7b74cbf3-7b80-4e42-b536-cd37cbb13247,0
True,59.172613,18.800955,0.072872,0.066642,0.00046973228454589845,20.85554582675298,630.3273267112672,2.5832646269351245,1.2987623759545386,1.4048923707567156,631,/tmp/ShineRunner-8b01003f-a392-46e8-9f70-c82f977f2b7a,0
True,52.468738,18.455383,0.123268,0.124956,0.0007405201594034831,19.250899108250938,515.4642099514604,1.7685981880873443,1.4677435010671616,0.9865067700855434,635,/tmp/ShineRunner-1449e69a-8ddb-4176-8f55-f80b31030c15,0
True,62.814565,19.437094,0.318337,0.312998,0.0008991638819376628,25.768835441271463,881.85960566625,1.5433916963636876,1.051922844722867,1.0159652044065297,621,/tmp/ShineRunner-0ebf7ff1-a393-4fe5-b586-fa10f15b60ef,0
True,75.126756,23.829013,0.51,0.51,0.00043092568715413413,34.58338418006897,650.8487868122756,0.8900957517325878,1.1546212616376579,1.0548747811466455,599,/tmp/ShineRunner-9cc479c4-13b3-4b2a-a6a7-ff9ff5dc1248,0
True,54.568475,15.705602,0.098449,0.101527,0.0008866389592488607,42.267776842912035,540.3254781849682,2.1006053008139136,1.0784976207651198,0.9638020250014961,299,/tmp/ShineRunner-42bf5d37-9e3d-4e99-a4b3-5cd79937d5af,0
True,45.941819,14.841749,0.034563,0.032508,0.000489652156829834,21.19285534222921,608.9970245957375,3.2095726981759074,1.3308964562602341,1.0939327009953559,636,/tmp/ShineRunner-0425f05c-d51a-4315-a3fd-5db19768fc20,0
True,61.441115,21.224438,0.188048,0.182071,0.0003565351168314616,41.26763878663381,898.4781536273658,2.0674103293567896,1.4009419931098819,1.365958129055798,589,/tmp/ShineRunner-f9ef62cc-ce5c-4887-b62e-3a0134f29166,0
True,63.378361,19.626173,0.174373,0.16318,0.000638878345489502,18.00873393615087,776.8452917225659,2.078991889581084,1.1539342496544123,1.3095161885023119,641,/tmp/ShineRunner-e90c27ac-610d-4de2-bb2f-c2b0af98f919,0
True,40.964877,11.805763,0.01439,0.013418,0.0004759709040323893,17.55900113185247,631.8507543765008,4.303662060946226,1.0319641325622797,0.9920813445933163,648,/tmp/ShineRunner-b0c28a5b-421c-413f-a1ba-60780a72eb9e,0
True,68.772464,24.439327,0.51,0.51,0.00045338074366251625,23.564482108751932,988.1682069972157,0.9891912553459405,1.4841814232058823,1.2131440285593271,629,/tmp/ShineRunner-e8fa75df-fd18-4233-8fe7-551283ceb34f,0
True,45.77914,13.222912,0.056069,0.053926,0.00047719875971476237,31.68702707688014,642.4326337873936,2.9212336856871848,1.1007323791272938,0.9191230613738299,616,/tmp/ShineRunner-e83dc073-6161-46ff-974e-ede04d4919ae,0
True,84.869403,27.211027,0.51,0.51,0.0005571206410725911,32.701269368330635,763.3339622989297,0.7115209728479386,1.2131258179433644,1.3905587845481933,609,/tmp/ShineRunner-5cee708d-0de5-4fcf-af7d-3d76fe1640c7,0
True,82.179806,25.451367,0.51,0.51,0.0002888679504394531,22.62603108882904,713.7665399350226,0.8251129917800426,1.073749739676714,1.2769162684679032,639,/tmp/ShineRunner-5f946f9f-3fea-4ac3-a956-db2c0f65d921,0
True,56.736118,17.299042,0.102817,0.101527,0.0012044509251912434,18.83755101362864,870.3170730732381,2.8368723422288897,1.017144484911114,1.2077399222180247,646,/tmp/ShineRunner-8581a3ab-1814-4491-81b7-8aa362147811,0
True,32.558637,8.599083,0.004777,0.003984,0.0005471070607503255,28.26051543156306,546.9281962141395,4.616453982517124,1.0397846046835184,0.8660022916272283,628,/tmp/ShineRunner-0060212f-e186-4081-be25-023a270968a6,0
True,58.571447,18.617005,0.115044,0.113475,0.000613709290822347,16.11929782629013,549.2957448586822,1.9353080466389656,1.3065518834628165,1.1586693588644266,651,/tmp/ShineRunner-4ff287ca-e02d-44f0-b961-9d0841c8b20a,0
True,43.936027,15.258109,0.031383,0.033443,0.0004730065663655599,23.96989107131958,919.9376422911882,4.119173124805093,1.3798350193537772,1.1479792066849768,642,/tmp/ShineRunner-c095a0a5-f134-44a6-8b23-0df550d1a303,0
True,67.602351,22.835966,0.51,0.51,0.0004016876220703125,21.716957489649456,951.4658628031611,1.0281855262815953,1.2586588095873594,1.0188496748916804,645,/tmp/ShineRunner-a3a37d07-3efb-4863-951e-d5e2909ade0b,0
True,67.373862,23.207673,0.249587,0.235825,0.0004641413688659668,42.46606647968292,806.5129150636494,1.627125483378768,1.4580521821044385,1.49258108176291,593,/tmp/ShineRunner-46fca759-9584-40b3-aaa5-3e57ec5a8833,0
True,46.801817,13.651833,0.013612,0.011858,0.00046022733052571613,15.903488365809123,537.9326329566538,3.7946356073021894,1.1085209329612553,1.1214253625832498,660,/tmp/ShineRunner-fc4df01f-9b2b-4d11-8dae-7b0d4a6f20ba,0
True,48.417009,16.369554,0.008723,0.007937,0.0004478295644124349,16.755619339148204,785.7875437475741,4.937566792592406,1.3553680777549744,1.4295927559025585,654,/tmp/ShineRunner-58efe182-0c9e-426e-a95d-f77e273d14a7,0
True,40.049316,13.682817,0.074074,0.054463,0.0010263919830322266,23.578478225072224,680.525931995362,2.7515679471194745,1.4599546194076538,0.8715335547924042,647,/tmp/ShineRunner-94ed10b7-7d62-4f8a-97d6-5fe24049e004,0
True,41.937989,14.914874,0.007937,0.008133,0.0006657838821411133,18.521098124980927,738.1879659369588,4.849335767701268,1.4944962081499398,1.2370278049260377,656,/tmp/ShineRunner-2f422a3c-977e-47f7-b85b-98f2ada5fc98,0
True,53.151517,18.393719,0.25904,0.2497,0.0011394222577412922,38.70618832906087,961.5142219699919,1.8477230224758388,1.3273946908302605,0.968578146211803,613,/tmp/ShineRunner-ec1ce23a-bff6-4573-90e5-67301d9dc5d0,0
True,49.950139,16.72338,0.024961,0.023628,0.0005676825841267904,24.380255154768626,580.2751537412405,3.239965326711536,1.4275135826319456,1.2713404031470419,652,/tmp/ShineRunner-bf9c7a50-7645-4ab0-a41e-2f690035a26b,0
True,49.833069,15.204728,0.165415,0.157966,0.0015049338340759276,21.838626952966056,892.4409486353397,2.3629627618938684,1.112022698391229,0.8966093514114619,653,/tmp/ShineRunner-3110b92c-6f25-4bcf-abb1-6cd5831bcb8d,0
True,53.970486,18.586432,0.106505,0.095023,0.0003867387771606445,41.052842644850415,830.2857931703329,2.662913965806365,1.4065796341747046,1.2501925455406309,617,/tmp/ShineRunner-fe68cb24-c8b6-48e4-a601-f2c1d301c459,0
True,32.057383,10.754415,0.009509,0.00892,0.0011374791463216146,32.27932342688243,774.4529475457966,4.760677549242973,1.3876534649170935,0.8912454245612026,638,/tmp/ShineRunner-7e5377e9-7d82-43be-914c-f3a42257e188,0
True,37.571943,12.02054,0.061033,0.05962,0.0006444692611694336,28.848698794841766,985.920806415379,3.6719541825354103,1.2486294247210026,0.8331468584015966,650,/tmp/ShineRunner-763b6015-7a94-4d3e-b6f2-441c8457333f,0
True,49.862373,16.75515,0.118943,0.110479,0.00047876834869384763,19.32147181034088,858.9829877018929,2.633183774352074,1.3196065840311348,1.072696598712355,665,/tmp/ShineRunner-9b12206d-8c8e-4346-8aef-c57e81f3565b,0
True,58.490639,19.074648,0.51,0.51,0.0005105058352152507,36.734719173113504,868.4196858666837,1.257068794593215,1.250837890431285,0.8385076403617859,633,/tmp/ShineRunner-39bfadcb-8bce-425d-8d1f-c20348f3c42d,0
True,40.951018,14.475009,0.045802,0.038831,0.00046807130177815756,19.27093399365743,765.4421264305711,3.390988736972213,1.448640115559101,1.0103890026919544,670,/tmp/ShineRunner-fdaa4ef6-8cf3-45d4-b776-737a835cb7ad,0
True,56.203871,18.579778,0.076127,0.073903,0.00035459200541178385,22.678910879294076,880.3150779567659,3.1263558838516476,1.28563958639279,1.3850248745642602,658,/tmp/ShineRunner-a662cf09-5613-44cf-9fec-d037bfe6d9b6,0
True,74.271256,23.866132,0.286733,0.279746,0.0005956808725992839,44.61154256661733,535.7691557146609,1.1114065121859311,1.3734967038035393,1.452193417120725,619,/tmp/ShineRunner-ef43212b-81ed-4e0c-8a4c-4cd514b39436,0
True,51.171663,15.652671,0.064721,0.057137,0.0014173030853271485,24.876867818832398,568.9658666960895,2.4900538336485627,1.2217359356582165,1.0482229937799274,659,/tmp/ShineRunner-9f5649d0-4cdf-428a-b55a-ab10beb722b1,0
True,74.759109,23.355511,0.51,0.51,0.0002873539924621582,26.359958283106486,796.9061126932502,0.7407558854669333,1.05974286980927,0.8462187426164747,657,/tmp/ShineRunner-49965170-4033-48d2-b982-9d8a0e0b0455,0
True,59.432471,18.547823,0.06015,0.052851,0.0013704856236775717,19.713045891125997,922.8849150240421,3.612340418249369,1.0422695013694465,1.4979821292683482,674,/tmp/ShineRunner-3d937a1e-2a10-4d8b-9562-8530c99e1296,0
True,71.86095,21.050233,0.226964,0.224566,0.0004354675610860189,27.199085879325867,607.3438823223114,1.4902529906481505,1.0659311152994633,1.4575119386427104,643,/tmp/ShineRunner-eb040644-ecd0-47b5-bbf2-435ddf789502,0
True,49.959653,15.375912,0.004182,0.002792,0.000421905517578125,35.24618989229202,513.3161107078195,4.585499198734761,1.2028114800341427,1.4104251542128623,644,/tmp/ShineRunner-4b849ecd-9b64-4327-a792-6236f27cbd60,0
True,45.716775,15.663119,0.044525,0.031946,0.0004892706871032715,18.99609264532725,983.0079851672053,4.195970192924142,1.3292369367554784,1.1831392680294812,682,/tmp/ShineRunner-7f88ad8a-35b9-4596-ad0a-a62cbcbcbeb0,0
True,57.615246,17.101947,0.231124,0.233834,0.000597683588663737,19.551217965284984,544.3955818191171,1.3941008400171997,1.1468027564696968,0.8086569077335298,683,/tmp/ShineRunner-4b629586-af15-4536-a083-ea8ba42a4d8d,0
True,33.349732,9.998493,0.012638,0.009509,0.0008304635683695475,24.64713270664215,618.4342592023313,4.031424642726779,1.270797049626708,0.8186413541436196,668,/tmp/ShineRunner-c94f6c8a-e2c9-4002-9389-7f4d8f99d742,0
True,50.097177,16.637392,0.019608,0.01439,0.000543518861134847,21.15889418522517,648.4966012649238,3.710893436148763,1.389652225188911,1.3420784207060934,680,/tmp/ShineRunner-084633e6-b0aa-41e8-a30d-45d36970408c,0
True,35.025929,9.689725,0.003786,0.004182,0.0011444369951883952,21.737462969621024,575.4365026950836,4.898628588020801,1.0258706277236342,0.9213581805117429,684,/tmp/ShineRunner-a3e36789-cb4b-44c3-8a2d-f51e59ef3693,0
True,61.550123,20.636228,0.51,0.51,0.0004752993583679199,22.276954638957978,889.4675690680742,0.6871156968176365,1.4658732204698026,1.2466115868650376,685,/tmp/ShineRunner-86297431-ed54-486b-b1f8-99e6956dbd0d,0
True,62.970204,20.055429,0.127704,0.125874,0.001482399304707845,21.29815539518992,742.4556785263121,2.2644046299159526,1.253106541465968,1.4383639279752969,687,/tmp/ShineRunner-112a9282-d3d9-4db4-bdf6-d650a46c3afe,0
True,82.023713,26.667246,0.51,0.51,0.0004939436912536621,31.295403850078582,725.8713436312973,0.6573049504309892,1.1685393885709345,1.0883556491695345,655,/tmp/ShineRunner-decff203-7d32-46e3-8756-8e15d79e9307,0
True,47.47964,14.884615,0.057671,0.053926,0.0009945313135782878,20.02116658290227,808.2652245648205,3.347658243775368,1.1917661214247346,1.0796071888878942,686,/tmp/ShineRunner-074537c0-cecf-41ce-951e-f191f939f7a8,0
True,52.642698,16.653133,0.51,0.51,0.00040861368179321287,27.695847022533417,524.474733043462,0.9359854355454444,1.3998010181821883,0.9137634320184589,667,/tmp/ShineRunner-c8a81573-4dff-44eb-97e9-8f180028b4ae,0
True,68.143469,23.948177,0.51,0.51,0.000666340192159017,36.69134270747502,817.3076878301799,1.295543757081032,1.4763612491078675,1.3497361934743821,649,/tmp/ShineRunner-75bd61e8-82bd-482c-8784-40d48980a5ad,0
True,55.631542,17.240258,0.180462,0.178307,0.0006177743275960286,19.746907981236777,637.33727671206,1.709751035645604,1.2126784035935998,0.9328899969346822,695,/tmp/ShineRunner-dbe02346-cc5c-4cad-939a-d803ad55350f,0
True,64.725473,21.009921,0.324963,0.302261,0.0005349079767862956,25.57542491753896,932.2871076874435,1.5741865012794733,1.2053064187057316,1.1770624531432987,669,/tmp/ShineRunner-147b219c-f7bf-4a92-a10c-2ab08338a2ea,0
True,60.260971,19.318048,0.133299,0.126638,0.00047709147135416665,24.588641464710236,954.3516235426068,2.72122428752482,1.1634752815589309,1.3688413947820663,677,/tmp/ShineRunner-40f8cec5-af59-4ad5-a21f-ce53f0d84474,0
True,60.046302,18.149438,0.05303,0.055356,0.0004090984662373861,29.35260212024053,668.4210393577814,2.959037654846907,1.125209691002965,1.4468322987668216,664,/tmp/ShineRunner-b247ec63-6256-4be2-a317-32a291d41920,0
True,49.322617,14.940686,0.025531,0.021526,0.0006501674652099609,17.142083231608073,599.8927499167621,3.4213373795151716,1.1825565239414573,1.1686344261281192,700,/tmp/ShineRunner-16c0c15d-0392-48f6-8dbf-4262706669cc,0
True,70.876846,22.284765,0.51,0.51,0.000623766581217448,20.820411837100984,994.342798832804,1.2417272064834832,1.0077356835827231,1.1355799214914442,693,/tmp/ShineRunner-4566c7cf-cd0c-407b-9f34-8565b889f533,0
True,49.324427,15.432611,0.025151,0.024581,0.0015964190165201823,27.15729280312856,963.7462445534766,4.665367148071527,1.0918788127601147,1.2557667836546897,666,/tmp/ShineRunner-428cace1-4ff0-45e9-b995-f03cb0e9f477,0
True,63.955343,19.082246,0.133899,0.130737,0.0008034189542134603,25.70006848971049,699.4615150615573,2.2054913181811573,1.0118116498924792,1.3353161566890777,671,/tmp/ShineRunner-8ffefb5f-023d-4898-9115-3ee73de5942f,0
True,78.11424,25.085614,0.51,0.51,0.00048198699951171873,21.815611068407694,859.9457871168852,0.9743867930024863,1.2275284579955041,1.422705508582294,697,/tmp/ShineRunner-2cd86b1f-482b-4299-89be-1f590a1178d3,0
True,57.296417,16.081567,0.053389,0.050332,0.000536958376566569,19.4962113459905,505.87266543880105,2.5260287534445527,1.0535840201191604,1.263765036407858,699,/tmp/ShineRunner-0032c41f-2217-40f0-a0d1-b6549b612fc5,0
True,39.233803,12.179299,0.022483,0.022865,0.00045494635899861655,31.97444385290146,828.3732663840055,4.382971903681756,1.1728653670288622,0.9741105932742358,662,/tmp/ShineRunner-be455930-7da1-4329-89cf-20411c90daf3,0
True,54.036945,19.010336,0.124497,0.119873,0.0006193677584330241,28.29871169726054,612.2095938771963,1.9798935011029246,1.4806851269677281,1.1075316965579987,675,/tmp/ShineRunner-f58279ef-00f4-44ce-b328-19b9e8a9d374,0
True,53.991487,18.433585,0.120647,0.106025,0.0008945862452189127,23.265933672587078,795.9164911881089,2.4511111706495288,1.3931540055200458,1.196217139530927,689,/tmp/ShineRunner-ba6f2c75-d2d3-44e1-9af3-bdbb083391f1,0
True,65.879934,23.010406,0.259917,0.234772,0.0004676024119059245,32.710675617059074,973.8479224033654,1.8174400188028814,1.4143680091947317,1.4855607946403324,661,/tmp/ShineRunner-e6b7c2e4-a273-416c-ac1e-320b01908513,0
True,52.267435,15.982909,0.01088,0.00892,0.0004986047744750977,19.733766170342765,708.470453042537,4.510728207230568,1.1140317898243666,1.4125118624418973,704,/tmp/ShineRunner-9751a5fc-e0a1-4539-9e8a-f81c6a22f2b3,0
True,46.642498,14.928143,0.032882,0.027048,0.0005341728528340657,30.411957188447317,518.2423805817962,2.8752776335924866,1.3438343196175992,1.060410719923675,676,/tmp/ShineRunner-ea89c727-b3f5-4747-9798-796c8a5768e5,0
True,32.248844,10.499604,0.008723,0.008527,0.000760034720102946,19.103464416662852,500.27852412313223,3.580809489265085,1.4704345110803843,0.8283486186526716,708,/tmp/ShineRunner-9f4abf92-4da2-47fa-b253-0860cc74a776,0
True,39.935438,14.630881,0.093546,0.076298,0.0004156351089477539,24.24558837811152,943.2862964458764,3.058131584897638,1.4860179470852017,0.905785223376006,698,/tmp/ShineRunner-3419fa32-0421-451f-b67f-f0e7fa3485cf,0
True,49.687113,16.720465,0.004381,0.004579,0.00046477317810058596,22.2579261024793,556.5007259137928,4.353164566680789,1.4380944683216512,1.4714289475232363,692,/tmp/ShineRunner-9a12265d-a159-4f17-97d1-41f7cbf98743,0
True,44.997675,15.357714,0.18633,0.172048,0.0013643304506937663,22.323330307006835,911.7656475864351,2.1670910097658633,1.3725588633678854,0.8270493709482253,701,/tmp/ShineRunner-a12d19a3-20d7-4ec6-ad67-c1b8bbe144cc,0
True,57.859125,17.680231,0.232422,0.211854,0.00039241313934326174,30.60547347863515,839.7248103283346,1.9054962512105704,1.070743394549936,0.9997164342552424,681,/tmp/ShineRunner-4b4b1127-1872-411f-ab13-64b35dcc9818,0
True,66.095496,23.462274,0.51,0.51,0.0006087700525919597,21.841257496674856,772.060087416321,1.0900511734187603,1.4254940305836499,1.1040920564904808,705,/tmp/ShineRunner-a66e2710-32ee-4068-81f1-4b8ac7b21990,0
True,40.8713,12.730675,0.018068,0.0198,0.00039394696553548175,29.068705419699352,900.8705127052963,4.750774750858545,1.1364955711178482,1.0350111026316882,690,/tmp/ShineRunner-d2735248-5c30-4105-8254-583df46d2ac0,0
True,38.95555,12.952497,0.027994,0.027237,0.0005452950795491536,18.93862454891205,866.0882781259716,4.048967595770955,1.312111247330904,0.9763504069298506,710,/tmp/ShineRunner-b593dec5-efaf-4e67-8404-bef764cdd5fb,0
True,70.589231,22.985695,0.51,0.51,0.00034058491388956705,34.56715066432953,944.9298870749772,1.340896085649729,1.2197085521183908,1.318581920210272,581,/tmp/ShineRunner-74a87f25-9291-4542-bf3e-6f228be33d55,0
True,53.988344,18.931718,0.223723,0.205593,0.0025315682093302407,23.25634370247523,706.2501879408956,1.6813425712287429,1.4098036433570087,0.9852970285341144,703,/tmp/ShineRunner-ee35fc8d-bcac-41d5-85ef-727fd577b9ee,0
True,49.881691,15.688471,0.03419,0.027427,0.00048749446868896485,15.849706081549327,635.6520089320838,3.3147950645536186,1.2643411313183606,1.2029424387030303,712,/tmp/ShineRunner-46f6d266-45cb-4b84-97f0-bafceff4f1fb,0
True,80.30012,26.134754,0.51,0.51,0.0004017472267150879,31.960231824715933,587.4724476598203,0.8484438195824623,1.3249109433963895,1.3982140826061369,691,/tmp/ShineRunner-56fb267f-55de-4094-8dad-b9aeaa79428c,0
True,40.061594,12.946894,0.00892,0.006162,0.0006956020991007487,30.323149116834006,675.2702705562115,4.635017456486821,1.2964370651170611,1.0968460693955422,696,/tmp/ShineRunner-45bd01a1-f6df-4469-b44c-317476c5d118,0
True,42.581073,12.481585,0.039201,0.037906,0.00032577912012736004,18.396422624588013,790.3395150788128,3.7422184579074385,1.0683053978718817,0.9398369300179183,718,/tmp/ShineRunner-dd29f732-efe7-4088-a163-5e5799106b21,0
True,43.671408,12.626257,0.054999,0.05838,0.00045145750045776366,35.46426813602447,731.3655568286777,3.156164269894362,1.0838889530859888,0.8870093665085733,688,/tmp/ShineRunner-25584e15-a776-47cf-a00b-73a76531a918,0
True,81.38942,25.515496,0.51,0.51,0.0003234704335530599,20.614263848463693,562.0772102847695,0.7245553288608789,1.0234259516000748,1.0359258523210884,715,/tmp/ShineRunner-8c4296fa-52e9-44b4-b1d0-33a2b8348247,0
True,42.700285,13.674661,0.064021,0.051233,0.00042363802591959633,25.691989115873973,593.7507208436728,2.6842588223516946,1.3570221648551524,0.9014021215029061,707,/tmp/ShineRunner-3d26d043-94a9-4662-a076-1a12be302e21,0
True,70.260487,23.366241,0.312526,0.304686,0.00042841037114461266,44.55504306952159,644.2211978137493,1.2027855925261974,1.3656752780079842,1.2828769134357572,663,/tmp/ShineRunner-dbfdbdc0-5e2a-414f-bf6e-0a25d9e0efb7,0
True,53.836083,16.422513,0.025151,0.028183,0.00041286547978719077,29.955448551972708,766.4664378389716,3.9323296636343006,1.0984634468331933,1.3603854164481164,702,/tmp/ShineRunner-a904ceb1-4a62-416f-a9d7-da04a9479b36,0
True,48.138502,14.939278,0.156403,0.146029,0.0004951834678649902,24.45302795569102,821.3193430565298,2.301038368418813,1.1971415858715773,0.8776782051660121,713,/tmp/ShineRunner-36a3d0a7-0581-4df9-a516-2598fa8a79ab,0
True,49.219119,15.558652,0.01826,0.015554,0.0005999604860941569,41.907719218730925,694.9401688762009,4.080766784399748,1.239666712936014,1.2959838666953147,672,/tmp/ShineRunner-8bd4ee2f-2776-4129-81f9-2734e166878c,0
True,50.795117,16.643653,0.029503,0.027427,0.0004540920257568359,37.11247016588847,827.4442031979561,3.89319767318666,1.2800000454299152,1.3241175225935877,694,/tmp/ShineRunner-5cd9ced3-856c-4cfd-aa97-8fb4b44ebd69,0
True,35.724172,10.243829,0.029691,0.031196,0.0005633989969889323,23.646799743175507,883.40352056548,4.320226110517979,1.0101735815405846,0.8015391022898257,722,/tmp/ShineRunner-cdacc8fe-99c3-4834-ab68-57083862dbf1,0
True,54.627413,17.066732,0.052133,0.047982,0.001147762934366862,17.83379633029302,853.3449782989919,3.5418673507869247,1.140754190273583,1.3263641684316099,742,/tmp/ShineRunner-1d700c09-7a7c-495c-8435-eb7f5f575dc4,0
True,65.454553,21.206767,0.224445,0.218628,0.00039435625076293944,24.195286866029104,810.4385370388627,1.7472323589026928,1.268773936200887,1.3400875605642795,721,/tmp/ShineRunner-aca344ba-2550-4c38-80f6-e13990868420,0
True,62.301558,18.833187,0.078341,0.087091,0.00039579470952351886,18.03191814819972,759.3782995827496,2.7828203637152913,1.0274028717540205,1.4540729609318077,737,/tmp/ShineRunner-956d359c-8c6d-4c96-b0a7-c1aef2c51a7e,0
True,71.169557,23.729901,0.51,0.51,0.0004641254742940267,24.439280354976653,902.5562424212694,1.3582287386059761,1.3404629472643137,1.4732489248737692,717,/tmp/ShineRunner-fca45040-3652-4236-90bd-ba519ba87e2b,0
True,55.751836,19.082427,0.066816,0.054284,0.0008202473322550456,22.20434932311376,841.4713516831398,3.188219465687871,1.4053644500672817,1.4420554226264357,726,/tmp/ShineRunner-f3ddfe54-e92f-471f-87a4-55c7a7407405,0
True,75.092042,23.521733,0.51,0.51,0.0005751808484395345,19.473699049154916,624.0717768669128,1.0602433118969201,1.1896247486583889,1.2513890067115425,739,/tmp/ShineRunner-c9c54a6a-bf6c-4ddf-bd24-12f677b65624,0
True,45.388293,14.427127,0.011076,0.009509,0.0004351019859313965,19.8073090950648,752.1808436140418,4.603444819897414,1.224106150213629,1.2199249637313188,734,/tmp/ShineRunner-96da6c98-6a60-4172-b28a-a997a5d61ea5,0
True,68.563609,21.615529,0.234303,0.227918,0.0006334622701009115,29.190256039301556,676.9426516257226,1.5561469908803702,1.243080581072718,1.3668116251006723,711,/tmp/ShineRunner-01903e31-d76e-437a-8212-994b613ec108,0
True,66.226222,23.148277,0.25362,0.250487,0.0005128264427185058,26.069166378180185,573.6894994042814,1.2784031607210635,1.4502982408739626,1.1927774968557059,723,/tmp/ShineRunner-e50037c5-d78c-4978-bdf5-dd31b5f0f547,0
True,41.600802,12.990141,0.026859,0.025721,0.0004139860471089681,26.099844312667848,748.0934513732791,3.8605274766683584,1.2073114421218634,1.004227707348764,720,/tmp/ShineRunner-c254969b-1f0e-459b-a884-10787cadc2ed,0
True,56.394768,17.914551,0.101366,0.097147,0.0003784537315368652,32.101841862996416,910.0937284529209,2.908463688194752,1.1668977290391922,1.2652004688046872,706,/tmp/ShineRunner-f2ce7080-0ffb-4945-8f56-62435270ecd3,0
True,58.557035,19.135982,0.065421,0.058735,0.0014146049817403159,19.12289426724116,531.8516409024596,2.331387535482645,1.4299591118469834,1.385944949183613,747,/tmp/ShineRunner-b8d3e1d7-066a-4c19-9e34-fdcb6485bd4e,0
True,47.394378,13.729576,0.006162,0.007149,0.0006505529085795085,17.735312855243684,530.5390218272805,4.1566560544073585,1.0761809227988124,1.178367067500949,740,/tmp/ShineRunner-8b3aedd2-ed34-4335-8036-6630641f5f00,0
True,64.001416,21.139946,0.51,0.51,0.0006286104520161947,23.32584422826767,689.2857225611806,1.0108172386884688,1.2832493744790554,0.8619343652389944,735,/tmp/ShineRunner-a44ac79c-fbd5-4401-a5fb-41fb075869cd,0
True,58.536499,17.198769,0.046166,0.043428,0.0003929972648620605,24.731681688626608,613.9427865855396,3.0262901641428472,1.0579818454571068,1.3788641685619951,732,/tmp/ShineRunner-fe2eb41b-0a76-4292-a6d6-c1767b29a0c6,0
True,32.450953,9.422888,0.005964,0.003587,0.0004940072695414226,21.013244295120238,646.3804296217859,4.9731886893510815,1.1573056518100202,0.8529493562877178,744,/tmp/ShineRunner-fadad6c5-ff70-443b-9207-000ed3b9d09c,0
True,63.113458,18.386165,0.091735,0.096658,0.0013760566711425782,25.2871755083402,520.4023406840861,2.1299324963241815,1.1791427955031395,1.491726803407073,731,/tmp/ShineRunner-3a87589d-08e5-4ff4-acf6-38bbad483f61,0
True,62.154112,20.77799,0.185402,0.172048,0.00047957897186279297,29.31159522930781,729.1314476169646,1.8693553000688552,1.3774483688175678,1.3143083796836437,719,/tmp/ShineRunner-37d3dec8-a8d3-4e46-a77c-c9bb31c813e2,0
True,55.230582,16.26968,0.106025,0.099748,0.0008434057235717773,24.951488824685416,654.560187831521,2.415280776843429,1.0863335304893553,1.0788633532822132,727,/tmp/ShineRunner-98fcc757-c69a-4c93-83cb-fd748221531d,0
True,62.094573,19.258357,0.228157,0.235825,0.0005252242088317871,32.57644772529602,941.0655396059155,2.0162481617182495,1.037878502625972,1.1648147550411523,709,/tmp/ShineRunner-dd5db007-a8a3-42ca-a384-ba506487d907,0
True,52.2888,17.26918,0.141631,0.12679,0.0007654269536336263,24.601045433680216,666.2479671649635,2.0460549741983414,1.3352731349878013,1.0168205675669015,743,/tmp/ShineRunner-2ef5000e-010c-42ad-85ba-a92a9b2b9bc7,0
True,54.469422,17.273335,0.016909,0.012833,0.0004952112833658854,21.51046957572301,563.3106883615255,3.6350629124790435,1.3011839664541185,1.4808839636854827,748,/tmp/ShineRunner-c4cb08cd-16b3-4096-93aa-670a3fd91d05,0
True,44.763204,15.750197,0.040307,0.035122,0.0005322575569152832,19.219250146547953,898.0348533950746,3.8301822435110813,1.4119309643283486,1.1515568679198622,754,/tmp/ShineRunner-549668e7-4644-4eb3-a25f-68799120c456,0
True,46.378178,16.097951,0.070459,0.061033,0.0003722826639811198,27.30236624876658,960.0065615959466,3.453675783798099,1.3593797595240176,1.1166492426767944,730,/tmp/ShineRunner-e4457750-e11c-4737-b657-9cd87c14984f,0
True,43.328266,13.939691,0.003388,0.003984,0.0004859209060668945,29.43173525730769,542.2227610833943,4.782024512067437,1.313676254823804,1.2400572122074665,724,/tmp/ShineRunner-94956986-277c-4184-9910-a1a810d1b348,0
True,44.529157,13.368564,0.008133,0.008527,0.0004343271255493164,33.489958596229556,593.5977697372437,4.22810117378831,1.1521696341224015,1.1308977238833904,716,/tmp/ShineRunner-38427616-c8e8-49dc-bb1a-34a300d608bc,0
True,46.047313,16.305636,0.023819,0.012053,0.00038227240244547524,21.455848658084868,802.9875666834414,4.266502006724477,1.478798198979348,1.2898184798657895,750,/tmp/ShineRunner-59dc870e-66b4-43b6-9a0c-80c643939064,0
True,74.294697,22.759676,0.51,0.51,0.0004977583885192871,50.85441502730052,663.9073840342462,1.1272849638015032,1.1184294605627656,1.2215313206426799,679,/tmp/ShineRunner-4f54d843-e276-4277-a3db-bb9c4e419908,0
True,65.714666,21.129479,0.51,0.51,0.0011414686838785808,21.127796403566997,784.114926122129,1.1712520737200975,1.1840923293493688,0.9900958093814552,753,/tmp/ShineRunner-79d7d596-650c-4c62-aa3d-f77e50d4bd2c,0
True,55.60642,16.489589,0.038462,0.036052,0.0005647063255310059,18.608708051840463,686.1026678234339,3.355119225382805,1.0015619858168066,1.3083824986591934,760,/tmp/ShineRunner-9f30f0ec-dde1-4113-a61e-1d778e8a245b,0
True,73.963004,23.70604,0.51,0.51,0.0016765832901000977,32.99087929328282,977.3707040585577,0.8123451005667448,1.1311200228519738,0.9308602246455848,725,/tmp/ShineRunner-70e3413b-5d40-44a2-ba88-db8710e4745e,0
True,41.226726,12.270628,0.030444,0.026101,0.0010096987088521322,21.544610353310905,550.9679005481303,3.0891205526888372,1.2329695774242282,0.8900496101006866,756,/tmp/ShineRunner-3ae86cf3-f99b-4d83-b516-3b4b013e2e0e,0
True,35.95491,12.061239,0.004777,0.003984,0.0004967927932739257,18.045840958754223,605.1100282929838,4.702002427354455,1.3954023919068277,1.0288670820184052,764,/tmp/ShineRunner-70071e2c-dd09-4526-9d7c-69f24334759c,0
True,45.99738,16.186838,0.061914,0.057848,0.0009602149327596029,29.699818360805512,697.715210262686,2.800776278600097,1.464353404007852,1.0625082670710981,736,/tmp/ShineRunner-3a2a95a7-c079-410b-941a-6f850d84d2b1,0
True,67.624248,22.020556,0.51,0.51,0.0003765304883321126,20.448706098397572,626.2573413550854,0.7739403337240219,1.4920505839399993,1.4288435640744865,759,/tmp/ShineRunner-db2cdb32-b7aa-4a44-8b5a-4a0085ad8195,0
True,47.958791,17.3427,0.017102,0.01536,0.002159301439921061,38.54794470866521,996.5764163061976,4.866034192964435,1.453662692103535,1.394693460315466,714,/tmp/ShineRunner-d2a02149-0a21-4ce4-a439-b4f7e9bda7eb,0
True,64.677971,20.700338,0.51,0.51,0.0004896243413289388,28.256033237775167,834.0279529802501,0.6254608742892742,1.3499934887513518,1.2276913186535239,745,/tmp/ShineRunner-04e4055e-3a4b-4f0e-8be2-508c746a6c0a,0
True,52.326056,18.314334,0.51,0.51,0.000509639581044515,28.744325391451518,965.4930112883449,1.4575844004750254,1.3842252171598375,0.8148163268342614,741,/tmp/ShineRunner-2fad3e31-0cfb-4405-bc08-a7cf9580f789,0
True,36.174889,11.687004,0.024961,0.023247,0.0006429711977640788,32.21242135365804,934.459688141942,4.549671394750476,1.2552374536171556,0.9151935499161482,738,/tmp/ShineRunner-7229eaa1-52bd-4251-b922-3efdb9d57625,0
True,81.577105,25.570304,0.51,0.51,0.0004512230555216471,20.667650469144185,914.3613982014358,0.9031237971037627,1.0816205693408847,1.4030136092565955,765,/tmp/ShineRunner-22abe3d1-b4e9-4968-ade1-500be1301e4c,0
True,53.955605,15.567536,0.158107,0.154406,0.0004481792449951172,26.034732123215992,582.4961508624256,1.785638174787164,1.096318035852164,0.8427797622978688,755,/tmp/ShineRunner-c078a0d9-ceaf-4bd7-9efd-340ac889666b,0
True,62.610683,19.725908,0.161918,0.146903,0.0005339503288269043,23.657181533177695,511.6301407106221,1.6055141784250737,1.2742118695750833,1.141718555893749,763,/tmp/ShineRunner-3b61854f-6443-4d80-b97a-96a9666a2367,0
True,36.351023,12.331097,0.015748,0.011467,0.0005803624788920085,37.08402764797211,657.8261665999889,3.9654740270227196,1.4200543989427388,0.9584002655930818,728,/tmp/ShineRunner-efbb64a9-1d32-42c1-b6e7-1e4b38af9537,0
True,56.894796,17.28917,0.087758,0.085422,0.0007155776023864746,19.215510324637094,717.6227821037173,2.6005909856408835,1.1383965807035565,1.2119467850774526,767,/tmp/ShineRunner-d3c885b4-455d-46cc-a331-a9f5c375300f,0
True,55.214109,18.074896,0.039754,0.042146,0.0004553437232971191,25.067792224884034,945.3407772816718,3.995286346971989,1.2184866364113986,1.466634799260646,762,/tmp/ShineRunner-090bd117-b23d-42be-97c6-d0678748cb0e,0
True,47.568557,17.803055,0.124343,0.129375,0.0004682461420694987,37.81121083100637,928.9656705223024,2.561653305590153,1.496275382116437,1.052993818745017,733,/tmp/ShineRunner-4b47db42-6b91-4091-88e9-b21f697b0cae,0
True,31.987658,10.536661,0.016135,0.013028,0.0008584380149841309,22.516849223772684,715.5147371813655,4.183219078183174,1.403206383343786,0.8374196792021394,768,/tmp/ShineRunner-efb46495-1874-4147-b606-64174b8498bb,0
True,47.242323,16.951843,0.170537,0.142367,0.0009080012639363607,21.728560109933216,872.5514188408852,2.2376248888671397,1.4442500760778785,0.9499721851199866,761,/tmp/ShineRunner-21167650-e6fd-459b-9bcf-b786653c7c36,0
True,63.136107,20.188091,0.51,0.51,0.0003321409225463867,18.416320490837098,896.366452332586,1.148898358643055,1.17628783127293,0.8754646308720112,781,/tmp/ShineRunner-675d0c55-43ce-4360-94da-79667a0a555e,0
True,68.326635,21.14478,0.262319,0.276306,0.0008465170860290528,40.194604603449505,846.1399506777525,1.6444529075175525,1.1028546001762152,1.2999744518660008,729,/tmp/ShineRunner-1d6e0461-2f49-41f5-9502-99a75531a424,0
True,68.321574,20.923181,0.315162,0.31044,0.0011983434359232584,24.033003815015157,780.5186668410897,1.4154645793139935,1.0894247395917773,1.1571322377771138,769,/tmp/ShineRunner-f64a170e-f26e-44f6-b606-8767b58c8fa1,0
True,43.325549,12.982489,0.014778,0.014972,0.0008372267087300619,32.27259893417359,815.0871824473143,4.812368696182967,1.0475313859060407,1.0920525104738772,758,/tmp/ShineRunner-1fb285e8-eab2-44e4-9a1f-910fb271cf71,0
True,46.266242,14.638355,0.111901,0.109369,0.0008792002995808919,17.104780781269074,800.9843216277659,2.5473861984908583,1.2452388433739543,0.9098316362127662,785,/tmp/ShineRunner-678abb6e-c9d1-4b43-9732-50fc57ecca00,0
True,46.711386,15.078751,0.016135,0.011076,0.0005601962407430013,22.018180998166404,874.0595877170563,4.919979747012258,1.2106801713816822,1.2752702170982957,774,/tmp/ShineRunner-fd921462-3c07-4de3-a4cb-56f54881598e,0
True,40.485209,13.068187,0.066816,0.071322,0.0003755966822306315,28.33709131081899,778.5307997837663,2.996478893235326,1.3230280834250152,0.8699325645342469,766,/tmp/ShineRunner-aa8e853a-ee3c-4545-8dc3-b96158d2b7c7,0
True,50.982076,15.230577,0.088921,0.07902,0.00039286216100056965,18.28746557633082,722.136695869267,2.6996003776788715,1.1041538561694324,1.0234636875800789,783,/tmp/ShineRunner-3b358088-c90f-4d78-929a-18691f8b1eee,0
True,58.328858,19.006367,0.211356,0.20534,0.000522466500600179,36.18346672852834,878.1553544104099,1.9684508036822082,1.2374023674055934,1.1232399837113918,749,/tmp/ShineRunner-84f13b35-7896-4e26-b61f-2838676639e6,0
True,75.295264,25.573805,0.51,0.51,0.00036987860997517906,23.336181104183197,684.4743210822344,0.6743687864392995,1.2664051065221429,0.8954125668853522,775,/tmp/ShineRunner-244810ae-c2b9-4a79-9cdc-be50976f179d,0
True,57.740361,19.476782,0.159664,0.161074,0.0004045685132344564,33.064371693134305,992.0625952072442,2.522432912886143,1.2910140953026712,1.2808478035032749,757,/tmp/ShineRunner-c2c56b9b-0543-44e5-a975-0213e52dd472,0
True,65.413424,21.231927,0.187784,0.173007,0.0010383129119873047,23.38338159720103,813.298499211669,1.9929173666983844,1.2831798545084894,1.4611018541269005,777,/tmp/ShineRunner-1a3833de-2a99-483f-bda2-ec37e94ec200,0
True,55.763248,15.789717,0.021335,0.017296,0.0004946668942769368,25.7965025027593,509.3979989178479,3.326309207454324,1.0093957199715078,1.4342080307193101,772,/tmp/ShineRunner-6e4291d2-bccb-4dea-9757-fd036be36a4a,0
True,64.606997,19.628719,0.51,0.51,0.00034732818603515624,36.492536294460294,739.9213803000748,1.3278806205838918,1.0441669495776296,0.9643068065866829,751,/tmp/ShineRunner-77d6be71-7224-41e5-9bc2-6c0601012c07,0
True,41.498818,12.284824,0.010489,0.006359,0.0006194353103637695,19.029686423142753,534.0989222750068,3.9109911177307373,1.1651106565259397,1.0112426447682084,788,/tmp/ShineRunner-e9f5ab55-6075-4107-af8e-5b84d43d783e,0
True,51.154225,15.346503,0.006951,0.006754,0.0005766828854878743,19.27924185593923,664.3506991676986,4.729152947291732,1.0683751134201884,1.3804101734422147,792,/tmp/ShineRunner-2a0fbc40-7f64-459d-86f4-f0da2b3cce82,0
True,41.134964,13.918132,0.045255,0.044525,0.00046581029891967773,27.71337306102117,916.2339898757637,3.7236550167202953,1.3151917564682662,0.9956700188107789,770,/tmp/ShineRunner-4207671b-83da-4e35-9a09-fa5b2362f761,0
True,65.190933,22.802776,0.187652,0.182606,0.0005601922671000163,23.706797019640604,553.0072660185397,1.5075717601925134,1.4998565423302352,1.3137877680361272,779,/tmp/ShineRunner-41107932-e8ae-47b5-9da6-2459a4804f59,0
True,42.924326,13.423385,0.056248,0.052492,0.0004488190015157064,19.705809513727825,528.5147959366441,2.438074741140008,1.343107822816819,0.8474160799756647,795,/tmp/ShineRunner-6a49d4dc-08f6-4286-a213-ba67d76cfda2,0
True,42.668107,13.712282,0.017296,0.013612,0.0006711761156717936,19.51551636457443,761.6465617902577,4.366182129830122,1.2630406701937318,1.1178374289534987,798,/tmp/ShineRunner-d07c7451-9f29-4454-9d64-2de2c0f0a71a,0
True,75.739152,23.612149,0.51,0.51,0.001526482899983724,20.464218401908873,695.3229852952063,1.2200928062200547,1.1974277864210308,1.4864156988449395,799,/tmp/ShineRunner-8338cbf9-9159-4164-8867-2c8b428af354,0
True,39.553888,11.582182,0.06015,0.053389,0.0007136146227518718,21.508942472934724,832.504406105727,3.4426990289241077,1.1163989077322185,0.820180457085371,790,/tmp/ShineRunner-15f64e47-e0d1-4338-a872-1acf91002bf9,0
True,48.573326,15.26433,0.083746,0.087091,0.00033773183822631835,42.36908841927846,972.1149699762464,3.276393182575703,1.1242341022007167,1.0446970569901168,746,/tmp/ShineRunner-de973f7a-55ff-46d9-9912-815fe77b7319,0
True,36.542578,12.585475,0.016329,0.00833,0.0006520628929138183,20.237165808677673,622.5425079464912,3.8801654316484933,1.4565164214000106,0.9698370318859816,796,/tmp/ShineRunner-94b6ca28-a77f-4693-97c6-ca37605adb2e,0
True,55.236334,18.735142,0.115514,0.101043,0.0005136291186014811,22.028600645065307,648.0241543613374,2.1543378051370383,1.4221240961924195,1.172790320776403,791,/tmp/ShineRunner-74d014a0-b2da-4ac2-b2a8-3e5c0a68f796,0
True,54.517839,17.366939,0.095023,0.087258,0.0005785902341206868,23.017964657147726,967.6412297412753,3.1777797710150484,1.1485886992886662,1.233097417280078,794,/tmp/ShineRunner-5b63eafc-6560-40ff-9ab9-b9c3a668687b,0
True,44.484147,15.864262,0.174509,0.167222,0.0005256414413452148,20.627088129520416,750.2930974587798,1.9225611526519062,1.4884410221129656,0.8071179821155966,801,/tmp/ShineRunner-8d087134-8a7b-4d0f-8375-f35ce741f10f,0
True,47.879843,16.043249,0.011662,0.008133,0.0015197078386942546,43.13477071126302,719.7290929034352,4.419323974475264,1.3710431149229407,1.354242152068764,752,/tmp/ShineRunner-7486439c-11c7-4833-af93-2d4a28ef6914,0
True,52.744011,17.121733,0.057493,0.051773,0.0004336237907409668,26.177393658955893,742.0448032207787,3.0453909605741503,1.3090207404457033,1.2569628797471524,784,/tmp/ShineRunner-83ba2937-8f75-4ed1-8ca1-d00449d4c1e8,0
True,67.674286,21.057214,0.290981,0.275152,0.00041971206665039065,23.190208260218302,936.1129496246576,1.7313539400696754,1.019565591122955,1.2844147542491555,797,/tmp/ShineRunner-d0035802-61f0-47ce-835a-3cc730e3ea42,0
True,40.554826,13.70709,0.059974,0.057315,0.0008491675059000651,19.139925281206768,843.7725063413382,3.2272142283618455,1.3672151626087725,0.9252898198552431,806,/tmp/ShineRunner-6e7a4345-0f53-4a37-93ac-8ac5a6ae5b16,0
True,47.25638,14.583837,0.019608,0.022483,0.0004470666249593099,31.661809452374776,628.1699873507023,3.5907123204320675,1.2251355154439807,1.1471249909140169,776,/tmp/ShineRunner-c1930af4-a614-4784-8caa-a05b756915b9,0
True,58.475164,17.965563,0.096984,0.099586,0.0006457010904947917,21.138383424282075,660.0734330713749,2.3843264847993852,1.1869784966111183,1.2454156680963933,807,/tmp/ShineRunner-073c3c3c-b691-4e6d-a86c-c885fa1e132a,0
True,75.689569,23.113328,0.51,0.51,0.00027924378712972006,27.81861714522044,565.0782715529203,0.9530440427362918,1.0363632263615727,1.0680833057500423,787,/tmp/ShineRunner-fd826a5c-50cd-4a1c-9f3c-4da1f472a1db,0
True,54.707307,17.99008,0.107302,0.100881,0.00045564174652099607,18.359011475245158,885.6717678718269,2.7385419916361573,1.2766076107509434,1.2254615309648216,813,/tmp/ShineRunner-fef1440c-5870-48b1-acea-5d880377c901,0
True,50.586023,14.91336,0.025721,0.023819,0.00040279229482014975,24.277209500471752,691.0532908514142,3.693305325135589,1.0501476642675698,1.1874112439341844,800,/tmp/ShineRunner-0953de16-bb07-4182-a833-0b5eda9508ed,0
True,65.659197,19.575102,0.151824,0.149949,0.0012018918991088868,33.30402893622716,603.3575846813619,1.8841597951948645,1.1305605517700315,1.3488805695436894,771,/tmp/ShineRunner-2bd8a926-fc7a-49b0-93b6-34741bc9f7a5,0
True,56.260169,19.209875,0.078511,0.065246,0.0006166855494181315,31.612315861384072,781.8312859162688,2.888288902491331,1.4197664866223931,1.408544170949608,782,/tmp/ShineRunner-8fcbaa8f-eac4-48df-8b4d-ed4b533eeb10,0
True,43.085375,12.866485,0.02076,0.015748,0.0004959146181742351,17.146386790275574,812.0917836204171,4.563871117308736,1.0023672357201576,1.0585318958386778,814,/tmp/ShineRunner-e0e801ea-30ca-4ab0-a808-678b3a6f19a3,0
True,43.127807,14.156745,0.004381,0.005371,0.0004703521728515625,32.893761034806566,584.0405593626201,4.465309051424265,1.3632384380325675,1.2065445667132735,780,/tmp/ShineRunner-b8df6778-4c25-4367-a82d-baa9401992b7,0
True,49.187432,17.55631,0.016329,0.013418,0.00048079888025919594,28.80201188325882,876.2676231563091,4.647789527475834,1.4709946545772254,1.4487125414423645,786,/tmp/ShineRunner-5969cdbb-53e2-4a99-b9e7-a436220f6e5d,0
True,51.582103,18.773327,0.178577,0.16625,0.0016698519388834636,33.584288056691484,947.693067137152,2.277170414850116,1.4520836314186454,1.0864760949276389,773,/tmp/ShineRunner-939f706d-b2f0-4188-9a9e-ba36da7aa3cc,0
True,50.918136,16.665607,0.031008,0.02439,0.0005894382794698079,25.69096331993739,926.9624105654657,4.282313008233905,1.2319122874177992,1.3456676060333848,802,/tmp/ShineRunner-e66744fe-115e-47d0-8e2a-2a0b7ba9e4e5,0
True,52.709629,17.126888,0.015748,0.011272,0.000585639476776123,23.278182796637218,652.5359470397234,4.132184377312661,1.3214803654700518,1.4971274023875594,808,/tmp/ShineRunner-1e0cfa42-b08b-4c3b-84f3-5a4e027ab49b,0
True,71.328613,21.119563,0.51,0.51,0.0003016511599222819,26.150602348645528,958.4829998202622,0.6359684780240059,1.0950499828904867,1.4364838417619468,805,/tmp/ShineRunner-254791cc-be88-4d9e-997f-3bf276005d02,0
True,43.677641,15.501812,0.027805,0.025531,0.0004746834437052409,16.311000855763755,823.6716478131711,4.018684034794569,1.4614660278894007,1.1701713698916136,822,/tmp/ShineRunner-66291349-48b2-4d46-a4f8-d31d60108368,0
True,52.848593,16.194483,0.106824,0.104905,0.0003799319267272949,18.031087203820547,904.5441243797541,2.9376990925520663,1.0761400260962546,1.0987254671752453,818,/tmp/ShineRunner-6c92a303-9afe-47ca-80a1-3bc2905398b9,0
True,69.462928,24.379046,0.51,0.51,0.00039470593134562174,29.18996781508128,855.1182835362852,0.8614571947604418,1.3764197058044374,1.050101995188743,793,/tmp/ShineRunner-a3f8c784-794e-44f3-a2df-a372bd9d9b33,0
True,51.26698,17.983785,0.068728,0.067164,0.0005981167157491048,25.278687965869903,979.1439943946898,3.4921513035893446,1.3975282423198223,1.294446182344109,810,/tmp/ShineRunner-8f330ce8-e610-4ea2-a1f3-ba9932d352c2,0
True,35.806087,10.624541,0.012053,0.011858,0.0008667508761088053,20.4944650332133,727.3790189065039,4.686728781089187,1.144363943953067,0.9069818305782974,816,/tmp/ShineRunner-81408fd3-80ab-4ade-ae6d-fbebb0f45aae,0
True,61.870929,20.401332,0.278083,0.261011,0.0007564385732014973,28.28159753084183,616.0661946050823,1.3083095584064721,1.2910552136600018,0.9988629486411811,803,/tmp/ShineRunner-2c60f6a1-b1ba-4f28-81fb-6025e79dd0f4,0
True,65.367798,20.566573,0.316566,0.308054,0.000608507792154948,28.115258542696633,843.6195552349091,1.4686290971934794,1.138924312312156,1.1111194737255574,809,/tmp/ShineRunner-2c6a3cc7-fbe0-44d9-87c8-b53636680d1c,0
True,49.765156,14.95712,0.006162,0.007937,0.0005474567413330078,18.627451300621033,596.1583387106657,4.404587421193719,1.1218366753309965,1.3198461203835905,828,/tmp/ShineRunner-3216f403-bf49-454b-934f-8c9adf4e61cd,0
True,63.613679,19.55393,0.140155,0.132095,0.0006300131479899089,20.385167976220448,863.9249349944293,2.468419449776411,1.0457148593850434,1.4000948885455728,825,/tmp/ShineRunner-77b36b6a-c738-42b0-b090-a50f7a00e390,0
True,56.215284,16.257666,0.225886,0.221305,0.0008538405100504558,18.207979945341744,633.4198820404708,1.5955439299345016,1.0312291085720062,0.822776706609875,823,/tmp/ShineRunner-5fa744d7-f90f-40db-a621-32a3abec0511,0
True,57.907265,18.944399,0.053389,0.050513,0.0004601875940958659,20.37706396977107,591.489739716053,2.645943281427026,1.385283175855875,1.4180904110893606,819,/tmp/ShineRunner-8a6f4b74-6d2e-4b6d-a33b-5b1b4223bdf1,0
True,43.75669,15.959736,0.043428,0.035494,0.00129776398340861,16.92208876212438,862.1931727975607,3.6566805034875873,1.493808020837605,1.1300427988171577,838,/tmp/ShineRunner-76ead386-5ce3-477e-954b-0aa5fdf12595,0
True,53.459287,16.616666,0.018646,0.017875,0.0006886045138041178,23.249525813261666,560.4488784447312,3.4037608243525033,1.2565042679198086,1.3612408839166164,820,/tmp/ShineRunner-8095c42b-b14a-42b1-852d-2ace95feca62,0
True,58.328774,19.371867,0.181535,0.179117,0.0005042711893717448,18.76329135497411,710.0148764438927,1.8304533775895835,1.349187029991299,1.1364339599385858,831,/tmp/ShineRunner-c64736c0-edae-425f-9ff0-fa78c854b526,0
True,41.993372,12.779927,0.048706,0.044708,0.00045910278956095375,39.656541311740874,989.8992371745408,4.1023759912699465,1.0553376423195004,0.9444377457723022,778,/tmp/ShineRunner-ba42b7b2-d42d-4491-a312-e03e490921f6,0
True,74.652785,24.835842,0.51,0.51,0.0007787068684895833,25.49579180876414,792.2121216543019,0.9232322473078967,1.3326575551182032,1.2598353789187968,817,/tmp/ShineRunner-e0cc39b2-bf50-4732-9155-23472ea47bd5,0
True,64.705817,22.166006,0.296567,0.276097,0.001004938284556071,39.71526263952255,969.7475405409932,1.6941020619124174,1.3577987914904952,1.331726794037968,789,/tmp/ShineRunner-40acee86-8091-4eb9-a499-73b0b42fbffc,0
True,36.565452,12.298271,0.001398,0.000799,0.0010323802630106608,30.74064838886261,522.0460505224764,4.9503283895552155,1.412249602843076,1.0842203045263887,804,/tmp/ShineRunner-adda4301-736b-409e-a261-a1cf4430562c,0
True,46.08427,14.361185,0.018453,0.014778,0.000486457347869873,21.50799438158671,913.8889363966882,4.98620835877955,1.106284693814814,1.2017450387589634,834,/tmp/ShineRunner-38de46d2-1e67-4d78-a27c-ee4c3c92c903,0
True,56.153985,17.521451,0.033069,0.027805,0.0005312363306681315,23.44657698472341,770.3917012549937,3.773013820126653,1.1590624153614044,1.4678391885012387,830,/tmp/ShineRunner-c123f3f1-180a-4a2e-b61c-9147e80ddf04,0
True,75.846884,28.612517,0.51,0.51,0.0004619638125101725,21.30345576206843,597.889609169215,0.6038285803049802,1.4176251883618534,0.881608655396849,835,/tmp/ShineRunner-1b62cb15-f7ab-479c-aa8f-79289f7fd272,0
True,43.291408,13.71473,0.070632,0.05838,0.0004861275355021159,16.697544157505035,887.359419837594,3.3681284043937927,1.1995550626888871,0.9541287486441434,850,/tmp/ShineRunner-65152904-7e43-4f75-8a13-93a002ddd356,0
True,72.830684,24.80636,0.51,0.51,0.0003706971804300944,31.340060659249623,746.5641675516963,1.0412093754857779,1.4424915970303118,1.3734559394419192,815,/tmp/ShineRunner-c6c97597-6bf9-4106-85e2-9bb358075ac1,0
True,54.568475,15.705602,0.102334,0.096331,0.00039005279541015625,32.51148997942607,540.3254781849682,2.1006053008139136,1.0784976207651198,0.9638020250014961,811,/tmp/ShineRunner-5ee39bce-f1ed-4f61-95c4-660c0ad6f332,0
True,68.274806,20.362659,0.15369,0.156261,0.0003643075625101725,22.80501821041107,672.9027070105076,1.9554164640605451,1.0613737958483398,1.476836879365146,839,/tmp/ShineRunner-92888e52-3188-456c-ab80-37de84c524b6,0
True,81.174072,26.235396,0.51,0.51,0.0007018804550170899,27.246350955963134,502.19118501991034,0.7623588062822819,1.2352767386473715,1.1974123385734856,827,/tmp/ShineRunner-15f1945b-47d7-4350-9ce8-e18d0ee72f4c,0
True,47.088811,13.944856,0.026101,0.02439,0.0004683812459309896,19.976675621668498,744.3281658925116,3.9822457212954765,1.018049887381494,1.1130592646077275,848,/tmp/ShineRunner-def9ac3e-43eb-405c-8746-fff6b0b58f95,0
True,60.150476,18.740989,0.098449,0.086758,0.0005191683769226075,18.399657209714253,577.4245038628578,2.2159988891333344,1.260895303916186,1.3015129185281693,851,/tmp/ShineRunner-0c062a8a-61e9-4b5b-a37c-a61ea73a0372,0
True,59.334769,19.863726,0.123883,0.10778,0.0008407274881998698,22.77140988111496,992.4453967250884,2.8221358217298986,1.2722098226659,1.4171252597123385,842,/tmp/ShineRunner-ddd7d555-9889-40a0-a1f1-ce2c02af7c2d,0
True,41.978522,12.379497,0.041778,0.042146,0.0006107489267985026,34.802219486236574,571.2972595356405,2.8584815654903655,1.2151452954858541,0.8565249652601779,812,/tmp/ShineRunner-f2a1280f-ced5-47ee-8c70-a71e672ab0c1,0
True,50.085797,16.93305,0.131643,0.112689,0.00041027069091796874,28.3560614267985,768.2341253384948,2.352992546185851,1.3647706075571477,1.0405404908582567,833,/tmp/ShineRunner-4944dac4-9c3e-4809-ab2e-51240ebfaa26,0
True,50.607855,16.486372,0.028938,0.031946,0.0004974842071533203,21.290213362375894,545.9038848057389,2.9748486891388897,1.3818607507273555,1.215993866790086,852,/tmp/ShineRunner-3c35175c-4364-438b-af6b-8b4fba8f95b7,0
True,32.845618,10.320803,0.020568,0.01536,0.0011686205863952637,18.195445223649344,661.7439216934144,3.8088352970778945,1.351625049021095,0.8030763276852668,856,/tmp/ShineRunner-ced12cdf-a7b2-4772-95ac-69ee5015105d,0
True,37.284421,13.140612,0.073559,0.058912,0.0003699342409769694,17.89892252286275,930.5347832851112,3.29317536726594,1.4408500120043755,0.8517541363835335,866,/tmp/ShineRunner-476942b0-c907-4ddf-9eaf-db0b67c4de37,0
True,48.205823,16.265991,0.014001,0.013028,0.0006116072336832683,18.887318245569865,837.4928026460111,4.723609527945518,1.3370552631095052,1.3742501767352224,854,/tmp/ShineRunner-0790d7fa-ea19-43c0-9eb2-0301042eb4ec,0
True,49.762759,15.778933,0.004182,0.003786,0.0007545828819274902,18.95595463514328,609.9260877817869,4.799619687721133,1.2474873042665422,1.443935122899711,860,/tmp/ShineRunner-0dd7373d-fc8b-4cb1-be48-e86cb81a1fd2,0
True,51.038116,15.451448,0.050152,0.035866,0.000586394468943278,24.95788473288218,558.2741354592144,2.770065052807331,1.2048878828063607,1.1022117095068098,843,/tmp/ShineRunner-92f7c0b5-2ed9-4498-b6b0-d32dd229209f,0
True,35.170604,10.781558,0.002991,0.00319,0.0007541418075561523,18.919643771648406,504.34922287240624,4.244882293045521,1.2886173380538821,0.9382991100661457,580,/tmp/ShineRunner-f6c25eb7-d0b4-4f09-8db1-549ecb30ec37,0
True,56.552139,17.45505,0.039016,0.034749,0.0005878408749898275,29.9941521247228,704.362322576344,3.2633630473166706,1.1747680893167853,1.3928145214915275,832,/tmp/ShineRunner-cff1274d-ad3d-4542-9a6e-0f38289c6174,0
True,52.890108,17.283864,0.218261,0.204328,0.00048090219497680663,34.1749093969663,998.08460008353,2.1841485515236854,1.1893044244498014,0.9817085316404701,821,/tmp/ShineRunner-209d87f7-5c58-4c32-8f8d-7bc9f38f11f6,0
True,62.955224,19.912368,0.244827,0.244599,0.0006048798561096192,21.795575372378032,849.9131049029529,1.7984060496091843,1.1712663089856505,1.1885045717470348,857,/tmp/ShineRunner-b06f092d-7b06-4297-97ab-64b8fc7888ed,0
True,43.798602,12.635225,0.023247,0.021718,0.0007396817207336425,27.55592171351115,589.7408141754568,3.52912463657558,1.0916767618618906,0.9799396235495806,844,/tmp/ShineRunner-cbe1593c-f852-4512-98cb-bc5ae54e802a,0
True,67.45715,20.774377,0.51,0.51,0.0003330469131469727,29.123015860716503,825.420081615448,1.0730006963014602,1.0155549636110663,0.900206129718572,841,/tmp/ShineRunner-ea04219d-8dee-4203-8270-c96a9b247249,0
True,42.411834,14.999837,0.038462,0.037351,0.0005142887433369955,36.15957754453023,678.9820319972932,3.1393734306097034,1.4782711658626795,1.0303972464054822,824,/tmp/ShineRunner-64b568d7-8cf0-4fc8-8260-fc6881371e50,0
True,45.77914,13.222912,0.059266,0.051233,0.0003960927327473958,18.098734760284422,642.4326337873936,2.9212336856871848,1.1007323791272938,0.9191230613738299,872,/tmp/ShineRunner-097e9b90-799e-43ed-9a7a-ca6b232b12c2,0
True,35.950957,10.511531,0.021143,0.021335,0.0006884853045145671,28.955682492256166,794.3873265758157,4.169426035508514,1.1286735790781677,0.832620897050947,846,/tmp/ShineRunner-fcc589bf-ac4f-4543-ba24-3a870a2f8db4,0
True,47.746233,14.457989,0.147921,0.145299,0.0009599924087524414,24.95497350692749,981.3795341178775,2.613612744957209,1.0629522181116045,0.8631297416053713,853,/tmp/ShineRunner-4729f484-8a37-4d82-b6df-47e486e1a7a7,0
True,43.425641,15.307692,0.088921,0.080375,0.001315327485402425,24.027169068654377,693.271663505584,2.5010985631495717,1.4728957386687398,0.9269305567257107,863,/tmp/ShineRunner-4779ad8e-6ece-4e15-a625-77a46baf68ee,0
True,84.869403,27.211027,0.51,0.51,0.00035564502080281577,22.18179606993993,763.3339622989297,0.7115209728479386,1.2131258179433644,1.3905587845481933,865,/tmp/ShineRunner-81e404d9-3c91-4c27-b86d-e23736533bd1,0
True,33.49598,11.006411,0.021143,0.017875,0.0004664778709411621,36.27901880741119,939.2768712714314,4.836303509771824,1.304307583719492,0.8830784677527845,826,/tmp/ShineRunner-5133213a-63b9-46b1-ba2d-6316e92c5450,0
True,57.250846,18.941047,0.283668,0.255066,0.0004509568214416504,26.44804900487264,754.3403119780123,1.5205976992845536,1.2989319888874888,0.9595286409370601,673,/tmp/ShineRunner-8e76d8a7-9b6f-4197-a33c-46c206bfbd2b,0
True,51.222653,15.140933,0.012053,0.011272,0.0018978476524353026,24.67556220293045,526.8269036896527,3.755238110944629,1.1329976189881563,1.2882801696658135,868,/tmp/ShineRunner-1faa38e0-5c04-446e-a4b9-244b37df6474,0
True,35.170604,10.781558,0.003984,0.002792,0.00038024981816609703,36.181627690792084,504.34922287240624,4.244882293045521,1.2886173380538821,0.9382991100661457,836,/tmp/ShineRunner-8b17bfe4-abc8-48c5-8b7c-8458fd48be80,0
True,63.153126,21.580708,0.2741,0.261666,0.0016435941060384115,22.555945491790773,669.9293274432421,1.3798337657004596,1.3919794433750212,1.1268298053182662,871,/tmp/ShineRunner-2faf0a3b-d6c9-46ce-a5e4-de5a5288cb5d,0
True,58.920864,21.60142,0.51,0.51,0.00033024946848551434,37.050521433353424,907.810103148222,1.1897491466253998,1.4332992141135037,0.9344283697195351,829,/tmp/ShineRunner-51279d97-8f83-4d0d-b5b5-731e491a4e62,0
True,57.765821,17.512278,0.183673,0.177767,0.0012338598569234212,18.57156729698181,578.3873032778502,1.6574746504426003,1.1607204959727824,0.9515098486095668,883,/tmp/ShineRunner-a184f2e1-0697-4c97-9472-b7868f58ad40,0
True,75.126756,23.829013,0.51,0.51,0.00029648542404174804,30.08158871730169,650.8487868122756,0.8900957517325878,1.1546212616376579,1.0548747811466455,855,/tmp/ShineRunner-c28dd72d-7d85-430d-bbaa-f1cd86655dc7,0
True,46.717605,16.132041,0.008723,0.00774,0.0009819944699605307,20.630231169859567,567.2973464243114,4.07032712250948,1.4866763618774712,1.329952561017126,876,/tmp/ShineRunner-967111ed-e821-4ea0-868a-60dfbee4c4d6,0
True,49.544793,16.843868,0.037165,0.031571,0.0006357709566752116,16.461246144771575,894.2086510360241,3.9438438393175606,1.3475490063428879,1.3041091354563834,882,/tmp/ShineRunner-305a533c-5558-48df-bae5-deb967498f07,0
True,55.571369,16.614705,0.066642,0.06068,0.0011781970659891763,26.266356293360392,755.8848545886576,3.1018842395395043,1.0344802918843925,1.2412538507021964,862,/tmp/ShineRunner-566344f3-085d-467a-9ee9-ad4c274bd3e6,0
True,44.031852,15.087501,0.008527,0.005569,0.0007498820622762044,29.456040116151176,639.4853610545397,4.5283307425677775,1.4459139271639287,1.2691321603022516,584,/tmp/ShineRunner-c6e93169-5cdf-44c3-b986-278aa8700e93,0
True,62.814565,19.437094,0.310059,0.31638,0.0007203976313273112,21.35937693119049,881.85960566625,1.5433916963636876,1.051922844722867,1.0159652044065297,877,/tmp/ShineRunner-59ca1486-75cf-423c-981a-fafb1a00ec75,0
True,70.589231,22.985695,0.51,0.51,0.00035143295923868815,35.43254630168279,944.9298870749772,1.340896085649729,1.2197085521183908,1.318581920210272,837,/tmp/ShineRunner-f00fec0d-34df-4250-8a0d-9ec7dcb8f4be,0
True,44.031852,15.087501,0.004777,0.006754,0.0004812439282735189,33.837376125653584,639.4853610545397,4.5283307425677775,1.4459139271639287,1.2691321603022516,840,/tmp/ShineRunner-6df569be-0e96-44f5-916e-7190a1349d54,0
True,64.18096,21.248953,0.283154,0.274416,0.0005162596702575683,35.83198637167613,733.0186842009425,1.4362395603209734,1.3170892493799329,1.163275506068021,847,/tmp/ShineRunner-64570f2e-9a43-4aa1-aa6e-b753c9258ec5,0
True,61.441115,21.224438,0.193158,0.185668,0.0008837580680847168,33.59367527564367,898.4781536273658,2.0674103293567896,1.4009419931098819,1.365958129055798,845,/tmp/ShineRunner-b3d30843-e94d-499c-ab90-2e645ff712bf,0
True,37.264678,13.48722,0.025721,0.023056,0.00034983555475870767,31.501814572016396,956.2641652300954,4.440677223354578,1.427932373713702,1.0050832269713283,858,/tmp/ShineRunner-a3850385-a47f-4c30-bb64-1951f5e5b017,0
True,53.98929,18.385853,0.030256,0.029691,0.001014244556427002,22.128342405954996,723.8682177849114,3.4752829007804396,1.4353041928261518,1.4630470012314618,880,/tmp/ShineRunner-6b1fa4a1-4c1e-405d-9257-ad8c94aabfb3,0
True,55.976041,17.390518,0.027048,0.02439,0.0005178570747375489,23.55097894271215,857.3545217514038,4.215071022138,1.0840569399297237,1.480029862653464,870,/tmp/ShineRunner-e705bbac-a259-441b-b6d2-8bc5594f8402,0
True,74.271256,23.866132,0.299524,0.282228,0.0006340384483337402,24.80305488506953,535.7691557146609,1.1114065121859311,1.3734967038035393,1.452193417120725,875,/tmp/ShineRunner-6f9f0314-12ab-4724-a92d-69b28c6c9484,0
True,59.362203,18.203785,0.167361,0.173417,0.00047777493794759116,24.12514040072759,787.9108474589884,2.1169044345617296,1.119813606608659,1.1425733036361634,881,/tmp/ShineRunner-d6bcb5b4-6510-405f-aa13-d352b654f8e1,0
True,45.941819,14.841749,0.031758,0.029691,0.00046140352884928385,19.11431893110275,608.9970245957375,3.2095726981759074,1.3308964562602341,1.0939327009953559,892,/tmp/ShineRunner-b56445c3-7aa1-4d14-9ede-71f575af557f,0
True,42.639667,13.737045,0.02988,0.028372,0.0004739999771118164,28.06914874712626,975.8874070830643,4.4979855094105,1.1806864948011935,1.067123510595411,874,/tmp/ShineRunner-fe25e5c7-9d8f-483a-a26d-ffd26acb220c,0
True,46.715283,15.045396,0.073388,0.068207,0.0005327860514322916,22.55282295147578,818.9512933604419,3.0132495220750575,1.240840096026659,1.0242525999434293,886,/tmp/ShineRunner-2c5b7cbc-f7a0-42a2-824d-704c9e3e62e5,0
True,47.694999,14.701542,0.165832,0.154691,0.0006056427955627441,24.90353464682897,735.9044449403882,2.0290055625140666,1.2295255921781063,0.8132792787626386,879,/tmp/ShineRunner-20a34354-0942-4195-b4df-12b3d8ec7c89,0
True,43.936027,15.258109,0.027805,0.031946,0.00043436686197916664,15.992145017782848,919.9376422911882,4.119173124805093,1.3798350193537772,1.1479792066849768,898,/tmp/ShineRunner-023273a4-36d8-4fe4-82e9-e30de80f53c4,0
True,56.736118,17.299042,0.102656,0.098124,0.00042981704076131184,15.653709344069163,870.3170730732381,2.8368723422288897,1.017144484911114,1.2077399222180247,902,/tmp/ShineRunner-cb769e9f-2e44-43eb-a679-f820e3133726,0
True,60.596245,17.770008,0.096494,0.097473,0.000371400515238444,31.761720116933187,620.3067316673696,2.3140538170933724,1.0040212483145297,1.2316222382709383,867,/tmp/ShineRunner-0e1b8435-0ceb-40f5-b98f-37908e1f6391,0
True,44.510039,13.772009,0.01088,0.01088,0.0003755966822306315,22.584913460413613,682.2993564419448,4.332989813759923,1.194990858901292,1.1530959395691753,888,/tmp/ShineRunner-0b28f051-9f40-4bd7-9e4b-9e14d11a4675,0
True,32.057383,10.754415,0.011662,0.011858,0.0007520278294881184,20.48082114458084,774.4529475457966,4.760677549242973,1.3876534649170935,0.8912454245612026,894,/tmp/ShineRunner-e22da935-ef5e-478d-818b-bc1fddc3015a,0
True,63.378361,19.626173,0.169849,0.160228,0.0004942973454793294,19.997367318471273,776.8452917225659,2.078991889581084,1.1539342496544123,1.3095161885023119,897,/tmp/ShineRunner-091b453f-1902-4ca6-897e-92a00ebdf66b,0
True,32.558637,8.599083,0.00319,0.004579,0.0004738807678222656,24.404416731993358,546.9281962141395,4.616453982517124,1.0397846046835184,0.8660022916272283,884,/tmp/ShineRunner-1db17fde-a35a-42aa-b4c2-990fab76ab03,0
True,48.045134,15.728041,0.043977,0.034563,0.00038416783014933267,27.51840255657832,799.3135964497924,3.559468820691109,1.2934295409359038,1.1826398361474275,878,/tmp/ShineRunner-1468288b-0a9b-4347-abdf-bc13d176f438,0
True,68.772464,24.439327,0.51,0.51,0.0008278648058573405,27.593022056420644,988.1682069972157,0.9891912553459405,1.4841814232058823,1.2131440285593271,885,/tmp/ShineRunner-583b95a1-286c-4e27-95b9-876987f5d6f2,0
True,58.490639,19.074648,0.51,0.51,0.0006463328997294108,22.935771667957304,868.4196858666837,1.257068794593215,1.250837890431285,0.8385076403617859,889,/tmp/ShineRunner-7f3ed78f-08db-4ac3-a1cc-cb0a2f9b5080,0
True,63.658946,20.183084,0.162479,0.153833,0.0005525032679239909,23.11212892929713,918.4084925800562,2.4025359727442264,1.1461431924253702,1.4242303441278636,893,/tmp/ShineRunner-04419a82-101e-4b9d-8213-069c644f8cc1,0
True,67.602351,22.835966,0.51,0.51,0.0019507050514221192,21.97543603181839,951.4658628031611,1.0281855262815953,1.2586588095873594,1.0188496748916804,901,/tmp/ShineRunner-52c1898f-023d-4e99-ba89-e8036585d97f,0
True,37.571943,12.02054,0.06068,0.06015,0.0005111813545227051,17.68646599849065,985.920806415379,3.6719541825354103,1.2486294247210026,0.8331468584015966,906,/tmp/ShineRunner-58611e8e-1b2f-426f-8be3-c31c0afb206f,0
True,74.759109,23.355511,0.51,0.51,0.0006636579831441244,17.458113435904185,796.9061126932502,0.7407558854669333,1.05974286980927,0.8462187426164747,913,/tmp/ShineRunner-4d0f4667-20ed-4de6-b4d8-3c5aa3000e40,0
True,55.496959,17.255336,0.0478,0.048525,0.0004466056823730469,26.213682985305788,949.4417561218143,3.8477784845978027,1.024933545384556,1.3550954916514457,890,/tmp/ShineRunner-0741387f-ecce-410c-8240-c047a0cd8409,0
True,53.151517,18.393719,0.268257,0.246761,0.0005498409271240234,37.69999227921168,961.5142219699919,1.8477230224758388,1.3273946908302605,0.968578146211803,869,/tmp/ShineRunner-624da648-f175-4cdd-a48e-e68ca0cd4eee,0
True,67.373862,23.207673,0.237921,0.235006,0.0005494236946105957,43.54877700805664,806.5129150636494,1.627125483378768,1.4580521821044385,1.49258108176291,849,/tmp/ShineRunner-29d34aa2-eda1-4b82-a385-677f715fa77e,0
True,53.970486,18.586432,0.099424,0.090247,0.00038547515869140624,34.31951274474462,830.2857931703329,2.662913965806365,1.4065796341747046,1.2501925455406309,873,/tmp/ShineRunner-e5d7b130-d512-4487-86ed-bbd53fdcfae6,0
True,41.937989,14.914874,0.007346,0.005964,0.0008572936058044434,18.514463452498116,738.1879659369588,4.849335767701268,1.4944962081499398,1.2370278049260377,912,/tmp/ShineRunner-923888ac-bbd2-4e1c-b827-d4bb080fbd1f,0
True,59.172613,18.800955,0.068901,0.05962,0.0008244872093200684,29.457551868756614,630.3273267112672,2.5832646269351245,1.2987623759545386,1.4048923707567156,887,/tmp/ShineRunner-11c8b780-ec31-4b16-ade7-b0708847d709,0
True,52.468738,18.455383,0.144568,0.12465,0.0005192081133524577,28.588038583596546,515.4642099514604,1.7685981880873443,1.4677435010671616,0.9865067700855434,891,/tmp/ShineRunner-ccdc9ed9-00c0-4a58-bff0-dea3c6137877,0
True,39.549232,12.872314,0.033256,0.031946,0.00046779712041219074,25.277275959650677,711.498158518225,3.505189855769277,1.3386878115125,0.9459762750193477,896,/tmp/ShineRunner-7b25810f-f27f-4f4d-9110-7afb98770c68,0
True,49.862373,16.75515,0.11567,0.106345,0.00046852429707845055,17.058597747484843,858.9829877018929,2.633183774352074,1.3196065840311348,1.072696598712355,921,/tmp/ShineRunner-8dba6bf9-0c95-4d7d-b636-2e3c0ccd619f,0
True,49.950139,16.72338,0.027994,0.023247,0.0003819743792215983,25.07769965728124,580.2751537412405,3.239965326711536,1.4275135826319456,1.2713404031470419,908,/tmp/ShineRunner-c0352eac-a037-4d18-896a-3c450c18d87f,0
True,51.171663,15.652671,0.06367,0.06332,0.00035692850748697915,20.54529007275899,568.9658666960895,2.4900538336485627,1.2217359356582165,1.0482229937799274,915,/tmp/ShineRunner-8c6e6866-918a-4b76-bfd8-6392554eb756,0
True,58.571447,18.617005,0.116296,0.107939,0.0004373311996459961,26.480488832791647,549.2957448586822,1.9353080466389656,1.3065518834628165,1.1586693588644266,907,/tmp/ShineRunner-310cd6a3-3a8a-444f-a9d1-fcae2170c4ec,0
True,40.964877,11.805763,0.011858,0.011467,0.0006032665570576986,27.301364707946778,631.8507543765008,4.303662060946226,1.0319641325622797,0.9920813445933163,904,/tmp/ShineRunner-cd961352-007e-4ee7-ae00-34489639e12f,0
True,82.179806,25.451367,0.51,0.51,0.0005026618639628092,30.663176826635997,713.7665399350226,0.8251129917800426,1.073749739676714,1.2769162684679032,895,/tmp/ShineRunner-25efea86-664e-45b6-833b-61d0b13e1162,0
True,63.955343,19.082246,0.137634,0.127095,0.0007357994715372721,17.95697713692983,699.4615150615573,2.2054913181811573,1.0118116498924792,1.3353161566890777,927,/tmp/ShineRunner-6dfa09eb-75a7-4d76-b0f1-3a55f0c1841a,0
True,49.219119,15.558652,0.022101,0.015166,0.0008231441179911296,17.49772676626841,694.9401688762009,4.080766784399748,1.239666712936014,1.2959838666953147,928,/tmp/ShineRunner-e88ff95b-8d0b-4b14-a738-9b3222ce94ce,0
True,49.959653,15.375912,0.003984,0.002593,0.00044540961583455405,29.441094088554383,513.3161107078195,4.585499198734761,1.2028114800341427,1.4104251542128623,900,/tmp/ShineRunner-2b761e46-4414-42cc-8a5e-e32b8b7984e8,0
True,48.417009,16.369554,0.009312,0.005964,0.0003411253293355306,27.416457696755728,785.7875437475741,4.937566792592406,1.3553680777549744,1.4295927559025585,910,/tmp/ShineRunner-d04f048d-696e-4d56-bb55-15cde67aa199,0
True,82.023713,26.667246,0.51,0.51,0.0003090818723042806,26.40810960928599,725.8713436312973,0.6573049504309892,1.1685393885709345,1.0883556491695345,911,/tmp/ShineRunner-c06b792c-80d0-47aa-a225-9e6092676dd8,0
True,31.838111,10.987784,0.018453,0.016716,0.00043537616729736326,19.707323054472607,847.8736053220928,4.47834758721292,1.435751325916499,0.8577221461571753,934,/tmp/ShineRunner-5c7b66ab-bef2-49cf-ba35-43f5c3e31a4c,0
True,46.642498,14.928143,0.03419,0.02988,0.0006340543429056803,19.800537772973378,518.2423805817962,2.8752776335924866,1.3438343196175992,1.060410719923675,932,/tmp/ShineRunner-9fe6b06f-fd88-44f3-ad4f-5e63f5de845d,0
True,70.260487,23.366241,0.309678,0.297062,0.0012049913406372071,21.16197191476822,644.2211978137493,1.2027855925261974,1.3656752780079842,1.2828769134357572,919,/tmp/ShineRunner-ade2577b-444c-4e02-bee0-868b1d7321f0,0
True,46.801817,13.651833,0.01088,0.010489,0.00045360724131266275,26.49453278382619,537.9326329566538,3.7946356073021894,1.1085209329612553,1.1214253625832498,916,/tmp/ShineRunner-0e420f5a-2ed8-4730-b0b4-2ba697c911cf,0
True,49.833069,15.204728,0.16332,0.162619,0.0005624214808146159,29.819968648751576,892.4409486353397,2.3629627618938684,1.112022698391229,0.8966093514114619,909,/tmp/ShineRunner-b5c3769d-0e07-4816-80cf-6cb2afb79827,0
True,52.642698,16.653133,0.51,0.51,0.00037026405334472656,24.41226135889689,524.474733043462,0.9359854355454444,1.3998010181821883,0.9137634320184589,923,/tmp/ShineRunner-45994a98-152a-4f67-8888-2399862c2b6a,0
True,57.615246,17.101947,0.235357,0.228276,0.0010446667671203612,19.06463146607081,544.3955818191171,1.3941008400171997,1.1468027564696968,0.8086569077335298,939,/tmp/ShineRunner-ac77041b-681b-4b68-8b20-2cd94047c3da,0
True,71.86095,21.050233,0.225886,0.227083,0.000701296329498291,34.82129929860433,607.3438823223114,1.4902529906481505,1.0659311152994633,1.4575119386427104,899,/tmp/ShineRunner-74feae2b-dafa-4775-be80-2968f3a8c824,0
True,57.859125,17.680231,0.225647,0.223602,0.0005327502886454265,19.468312418460847,839.7248103283346,1.9054962512105704,1.070743394549936,0.9997164342552424,937,/tmp/ShineRunner-ebef7816-2dad-43c8-8186-1abf629cb475,0
True,45.716775,15.663119,0.037351,0.031196,0.00043716033299763996,20.796113860607147,983.0079851672053,4.195970192924142,1.3292369367554784,1.1831392680294812,938,/tmp/ShineRunner-78df5121-f7d2-4da2-a4ea-89e10f977e68,0
True,60.260971,19.318048,0.134049,0.121728,0.000408474604288737,23.473690577348073,954.3516235426068,2.72122428752482,1.1634752815589309,1.3688413947820663,933,/tmp/ShineRunner-c7adcf79-9b3e-4ad4-9a6b-d85740081b0d,0
True,50.097177,16.637392,0.0198,0.018068,0.0004421154657999674,23.37919836441676,648.4966012649238,3.710893436148763,1.389652225188911,1.3420784207060934,936,/tmp/ShineRunner-176a9862-2c77-4651-9b5c-dbc83cb6ef0a,0
True,74.294697,22.759676,0.51,0.51,0.0005408724149068197,26.188267799218497,663.9073840342462,1.1272849638015032,1.1184294605627656,1.2215313206426799,935,/tmp/ShineRunner-dbb46ebc-fd33-491e-8ce5-cd30588b401b,0
True,49.687113,16.720465,0.005767,0.002991,0.0004421194394429525,19.179785013198853,556.5007259137928,4.353164566680789,1.4380944683216512,1.4714289475232363,948,/tmp/ShineRunner-b46a750e-2695-4fb9-a4f9-a97f42c7b682,0
True,59.432471,18.547823,0.06015,0.061209,0.0011265953381856284,27.572609941164654,922.8849150240421,3.612340418249369,1.0422695013694465,1.4979821292683482,930,/tmp/ShineRunner-1ec5b123-5a6b-4b54-9a71-7309a3e3910a,0
True,40.049316,13.682817,0.070286,0.05696,0.000548243522644043,34.98151257038116,680.525931995362,2.7515679471194745,1.4599546194076538,0.8715335547924042,903,/tmp/ShineRunner-a336ab58-6cd5-471b-80a5-78a624e1412c,0
True,54.036945,19.010336,0.128008,0.109211,0.0008199055989583333,27.484214810530343,612.2095938771963,1.9798935011029246,1.4806851269677281,1.1075316965579987,931,/tmp/ShineRunner-faadce4e-a6ca-4a9a-885c-a19dfcfcbaac,0
True,50.795117,16.643653,0.035308,0.029503,0.0006063620249430339,17.528748166561126,827.4442031979561,3.89319767318666,1.2800000454299152,1.3241175225935877,950,/tmp/ShineRunner-3631b055-e65f-4dcd-ad5b-20656e030714,0
True,35.025929,9.689725,0.002991,0.004975,0.0031131823857625325,21.984168791770934,575.4365026950836,4.898628588020801,1.0258706277236342,0.9213581805117429,940,/tmp/ShineRunner-4a2aa298-b49c-4209-9d95-0c7ba65f3963,0
True,55.631542,17.240258,0.196012,0.187784,0.000758810838063558,20.409871912002565,637.33727671206,1.709751035645604,1.2126784035935998,0.9328899969346822,951,/tmp/ShineRunner-8d00ac06-c5d4-4945-adda-782e41365a46,0
True,68.143469,23.948177,0.51,0.51,0.0002471804618835449,39.45128756364186,817.3076878301799,1.295543757081032,1.4763612491078675,1.3497361934743821,905,/tmp/ShineRunner-3755acdc-8183-4b74-8baa-12b2d4fff2c7,0
True,43.671408,12.626257,0.051593,0.05482,0.0014738996823628744,24.317340993881224,731.3655568286777,3.156164269894362,1.0838889530859888,0.8870093665085733,944,/tmp/ShineRunner-cf25a876-54f4-49d2-af44-9e9a4c98fef9,0
True,49.322617,14.940686,0.027616,0.02648,0.0006849408149719238,19.182422296206155,599.8927499167621,3.4213373795151716,1.1825565239414573,1.1686344261281192,956,/tmp/ShineRunner-75eedb26-59d5-44c7-8c72-6046bbab6ab4,0
True,53.988344,18.931718,0.216547,0.207481,0.0005159854888916015,18.616262849171957,706.2501879408956,1.6813425712287429,1.4098036433570087,0.9852970285341144,959,/tmp/ShineRunner-e85a189a-79b9-4288-8892-4085b20249c1,0
True,33.349732,9.998493,0.01088,0.00892,0.0005906025568644205,32.40514828364054,618.4342592023313,4.031424642726779,1.270797049626708,0.8186413541436196,924,/tmp/ShineRunner-66c9f4cb-dcb2-4283-b6d3-dc11b60f5f96,0
True,56.394768,17.914551,0.101366,0.100396,0.0005957404772440593,17.01144311030706,910.0937284529209,2.908463688194752,1.1668977290391922,1.2652004688046872,962,/tmp/ShineRunner-0dd8d7b9-a4fb-4d00-bfe3-e7ec6bf22281,0
True,57.296417,16.081567,0.055713,0.048344,0.0005002021789550781,20.492455327510832,505.87266543880105,2.5260287534445527,1.0535840201191604,1.263765036407858,955,/tmp/ShineRunner-2db7991d-fbaf-4cae-b3ce-976524ed42df,0
True,39.233803,12.179299,0.022865,0.018838,0.0005873560905456543,34.339232695102694,828.3732663840055,4.382971903681756,1.1728653670288622,0.9741105932742358,918,/tmp/ShineRunner-d7ae0cad-6401-4ef6-84c2-5771ac74fec3,0
True,60.046302,18.149438,0.053747,0.052492,0.0009651382764180502,34.198496353626254,668.4210393577814,2.959037654846907,1.125209691002965,1.4468322987668216,920,/tmp/ShineRunner-4988c204-e8fd-41a9-8e20-bfcf93d2e02c,0
True,56.203871,18.579778,0.078341,0.062266,0.0005715727806091308,34.559995571772255,880.3150779567659,3.1263558838516476,1.28563958639279,1.3850248745642602,914,/tmp/ShineRunner-fc980470-6775-478e-bd02-794da5dd7af9,0
True,40.061594,12.946894,0.007346,0.007937,0.00048658053080240883,23.531626037756602,675.2702705562115,4.635017456486821,1.2964370651170611,1.0968460693955422,952,/tmp/ShineRunner-dd580885-be87-4417-a3dc-8d6eb0106917,0
True,40.951018,14.475009,0.042696,0.041962,0.00042467117309570314,33.31524640719096,765.4421264305711,3.390988736972213,1.448640115559101,1.0103890026919544,926,/tmp/ShineRunner-1a4e75e1-cda3-408d-bba1-5865bf52f801,0
True,61.550123,20.636228,0.51,0.51,0.00034076770146687825,29.288947244485218,889.4675690680742,0.6871156968176365,1.4658732204698026,1.2466115868650376,941,/tmp/ShineRunner-2e54e5af-4ea9-4a96-8f8a-82d3efe2ce2c,0
True,52.267435,15.982909,0.012443,0.012053,0.0010817170143127442,20.22950106461843,708.470453042537,4.510728207230568,1.1140317898243666,1.4125118624418973,960,/tmp/ShineRunner-027097b1-7c88-4836-979c-61d3d2f1ab8e,0
True,62.094573,19.258357,0.230296,0.221305,0.000744791825612386,19.969359441598257,941.0655396059155,2.0162481617182495,1.037878502625972,1.1648147550411523,965,/tmp/ShineRunner-697195a9-3799-4481-90ca-51b1b98a444c,0
True,62.970204,20.055429,0.127247,0.120647,0.0006446361541748047,29.986685760815938,742.4556785263121,2.2644046299159526,1.253106541465968,1.4383639279752969,943,/tmp/ShineRunner-63590bae-efec-439f-a134-bc911c80ad05,0
True,66.095496,23.462274,0.51,0.51,0.0003509720166524251,21.590764371554055,772.060087416321,1.0900511734187603,1.4254940305836499,1.1040920564904808,961,/tmp/ShineRunner-9e799888-a4b7-4f0d-ac8c-52f8c22faf5b,0
True,49.324427,15.432611,0.02439,0.023628,0.00037413835525512695,35.71343097289403,963.7462445534766,4.665367148071527,1.0918788127601147,1.2557667836546897,922,/tmp/ShineRunner-ece11e22-499c-401f-84af-a62c5654105c,0
True,70.876846,22.284765,0.51,0.51,0.00040221611658732096,26.586051523685455,994.342798832804,1.2417272064834832,1.0077356835827231,1.1355799214914442,949,/tmp/ShineRunner-d90c352f-1d57-48b4-aa3d-6ab4ed049fcb,0
True,47.47964,14.884615,0.055713,0.056782,0.0004416426022847494,27.416572964191438,808.2652245648205,3.347658243775368,1.1917661214247346,1.0796071888878942,942,/tmp/ShineRunner-f04718be-e655-469a-b227-e2c3ae6a2a40,0
True,38.95555,12.952497,0.030068,0.033256,0.0006231824556986491,18.72022372086843,866.0882781259716,4.048967595770955,1.312111247330904,0.9763504069298506,966,/tmp/ShineRunner-80f20dd8-3797-49c8-8fe7-1d72d5748107,0
True,65.879934,23.010406,0.259808,0.252951,0.0008235534032185872,41.458306682109836,973.8479224033654,1.8174400188028814,1.4143680091947317,1.4855607946403324,917,/tmp/ShineRunner-4a7981e4-5078-4fc5-9f57-fb2414472432,0
True,40.8713,12.730675,0.020952,0.019608,0.0005037347475687663,30.406069417794544,900.8705127052963,4.750774750858545,1.1364955711178482,1.0350111026316882,946,/tmp/ShineRunner-b39032a8-8e20-45cb-880f-75ca311699a5,0
True,44.997675,15.357714,0.189759,0.176141,0.00043660799662272135,25.415073784192405,911.7656475864351,2.1670910097658633,1.3725588633678854,0.8270493709482253,957,/tmp/ShineRunner-ffd8f659-c096-40df-a055-e87810247de9,0
True,35.724172,10.243829,0.027237,0.025341,0.00048601229985555013,17.509253923098246,883.40352056548,4.320226110517979,1.0101735815405846,0.8015391022898257,978,/tmp/ShineRunner-9357d48c-579c-4392-8e9e-45a03969da16,0
True,78.11424,25.085614,0.51,0.51,0.00044240554173787433,26.11784805059433,859.9457871168852,0.9743867930024863,1.2275284579955041,1.422705508582294,953,/tmp/ShineRunner-8c4764ea-a50a-47d4-bc77-163de1ee93f7,0
True,42.700285,13.674661,0.048163,0.046529,0.0010443449020385743,23.354798463980355,593.7507208436728,2.6842588223516946,1.3570221648551524,0.9014021215029061,963,/tmp/ShineRunner-65307dfc-95b5-4b27-ae6b-b066d9c2c4c0,0
True,32.248844,10.499604,0.00892,0.009509,0.00038330554962158204,22.924040599664053,500.27852412313223,3.580809489265085,1.4704345110803843,0.8283486186526716,964,/tmp/ShineRunner-2d3b94d7-9eea-4a59-a6ca-108976129f72,0
True,80.30012,26.134754,0.51,0.51,0.0004143993059794108,30.80132477283478,587.4724476598203,0.8484438195824623,1.3249109433963895,1.3982140826061369,947,/tmp/ShineRunner-ad529c5b-8302-4f9f-a315-a85f3761929d,0
True,44.529157,13.368564,0.008133,0.008527,0.0008768320083618164,19.599314804871877,593.5977697372437,4.22810117378831,1.1521696341224015,1.1308977238833904,972,/tmp/ShineRunner-0e686d7f-a885-40d2-b4dd-29e5d11d7fe0,0
True,53.836083,16.422513,0.026101,0.022865,0.000778961181640625,29.882851656277975,766.4664378389716,3.9323296636343006,1.0984634468331933,1.3603854164481164,958,/tmp/ShineRunner-6261cc4b-4a24-4e9b-bd8e-73a9e1ce7c22,0
True,62.154112,20.77799,0.180999,0.172322,0.0005281647046407064,21.491025427977245,729.1314476169646,1.8693553000688552,1.3774483688175678,1.3143083796836437,975,/tmp/ShineRunner-37dcbd2c-2213-4fba-8797-65e34c4d1394,0
True,42.581073,12.481585,0.033443,0.039201,0.0004260698954264323,22.09332006374995,790.3395150788128,3.7422184579074385,1.0683053978718817,0.9398369300179183,974,/tmp/ShineRunner-20a124b7-abdd-4e42-8c45-e87eda1b8507,0
True,41.600802,12.990141,0.026101,0.023819,0.001477340857187907,22.32297211488088,748.0934513732791,3.8605274766683584,1.2073114421218634,1.004227707348764,976,/tmp/ShineRunner-ccf63825-19f8-4d6b-af12-817f3837b30b,0
True,43.328266,13.939691,0.002195,0.003786,0.00046181281407674154,20.02508076429367,542.2227610833943,4.782024512067437,1.313676254823804,1.2400572122074665,980,/tmp/ShineRunner-6fc9ae0e-5b71-44cd-9e5f-868a2f7b175a,0
True,57.250846,18.941047,0.269326,0.261666,0.0005172888437906901,43.47294036547343,754.3403119780123,1.5205976992845536,1.2989319888874888,0.9595286409370601,929,/tmp/ShineRunner-eaf0bb38-468e-49b0-a91b-1fb41ff0a2e1,0
True,55.751836,19.082427,0.058735,0.054642,0.0004178365071614583,19.300950618584952,841.4713516831398,3.188219465687871,1.4053644500672817,1.4420554226264357,982,/tmp/ShineRunner-17be7346-3d88-4cae-9f6f-f40b98bbd1c6,0
True,39.935438,14.630881,0.08809,0.084584,0.00047563711802164714,33.3780798792839,943.2862964458764,3.058131584897638,1.4860179470852017,0.905785223376006,954,/tmp/ShineRunner-92abe5f5-554f-4b52-8de8-7400c4350920,0
True,58.536499,17.198769,0.038646,0.042879,0.0007452567418416342,17.129970089594522,613.9427865855396,3.0262901641428472,1.0579818454571068,1.3788641685619951,988,/tmp/ShineRunner-28806c6f-1886-403f-878e-adfbda7a723e,0
True,49.881691,15.688471,0.030632,0.027427,0.00045892000198364256,28.49190059105555,635.6520089320838,3.3147950645536186,1.2643411313183606,1.2029424387030303,968,/tmp/ShineRunner-5c570ea1-d622-4e82-9497-92043cbbb06b,0
True,68.563609,21.615529,0.225046,0.226844,0.00045412778854370117,28.947100528081258,676.9426516257226,1.5561469908803702,1.243080581072718,1.3668116251006723,967,/tmp/ShineRunner-d6037b6b-0b97-4c70-9891-4c775a626872,0
True,47.958791,17.3427,0.020376,0.014196,0.00043433109919230144,27.46656840244929,996.5764163061976,4.866034192964435,1.453662692103535,1.394693460315466,970,/tmp/ShineRunner-f8bc6fc8-4789-489a-898f-cab0b90fe0ea,0
True,48.138502,14.939278,0.146175,0.139859,0.00040340026219685873,29.89752015272776,821.3193430565298,2.301038368418813,1.1971415858715773,0.8776782051660121,969,/tmp/ShineRunner-aeb071a5-71d1-4cc6-b36c-b4c7523a2594,0
True,36.351023,12.331097,0.014584,0.012833,0.0003944079081217448,23.081711494922637,657.8261665999889,3.9654740270227196,1.4200543989427388,0.9584002655930818,984,/tmp/ShineRunner-bb379525-14e2-4105-908d-2a0570fcf74e,0
True,64.725473,21.009921,0.320744,0.302747,0.00045260190963745115,47.92661700646082,932.2871076874435,1.5741865012794733,1.2053064187057316,1.1770624531432987,925,/tmp/ShineRunner-c47e8728-3c24-4e5a-b098-1192ec0c5d9f,0
True,73.963004,23.70604,0.51,0.51,0.0006359020868937174,23.5503115495046,977.3707040585577,0.8123451005667448,1.1311200228519738,0.9308602246455848,981,/tmp/ShineRunner-572f48dd-9e7d-4052-87e4-7ed6709aa07f,0
True,71.169557,23.729901,0.51,0.51,0.0010362664858500163,28.96428705851237,902.5562424212694,1.3582287386059761,1.3404629472643137,1.4732489248737692,973,/tmp/ShineRunner-105d2c9f-9ad4-481d-91fe-6ee7db4d4c9f,0
True,45.388293,14.427127,0.013223,0.010293,0.0010486364364624024,18.50356941620509,752.1808436140418,4.603444819897414,1.224106150213629,1.2199249637313188,990,/tmp/ShineRunner-4c1adac0-b057-4d58-851a-f88f806eecb2,0
True,81.38942,25.515496,0.51,0.51,0.00045245885848999023,25.600434517860414,562.0772102847695,0.7245553288608789,1.0234259516000748,1.0359258523210884,971,/tmp/ShineRunner-c4b3de6b-8d33-422f-bf19-c314046e39cd,0
True,55.230582,16.26968,0.095841,0.1033,0.0006970723470052083,23.40755756298701,654.560187831521,2.415280776843429,1.0863335304893553,1.0788633532822132,983,/tmp/ShineRunner-14f44273-0884-4c42-803a-b25b35f6119e,0
True,66.226222,23.148277,0.256837,0.247328,0.0004006505012512207,28.775640499591827,573.6894994042814,1.2784031607210635,1.4502982408739626,1.1927774968557059,979,/tmp/ShineRunner-c4130491-4f80-421e-b88f-f9f94784381a,0
True,48.573326,15.26433,0.095677,0.078681,0.0004551808039347331,20.170173426469166,972.1149699762464,3.276393182575703,1.1242341022007167,1.0446970569901168,1002,/tmp/ShineRunner-6f185431-0f49-48c4-b2e5-ae6d5351691c,0
True,64.677971,20.700338,0.51,0.51,0.0004249930381774902,20.833142030239106,834.0279529802501,0.6254608742892742,1.3499934887513518,1.2276913186535239,1001,/tmp/ShineRunner-d4b8bba9-2fd3-4f56-a4ee-a8da6b98b23a,0
True,46.047313,16.305636,0.021526,0.016135,0.00037915706634521483,17.767471059163412,802.9875666834414,4.266502006724477,1.478798198979348,1.2898184798657895,1006,/tmp/ShineRunner-fa6c0a3e-f440-4aa9-8900-7331255e03b3,0
True,68.326635,21.14478,0.267936,0.263515,0.00043657620747884117,25.16083054939906,846.1399506777525,1.6444529075175525,1.1028546001762152,1.2999744518660008,985,/tmp/ShineRunner-12959f7a-43fd-4d36-85d7-148596a6f3c2,0
True,47.879843,16.043249,0.013223,0.009901,0.0008891105651855468,17.456126860777538,719.7290929034352,4.419323974475264,1.3710431149229407,1.354242152068764,1008,/tmp/ShineRunner-c2e45bc5-ddfa-42e8-a16b-69cd9fa47298,0
True,53.955605,15.567536,0.162198,0.159664,0.0005489627520243327,18.543745581309,582.4961508624256,1.785638174787164,1.096318035852164,0.8427797622978688,1011,/tmp/ShineRunner-72606f1d-10e5-47f4-b566-8a3aa597e857,0
True,63.113458,18.386165,0.091405,0.084249,0.0013381441434224446,26.391114564736686,520.4023406840861,2.1299324963241815,1.1791427955031395,1.491726803407073,987,/tmp/ShineRunner-14e59112-37a2-4495-a8b1-8164b1b1aa73,0
True,52.326056,18.314334,0.51,0.51,0.00046318769454956055,24.16696914831797,965.4930112883449,1.4575844004750254,1.3842252171598375,0.8148163268342614,997,/tmp/ShineRunner-8750e270-a407-40ac-b885-7ea0aedec561,0
True,65.714666,21.129479,0.51,0.51,0.0008557359377543132,19.840018006165824,784.114926122129,1.1712520737200975,1.1840923293493688,0.9900958093814552,1009,/tmp/ShineRunner-97804639-4d0e-46c6-969f-f5b91a061ccb,0
True,55.60642,16.489589,0.035122,0.037351,0.0007253845532735188,18.18916844924291,686.1026678234339,3.355119225382805,1.0015619858168066,1.3083824986591934,1016,/tmp/ShineRunner-afedd5f9-7fd0-4e13-9b88-ab65b80b4399,0
True,58.557035,19.135982,0.06015,0.052492,0.0009917179743448893,22.509889312585194,531.8516409024596,2.331387535482645,1.4299591118469834,1.385944949183613,1003,/tmp/ShineRunner-d33f06fd-3a97-48a0-b7ae-60bbc2f7916f,0
True,65.454553,21.206767,0.229703,0.21396,0.0006516456604003906,33.55921438932419,810.4385370388627,1.7472323589026928,1.268773936200887,1.3400875605642795,977,/tmp/ShineRunner-7ec69b59-18ae-4100-bf23-c6838dac1c32,0
True,64.606997,19.628719,0.331372,0.321482,0.0011707862218221028,21.174838240941366,739.9213803000748,1.3278806205838918,1.0441669495776296,0.9643068065866829,1007,/tmp/ShineRunner-55af8e5f-9cce-4e3b-86db-d2847b4dcb47,0
True,43.325549,12.982489,0.01536,0.014196,0.0004649639129638672,19.83296666145325,815.0871824473143,4.812368696182967,1.0475313859060407,1.0920525104738772,1014,/tmp/ShineRunner-3b7a1150-18f2-48b0-aa75-0af860d4c057,0
True,75.092042,23.521733,0.51,0.51,0.0005114038785298665,25.463090566794076,624.0717768669128,1.0602433118969201,1.1896247486583889,1.2513890067115425,995,/tmp/ShineRunner-d161db78-3f54-452e-8c9c-2136dc66d42c,0
True,35.95491,12.061239,0.005767,0.004182,0.0005257685979207356,18.015807191530865,605.1100282929838,4.702002427354455,1.3954023919068277,1.0288670820184052,1020,/tmp/ShineRunner-5b739683-05f2-4343-aaba-0acd169a48af,0
True,58.328858,19.006367,0.209236,0.210609,0.000556647777557373,25.16647015810013,878.1553544104099,1.9684508036822082,1.2374023674055934,1.1232399837113918,1005,/tmp/ShineRunner-e3d9c04b-c249-4414-9dd3-a5cf794ee590,0
True,45.99738,16.186838,0.070286,0.057315,0.00046731233596801757,29.34653151432673,697.715210262686,2.800776278600097,1.464353404007852,1.0625082670710981,992,/tmp/ShineRunner-217b6028-91da-4649-b384-b67121d0cf8d,0
True,54.469422,17.273335,0.013612,0.01088,0.0004434466361999512,25.11269066333771,563.3106883615255,3.6350629124790435,1.3011839664541185,1.4808839636854827,1004,/tmp/ShineRunner-effc3e41-2ddc-4ffa-9a60-ecbc5dc90dbd,0
True,62.301558,18.833187,0.083914,0.087258,0.00048418442408243814,29.897004159291587,759.3782995827496,2.7828203637152913,1.0274028717540205,1.4540729609318077,993,/tmp/ShineRunner-04e1c776-4290-43d7-9c41-eeb82c9cd650,0
True,36.174889,11.687004,0.025721,0.021335,0.000458828608194987,30.111479794979097,934.459688141942,4.549671394750476,1.2552374536171556,0.9151935499161482,994,/tmp/ShineRunner-04c4011b-dd4e-4d79-be37-7b6297ae2905,0
True,81.577105,25.570304,0.51,0.51,0.0004000306129455566,18.838321085770925,914.3613982014358,0.9031237971037627,1.0816205693408847,1.4030136092565955,1021,/tmp/ShineRunner-71643e2f-9070-41b8-8165-90894ae3b796,0
True,46.378178,16.097951,0.06786,0.06015,0.0009254018465677897,33.98208331267039,960.0065615959466,3.453675783798099,1.3593797595240176,1.1166492426767944,986,/tmp/ShineRunner-5bde07ac-5d56-4964-9c84-2e608b37ca95,0
True,57.740361,19.476782,0.166528,0.150527,0.0006641745567321777,22.25417624314626,992.0625952072442,2.522432912886143,1.2910140953026712,1.2808478035032749,1013,/tmp/ShineRunner-42f037eb-1e57-4197-baca-94fe40132f45,0
True,62.610683,19.725908,0.161496,0.145883,0.0004900256792704264,21.536807175477346,511.6301407106221,1.6055141784250737,1.2742118695750833,1.141718555893749,1019,/tmp/ShineRunner-27c735ac-d1c6-4eee-b5f3-85a6ba14a28c,0
True,52.2888,17.26918,0.135247,0.130888,0.002331213156382243,30.100846314430235,666.2479671649635,2.0460549741983414,1.3352731349878013,1.0168205675669015,999,/tmp/ShineRunner-afa70fa4-c03c-4ce5-a250-0b1b75f73c41,0
True,32.450953,9.422888,0.004975,0.005569,0.0004542986551920573,30.00081916252772,646.3804296217859,4.9731886893510815,1.1573056518100202,0.8529493562877178,1000,/tmp/ShineRunner-8c82e70c-b241-48f4-be1f-931fd16ba4b2,0
True,44.763204,15.750197,0.044708,0.032882,0.000700525442759196,26.88514064947764,898.0348533950746,3.8301822435110813,1.4119309643283486,1.1515568679198622,1010,/tmp/ShineRunner-65a07b56-01d0-4e1c-b978-89b761fdce68,0
True,40.485209,13.068187,0.073388,0.059443,0.0004281282424926758,20.99350724220276,778.5307997837663,2.996478893235326,1.3230280834250152,0.8699325645342469,1022,/tmp/ShineRunner-4fb5ba65-f9b0-411b-9b96-072d3bcf24cd,0
True,47.568557,17.803055,0.130284,0.120338,0.0005438089370727539,33.647929139931996,928.9656705223024,2.561653305590153,1.496275382116437,1.052993818745017,989,/tmp/ShineRunner-cbb7dc41-65a3-4b51-ace5-cedaf798ae0f,0
True,64.001416,21.139946,0.51,0.51,0.0009492317835489909,34.092293846607205,689.2857225611806,1.0108172386884688,1.2832493744790554,0.8619343652389944,991,/tmp/ShineRunner-b45df73f-dda5-40bd-9fbb-8f7308fc1d6b,0
True,41.134964,13.918132,0.052671,0.040675,0.0003608862559000651,22.75980494817098,916.2339898757637,3.7236550167202953,1.3151917564682662,0.9956700188107789,1026,/tmp/ShineRunner-c1928a63-1e0b-41b4-8607-e67408259aff,0
True,56.894796,17.28917,0.092724,0.087258,0.0009197672208150228,23.727991886933644,717.6227821037173,2.6005909856408835,1.1383965807035565,1.2119467850774526,1023,/tmp/ShineRunner-154c77dd-9c27-44a7-be0c-469854a1af29,0
True,46.711386,15.078751,0.014778,0.011662,0.000621962547302246,20.657577085494996,874.0595877170563,4.919979747012258,1.2106801713816822,1.2752702170982957,1030,/tmp/ShineRunner-09fa40ef-37d7-4874-af20-26b0cb5909dd,0
True,55.763248,15.789717,0.01826,0.021526,0.00044148763020833334,20.859622951348623,509.3979989178479,3.326309207454324,1.0093957199715078,1.4342080307193101,1028,/tmp/ShineRunner-82e74c48-8033-4539-91b5-5ec0658cf8c2,0
True,47.242323,16.951843,0.167222,0.15168,0.0009677052497863769,24.893494375546773,872.5514188408852,2.2376248888671397,1.4442500760778785,0.9499721851199866,1017,/tmp/ShineRunner-101288df-8c44-4284-bee3-650e4c659aa6,0
True,47.394378,13.729576,0.006951,0.009509,0.00040502150853474934,33.87387550671895,530.5390218272805,4.1566560544073585,1.0761809227988124,1.178367067500949,996,/tmp/ShineRunner-8fbf40c9-b0c5-4e52-9234-37129c73266d,0
True,54.627413,17.066732,0.048163,0.049971,0.0005965193112691243,31.507973901430766,853.3449782989919,3.5418673507869247,1.140754190273583,1.3263641684316099,998,/tmp/ShineRunner-94912770-8c27-4e98-8b50-a1b5c50f25a9,0
True,50.982076,15.230577,0.083914,0.075956,0.0005439082781473795,19.303731417655946,722.136695869267,2.6996003776788715,1.1041538561694324,1.0234636875800789,1039,/tmp/ShineRunner-15f68caf-c7d1-45eb-af65-70e746f16be8,0
True,65.659197,19.575102,0.154119,0.140893,0.0005107561747233073,25.124960509936013,603.3575846813619,1.8841597951948645,1.1305605517700315,1.3488805695436894,1027,/tmp/ShineRunner-151c0e88-1c58-485e-a60f-e27be69b4f1f,0
True,55.214109,18.074896,0.040307,0.036794,0.0019996007283528644,29.803963243961334,945.3407772816718,3.995286346971989,1.2184866364113986,1.466634799260646,1018,/tmp/ShineRunner-b8eb7a12-aa55-4c88-b793-d5d675b5be69,0
True,43.127807,14.156745,0.007149,0.004182,0.0006267865498860677,17.2946324189504,584.0405593626201,4.465309051424265,1.3632384380325675,1.2065445667132735,1036,/tmp/ShineRunner-aec2659a-bf14-43f0-b942-c065902cab4c,0
True,68.321574,20.923181,0.310059,0.307383,0.00041896899541219075,23.93803412914276,780.5186668410897,1.4154645793139935,1.0894247395917773,1.1571322377771138,1025,/tmp/ShineRunner-9f4b8def-1ae6-4ab5-a644-0a09378aae34,0
True,49.187432,17.55631,0.017296,0.014972,0.00045766830444335935,20.112399236361185,876.2676231563091,4.647789527475834,1.4709946545772254,1.4487125414423645,1042,/tmp/ShineRunner-272b2213-c4c5-402c-b055-f745d9f834a5,0
True,31.987658,10.536661,0.018453,0.010097,0.0004633148511250814,27.504610987504325,715.5147371813655,4.183219078183174,1.403206383343786,0.8374196792021394,1024,/tmp/ShineRunner-fcd41449-5124-4d2c-9caa-d16549f59a73,0
True,56.260169,19.209875,0.071322,0.070286,0.0007747252782185873,24.447145227591196,781.8312859162688,2.888288902491331,1.4197664866223931,1.408544170949608,1038,/tmp/ShineRunner-312ace95-bcf0-4a03-a811-5658726e6e6a,0
True,47.25638,14.583837,0.023056,0.02076,0.00045418739318847656,26.722496477762856,628.1699873507023,3.5907123204320675,1.2251355154439807,1.1471249909140169,1032,/tmp/ShineRunner-b9471d44-9621-4816-8f39-cf14dbce69d8,0
True,75.295264,25.573805,0.51,0.51,0.0004572272300720215,25.334303466478982,684.4743210822344,0.6743687864392995,1.2664051065221429,0.8954125668853522,1031,/tmp/ShineRunner-15d55c73-c4d8-4742-9114-386808d540be,0
True,54.517839,17.366939,0.097147,0.085254,0.0009390751520792644,18.863869563738504,967.6412297412753,3.1777797710150484,1.1485886992886662,1.233097417280078,1050,/tmp/ShineRunner-c2ad5bc4-b37c-42b8-8be5-07624d595c9d,0
True,41.993372,12.779927,0.041778,0.048344,0.0005668322245279948,24.391691215833028,989.8992371745408,4.1023759912699465,1.0553376423195004,0.9444377457723022,1034,/tmp/ShineRunner-1e7f6bec-3a90-4fac-b66c-fe3391df4b9c,0
True,41.498818,12.284824,0.008133,0.009509,0.00040888388951619467,23.70129349629084,534.0989222750068,3.9109911177307373,1.1651106565259397,1.0112426447682084,1044,/tmp/ShineRunner-07395778-5145-4bf5-a699-c497f4f19489,0
True,51.154225,15.346503,0.00833,0.007149,0.0005923589070638021,20.805320858955383,664.3506991676986,4.729152947291732,1.0683751134201884,1.3804101734422147,1048,/tmp/ShineRunner-42769e92-91d7-4916-8fc8-e29b9630a33d,0
True,69.462928,24.379046,0.51,0.51,0.0003446221351623535,20.754874169826508,855.1182835362852,0.8614571947604418,1.3764197058044374,1.050101995188743,1049,/tmp/ShineRunner-4c2f8892-66b6-4a87-a9d5-6cc257edfd6f,0
True,61.870929,20.401332,0.273889,0.273044,0.0004092256228129069,19.279643551508585,616.0661946050823,1.3083095584064721,1.2910552136600018,0.9988629486411811,1059,/tmp/ShineRunner-b7263130-26ce-43a3-98b5-e6c04e47adcd,0
True,50.586023,14.91336,0.031571,0.028938,0.000425263245900472,20.62675264676412,691.0532908514142,3.693305325135589,1.0501476642675698,1.1874112439341844,1056,/tmp/ShineRunner-a4fe1c4c-3cfb-4ee7-8edc-dc0ec3af961a,0
True,42.668107,13.712282,0.016909,0.014196,0.0008379856745402019,21.271764465173085,761.6465617902577,4.366182129830122,1.2630406701937318,1.1178374289534987,1054,/tmp/ShineRunner-68acc034-40b0-4123-a247-ce7ecca917d3,0
True,64.705817,22.166006,0.279331,0.284078,0.000639490286509196,24.44214492638906,969.7475405409932,1.6941020619124174,1.3577987914904952,1.331726794037968,1045,/tmp/ShineRunner-f6ea628c-dcf1-4dfd-9ffb-4d3e43969066,0
True,36.542578,12.585475,0.014584,0.012443,0.0007302761077880859,22.615420977274578,622.5425079464912,3.8801654316484933,1.4565164214000106,0.9698370318859816,1052,/tmp/ShineRunner-69224d7d-d645-4ce6-b0ce-ec4684160ff3,0
True,46.266242,14.638355,0.122191,0.106824,0.00039097468058268227,28.51304802497228,800.9843216277659,2.5473861984908583,1.2452388433739543,0.9098316362127662,1041,/tmp/ShineRunner-c00d58d4-2764-4207-98a5-2329aed4743f,0
True,52.744011,17.121733,0.062266,0.059443,0.0006425380706787109,28.718315029144286,742.0448032207787,3.0453909605741503,1.3090207404457033,1.2569628797471524,1040,/tmp/ShineRunner-d4fa4d6a-27a5-4acc-8354-1bf7f26dc7fa,0
True,51.582103,18.773327,0.17709,0.16833,0.000616912047068278,33.638096404075625,947.693067137152,2.277170414850116,1.4520836314186454,1.0864760949276389,1029,/tmp/ShineRunner-4b00ce67-9975-4767-a75c-8cb8088f1cb5,0
True,41.226726,12.270628,0.027237,0.025911,0.0007951021194458008,41.08838938077291,550.9679005481303,3.0891205526888372,1.2329695774242282,0.8900496101006866,1012,/tmp/ShineRunner-6f147908-5a19-4920-81be-1432410730d1,0
True,65.190933,22.802776,0.187916,0.175326,0.0007094144821166992,31.414030011494955,553.0072660185397,1.5075717601925134,1.4998565423302352,1.3137877680361272,1035,/tmp/ShineRunner-28aa6da0-5797-449c-ab74-cdd84b19993c,0
True,67.624248,22.020556,0.51,0.51,0.0003980199495951335,39.83949858744939,626.2573413550854,0.7739403337240219,1.4920505839399993,1.4288435640744865,1015,/tmp/ShineRunner-bb3254e3-d2e4-4ac9-86d2-af5e05b28191,0
True,41.978522,12.379497,0.044708,0.039939,0.000419767697652181,16.818797155221304,571.2972595356405,2.8584815654903655,1.2151452954858541,0.8565249652601779,1068,/tmp/ShineRunner-60fa96bf-2753-45b4-8ade-d69301403510,0
True,52.709629,17.126888,0.010489,0.011467,0.0005231499671936035,20.070288864771523,652.5359470397234,4.132184377312661,1.3214803654700518,1.4971274023875594,1064,/tmp/ShineRunner-9d578d7e-7594-44b9-bcd8-a384243d90e1,0
True,75.689569,23.113328,0.51,0.51,0.000421448548634847,30.538252532482147,565.0782715529203,0.9530440427362918,1.0363632263615727,1.0680833057500423,1043,/tmp/ShineRunner-71d37929-5927-450d-bae8-7fb273b54ec5,0
True,54.707307,17.99008,0.112374,0.102173,0.0013288418451944987,19.693559141953788,885.6717678718269,2.7385419916361573,1.2766076107509434,1.2254615309648216,1069,/tmp/ShineRunner-8a5fa920-3017-468d-a87c-99b0d50695e0,0
True,58.475164,17.965563,0.097636,0.093546,0.0018912355105082195,23.714663326740265,660.0734330713749,2.3843264847993852,1.1869784966111183,1.2454156680963933,1063,/tmp/ShineRunner-aeebf7b8-5f69-4a30-a585-ed5e8f1b97d3,0
True,35.806087,10.624541,0.010293,0.00892,0.0009662469228108723,18.66708251237869,727.3790189065039,4.686728781089187,1.144363943953067,0.9069818305782974,1072,/tmp/ShineRunner-255722c3-e9c0-4c39-8bc6-e3a28c065f73,0
True,42.924326,13.423385,0.057848,0.043611,0.0012494325637817383,25.27036685148875,528.5147959366441,2.438074741140008,1.343107822816819,0.8474160799756647,1051,/tmp/ShineRunner-7d9b007c-986f-4162-83d6-3291ad18a70f,0
True,39.553888,11.582182,0.052312,0.055713,0.0006785154342651367,27.624275227387745,832.504406105727,3.4426990289241077,1.1163989077322185,0.820180457085371,1046,/tmp/ShineRunner-f12f05fe-694f-4d8f-b5d1-ee91b1dcab96,0
True,63.136107,20.188091,0.51,0.51,0.0003660440444946289,34.859149094422655,896.366452332586,1.148898358643055,1.17628783127293,0.8754646308720112,1037,/tmp/ShineRunner-cfde16e8-4000-45fb-b840-6af70ada593e,0
True,67.674286,21.057214,0.280783,0.277352,0.0005095124244689942,28.483134849866232,936.1129496246576,1.7313539400696754,1.019565591122955,1.2844147542491555,1053,/tmp/ShineRunner-0e34d939-6e3c-4e9c-a309-eaf7f89c6a3a,0
True,55.236334,18.735142,0.118321,0.104424,0.0006121277809143066,30.10789025624593,648.0241543613374,2.1543378051370383,1.4221240961924195,1.172790320776403,1047,/tmp/ShineRunner-23c2e1bd-bbf4-495c-b1cd-8e8285dfeddb,0
True,57.907265,18.944399,0.053568,0.046348,0.0005925814310709635,21.382124722003937,591.489739716053,2.645943281427026,1.385283175855875,1.4180904110893606,1075,/tmp/ShineRunner-3c493648-446b-4125-8a17-8c35145d3211,0
True,63.613679,19.55393,0.145737,0.140598,0.0005209803581237793,19.097158964474996,863.9249349944293,2.468419449776411,1.0457148593850434,1.4000948885455728,1081,/tmp/ShineRunner-67df44b1-ff3b-4bf7-90d9-5fc942be7398,0
True,53.459287,16.616666,0.021335,0.016909,0.0005299091339111328,21.865394024054208,560.4488784447312,3.4037608243525033,1.2565042679198086,1.3612408839166164,1076,/tmp/ShineRunner-d9078133-48ae-431e-b62e-c5c44056054e,0
True,40.554826,13.70709,0.067512,0.05303,0.0005441387494405111,26.322461465994518,843.7725063413382,3.2272142283618455,1.3672151626087725,0.9252898198552431,1062,/tmp/ShineRunner-e8a8bc44-b034-438f-8a67-0aeffa9ad590,0
True,51.26698,17.983785,0.070977,0.062266,0.0005383610725402832,25.630408044656118,979.1439943946898,3.4921513035893446,1.3975282423198223,1.294446182344109,1066,/tmp/ShineRunner-207f71f5-f405-4107-850f-aa877283f325,0
True,33.49598,11.006411,0.020568,0.020568,0.00044653813044230145,20.259681777159372,939.2768712714314,4.836303509771824,1.304307583719492,0.8830784677527845,1082,/tmp/ShineRunner-5017ee6d-6c4e-48b2-9fc3-15196649ae34,0
True,56.552139,17.45505,0.03568,0.040307,0.0028296510378519693,17.71582793792089,704.362322576344,3.2633630473166706,1.1747680893167853,1.3928145214915275,1088,/tmp/ShineRunner-db0bdcd3-750f-41e1-b3a6-83e7952b2240,0
True,65.413424,21.231927,0.184472,0.174509,0.0005717237790425618,40.08277940750122,813.298499211669,1.9929173666983844,1.2831798545084894,1.4611018541269005,1033,/tmp/ShineRunner-b77b8611-897a-4ee7-b75b-4de90bd4a14d,0
True,72.830684,24.80636,0.51,0.51,0.0011095523834228516,25.765315838654836,746.5641675516963,1.0412093754857779,1.4424915970303118,1.3734559394419192,1071,/tmp/ShineRunner-20ae0279-8441-481d-8618-dfcb3774f026,0
True,56.153985,17.521451,0.029691,0.02856,0.0005432446797688802,20.495454915364583,770.3917012549937,3.773013820126653,1.1590624153614044,1.4678391885012387,1086,/tmp/ShineRunner-3e71a67e-a787-4200-80ba-633f55f6b05c,0
True,50.918136,16.665607,0.03232,0.029126,0.00044372876485188805,33.42908821503321,926.9624105654657,4.282313008233905,1.2319122874177992,1.3456676060333848,1058,/tmp/ShineRunner-f624f00d-9337-4808-a277-143d2ab88ef0,0
True,75.846884,28.612517,0.51,0.51,0.0004483540852864583,19.5325767159462,597.889609169215,0.6038285803049802,1.4176251883618534,0.881608655396849,1091,/tmp/ShineRunner-53552571-403e-49f0-81a1-376c51262165,0
True,75.739152,23.612149,0.51,0.51,0.0005245486895243327,35.05355484088262,695.3229852952063,1.2200928062200547,1.1974277864210308,1.4864156988449395,1055,/tmp/ShineRunner-dcfa2030-e141-4a69-8f63-a86ecce4ef56,0
True,50.085797,16.93305,0.119718,0.120802,0.0007459878921508789,21.57318510611852,768.2341253384948,2.352992546185851,1.3647706075571477,1.0405404908582567,1089,/tmp/ShineRunner-f7db7422-8bf1-4714-b1bd-b32563a1569a,0
True,54.568475,15.705602,0.10778,0.099748,0.00046864748001098635,30.93995520671209,540.3254781849682,2.1006053008139136,1.0784976207651198,0.9638020250014961,1067,/tmp/ShineRunner-5509edd7-f49a-4ba7-a9bd-6fd2b61d36fc,0
True,52.848593,16.194483,0.102011,0.103461,0.0013327876726786296,28.559483822186788,904.5441243797541,2.9376990925520663,1.0761400260962546,1.0987254671752453,1074,/tmp/ShineRunner-a21c7702-9281-484e-bb9e-4e10e7d88286,0
True,42.411834,14.999837,0.043977,0.035494,0.0007463137308756511,25.53510024944941,678.9820319972932,3.1393734306097034,1.4782711658626795,1.0303972464054822,1080,/tmp/ShineRunner-ba7984eb-5177-42ca-aa8a-9f96f1e9a8ac,0
True,65.367798,20.566573,0.313658,0.303912,0.0005044738451639811,32.364441128571826,843.6195552349091,1.4686290971934794,1.138924312312156,1.1111194737255574,1065,/tmp/ShineRunner-604cd95c-521a-4308-a239-dabdebfc75cf,0
True,58.920864,21.60142,0.51,0.51,0.0004509131113688151,23.383535782496136,907.810103148222,1.1897491466253998,1.4332992141135037,0.9344283697195351,1085,/tmp/ShineRunner-c8327187-a85e-44da-ae74-93f5ff9ed6ad,0
True,58.328774,19.371867,0.184206,0.1741,0.0004114508628845215,20.50783348083496,710.0148764438927,1.8304533775895835,1.349187029991299,1.1364339599385858,1087,/tmp/ShineRunner-7d355400-cee6-432a-a671-cf83480d313f,0
True,52.890108,17.283864,0.211232,0.1964,0.00048627853393554685,27.44399174451828,998.08460008353,2.1841485515236854,1.1893044244498014,0.9817085316404701,1077,/tmp/ShineRunner-1af95c27-93c2-40b8-8804-5eeddb2c072f,0
True,71.328613,21.119563,0.51,0.51,0.0003407120704650879,35.580921391646065,958.4829998202622,0.6359684780240059,1.0950499828904867,1.4364838417619468,1061,/tmp/ShineRunner-f6248e87-4a86-4f64-9b09-51eeb29e545b,0
True,49.765156,14.95712,0.006951,0.009312,0.0006415009498596192,26.602788233757018,596.1583387106657,4.404587421193719,1.1218366753309965,1.3198461203835905,1084,/tmp/ShineRunner-548556a7-2f91-4d9a-a8a3-d435a8422c90,0
True,56.215284,16.257666,0.219116,0.223723,0.0005501627922058106,23.646816261609395,633.4198820404708,1.5955439299345016,1.0312291085720062,0.822776706609875,1079,/tmp/ShineRunner-7076188f-37db-42cb-a062-105a9c897277,0
True,36.565452,12.298271,0.001996,0.002394,0.0007777969042460124,29.33374543984731,522.0460505224764,4.9503283895552155,1.412249602843076,1.0842203045263887,1060,/tmp/ShineRunner-eeb46e86-fb1c-41c8-b934-22c4bb9558fd,0
True,44.484147,15.864262,0.182606,0.168468,0.00039285818735758463,38.06157805919647,750.2930974587798,1.9225611526519062,1.4884410221129656,0.8071179821155966,1057,/tmp/ShineRunner-5c700b75-e2c5-4f8c-8af5-1a49fce06773,0
True,35.170604,10.781558,0.003388,0.003388,0.0009804725646972655,21.514326759179433,504.34922287240624,4.244882293045521,1.2886173380538821,0.9382991100661457,1092,/tmp/ShineRunner-40922a8b-05f3-499f-8900-ec6a3bbe2c56,0
True,46.08427,14.361185,0.015166,0.019416,0.0006316105524698893,22.615284450848897,913.8889363966882,4.98620835877955,1.106284693814814,1.2017450387589634,1090,/tmp/ShineRunner-8c92d353-0295-4a17-bc5f-e2c31ddd68e7,0
True,67.45715,20.774377,0.51,0.51,0.00034525791803995766,19.508430894215902,825.420081615448,1.0730006963014602,1.0155549636110663,0.900206129718572,1097,/tmp/ShineRunner-03019c13-8223-4206-a726-a72d4a32d96d,0
True,70.589231,22.985695,0.51,0.51,0.0003850420316060384,23.558984426657357,944.9298870749772,1.340896085649729,1.2197085521183908,1.318581920210272,1093,/tmp/ShineRunner-12982237-f59e-4e88-89ba-5b7a45b79c47,0
True,37.264678,13.48722,0.025151,0.026101,0.0006750822067260742,16.740065554777782,956.2641652300954,4.440677223354578,1.427932373713702,1.0050832269713283,1114,/tmp/ShineRunner-8e416333-83f4-452a-af0f-8cf96b021961,0
True,61.441115,21.224438,0.196916,0.16625,0.00042356650034586587,20.572458390394846,898.4781536273658,2.0674103293567896,1.4009419931098819,1.365958129055798,1101,/tmp/ShineRunner-a197e5f6-bee6-4a6c-94e0-92a86f369206,0
True,32.845618,10.320803,0.016522,0.015942,0.0005421678225199382,18.37393925189972,661.7439216934144,3.8088352970778945,1.351625049021095,0.8030763276852668,1112,/tmp/ShineRunner-a85628cb-a6cf-47c1-af47-5697277b5d30,0
True,59.334769,19.863726,0.125568,0.113318,0.0005119721094767253,21.82751894791921,992.4453967250884,2.8221358217298986,1.2722098226659,1.4171252597123385,1098,/tmp/ShineRunner-462eca7a-1c99-40ee-b23f-6f1289fa7739,0
True,43.085375,12.866485,0.019608,0.017875,0.0013962030410766602,36.72766923507054,812.0917836204171,4.563871117308736,1.0023672357201576,1.0585318958386778,1070,/tmp/ShineRunner-038a6adc-28c1-4769-8c57-88eb57658c78,0
True,43.291408,13.71473,0.066293,0.058912,0.0004539052645365397,21.02347011566162,887.359419837594,3.3681284043937927,1.1995550626888871,0.9541287486441434,1106,/tmp/ShineRunner-2556b6fd-b794-4475-8f04-81a91e2901d5,0
True,43.798602,12.635225,0.019416,0.020568,0.0010486245155334473,22.131523331006367,589.7408141754568,3.52912463657558,1.0916767618618906,0.9799396235495806,1100,/tmp/ShineRunner-0afcef8a-1435-4299-a7e0-fdc1f49d0325,0
True,81.174072,26.235396,0.51,0.51,0.0005855123202006022,33.19226107994715,502.19118501991034,0.7623588062822819,1.2352767386473715,1.1974123385734856,1083,/tmp/ShineRunner-014c6644-4c1f-42a8-95fc-04271b7b8e1e,0
True,43.425641,15.307692,0.092065,0.075102,0.0004486958185831706,16.89453951517741,693.271663505584,2.5010985631495717,1.4728957386687398,0.9269305567257107,1119,/tmp/ShineRunner-079996e5-1ef6-4551-bb7f-9c88b983136b,0
True,75.126756,23.829013,0.51,0.51,0.0004293362299601237,22.642733136812847,650.8487868122756,0.8900957517325878,1.1546212616376579,1.0548747811466455,1111,/tmp/ShineRunner-b4334043-41c4-4d72-84c7-9acbcc262dc9,0
True,49.762759,15.778933,0.00319,0.002792,0.0009061773618062337,20.264305301507314,609.9260877817869,4.799619687721133,1.2474873042665422,1.443935122899711,1116,/tmp/ShineRunner-cf5dec58-38df-47c7-9401-f2cfb5bd7cdf,0
True,43.677641,15.501812,0.034003,0.021143,0.0004533529281616211,37.41308136383692,823.6716478131711,4.018684034794569,1.4614660278894007,1.1701713698916136,1078,/tmp/ShineRunner-6391d09a-5016-4e66-95d0-fd819dd242e7,0
True,67.373862,23.207673,0.25805,0.241044,0.0004459857940673828,24.282755788167318,806.5129150636494,1.627125483378768,1.4580521821044385,1.49258108176291,1105,/tmp/ShineRunner-61b06194-5d8d-41db-a9bf-4423619b72e8,0
True,68.274806,20.362659,0.161918,0.155833,0.0004521687825520833,28.97734803756078,672.9027070105076,1.9554164640605451,1.0613737958483398,1.476836879365146,1095,/tmp/ShineRunner-d02c3b8b-6298-4b43-bdfb-59513dabb1f7,0
True,60.596245,17.770008,0.100881,0.096331,0.0010899623235066731,17.619656070073447,620.3067316673696,2.3140538170933724,1.0040212483145297,1.2316222382709383,1123,/tmp/ShineRunner-c74c5fb2-1d0b-45ec-a54d-0c0979f3dc2f,0
True,64.18096,21.248953,0.285714,0.271562,0.0003875891367594401,25.750757579008738,733.0186842009425,1.4362395603209734,1.3170892493799329,1.163275506068021,1103,/tmp/ShineRunner-074939d8-64e8-4669-b58e-91e6ee8183a1,0
True,44.031852,15.087501,0.005371,0.004777,0.00048465728759765624,29.675087825457254,639.4853610545397,4.5283307425677775,1.4459139271639287,1.2691321603022516,1096,/tmp/ShineRunner-c5cb7c4f-8775-45da-b4ae-e64902d628e5,0
True,43.75669,15.959736,0.045437,0.038277,0.000526730219523112,31.685694746176402,862.1931727975607,3.6566805034875873,1.493808020837605,1.1300427988171577,1094,/tmp/ShineRunner-c673afc3-ac4a-4813-9ab7-953990153db4,0
True,50.607855,16.486372,0.026669,0.026669,0.0005633950233459473,26.939205519358318,545.9038848057389,2.9748486891388897,1.3818607507273555,1.215993866790086,1108,/tmp/ShineRunner-5a7707c6-b5a6-4627-9964-89ef0fa6f187,0
True,74.214021,21.751148,0.276306,0.282743,0.002237260341644287,22.924144486586254,516.4538314566016,1.1585072532296181,1.110610687173903,1.3364989906549454,1115,/tmp/ShineRunner-3464e2fe-6942-4ca0-8ebe-8d6d9c372780,0
True,55.976041,17.390518,0.028938,0.025721,0.00042936801910400393,18.524805982907612,857.3545217514038,4.215071022138,1.0840569399297237,1.480029862653464,1126,/tmp/ShineRunner-0bd1f660-3b20-4764-94bb-3afe473cbbd8,0
True,42.639667,13.737045,0.030068,0.023247,0.0003345489501953125,19.29860345919927,975.8874070830643,4.4979855094105,1.1806864948011935,1.067123510595411,1130,/tmp/ShineRunner-477375b1-2f71-4e9a-a111-218607845556,0
True,55.571369,16.614705,0.066642,0.068728,0.000736081600189209,25.721974539756776,755.8848545886576,3.1018842395395043,1.0344802918843925,1.2412538507021964,1118,/tmp/ShineRunner-47142680-a82c-4fb9-ba47-038dc22c5d62,0
True,47.746233,14.457989,0.151536,0.146612,0.0004619598388671875,26.78900993267695,981.3795341178775,2.613612744957209,1.0629522181116045,0.8631297416053713,1109,/tmp/ShineRunner-6f8c16ed-8477-4c4a-9703-681f07b70da1,0
True,74.652785,24.835842,0.51,0.51,0.0011480093002319337,43.98562426567078,792.2121216543019,0.9232322473078967,1.3326575551182032,1.2598353789187968,1073,/tmp/ShineRunner-32551140-5cc0-4e57-8afa-0f8e5a432a64,0
True,37.612214,12.116377,0.009312,0.004381,0.002392292022705078,23.33458649714788,701.4495013281703,4.887651800364256,1.278616627678275,1.0428162719123066,1120,/tmp/ShineRunner-2372551e-e57c-4288-af6e-8955c99b472f,0
True,48.205823,16.265991,0.015554,0.01439,0.0004626194636027018,29.511342239379882,837.4928026460111,4.723609527945518,1.3370552631095052,1.3742501767352224,1110,/tmp/ShineRunner-f49b44fc-e547-4888-9fe5-9cd18ed79739,0
True,51.038116,15.451448,0.045073,0.043977,0.0010441899299621581,32.44410399198532,558.2741354592144,2.770065052807331,1.2048878828063607,1.1022117095068098,1099,/tmp/ShineRunner-0da00d14-72f9-45eb-8ab2-76871f883872,0
True,37.284421,13.140612,0.066119,0.06786,0.0011523246765136718,23.365390034516654,930.5347832851112,3.29317536726594,1.4408500120043755,0.8517541363835335,1122,/tmp/ShineRunner-005b2a93-4191-493d-a83e-620b92255c54,0
True,60.150476,18.740989,0.092559,0.0919,0.0015117287635803222,30.470175615946452,577.4245038628578,2.2159988891333344,1.260895303916186,1.3015129185281693,1107,/tmp/ShineRunner-e99a6d3d-76cf-4e9e-bf82-ea765222d6fe,0
True,84.869403,27.211027,0.51,0.51,0.00029001633326212567,24.28337589899699,763.3339622989297,0.7115209728479386,1.2131258179433644,1.3905587845481933,1121,/tmp/ShineRunner-1fbefef3-5f71-4b09-8e3e-aa4689d6549e,0
True,35.950957,10.511531,0.023819,0.02439,0.0011938810348510742,31.24265154202779,794.3873265758157,4.169426035508514,1.1286735790781677,0.832620897050947,1102,/tmp/ShineRunner-12d2e5eb-25ea-4d40-990c-8b4a9176aa4c,0
True,59.362203,18.203785,0.166528,0.155833,0.0007294416427612305,17.761929194132488,787.9108474589884,2.1169044345617296,1.119813606608659,1.1425733036361634,1137,/tmp/ShineRunner-23074c06-79a6-435f-bbec-7e45ce541b58,0
True,63.153126,21.580708,0.264165,0.254955,0.0005736311276753743,23.719073649247488,669.9293274432421,1.3798337657004596,1.3919794433750212,1.1268298053182662,1127,/tmp/ShineRunner-e8bb31b7-97b0-434d-aae1-74e49dff6b0a,0
True,46.717605,16.132041,0.00833,0.006557,0.00036494731903076173,20.04147322575251,567.2973464243114,4.07032712250948,1.4866763618774712,1.329952561017126,1132,/tmp/ShineRunner-cc528029-f5e4-42fe-be4a-251e6272019f,0
True,49.544793,16.843868,0.037165,0.030444,0.0006558736165364583,19.465937387943267,894.2086510360241,3.9438438393175606,1.3475490063428879,1.3041091354563834,1138,/tmp/ShineRunner-918aafb7-fd03-4160-bc74-dd11fe1372cc,0
True,62.955224,19.912368,0.248685,0.242768,0.0004202882448832194,31.81366708278656,849.9131049029529,1.7984060496091843,1.1712663089856505,1.1885045717470348,1113,/tmp/ShineRunner-f578927f-145b-4a3c-912f-e9e08d2540d4,0
True,55.496959,17.255336,0.052492,0.047619,0.0005413293838500977,18.894188030560812,949.4417561218143,3.8477784845978027,1.024933545384556,1.3550954916514457,1146,/tmp/ShineRunner-7447d1e2-c587-4074-b54e-64af529191ba,0
True,32.057383,10.754415,0.010685,0.007937,0.0005968888600667318,18.25063223838806,774.4529475457966,4.760677549242973,1.3876534649170935,0.8912454245612026,1150,/tmp/ShineRunner-1a4840e6-0147-4a74-9008-617d4f05c05d,0
True,45.77914,13.222912,0.05696,0.050693,0.0006917277971903483,29.120387248198192,642.4326337873936,2.9212336856871848,1.1007323791272938,0.9191230613738299,1128,/tmp/ShineRunner-b40b13b9-a7a2-4562-be75-87d40cc3f9be,0
True,73.311375,25.05897,0.51,0.51,0.0004317601521809896,34.566795110702515,925.2924136817455,0.7953061792999506,1.3067522821947932,1.0742479324340821,1117,/tmp/ShineRunner-8766afd8-8b0e-43b2-8c3d-1311b0331319,0
True,63.658946,20.183084,0.153547,0.149949,0.0012185414632161458,21.003507832686108,918.4084925800562,2.4025359727442264,1.1461431924253702,1.4242303441278636,1149,/tmp/ShineRunner-28f117f7-2fa4-4a26-a523-004b3a98b836,0
True,51.222653,15.140933,0.01088,0.01088,0.0011216163635253905,30.750001740455627,526.8269036896527,3.755238110944629,1.1329976189881563,1.2882801696658135,1124,/tmp/ShineRunner-86379d1b-2d65-47bb-8918-847a6125be8d,0
True,37.612214,12.116377,0.006951,0.003587,0.0005680243174235026,22.06272739569346,701.4495013281703,4.887651800364256,1.278616627678275,1.0428162719123066,864,/tmp/ShineRunner-69d2925b-2417-472d-84cb-11da56f08abb,0
True,53.970486,18.586432,0.09991,0.094039,0.0006121357282002766,27.682799688975017,830.2857931703329,2.662913965806365,1.4065796341747046,1.2501925455406309,1129,/tmp/ShineRunner-311f178e-147f-42d2-b75d-9c4c3b1f8bcb,0
True,74.271256,23.866132,0.303427,0.279435,0.0007948676745096842,25.11743040482203,535.7691557146609,1.1114065121859311,1.3734967038035393,1.452193417120725,1131,/tmp/ShineRunner-91bd8e56-f712-437f-bc8f-20a5f5fbdb53,0
True,47.088811,13.944856,0.02648,0.027237,0.0012957453727722168,36.89458648363749,744.3281658925116,3.9822457212954765,1.018049887381494,1.1130592646077275,1104,/tmp/ShineRunner-b13c67be-81d7-4cd7-90a2-3b00eee3aa1d,0
True,49.959653,15.375912,0.002394,0.002593,0.0009450952212015788,18.193794683615366,513.3161107078195,4.585499198734761,1.2028114800341427,1.4104251542128623,1156,/tmp/ShineRunner-4eec9f86-2b75-4584-9cd2-c6fdda4d2e6a,0
True,45.941819,14.841749,0.030256,0.030068,0.0005464434623718261,22.04785768588384,608.9970245957375,3.2095726981759074,1.3308964562602341,1.0939327009953559,1148,/tmp/ShineRunner-2c54a2e9-2a39-4d80-8170-97c7bd950afb,0
True,39.549232,12.872314,0.029126,0.027427,0.0013169010480244955,20.51258023182551,711.498158518225,3.505189855769277,1.3386878115125,0.9459762750193477,1152,/tmp/ShineRunner-88713058-81eb-446d-b9a7-16e481a34db5,0
True,32.558637,8.599083,0.005371,0.005173,0.0014364798863728842,26.399538389841716,546.9281962141395,4.616453982517124,1.0397846046835184,0.8660022916272283,1140,/tmp/ShineRunner-d4b984fa-8485-4dc8-8636-f96289b91e7c,0
True,74.214021,21.751148,0.285612,0.287343,0.0005506912867228191,25.282746477921805,516.4538314566016,1.1585072532296181,1.110610687173903,1.3364989906549454,859,/tmp/ShineRunner-916c0675-cbac-412a-b00f-6be37837feeb,0
True,52.468738,18.455383,0.139563,0.119098,0.0007435003916422526,23.64846387306849,515.4642099514604,1.7685981880873443,1.4677435010671616,0.9865067700855434,1147,/tmp/ShineRunner-5c79f8d1-be91-48e0-98f0-0ca7ce887499,0
True,44.510039,13.772009,0.010489,0.009116,0.000514527161916097,23.553303205966948,682.2993564419448,4.332989813759923,1.194990858901292,1.1530959395691753,1144,/tmp/ShineRunner-25c2610f-bd72-4533-9c16-344281dc645d,0
True,53.151517,18.393719,0.254621,0.245397,0.00038607517878214517,32.18022453387578,961.5142219699919,1.8477230224758388,1.3273946908302605,0.968578146211803,1125,/tmp/ShineRunner-ef2c3f5e-cffd-42c8-89da-14ea5ca40eab,0
True,48.045134,15.728041,0.045437,0.03419,0.0015921751658121745,26.713283634185792,799.3135964497924,3.559468820691109,1.2934295409359038,1.1826398361474275,1134,/tmp/ShineRunner-aa71e05a-5336-4837-993c-35a13189c5ab,0
True,43.936027,15.258109,0.03232,0.027616,0.000557557741800944,21.92671090364456,919.9376422911882,4.119173124805093,1.3798350193537772,1.1479792066849768,1154,/tmp/ShineRunner-7bc0503f-eef0-4a79-8a5d-7f3d0d6d5e13,0
True,56.736118,17.299042,0.103621,0.103782,0.0008440971374511719,20.028578460216522,870.3170730732381,2.8368723422288897,1.017144484911114,1.2077399222180247,1158,/tmp/ShineRunner-275397b3-4de0-426d-a89c-5b4ec3adf197,0
True,47.694999,14.701542,0.161777,0.158532,0.00041864713033040366,30.562313771247865,735.9044449403882,2.0290055625140666,1.2295255921781063,0.8132792787626386,1135,/tmp/ShineRunner-f6bbb3ca-39ae-4559-9c04-8fdc935a7d02,0
True,71.86095,21.050233,0.226006,0.223602,0.0005603432655334473,23.977268723646798,607.3438823223114,1.4902529906481505,1.0659311152994633,1.4575119386427104,1155,/tmp/ShineRunner-cf27c2b8-2fb9-4683-b59d-c35a6238498c,0
True,53.98929,18.385853,0.030256,0.02856,0.00038578112920125324,30.53950430949529,723.8682177849114,3.4752829007804396,1.4353041928261518,1.4630470012314618,1136,/tmp/ShineRunner-84a6a4d4-abaa-4d03-abdd-356929506892,0
True,58.571447,18.617005,0.115044,0.115357,0.0005726138750712077,20.29499513308207,549.2957448586822,1.9353080466389656,1.3065518834628165,1.1586693588644266,1163,/tmp/ShineRunner-0dac15f4-4716-41b6-8782-c6c02a67c8ea,0
True,82.023713,26.667246,0.51,0.51,0.0003848552703857422,20.105927658081054,725.8713436312973,0.6573049504309892,1.1685393885709345,1.0883556491695345,1167,/tmp/ShineRunner-0dca1dc2-d5b4-420a-a494-b79e14d290b8,0
True,41.937989,14.914874,0.005371,0.005173,0.0005697528521219889,16.897995348771413,738.1879659369588,4.849335767701268,1.4944962081499398,1.2370278049260377,1168,/tmp/ShineRunner-5eb89cf0-ed9b-4972-904a-ff2b36217533,0
True,62.814565,19.437094,0.316286,0.31535,0.0005880554517110188,33.73331640958786,881.85960566625,1.5433916963636876,1.051922844722867,1.0159652044065297,1133,/tmp/ShineRunner-30007bca-8a6e-4945-9377-f84e2b51373f,0
True,49.950139,16.72338,0.027237,0.020568,0.0004457672437032064,22.308469172318777,580.2751537412405,3.239965326711536,1.4275135826319456,1.2713404031470419,1164,/tmp/ShineRunner-c6223798-eeaa-4c2e-b24f-761db347bf78,0
True,48.417009,16.369554,0.00833,0.009509,0.0011293848355611166,21.240469908714296,785.7875437475741,4.937566792592406,1.3553680777549744,1.4295927559025585,1166,/tmp/ShineRunner-ad236ee9-24ee-423b-b12e-01366f14dae5,0
True,57.765821,17.512278,0.180328,0.177361,0.0005000511805216472,31.84502462943395,578.3873032778502,1.6574746504426003,1.1607204959727824,0.9515098486095668,1139,/tmp/ShineRunner-69807aba-9be5-476d-adfb-0a191361d280,0
True,56.203871,18.579778,0.080375,0.067338,0.0008413990338643392,20.543532939751945,880.3150779567659,3.1263558838516476,1.28563958639279,1.3850248745642602,1170,/tmp/ShineRunner-e0cd6b12-bf2f-4c77-a7f3-7cfba61b8de9,0
True,40.049316,13.682817,0.070977,0.063144,0.0007177909215291341,26.28624243736267,680.525931995362,2.7515679471194745,1.4599546194076538,0.8715335547924042,1159,/tmp/ShineRunner-24ca977b-bdc8-4636-a1bd-32ad3863149c,0
True,74.759109,23.355511,0.51,0.51,0.0012200832366943359,21.883596233526866,796.9061126932502,0.7407558854669333,1.05974286980927,0.8462187426164747,1169,/tmp/ShineRunner-fabb1a2d-17c7-49b7-89c9-9cd26248a4b8,0
True,68.143469,23.948177,0.51,0.51,0.0010185718536376953,24.285271128018696,817.3076878301799,1.295543757081032,1.4763612491078675,1.3497361934743821,1161,/tmp/ShineRunner-1a603112-faf1-4613-ac73-e9269170881e,0
True,63.378361,19.626173,0.167361,0.165972,0.0008169412612915039,27.24376894235611,776.8452917225659,2.078991889581084,1.1539342496544123,1.3095161885023119,1153,/tmp/ShineRunner-feb7097b-e7b1-4ab9-a68f-9e39c973c407,0
True,49.833069,15.204728,0.161074,0.160369,0.0008214433987935384,20.530508812268575,892.4409486353397,2.3629627618938684,1.112022698391229,0.8966093514114619,1165,/tmp/ShineRunner-676b356c-ff55-42b3-a64a-f1343da908f9,0
True,46.715283,15.045396,0.07902,0.068901,0.00046845277150472003,34.64733446041743,818.9512933604419,3.0132495220750575,1.240840096026659,1.0242525999434293,1142,/tmp/ShineRunner-c17bc4c2-8dbf-4925-a983-c981f1024664,0
True,63.955343,19.082246,0.138377,0.131039,0.0005300521850585937,20.750107510884604,699.4615150615573,2.2054913181811573,1.0118116498924792,1.3353161566890777,1183,/tmp/ShineRunner-138f0647-a2fb-400b-bff4-ee3383372c08,0
True,40.951018,14.475009,0.041962,0.037536,0.000864720344543457,21.864624245961508,765.4421264305711,3.390988736972213,1.448640115559101,1.0103890026919544,1182,/tmp/ShineRunner-b81859ff-4530-4dce-9bd5-c8789011c30a,0
True,65.879934,23.010406,0.263731,0.247668,0.001458132266998291,22.67863797346751,973.8479224033654,1.8174400188028814,1.4143680091947317,1.4855607946403324,1173,/tmp/ShineRunner-a554794c-5b83-410b-8649-db0535b72da4,0
True,37.571943,12.02054,0.059797,0.061562,0.0005617658297220866,29.014731987317404,985.920806415379,3.6719541825354103,1.2486294247210026,0.8331468584015966,1162,/tmp/ShineRunner-b5cb4d61-cba3-418d-ac9b-3800b6dfad57,0
True,73.311375,25.05897,0.51,0.51,0.00036942164103190105,38.66558298269908,925.2924136817455,0.7953061792999506,1.3067522821947932,1.0742479324340821,861,/tmp/ShineRunner-28f32906-36a7-45af-87fc-0c2864784130,0
True,60.046302,18.149438,0.052851,0.046529,0.00047115087509155276,22.90282068649928,668.4210393577814,2.959037654846907,1.125209691002965,1.4468322987668216,1176,/tmp/ShineRunner-3149060c-1793-4567-a7ee-4c9a28427f1e,0
True,49.219119,15.558652,0.017102,0.013418,0.0006353338559468587,17.70949991941452,694.9401688762009,4.080766784399748,1.239666712936014,1.2959838666953147,1184,/tmp/ShineRunner-d063695c-71ef-46e0-a09a-1d5191d48613,0
True,40.964877,11.805763,0.011272,0.012443,0.0005875507990519206,29.644677007198332,631.8507543765008,4.303662060946226,1.0319641325622797,0.9920813445933163,1160,/tmp/ShineRunner-3be49cf3-3a7d-4c1e-81a0-d91f2eb5f508,0
True,51.171663,15.652671,0.074417,0.061385,0.0008181015650431315,27.399291253089906,568.9658666960895,2.4900538336485627,1.2217359356582165,1.0482229937799274,1171,/tmp/ShineRunner-7b88615c-c4cf-45f4-aa68-498898936cfd,0
True,31.838111,10.987784,0.018068,0.013612,0.0016073981920878093,16.66348999341329,847.8736053220928,4.47834758721292,1.435751325916499,0.8577221461571753,1190,/tmp/ShineRunner-cff665e5-8223-4b03-88b4-bb269ad51bcc,0
True,33.349732,9.998493,0.011076,0.008527,0.00033781528472900393,23.283506520589192,618.4342592023313,4.031424642726779,1.270797049626708,0.8186413541436196,1180,/tmp/ShineRunner-458dda93-d5e1-4998-a688-975ecb333f81,0
True,46.801817,13.651833,0.013223,0.008527,0.0005615711212158203,27.382199927171072,537.9326329566538,3.7946356073021894,1.1085209329612553,1.1214253625832498,1172,/tmp/ShineRunner-ee3beac0-4ea8-4966-a1b8-88a6ec592dfd,0
True,49.324427,15.432611,0.031008,0.025721,0.0004564364751180013,25.105892447630563,963.7462445534766,4.665367148071527,1.0918788127601147,1.2557667836546897,1178,/tmp/ShineRunner-b7bb82d7-d463-4cbf-a354-12e84c936d67,0
True,39.233803,12.179299,0.023056,0.019031,0.00049591859181722,26.99632861614227,828.3732663840055,4.382971903681756,1.1728653670288622,0.9741105932742358,1174,/tmp/ShineRunner-cee0d487-286b-4dc1-8ec0-e07890e37a8c,0
True,35.025929,9.689725,0.003587,0.002792,0.00038578112920125324,18.44045579036077,575.4365026950836,4.898628588020801,1.0258706277236342,0.9213581805117429,1196,/tmp/ShineRunner-17251d21-7c90-40c3-b02a-b7b96aa03cf6,0
True,59.432471,18.547823,0.058026,0.05303,0.00040476322174072267,24.9376327474912,922.8849150240421,3.612340418249369,1.0422695013694465,1.4979821292683482,1186,/tmp/ShineRunner-27a61673-84a5-4167-9630-52a307e5e694,0
True,82.179806,25.451367,0.51,0.51,0.0004537463188171387,39.47359228928884,713.7665399350226,0.8251129917800426,1.073749739676714,1.2769162684679032,1151,/tmp/ShineRunner-5b2c5ac2-1b86-47f6-86c0-eb9e7a60497d,0
True,54.036945,19.010336,0.129981,0.109687,0.000498966375986735,21.916243974367777,612.2095938771963,1.9798935011029246,1.4806851269677281,1.1075316965579987,1187,/tmp/ShineRunner-f2cd767b-1774-40f0-90d4-186606b8c52c,0
True,64.725473,21.009921,0.312242,0.307863,0.0007222930590311687,27.393086528778078,932.2871076874435,1.5741865012794733,1.2053064187057316,1.1770624531432987,1181,/tmp/ShineRunner-d1279412-d8f8-4e40-8758-eefd3840cbc9,0
True,49.687113,16.720465,0.004975,0.003587,0.0007864793141682942,17.50113200743993,556.5007259137928,4.353164566680789,1.4380944683216512,1.4714289475232363,1204,/tmp/ShineRunner-92f7b605-7f7f-49a1-8239-f24ac1a0e7b9,0
True,52.642698,16.653133,0.51,0.51,0.0006200432777404785,26.29608632326126,524.474733043462,0.9359854355454444,1.3998010181821883,0.9137634320184589,1179,/tmp/ShineRunner-2979ce3f-a66a-4014-94b7-73ce1ea11dc8,0
True,57.859125,17.680231,0.220698,0.228157,0.0004625876744588216,20.38813097476959,839.7248103283346,1.9054962512105704,1.070743394549936,0.9997164342552424,1193,/tmp/ShineRunner-8f6a88d9-9a29-4e30-bf55-28bac144a608,0
True,60.260971,19.318048,0.129072,0.120802,0.00040123065312703453,21.448459204037984,954.3516235426068,2.72122428752482,1.1634752815589309,1.3688413947820663,1189,/tmp/ShineRunner-fe9bfd90-bdc3-4e06-b653-fc4b397fd230,0
True,47.47964,14.884615,0.057315,0.051953,0.000812363624572754,20.332933688163756,808.2652245648205,3.347658243775368,1.1917661214247346,1.0796071888878942,1198,/tmp/ShineRunner-70bab277-efbf-47d6-ac6e-4f4bf3ad699e,0
True,53.991487,18.433585,0.113789,0.104905,0.00048098961512247723,21.338566239674886,795.9164911881089,2.4511111706495288,1.3931540055200458,1.196217139530927,1201,/tmp/ShineRunner-8799d969-e6d2-4667-968d-a1e5270b5030,0
True,43.671408,12.626257,0.052492,0.056782,0.0005775054295857747,21.541352184613547,731.3655568286777,3.156164269894362,1.0838889530859888,0.8870093665085733,1200,/tmp/ShineRunner-4cb6c0bb-4cd4-41b3-977f-862688d47df6,0
True,55.631542,17.240258,0.186595,0.188048,0.000728766123453776,17.503060670693717,637.33727671206,1.709751035645604,1.2126784035935998,0.9328899969346822,1207,/tmp/ShineRunner-60e16010-8c39-4df8-a067-71dab0e0f14e,0
True,45.716775,15.663119,0.035308,0.034376,0.0009903470675150553,25.070888276894888,983.0079851672053,4.195970192924142,1.3292369367554784,1.1831392680294812,1194,/tmp/ShineRunner-75338662-c18d-4761-96dd-2f74f82e0d86,0
True,67.602351,22.835966,0.51,0.51,0.00044548908869425455,43.249098014831546,951.4658628031611,1.0281855262815953,1.2586588095873594,1.0188496748916804,1157,/tmp/ShineRunner-513c0f76-0127-4467-aa7c-c74932c72f9d,0
True,53.988344,18.931718,0.214701,0.204455,0.0006688316663106282,18.82918515205383,706.2501879408956,1.6813425712287429,1.4098036433570087,0.9852970285341144,1215,/tmp/ShineRunner-64926d5b-3030-41e5-ba05-96277f2ee3ed,0
True,40.8713,12.730675,0.019608,0.019416,0.00043810606002807616,23.776464168230692,900.8705127052963,4.750774750858545,1.1364955711178482,1.0350111026316882,1202,/tmp/ShineRunner-8fd40c81-9f6b-4ab3-824b-3f614fd8c00a,0
True,74.294697,22.759676,0.51,0.51,0.0002866387367248535,25.78090132077535,663.9073840342462,1.1272849638015032,1.1184294605627656,1.2215313206426799,1191,/tmp/ShineRunner-efdc4651-3a2d-40f6-9bb1-cb20c744a1de,0
True,57.296417,16.081567,0.055713,0.051773,0.00046416521072387693,20.768157581488293,505.87266543880105,2.5260287534445527,1.0535840201191604,1.263765036407858,1211,/tmp/ShineRunner-5b5be39c-599d-4864-9cc0-d1fe7737b937,0
True,42.700285,13.674661,0.051053,0.055178,0.000992739200592041,18.039206743240356,593.7507208436728,2.6842588223516946,1.3570221648551524,0.9014021215029061,1219,/tmp/ShineRunner-33729ea0-6331-42b8-8384-8b3464a5af99,0
True,49.862373,16.75515,0.11426,0.102173,0.00048656860987345376,35.06391749382019,858.9829877018929,2.633183774352074,1.3196065840311348,1.072696598712355,1177,/tmp/ShineRunner-c8496dc5-5acd-4aef-a1a5-3fca0b321fd9,0
True,50.097177,16.637392,0.015748,0.018453,0.0007234573364257813,27.55434088309606,648.4966012649238,3.710893436148763,1.389652225188911,1.3420784207060934,1192,/tmp/ShineRunner-79a5ef03-9143-4ec6-9912-232855db0874,0
True,32.248844,10.499604,0.007937,0.006162,0.0004763205846150716,19.28250374396642,500.27852412313223,3.580809489265085,1.4704345110803843,0.8283486186526716,1220,/tmp/ShineRunner-ac5d921f-a305-474f-9595-921d57e76669,0
True,62.970204,20.055429,0.134049,0.113161,0.00047327677408854165,26.508269214630126,742.4556785263121,2.2644046299159526,1.253106541465968,1.4383639279752969,1199,/tmp/ShineRunner-18b70a9a-f3da-4320-b39a-55a5d7e601f3,0
True,46.642498,14.928143,0.031383,0.028372,0.0005673487981160481,33.62573376893997,518.2423805817962,2.8752776335924866,1.3438343196175992,1.060410719923675,1188,/tmp/ShineRunner-1dcf5ece-7890-4d72-8a6a-2bd181c23cfd,0
True,62.094573,19.258357,0.22312,0.228395,0.0007664442062377929,18.389346218109132,941.0655396059155,2.0162481617182495,1.037878502625972,1.1648147550411523,1221,/tmp/ShineRunner-42cf87b4-4872-4127-ac1b-afbc47471c8c,0
True,44.997675,15.357714,0.17709,0.173417,0.000641036033630371,22.890052930514017,911.7656475864351,2.1670910097658633,1.3725588633678854,0.8270493709482253,1213,/tmp/ShineRunner-43de739a-6712-4513-9835-c3eff6b03792,0
True,57.615246,17.101947,0.231006,0.226246,0.00035495758056640624,28.988770087560017,544.3955818191171,1.3941008400171997,1.1468027564696968,0.8086569077335298,1195,/tmp/ShineRunner-514bf528-e69c-4319-9549-5e40c75ec32e,0
True,70.260487,23.366241,0.318801,0.296963,0.0006502946217854818,38.96556569735209,644.2211978137493,1.2027855925261974,1.3656752780079842,1.2828769134357572,1175,/tmp/ShineRunner-27a858ad-e0a5-4827-82df-93860b2cad46,0
True,40.061594,12.946894,0.00892,0.006951,0.0008217652638753255,28.051158912976582,675.2702705562115,4.635017456486821,1.2964370651170611,1.0968460693955422,1208,/tmp/ShineRunner-3f628b01-d107-4f5e-b30f-a8871fda8eda,0
True,39.935438,14.630881,0.091735,0.087758,0.00042399565378824867,26.113467756907145,943.2862964458764,3.058131584897638,1.4860179470852017,0.905785223376006,1210,/tmp/ShineRunner-8e477828-2878-441a-b124-de283b85a19c,0
True,78.11424,25.085614,0.51,0.51,0.0004348595937093099,23.89451152086258,859.9457871168852,0.9743867930024863,1.2275284579955041,1.422705508582294,1209,/tmp/ShineRunner-843fd172-61f8-459e-a682-2d4c7236c9ba,0
True,44.529157,13.368564,0.01088,0.006359,0.000518325964609782,17.777531731128693,593.5977697372437,4.22810117378831,1.1521696341224015,1.1308977238833904,1228,/tmp/ShineRunner-8976aebc-4ae0-41e1-be7e-7b65ffa5ba1f,0
True,70.876846,22.284765,0.51,0.51,0.0004033962885538737,29.89991190433502,994.342798832804,1.2417272064834832,1.0077356835827231,1.1355799214914442,1205,/tmp/ShineRunner-74e89486-a6bc-47a7-8e0d-057fa3dc75e2,0
True,66.095496,23.462274,0.51,0.51,0.0002778331438700358,23.716458900769553,772.060087416321,1.0900511734187603,1.4254940305836499,1.1040920564904808,1217,/tmp/ShineRunner-085c6cde-0dd6-425a-9111-118c06622149,0
True,42.581073,12.481585,0.031946,0.03363,0.00032093524932861326,19.518129146099092,790.3395150788128,3.7422184579074385,1.0683053978718817,0.9398369300179183,1230,/tmp/ShineRunner-ab140a65-84cf-42bc-a683-41ac7218a6d8,0
True,68.563609,21.615529,0.234538,0.21765,0.0005535562833150228,24.261970500151318,676.9426516257226,1.5561469908803702,1.243080581072718,1.3668116251006723,1223,/tmp/ShineRunner-9612152c-9c75-4bd9-bde2-7de2aea82239,0
True,61.550123,20.636228,0.51,0.51,0.0003340601921081543,34.24442612330119,889.4675690680742,0.6871156968176365,1.4658732204698026,1.2466115868650376,1197,/tmp/ShineRunner-47714a97-8793-482f-80ea-e1450c93c0a8,0
True,46.378178,16.097951,0.071495,0.064896,0.0005176504453023275,16.737545963128408,960.0065615959466,3.453675783798099,1.3593797595240176,1.1166492426767944,1242,/tmp/ShineRunner-11de051a-2cd4-4468-86b0-017c515eed2d,0
True,41.600802,12.990141,0.028749,0.026669,0.0003767530123392741,20.705578605333965,748.0934513732791,3.8605274766683584,1.2073114421218634,1.004227707348764,1232,/tmp/ShineRunner-abae10a5-aa57-4bc2-b954-ae9a16026c7f,0
True,57.250846,18.941047,0.273573,0.255066,0.00031843980153401695,41.73988582690557,754.3403119780123,1.5205976992845536,1.2989319888874888,0.9595286409370601,1185,/tmp/ShineRunner-a6b25131-bac9-4b06-9451-78d7d201f3d3,0
True,56.394768,17.914551,0.104424,0.095514,0.0005046765009562175,26.86261908610662,910.0937284529209,2.908463688194752,1.1668977290391922,1.2652004688046872,1218,/tmp/ShineRunner-26301a2f-684b-46f5-88fb-cce4fb1f758e,0
True,43.328266,13.939691,0.002394,0.001597,0.0006105502446492513,19.305696598688762,542.2227610833943,4.782024512067437,1.313676254823804,1.2400572122074665,1236,/tmp/ShineRunner-1fea61f7-6f35-4138-9d20-255d3662ad52,0
True,38.95555,12.952497,0.034563,0.025721,0.00041874249776204425,26.279380921522776,866.0882781259716,4.048967595770955,1.312111247330904,0.9763504069298506,1222,/tmp/ShineRunner-98fd2a27-c5fd-4580-aef7-e6f411743355,0
True,35.724172,10.243829,0.02856,0.027048,0.00043529272079467773,17.551735611756644,883.40352056548,4.320226110517979,1.0101735815405846,0.8015391022898257,1234,/tmp/ShineRunner-98999e0a-88f0-41d1-9b32-192f9b2ce7d8,0
True,81.38942,25.515496,0.51,0.51,0.0006883422533671061,21.14705225229263,562.0772102847695,0.7245553288608789,1.0234259516000748,1.0359258523210884,1227,/tmp/ShineRunner-900c16fe-cbf6-47bc-9ee0-397419b6de8b,0
True,49.322617,14.940686,0.02439,0.022483,0.001351030667622884,29.993663318951924,599.8927499167621,3.4213373795151716,1.1825565239414573,1.1686344261281192,1212,/tmp/ShineRunner-3e5bd5c3-9b5a-46b9-9019-f4a193668df5,0
True,48.138502,14.939278,0.165972,0.149949,0.0006948272387186686,24.746386222044627,821.3193430565298,2.301038368418813,1.1971415858715773,0.8776782051660121,1225,/tmp/ShineRunner-50c60dfc-0b66-46fd-b576-a7286c62aa53,0
True,53.836083,16.422513,0.027048,0.025151,0.0007992068926493327,28.21898631254832,766.4664378389716,3.9323296636343006,1.0984634468331933,1.3603854164481164,1214,/tmp/ShineRunner-ec2c0725-2093-462c-a2a6-5685fae1dd91,0
True,45.388293,14.427127,0.011272,0.009312,0.0005381822586059571,17.53930487235387,752.1808436140418,4.603444819897414,1.224106150213629,1.2199249637313188,1246,/tmp/ShineRunner-dffc4363-70ec-44d4-a6b2-a68177a1fbad,0
True,50.795117,16.643653,0.036609,0.027237,0.0006346782048543294,34.23980090618134,827.4442031979561,3.89319767318666,1.2800000454299152,1.3241175225935877,1206,/tmp/ShineRunner-fea64126-b7fb-4750-a11d-2fa1c1ab8f34,0
True,47.958791,17.3427,0.0198,0.014584,0.00041193167368570963,24.88246864080429,996.5764163061976,4.866034192964435,1.453662692103535,1.394693460315466,1226,/tmp/ShineRunner-0de14ab1-15ff-48e3-bb2a-46e649f5c6cd,0
True,63.113458,18.386165,0.087258,0.089585,0.00038861831029256185,17.757501808802285,520.4023406840861,2.1299324963241815,1.1791427955031395,1.491726803407073,1243,/tmp/ShineRunner-fbab1477-16ca-4d93-b850-00b484df2ed0,0
True,73.963004,23.70604,0.51,0.51,0.00048006772994995116,22.152782277266184,977.3707040585577,0.8123451005667448,1.1311200228519738,0.9308602246455848,1237,/tmp/ShineRunner-98c47e3b-ef47-4ac6-b046-f5cec6494000,0
True,49.881691,15.688471,0.027994,0.027994,0.0009582797686258952,29.853295679887136,635.6520089320838,3.3147950645536186,1.2643411313183606,1.2029424387030303,1224,/tmp/ShineRunner-7b41cbc7-1cb3-445f-8377-c0c8f80a01dd,0
True,71.169557,23.729901,0.51,0.51,0.0002463777860005697,25.712128297487894,902.5562424212694,1.3582287386059761,1.3404629472643137,1.4732489248737692,1229,/tmp/ShineRunner-dc02c0c5-3229-4684-95dd-d50204319e5b,0
True,32.450953,9.422888,0.004579,0.003786,0.0004742900530497233,14.979000659783681,646.3804296217859,4.9731886893510815,1.1573056518100202,0.8529493562877178,1256,/tmp/ShineRunner-80e30b20-918c-4ea7-8950-71d54c8bc680,0
True,80.30012,26.134754,0.51,0.51,0.00035202900568644205,38.455381433169045,587.4724476598203,0.8484438195824623,1.3249109433963895,1.3982140826061369,1203,/tmp/ShineRunner-257d2991-4623-4e1b-9afd-175086a020f8,0
True,45.99738,16.186838,0.065595,0.057671,0.0008933742841084799,20.325099643071493,697.715210262686,2.800776278600097,1.464353404007852,1.0625082670710981,1248,/tmp/ShineRunner-8d8d4081-4a35-4e17-b6bf-5e98f41effa2,0
True,75.092042,23.521733,0.51,0.51,0.0002946178118387858,17.12389392852783,624.0717768669128,1.0602433118969201,1.1896247486583889,1.2513890067115425,1251,/tmp/ShineRunner-80bfc6bc-77ce-4690-a0fb-591e1935b430,0
True,65.454553,21.206767,0.226006,0.229584,0.0008768717447916667,24.94583514928818,810.4385370388627,1.7472323589026928,1.268773936200887,1.3400875605642795,1233,/tmp/ShineRunner-452b214c-aee5-401b-a388-3443445a2369,0
True,52.267435,15.982909,0.013418,0.012833,0.00044364134470621744,34.545668689409894,708.470453042537,4.510728207230568,1.1140317898243666,1.4125118624418973,1216,/tmp/ShineRunner-2932e1dc-483d-408d-b75f-a7f4863a18bd,0
True,62.154112,20.77799,0.175326,0.16625,0.00040053129196166993,26.66870527267456,729.1314476169646,1.8693553000688552,1.3774483688175678,1.3143083796836437,1231,/tmp/ShineRunner-ae793b42-fe16-412a-9757-a935c2f677aa,0
True,47.394378,13.729576,0.007346,0.006359,0.0004685322443644206,15.906558763980865,530.5390218272805,4.1566560544073585,1.0761809227988124,1.178367067500949,1252,/tmp/ShineRunner-5b96dc5a-60c0-4d01-a415-bea641f058d1,0
True,52.2888,17.26918,0.134798,0.140007,0.0005936344464619954,16.762455745538077,666.2479671649635,2.0460549741983414,1.3352731349878013,1.0168205675669015,1255,/tmp/ShineRunner-24853aa6-372c-4ef5-ad56-b1e2c08e534f,0
True,46.047313,16.305636,0.023438,0.016716,0.00042018493016560875,15.316883742809296,802.9875666834414,4.266502006724477,1.478798198979348,1.2898184798657895,1262,/tmp/ShineRunner-65d51e02-233e-4a78-bfa8-f5a776a2a5a8,0
True,64.001416,21.139946,0.51,0.51,0.00038390159606933595,20.919709928830464,689.2857225611806,1.0108172386884688,1.2832493744790554,0.8619343652389944,1247,/tmp/ShineRunner-269f72f4-82a1-4ed6-9b2e-f7a518256bc9,0
True,47.568557,17.803055,0.134349,0.120183,0.001028438409169515,24.172786768277486,928.9656705223024,2.561653305590153,1.496275382116437,1.052993818745017,1245,/tmp/ShineRunner-f359878e-058a-4c51-9e67-c7d054d026e6,0
True,68.326635,21.14478,0.276306,0.277248,0.0010016878445943196,24.92928469578425,846.1399506777525,1.6444529075175525,1.1028546001762152,1.2999744518660008,1241,/tmp/ShineRunner-824325bd-bc3a-45c1-a105-b0e7cee9ba37,0
True,47.879843,16.043249,0.014584,0.009705,0.0004450281461079915,14.981389995416006,719.7290929034352,4.419323974475264,1.3710431149229407,1.354242152068764,1264,/tmp/ShineRunner-e08472d7-dc14-44e8-a86f-7c2f519b8c89,0
True,58.557035,19.135982,0.073559,0.063495,0.0006734689076741536,17.659487744172413,531.8516409024596,2.331387535482645,1.4299591118469834,1.385944949183613,1259,/tmp/ShineRunner-e1f418c3-9bf2-43bb-ad45-2e255a9c40c3,0
True,52.326056,18.314334,0.51,0.51,0.00039932330449422203,19.784841553370157,965.4930112883449,1.4575844004750254,1.3842252171598375,0.8148163268342614,1253,/tmp/ShineRunner-eacc3a23-27c1-411d-9ced-36e13ac0d1b1,0
True,54.627413,17.066732,0.055535,0.04943,0.0004524509112040202,19.09235252936681,853.3449782989919,3.5418673507869247,1.140754190273583,1.3263641684316099,1254,/tmp/ShineRunner-31aa5f42-5b30-4c5a-8c00-969fdcc72051,0
True,58.328858,19.006367,0.218506,0.199488,0.0004925211270650228,17.616265944639842,878.1553544104099,1.9684508036822082,1.2374023674055934,1.1232399837113918,1261,/tmp/ShineRunner-cb35454e-6b8c-4998-a001-104df0a3d8d8,0
True,36.174889,11.687004,0.024771,0.022483,0.0008636315663655599,21.05839248895645,934.459688141942,4.549671394750476,1.2552374536171556,0.9151935499161482,1250,/tmp/ShineRunner-1b13437e-b9e3-4bd6-92bd-28ce81a9e42b,0
True,58.536499,17.198769,0.046893,0.044343,0.0004197875658671061,25.33568835258484,613.9427865855396,3.0262901641428472,1.0579818454571068,1.3788641685619951,1244,/tmp/ShineRunner-2adbc28a-8a0c-4d07-9f43-d93ef0c675c1,0
True,62.301558,18.833187,0.091405,0.080375,0.000337676207224528,23.62852170864741,759.3782995827496,2.7828203637152913,1.0274028717540205,1.4540729609318077,1249,/tmp/ShineRunner-bde6c548-fda5-47af-81e1-72a7af53b287,0
True,66.226222,23.148277,0.265354,0.243685,0.0009571353594462077,29.36293257077535,573.6894994042814,1.2784031607210635,1.4502982408739626,1.1927774968557059,1235,/tmp/ShineRunner-48e7f978-00ac-4d85-b8a5-64b3cc60fa06,0
True,55.230582,16.26968,0.091405,0.093217,0.0008423527081807455,27.81815129518509,654.560187831521,2.415280776843429,1.0863335304893553,1.0788633532822132,1239,/tmp/ShineRunner-db575967-0de8-4cc4-85de-cd918bd1234c,0
True,36.351023,12.331097,0.015166,0.016135,0.0007676760355631511,25.63296492497126,657.8261665999889,3.9654740270227196,1.4200543989427388,0.9584002655930818,1240,/tmp/ShineRunner-1b9640d6-34ae-46c2-933f-24ee30471110,0
True,65.714666,21.129479,0.51,0.51,0.00032606124877929685,14.338514113426209,784.114926122129,1.1712520737200975,1.1840923293493688,0.9900958093814552,1265,/tmp/ShineRunner-ab4a551b-843e-41d0-85e6-ba84529e7ea0,0
True,41.226726,12.270628,0.029691,0.022292,0.00054930845896403,16.65271280606588,550.9679005481303,3.0891205526888372,1.2329695774242282,0.8900496101006866,1268,/tmp/ShineRunner-2315bba0-3f7f-4bb8-b3d4-71d0b71779eb,0
True,48.573326,15.26433,0.089916,0.090082,0.0007359703381856282,17.35704742272695,972.1149699762464,3.276393182575703,1.1242341022007167,1.0446970569901168,1258,/tmp/ShineRunner-eb35cd3b-1acc-4bad-84bf-9755b688679e,0
True,55.751836,19.082427,0.064371,0.056426,0.0003628293673197428,29.95062454541524,841.4713516831398,3.188219465687871,1.4053644500672817,1.4420554226264357,1238,/tmp/ShineRunner-197a9809-e3c6-4176-80d6-9ad68e11af2c,0
True,44.763204,15.750197,0.04489,0.034003,0.00036480029424031574,16.499724102020263,898.0348533950746,3.8301822435110813,1.4119309643283486,1.1515568679198622,1266,/tmp/ShineRunner-a899e5c1-05c3-40b4-9ea7-416021282edf,0
True,43.325549,12.982489,0.014584,0.01439,0.0005313793818155925,15.462988313039144,815.0871824473143,4.812368696182967,1.0475313859060407,1.0920525104738772,1270,/tmp/ShineRunner-3e68f176-9e37-4366-ba34-996a805e770f,0
True,54.469422,17.273335,0.012443,0.011858,0.0008719285329182942,19.89334669113159,563.3106883615255,3.6350629124790435,1.3011839664541185,1.4808839636854827,1260,/tmp/ShineRunner-bbcb2fd2-52aa-4cab-9d7c-b1b6dedce2f2,0
True,40.485209,13.068187,0.075102,0.060504,0.0005337993303934733,13.537154380480448,778.5307997837663,2.996478893235326,1.3230280834250152,0.8699325645342469,1278,/tmp/ShineRunner-a2be7ba0-a490-4606-a5f2-31d8700e3a09,0
True,64.677971,20.700338,0.51,0.51,0.00040771166483561196,20.935402595996855,834.0279529802501,0.6254608742892742,1.3499934887513518,1.2276913186535239,1257,/tmp/ShineRunner-109084ce-8ab6-4c7a-b163-a31192ce9934,0
True,56.894796,17.28917,0.08809,0.087425,0.000446629524230957,11.992781913280487,717.6227821037173,2.6005909856408835,1.1383965807035565,1.2119467850774526,1279,/tmp/ShineRunner-9c3ebb20-85db-476e-85a7-71b3f774647a,0
True,67.624248,22.020556,0.51,0.51,0.00046056509017944336,15.37621473868688,626.2573413550854,0.7739403337240219,1.4920505839399993,1.4288435640744865,1271,/tmp/ShineRunner-b41aa578-9418-4f71-a197-340d27d210b8,0
True,58.490639,19.074648,0.51,0.51,0.0002961556116739909,12.405882155895233,868.4196858666837,1.257068794593215,1.250837890431285,0.8385076403617859,1145,/tmp/ShineRunner-dbaa0cca-46eb-48cd-964e-176a348aabb4,0
True,53.955605,15.567536,0.159099,0.1636,0.0005722403526306153,18.907390153408052,582.4961508624256,1.785638174787164,1.096318035852164,0.8427797622978688,1267,/tmp/ShineRunner-606b06da-78fa-43fe-96f5-325aa2ec4b31,0
True,81.577105,25.570304,0.51,0.51,0.0004941026369730631,12.4224378824234,914.3613982014358,0.9031237971037627,1.0816205693408847,1.4030136092565955,1277,/tmp/ShineRunner-12552ea2-ca6b-484c-b4c2-f6de10d7c797,0
True,64.606997,19.628719,0.329129,0.329309,0.0006019035975138346,19.819371887048085,739.9213803000748,1.3278806205838918,1.0441669495776296,0.9643068065866829,1263,/tmp/ShineRunner-8fbecf9b-2616-4fee-96ff-c92afbc1c721,0
True,62.610683,19.725908,0.165972,0.152255,0.0006638169288635254,14.616891686121622,511.6301407106221,1.6055141784250737,1.2742118695750833,1.141718555893749,1275,/tmp/ShineRunner-06080fa8-dbad-4d55-bce1-4f61507307ec,0
True,47.242323,16.951843,0.166389,0.147485,0.0004574418067932129,12.614469492435456,872.5514188408852,2.2376248888671397,1.4442500760778785,0.9499721851199866,1273,/tmp/ShineRunner-8242787a-39b5-42e8-95a9-ea087179e1ea,0
True,57.740361,19.476782,0.160087,0.150093,0.0006482640902201335,18.86458262602488,992.0625952072442,2.522432912886143,1.2910140953026712,1.2808478035032749,1269,/tmp/ShineRunner-4c2d7f67-5087-42b1-82f0-02cfb118ab21,0
True,35.95491,12.061239,0.004975,0.003388,0.0005074063936869303,14.373926397164663,605.1100282929838,4.702002427354455,1.3954023919068277,1.0288670820184052,1276,/tmp/ShineRunner-88e45aee-479f-407f-b5b6-6f39599f9a41,0
True,59.172613,18.800955,0.068901,0.065944,0.00042333205540974933,12.741551411151885,630.3273267112672,2.5832646269351245,1.2987623759545386,1.4048923707567156,1143,/tmp/ShineRunner-32d1b436-fc68-4f9d-b588-45ebc903ce72,0
True,55.60642,16.489589,0.040491,0.036423,0.00041669607162475586,16.709450781345367,686.1026678234339,3.355119225382805,1.0015619858168066,1.3083824986591934,1272,/tmp/ShineRunner-6549ca1c-f15e-4fd1-b5ab-2ad0345924bb,0
True,68.772464,24.439327,0.51,0.51,0.0006585240364074707,13.060156329472859,988.1682069972157,0.9891912553459405,1.4841814232058823,1.2131440285593271,1141,/tmp/ShineRunner-49c38212-7fc2-4670-87b0-3d121911a871,0
True,55.214109,18.074896,0.036794,0.031196,0.0007947961489359538,16.420268670717874,945.3407772816718,3.995286346971989,1.2184866364113986,1.466634799260646,1274,/tmp/ShineRunner-7b092fb6-f79c-4ed6-9cdd-64af281c5d2d,0
