sdcc_preruntime_min,ascot_runtime_min,cleaning_time_min,total_runtime_min,lost_power_W_output,number_particles,current_drive_A,parallel_current_A,current_drive_correction_factor,power_deposited_to_ions_W,power_deposited_to_electrons_W,shine_inj1,shine_inj2,te0,teav,shine_success,success,enbi,nbar,np,hfactor,index,run_dir,batch_num
6.54,0.46,0.0,7.0,45513.472887120246,1.1125798392654073e+20,288205.52174280916,1859612.2167029083,0.1549815166593159,4089677.3142840434,5331949.970847044,0.004777,0.004975,46.421909,14.739357,True,True,801.1145885102451,5.4270855948328975,1.1766346702352166,1.3198360507376492,12,/scratch/project_2013233/enchanted_plugins/data/ascot_DT-D_sobol_seq_extended_take2/batch_0/ascot_sdcc_workflow_runner-39b78651-923c-4b95-a2f9-6e24bf6f0bb1,0
6.42,0.63,0.0,7.05,57193.23451016952,1.207944032031497e+20,315174.8836651182,1666042.41751344,0.18917578589356396,6595381.801832065,7240812.542913732,0.000799,0.0002,41.556987,14.459667,True,True,850.1431881450117,7.490527374297381,1.3636398361995816,1.3783970278687776,4,/scratch/project_2013233/enchanted_plugins/data/ascot_DT-D_sobol_seq_extended_take2/batch_0/ascot_sdcc_workflow_runner-d2c0eae4-3861-4379-b44a-7a2d288b4ea1,0
6.2,0.9,0.0,7.1,124421.55651300443,1.2653802197855705e+20,265788.14057456533,1898803.7126867648,0.13997662780977033,6429530.808652565,9208889.77192011,0.001398,0.002195,38.303811,12.782767,True,True,931.561331730336,7.220900278910994,1.245050779543817,1.1908911515027285,16,/scratch/project_2013233/enchanted_plugins/data/ascot_DT-D_sobol_seq_extended_take2/batch_0/ascot_sdcc_workflow_runner-3d385315-5877-4af3-acfe-4bfdcee040a3,0
6.61,0.61,0.0,7.22,45912.111088697544,9.234965572725378e+19,139238.64560739743,1340440.7532099893,0.10387527033474543,4648113.611468869,6687397.886523374,0.001996,0.001199,37.879406,11.399832,True,True,755.8740018866956,6.719366588070988,1.043493169825524,1.0997290000319482,28,/scratch/project_2013233/enchanted_plugins/data/ascot_DT-D_sobol_seq_extended_take2/batch_0/ascot_sdcc_workflow_runner-4bd129df-69e8-4224-b047-91f977444974,0
6.89,0.61,0.0,7.5,119190.617945737,1.107816065487236e+20,372753.88438687136,2087912.0757623005,0.17852949303469987,3410953.800468293,5307016.501944438,0.012833,0.011858,49.170409,16.773999,True,True,979.7047502361238,5.155366412177682,1.3070647595450282,1.4218993853777646,24,/scratch/project_2013233/enchanted_plugins/data/ascot_DT-D_sobol_seq_extended_take2/batch_0/ascot_sdcc_workflow_runner-ab12b691-fb1c-4fec-8dcc-dc095c121e51,0
7.04,0.66,0.0,7.7,105570.69931067913,1.2664539666771822e+20,317452.5113921409,1987763.9883093592,0.15970332155083553,5486656.913723072,7346037.391467432,0.002394,0.002792,41.215445,14.147546,True,True,896.7143227346241,6.367266964539885,1.3313640919514,1.2704753217287361,32,/scratch/project_2013233/enchanted_plugins/data/ascot_DT-D_sobol_seq_extended_take2/batch_0/ascot_sdcc_workflow_runner-7dcf2caf-8946-4eae-a37d-ce0280bf9733,0
7.26,0.51,0.0,7.77,2913.0035338265693,7.420904952551082e+19,67153.01333955649,1059855.8320134943,0.06336051688462237,2323093.3943901486,2409570.191156204,0.010097,0.008723,39.375393,11.825561,True,True,546.7498004436493,3.9174867600202563,1.204849276226014,0.9682343935593963,30,/scratch/project_2013233/enchanted_plugins/data/ascot_DT-D_sobol_seq_extended_take2/batch_0/ascot_sdcc_workflow_runner-3a46286e-dc68-4e14-962b-cdeb7dbc459a,0
7.72,0.72,0.0,8.44,16120.258076937427,7.670036101688908e+19,89367.67948531438,942872.5624275929,0.09478235240531489,3861512.714129311,4316738.993747557,0.001597,0.0006,33.408389,10.692473,True,True,622.0841463655233,5.981242027133703,1.2668675552122295,1.0190618513152003,22,/scratch/project_2013233/enchanted_plugins/data/ascot_DT-D_sobol_seq_extended_take2/batch_0/ascot_sdcc_workflow_runner-e3975ae1-b7e9-4699-a928-7f185c586908,0
7.68,0.75,0.0,8.44,7528.967345100995,8.246984126215422e+19,142206.6874930189,1105963.1380109556,0.12858176064418722,3086091.453488337,2663162.1097117793,0.004777,0.003388,40.663579,13.500515,True,True,577.4806141853333,4.655834936723113,1.3838633792474866,1.159877698775381,6,/scratch/project_2013233/enchanted_plugins/data/ascot_DT-D_sobol_seq_extended_take2/batch_0/ascot_sdcc_workflow_runner-e0cda29e-7454-49f0-8ec4-963cf0613505,0
7.69,0.77,0.0,8.46,18301.400455512623,8.901402868436107e+19,181801.24393650438,1011977.6964102,0.17964945727698348,5496541.3489975445,5090682.14590004,0.0002,0.0002,37.560253,13.317087,True,True,690.3505809605122,7.59835963100195,1.4444668916985393,1.2906930865719914,26,/scratch/project_2013233/enchanted_plugins/data/ascot_DT-D_sobol_seq_extended_take2/batch_0/ascot_sdcc_workflow_runner-c6edca7a-ca32-4671-bec9-56cac9b975ee,0
7.68,0.89,0.0,8.57,224879.38928443743,1.417165810477168e+20,178584.20437646625,2299030.3942817505,0.07767805280897927,5839049.149455497,10361086.186615717,0.006359,0.005173,30.873391,10.911689,True,True,962.2919070534408,5.9575558573007585,1.4084241106174886,0.9337925464846194,8,/scratch/project_2013233/enchanted_plugins/data/ascot_DT-D_sobol_seq_extended_take2/batch_0/ascot_sdcc_workflow_runner-ff390ad3-a11b-4548-9d25-825cf9cbea59,0
8.44,0.66,0.0,9.1,30208.61309581692,7.03131853728502e+19,29991.58630692443,896083.3628618413,0.0334696385960561,3775211.756145994,6043598.375874125,0.001398,0.000799,27.42934,7.842356,True,True,658.5825867950916,6.236577881500125,1.156208714004606,0.8367246526293457,2,/scratch/project_2013233/enchanted_plugins/data/ascot_DT-D_sobol_seq_extended_take2/batch_0/ascot_sdcc_workflow_runner-ac9a7be4-9f36-4a42-95c8-657497a8d503,0
8.28,0.8,0.0,9.08,671.5006377456228,4.9771853290065215e+19,95525.20597099504,525991.8788596748,0.18160965940783935,2935672.946229328,2428127.3971782355,0.000999,0.0002,46.827437,14.290368,True,True,528.8528557866812,6.785215422883629,1.0718489149585366,1.450860050227493,14,/scratch/project_2013233/enchanted_plugins/data/ascot_DT-D_sobol_seq_extended_take2/batch_0/ascot_sdcc_workflow_runner-677a5619-3bca-4efa-9877-72441dcc4df3,0
8.37,0.73,0.0,9.1,66872.99710728611,1.2795618527849832e+20,81019.97040039221,2163855.110154425,0.03744241932844116,4076071.13928796,7742633.7997712195,0.016716,0.012248,29.07547,10.068433,True,True,832.8832979314029,4.590299589559436,1.4805021504871547,0.8000732503831387,20,/scratch/project_2013233/enchanted_plugins/data/ascot_DT-D_sobol_seq_extended_take2/batch_0/ascot_sdcc_workflow_runner-5b1e6097-37d0-43cb-8a63-7f0bacec5475,0
9.17,0.8,0.0,9.97,79273.60751880416,1.1275444685901696e+20,93122.34996543778,2051857.1224776802,0.045384422212103,3543450.7425593035,7358222.908936741,0.019223,0.017296,36.951627,10.858157,True,True,870.1483425684273,4.785627115890383,1.0680820606648922,0.8956789874471724,36,/scratch/project_2013233/enchanted_plugins/data/ascot_DT-D_sobol_seq_extended_take2/batch_0/ascot_sdcc_workflow_runner-22066d0a-c924-480b-97d6-bc6cf3ccc34d,0
9.45,0.6,0.0,10.05,3879.803713921657,1.0055122201594344e+20,350071.24281408364,1836661.1238124662,0.19060197783651023,2510157.127585217,2332829.784784573,0.018453,0.019608,53.553346,18.041616,True,True,687.380732037127,3.695611745864153,1.4200301286764443,1.4892851150594653,34,/scratch/project_2013233/enchanted_plugins/data/ascot_DT-D_sobol_seq_extended_take2/batch_0/ascot_sdcc_workflow_runner-1b695509-f0bd-4fb8-abb6-2b9fa868b100,0
9.89,0.71,0.0,10.6,0.0,8.35706694855184e+19,200760.97345324932,1216447.1166027244,0.16503880087605585,3425005.0279671676,3493708.745382576,0.001996,0.001797,49.576404,14.930215,True,True,640.8378649502993,5.466969669610262,1.0074612563475966,1.4095914447680116,18,/scratch/project_2013233/enchanted_plugins/data/ascot_DT-D_sobol_seq_extended_take2/batch_0/ascot_sdcc_workflow_runner-25fb9fd6-2629-45e6-8cb0-5c0f8a8c0c10,0
10.24,0.59,0.0,10.83,73272.15535748683,1.0205770998360975e+20,165249.09700104603,2015691.3418791452,0.0819813498067572,2373440.1083029094,4775834.172569088,0.045255,0.045255,46.07699,14.093555,True,True,886.4727444015443,3.8263972721993924,1.0964063159190118,1.0555538185872138,0,/scratch/project_2013233/enchanted_plugins/data/ascot_DT-D_sobol_seq_extended_take2/batch_0/ascot_sdcc_workflow_runner-e8fdbfc3-ee23-4c2b-bbe4-bc826b818a11,0
10.24,0.74,0.0,10.98,10175.971996820965,5.451641122999511e+19,70331.01772895057,579930.9126768527,0.12127482117536335,3524897.2434932305,3742339.2994148643,0.0002,0.0,34.805611,10.885152,True,True,580.8899598196149,7.360895725339651,1.1806419901549816,1.11417894391343,38,/scratch/project_2013233/enchanted_plugins/data/ascot_DT-D_sobol_seq_extended_take2/batch_0/ascot_sdcc_workflow_runner-cc935c08-847a-461b-8aa7-f871c617a26e,0
11.57,0.73,0.0,12.3,22932.401624130893,1.1011044266540895e+20,190953.92048165645,1920672.3191126746,0.09942035326977308,3078400.4891514895,4264060.344975759,0.0198,0.017875,40.428234,13.44061,True,True,735.1072896271944,4.170812638476491,1.3432181640528142,1.0651263828389346,10,/scratch/project_2013233/enchanted_plugins/data/ascot_DT-D_sobol_seq_extended_take2/batch_0/ascot_sdcc_workflow_runner-16570ee1-235e-4911-9b63-9e44b773271d,0
6.35,0.4,0.0,6.75,33569.149952756816,1.3647508319746847e+19,-4408.132978672893,151496.7105384793,-0.02909721909475554,1241249.783206406,6641083.364081092,0.0,0.0,11.524285,2.428609,True,True,590.987897478044,8.283577213436365,1.1103277327492833,0.8671856986358762,25,/scratch/project_2013233/enchanted_plugins/data/ascot_DT-D_sobol_seq_extended_take2/batch_0/ascot_sdcc_workflow_runner-3c7b37e2-034c-46f4-b790-66c9219fee07,0
6.91,0.77,0.0,7.69,25709.493207742147,5.514314458034543e+19,59745.522761317756,535624.7622657175,0.11154361592356454,4157512.0528136147,5002951.985614081,0.0,0.0,25.96794,9.458343,True,True,627.2400515154004,8.536839130148293,1.498326658271253,0.9910796358250082,13,/scratch/project_2013233/enchanted_plugins/data/ascot_DT-D_sobol_seq_extended_take2/batch_0/ascot_sdcc_workflow_runner-3a317490-a4ec-49fe-9eb4-85deeb044786,0
6.96,0.77,0.0,7.74,1875.610601619051,2.7817806677058707e+19,32494.02166835417,215097.3718085424,0.15106656764396456,2620420.0851794337,2825080.841824486,0.0,0.0,28.889228,10.165848,True,True,515.5920991674066,10.409096212685109,1.4223345601931214,1.1200257698073983,17,/scratch/project_2013233/enchanted_plugins/data/ascot_DT-D_sobol_seq_extended_take2/batch_0/ascot_sdcc_workflow_runner-e9c1ad2c-b0ea-4bce-b256-a0f5e926f36b,0
7.3,0.28,0.0,7.58,21623.803126853825,4.02136663753493e+18,-792.0829624881807,37828.24161094286,-0.02093893156955646,554169.9170427148,5012378.125691938,0.0,0.0,10.906146,2.143763,True,True,531.3723254948854,11.657513929903507,1.025176825467497,1.0404846749268473,33,/scratch/project_2013233/enchanted_plugins/data/ascot_DT-D_sobol_seq_extended_take2/batch_0/ascot_sdcc_workflow_runner-b2507820-f827-4865-8199-1b1154fc8ac5,0
6.43,0.79,0.0,7.22,1909.7108672641587,4.032420421168163e+19,69575.95156927365,365653.3545677258,0.1902784445982346,3874431.586264882,4129695.7146110684,0.0,0.0,37.371397,12.498663,True,True,608.8842460885644,11.147314588353039,1.2272301013581455,1.3552907864563166,9,/scratch/project_2013233/enchanted_plugins/data/ascot_DT-D_sobol_seq_extended_take2/batch_0/ascot_sdcc_workflow_runner-95493afb-211e-454a-a711-163738c69bf0,0
6.62,0.75,0.0,7.37,292258.4095387808,1.2725081425600397e+20,232441.45683455755,1875281.9475703908,0.12395013834357439,7126105.447855095,11143479.762655469,0.001996,0.001199,36.115742,11.904729,True,True,993.4511580504477,7.8645389333367355,1.1909392578527331,1.1291626540012658,7,/scratch/project_2013233/enchanted_plugins/data/ascot_DT-D_sobol_seq_extended_take2/batch_0/ascot_sdcc_workflow_runner-59e921a3-3b93-427d-b5df-5c74aaa8f3cf,0
7.59,0.91,0.0,8.5,216798.80074137566,9.2454099134424e+19,181269.49971063872,1153511.9096927426,0.1571457547923566,7882099.522851949,11180727.971947875,0.0,0.0002,37.601741,12.186424,True,True,948.3641204424202,11.254570000246167,1.0896733640693128,1.2699794180691242,23,/scratch/project_2013233/enchanted_plugins/data/ascot_DT-D_sobol_seq_extended_take2/batch_0/ascot_sdcc_workflow_runner-fbc50c78-176f-43e1-bc88-0de318a544ae,0
9.99,0.32,0.0,10.31,147824.03751360776,9.841402611222194e+18,-2563.668586717954,114339.3289056644,-0.022421581543767038,1149740.7113396283,10322683.678295322,0.0,0.0,9.503174,1.914986,True,True,703.703778795898,10.664368105307222,1.0613133860751987,0.9106866127811373,5,/scratch/project_2013233/enchanted_plugins/data/ascot_DT-D_sobol_seq_extended_take2/batch_0/ascot_sdcc_workflow_runner-b851dd9f-9462-48b9-8af5-b71441ff112d,0
9.4,0.76,0.0,10.16,25608.363779817337,4.466050730723417e+19,72613.15596284572,422052.51674492285,0.1720476790966067,4491717.060717842,5664602.008722108,0.0,0.0,31.643169,11.028308,True,True,671.9952104613185,11.96039458438754,1.3497298783622682,1.2111882707104087,29,/scratch/project_2013233/enchanted_plugins/data/ascot_DT-D_sobol_seq_extended_take2/batch_0/ascot_sdcc_workflow_runner-ba7ab7ee-42b0-4cc8-9f30-de1068b98323,0
7.45,0.89,0.0,8.34,34352.79022200202,7.59142272832175e+19,175674.87569689925,770015.241232711,0.2281446733647282,6960078.059305843,6782694.563093838,0.0,0.0,38.753573,13.973973,True,True,770.0164304114878,11.524261057376862,1.458388369064778,1.4742333465255797,3,/scratch/project_2013233/enchanted_plugins/data/ascot_DT-D_sobol_seq_extended_take2/batch_0/ascot_sdcc_workflow_runner-0f4c9d2d-d95e-4f5b-b8a8-bdd501e631c0,0
7.57,0.62,0.0,8.19,154375.31238032837,4.979613771211989e+19,11327.846611588897,597924.5623811274,0.01894527725450478,4073679.316797942,10117668.016486578,0.0,0.0,19.675234,5.616497,True,True,759.7538637928665,8.955097008123994,1.2231848114170134,0.8216315519995988,35,/scratch/project_2013233/enchanted_plugins/data/ascot_DT-D_sobol_seq_extended_take2/batch_0/ascot_sdcc_workflow_runner-6f8c3aa9-df43-4482-99fd-ed34f06e0cc9,0
7.1,0.71,0.0,7.8,125237.86443171748,7.898514942064686e+19,73883.50135965468,951564.8867166239,0.07764420733786197,5834557.452092983,9385751.250916328,0.0,0.0002,25.050459,8.337929,True,True,787.2757245786488,8.628505462780595,1.3253975445404649,0.9013676378875971,19,/scratch/project_2013233/enchanted_plugins/data/ascot_DT-D_sobol_seq_extended_take2/batch_0/ascot_sdcc_workflow_runner-fe997060-0e5e-4cce-9b40-b3aefc9bbd4c,0
8.81,0.67,0.0,9.47,351354.6760824647,8.156946578817114e+19,65483.107888151375,1002574.4002786318,0.06531496103426593,6837963.32864662,13564470.647819804,0.0,0.0002,23.442353,7.583989,True,True,917.5712582655251,9.925730661302806,1.2529456159099936,0.8600975890643895,15,/scratch/project_2013233/enchanted_plugins/data/ascot_DT-D_sobol_seq_extended_take2/batch_0/ascot_sdcc_workflow_runner-d6ea28e3-8b76-4fe6-8153-5d0e62f20b9d,0
6.96,0.83,0.0,7.79,1550.705570315707,4.267513184068064e+19,64800.49177734142,382214.1382493128,0.16953975610152072,3454716.544101664,3233408.359704794,0.0,0.0,35.534089,11.919515,True,True,560.195273719728,9.087420307472348,1.2892407434992492,1.255362186115235,1,/scratch/project_2013233/enchanted_plugins/data/ascot_DT-D_sobol_seq_extended_take2/batch_0/ascot_sdcc_workflow_runner-50305495-8673-4d92-9e64-67aa0ac07fe7,0
9.54,0.81,0.0,10.35,222244.4454286727,7.2219440224863216e+19,83900.88277456338,861399.0602095288,0.09740071315396505,6342586.988816324,11084831.340647485,0.0,0.0,27.825333,8.90102,True,True,864.2238066531718,10.687605604156852,1.1383847566321492,0.9983485009521247,27,/scratch/project_2013233/enchanted_plugins/data/ascot_DT-D_sobol_seq_extended_take2/batch_0/ascot_sdcc_workflow_runner-5426fbfe-6872-4df3-a018-5a96221d79a1,0
5.79,0.87,0.0,6.66,94171.09139514575,8.298880037298843e+19,150792.67767291516,1075454.3808917475,0.1402129930865878,5970466.369889651,8433205.553415548,0.0004,0.0002,38.0657,11.847185,True,True,818.983577657491,9.399536197632552,1.0213717664591968,1.223913620505482,11,/scratch/project_2013233/enchanted_plugins/data/ascot_DT-D_sobol_seq_extended_take2/batch_0/ascot_sdcc_workflow_runner-0b0fedfa-fb55-4cfb-9932-ca2d22dce05a,0
8.37,0.75,0.0,9.12,345592.9010168631,1.1780128265300093e+20,229991.01796229713,1398037.3400507674,0.16450992500239328,9696956.591230918,12078767.505811814,0.0002,0.0,31.856559,11.798223,True,True,973.4212155453861,10.532172666862607,1.4867433477193117,1.1749053695239127,39,/scratch/project_2013233/enchanted_plugins/data/ascot_DT-D_sobol_seq_extended_take2/batch_0/ascot_sdcc_workflow_runner-52f633ff-48c4-4f7b-9990-9be0181abb85,0
10.64,0.81,0.0,11.45,13548.786725108916,8.452210301011657e+19,188899.96524692053,995837.1764706498,0.18968960961710787,5399649.300248866,5254620.294990122,0.0,0.0006,41.509985,13.835962,True,True,700.273459777236,7.995868885517121,1.2647767383605242,1.3933633732609452,37,/scratch/project_2013233/enchanted_plugins/data/ascot_DT-D_sobol_seq_extended_take2/batch_0/ascot_sdcc_workflow_runner-056f9e41-adbd-41d6-8078-4438307a3e28,0
6.65,0.51,0.0,7.17,68286.48736067206,9.913261801709597e+19,284608.17814313044,1957842.9453854025,0.1453682374339302,2537869.2002188447,4449154.554819323,0.033816,0.027994,51.723437,16.462705,True,True,942.2637508250773,4.302751729264855,1.1443505813367665,1.3293215920217336,40,/scratch/project_2013233/enchanted_plugins/data/ascot_DT-D_sobol_seq_extended_take2/batch_0/ascot_sdcc_workflow_runner-6f545ae8-c958-46a0-aa39-cfc05a8775df,0
13.34,0.79,0.0,14.13,121819.46181263046,1.2057756842875258e+20,287673.97938830656,1504242.7452471477,0.19124172630863617,8317547.433890976,9117742.968076333,0.0002,0.0004,38.238112,13.698949,True,True,900.1597263850272,9.127753053233027,1.401683536823839,1.342724996805191,31,/scratch/project_2013233/enchanted_plugins/data/ascot_DT-D_sobol_seq_extended_take2/batch_0/ascot_sdcc_workflow_runner-c1106902-09f6-4246-8de2-72703ed4f0ec,0
12.95,0.76,0.0,13.72,13116.069079852123,7.129020064234854e+19,161872.11384376438,791382.679426454,0.2045434125006115,5646070.570282871,5793865.851842574,0.0,0.0,42.889666,14.107954,True,True,721.4471893385053,9.898490828275682,1.1627127914689481,1.4890114737674593,21,/scratch/project_2013233/enchanted_plugins/data/ascot_DT-D_sobol_seq_extended_take2/batch_0/ascot_sdcc_workflow_runner-3146b230-f169-4f6c-a470-5e21418483c5,0
7.06,0.81,0.0,7.87,6883.5576757418685,5.332350516178598e+19,93254.77038089861,538883.8733109521,0.17305170000343992,4527558.2317814985,5065688.60023081,0.0,0.0,36.914969,12.144277,True,True,656.0399830341339,10.056772535294295,1.2027591820806265,1.2938534344546497,45,/scratch/project_2013233/enchanted_plugins/data/ascot_DT-D_sobol_seq_extended_take2/batch_0/ascot_sdcc_workflow_runner-313f19f6-d833-4eaa-bf98-7e095652eb2c,0
7.8,0.58,0.0,8.38,30224.46242447912,9.795056667058985e+19,187435.4894378368,1475287.119416844,0.1270501768577271,4167125.5854845373,5420162.28769753,0.002195,0.004579,42.412141,12.980962,True,True,731.6749459132552,5.8259695574641235,1.1080240090377629,1.1980164690874517,42,/scratch/project_2013233/enchanted_plugins/data/ascot_DT-D_sobol_seq_extended_take2/batch_0/ascot_sdcc_workflow_runner-679acb63-afdc-43ab-bb3f-3e96c6c34652,0
6.89,0.55,0.0,7.44,120132.85222840882,1.3017756077087618e+20,296910.0443712843,2218885.660307046,0.13381043002017434,4724101.570352378,7139040.851255569,0.009312,0.007937,38.292425,13.775192,True,True,910.5566130019724,5.598780336230993,1.4482721518725157,1.1487908340990542,48,/scratch/project_2013233/enchanted_plugins/data/ascot_DT-D_sobol_seq_extended_take2/batch_0/ascot_sdcc_workflow_runner-7f0ee643-30a8-424e-aec9-ceced1b4724d,0
7.61,1.06,0.0,8.68,33318.7137860421,6.609630716249091e+19,59130.11878800399,751125.8123712866,0.0787219901301642,4144473.7605602765,5302507.107149673,0.0,0.0,27.896889,9.028007,True,True,638.3820837363601,7.0891855549067255,1.3030190747231245,0.9301085574552417,50,/scratch/project_2013233/enchanted_plugins/data/ascot_DT-D_sobol_seq_extended_take2/batch_0/ascot_sdcc_workflow_runner-28d40b84-391b-46fa-b4f7-4310aa5dbcc1,0
7.59,0.72,0.0,8.3,48445.149279459554,8.119265928988677e+19,172283.11907551967,949774.543856426,0.1813937004207212,6491699.34388501,7797533.379997161,0.0002,0.0,40.659078,13.215746,True,True,808.259469922632,10.27891976237297,1.1219341456890106,1.3808063559234143,51,/scratch/project_2013233/enchanted_plugins/data/ascot_DT-D_sobol_seq_extended_take2/batch_0/ascot_sdcc_workflow_runner-db705ff6-b780-4a97-a46c-cb8d9a460103,0
8.26,1.01,0.0,9.27,128645.04249476877,1.0933147651948365e+20,281287.11316522275,1601360.825827361,0.17565504827426548,6428867.922993526,8729731.31966501,0.0004,0.001398,45.351645,14.442979,True,True,927.8108119033277,8.406406394764781,1.0497336592525244,1.4248054326511919,47,/scratch/project_2013233/enchanted_plugins/data/ascot_DT-D_sobol_seq_extended_take2/batch_0/ascot_sdcc_workflow_runner-c9c89c07-53c2-42c2-bca9-3ff516db51d1,0
11.27,0.78,0.0,12.05,95472.71692574621,1.097913641476879e+20,150754.9394581875,1442754.9836070242,0.10449101973038129,6009905.769484966,7962705.661333566,0.001797,0.0004,30.835418,10.72135,True,True,790.8502318896353,6.917795069888234,1.3800924643874168,1.0171062127687036,44,/scratch/project_2013233/enchanted_plugins/data/ascot_DT-D_sobol_seq_extended_take2/batch_0/ascot_sdcc_workflow_runner-52ff7f5e-9d37-4b4f-b939-65b1651aa08b,0
8.2,0.75,0.0,8.94,25175.66083527834,4.249330324237181e+19,42181.617476626794,400945.9340722917,0.10520525061371823,3605349.7957536913,4983878.611651085,0.0002,0.0,24.156682,8.599433,True,True,612.2918017208576,9.52891149893403,1.4621822298504412,0.9597204088233412,41,/scratch/project_2013233/enchanted_plugins/data/ascot_DT-D_sobol_seq_extended_take2/batch_0/ascot_sdcc_workflow_runner-51760164-3edb-4f04-918f-dcf4e8878962,0
7.42,0.71,0.0,8.13,88731.41673715683,1.1968793723226323e+20,277124.09822577075,1513477.0016382951,0.18310426780571618,7344840.539922236,8052843.596397851,0.0004,0.0004,38.019432,13.675716,True,True,852.9846775345504,8.151125489920378,1.433952186256647,1.308459223806858,59,/scratch/project_2013233/enchanted_plugins/data/ascot_DT-D_sobol_seq_extended_take2/batch_0/ascot_sdcc_workflow_runner-3bcd4d78-8aeb-4992-8cc1-b8fae8121773,0
7.93,0.86,0.0,8.79,378103.5592966801,1.1230471623527734e+20,166779.97655213482,1366316.060709087,0.12206544396878406,8748496.353555592,12734792.9583956,0.0002,0.0,28.948719,10.285745,True,True,959.5802365802228,9.768186016380787,1.3537372355349362,1.0477414507418872,55,/scratch/project_2013233/enchanted_plugins/data/ascot_DT-D_sobol_seq_extended_take2/batch_0/ascot_sdcc_workflow_runner-c8d4b545-eff2-499a-abc6-361f973a66d8,0
7.62,0.72,0.0,8.35,2550.1124578284957,3.1795966620883223e+19,37797.867063741556,281431.34085102944,0.13430582020269438,2575595.6288262303,2825470.3680750513,0.0,0.0,34.801935,10.801732,True,True,518.0230922996998,8.757752840593458,1.126530483365059,1.1621675757691263,49,/scratch/project_2013233/enchanted_plugins/data/ascot_DT-D_sobol_seq_extended_take2/batch_0/ascot_sdcc_workflow_runner-daa17d52-058d-473a-8edc-4318bfc5dfec,0
9.56,0.74,0.0,10.29,195787.96227274556,7.472584554070585e+19,112895.43553782626,841958.6450185241,0.13408667540356736,6760304.044033214,9919298.044228032,0.0,0.0,29.35742,10.060656,True,True,838.9907605014741,11.017266061529517,1.2851990372873843,1.0910675262100995,43,/scratch/project_2013233/enchanted_plugins/data/ascot_DT-D_sobol_seq_extended_take2/batch_0/ascot_sdcc_workflow_runner-890e177f-7f02-428b-aea5-2ed92ed5c109,0
8.56,0.78,0.0,9.34,380707.96429543686,1.126567911291707e+20,75203.31202816025,1697436.9761724866,0.04430403784282733,6472926.890200033,13614316.566283878,0.001398,0.002394,28.667396,8.469419,True,True,990.9228910692036,7.728920790553094,1.0112548265606165,0.8494475811719895,56,/scratch/project_2013233/enchanted_plugins/data/ascot_DT-D_sobol_seq_extended_take2/batch_0/ascot_sdcc_workflow_runner-73d49ef4-dbe2-489f-8c06-7b7fe35ef9ff,0
8.7,0.67,0.0,9.37,38385.121717628244,1.1406925530736247e+20,337137.0388239914,1797496.2824962111,0.18755924121067105,4809188.182009545,5726695.016558089,0.002991,0.002394,47.792669,15.594242,True,True,821.6423788107932,6.11395009830594,1.21668071905151,1.4603118602186442,52,/scratch/project_2013233/enchanted_plugins/data/ascot_DT-D_sobol_seq_extended_take2/batch_0/ascot_sdcc_workflow_runner-433af9f0-4e9f-4a2a-93f9-0b2b634c24dc,0
9.38,0.83,0.0,10.22,0.0,3.73171827134386e+19,66398.03039119398,312795.28421092476,0.21227311837099286,3518369.0225546,3195829.5513348537,0.0,0.0,38.827202,13.323186,True,True,563.1415117532015,10.820730052515865,1.3135397024452686,1.4395933335646987,57,/scratch/project_2013233/enchanted_plugins/data/ascot_DT-D_sobol_seq_extended_take2/batch_0/ascot_sdcc_workflow_runner-32037fd1-e9e6-4ba5-9a47-96c1847cc3a2,0
10.3,0.59,0.0,10.89,30300.19392062931,1.0417569825660396e+20,125101.27206043027,1624690.464830021,0.0770000654084707,3860339.9237912805,5435497.578984497,0.005964,0.006557,35.615578,11.228985,True,True,718.1721637025476,5.024452962353825,1.2410091403871775,0.980623852275312,58,/scratch/project_2013233/enchanted_plugins/data/ascot_DT-D_sobol_seq_extended_take2/batch_0/ascot_sdcc_workflow_runner-d81bee91-1aa5-40ca-b375-45da8190d460,0
7.71,0.31,0.0,8.02,28471.698089173653,5.379067953005375e+18,-993.1497459936242,52553.18977833455,-0.01889799173337824,681955.4667938077,5818916.02578727,0.0,0.0,8.620958,1.769569,True,True,553.9814778603613,10.473801840841771,1.174096760340035,0.8462494613602758,65,/scratch/project_2013233/enchanted_plugins/data/ascot_DT-D_sobol_seq_extended_take2/batch_0/ascot_sdcc_workflow_runner-8275fac8-c9e3-4fba-a244-8ce1265b2f30,0
8.54,0.31,0.0,8.85,210014.2505573908,9.791960380086968e+18,-639.7607601351832,108271.6026709259,-0.005908850930004546,1295781.807064499,12786656.937887073,0.0,0.0,7.040498,1.581112,True,True,749.2705583572388,11.385739797726274,1.3979163621552289,0.8287287468090654,53,/scratch/project_2013233/enchanted_plugins/data/ascot_DT-D_sobol_seq_extended_take2/batch_0/ascot_sdcc_workflow_runner-e1972c06-e2de-4491-8f3d-da52fed0e6e8,0
7.75,0.84,0.0,8.59,308523.91892225127,6.032266312527309e+19,62433.51393135584,692768.4946448172,0.09012175699959557,5988556.323565614,12167760.695980383,0.0,0.0,24.902655,8.012334,True,True,879.1532213799655,11.82832757011056,1.1667313617654145,0.9504108529537917,63,/scratch/project_2013233/enchanted_plugins/data/ascot_DT-D_sobol_seq_extended_take2/batch_0/ascot_sdcc_workflow_runner-a884cf2d-4726-447d-bd36-fa09be3b04f9,0
7.37,0.74,0.0,8.11,71201.81351516307,1.2907826688665135e+20,385847.1551258258,1865513.0187896157,0.2068316603741375,6626875.094025751,7067977.500224181,0.000999,0.000799,42.526291,15.510498,True,True,876.3227015733719,7.296372758969665,1.4929829267784953,1.4428332652896643,64,/scratch/project_2013233/enchanted_plugins/data/ascot_DT-D_sobol_seq_extended_take2/batch_0/ascot_sdcc_workflow_runner-9907f35c-df68-4cac-87df-265765f32745,0
5.52,0.82,0.0,6.34,93947.66670703568,8.147394212818511e+19,82973.3781988337,1042651.9151342086,0.07957917402199706,5257088.12912488,8476000.37386067,0.0004,0.0,30.91718,9.334919,True,True,779.8845795914531,8.054392731562258,1.0771906496956944,0.9775838505476714,67,/scratch/project_2013233/enchanted_plugins/data/ascot_DT-D_sobol_seq_extended_take2/batch_0/ascot_sdcc_workflow_runner-0df28665-3d70-4a94-8f5e-629b508ffc5d,0
5.75,0.77,0.0,6.52,10696.393275287175,9.742034014836204e+19,233250.45373383956,1495378.0764221519,0.15598092376204659,3457542.6005624183,3520139.3269619453,0.006359,0.005569,46.4077,14.786043,True,True,664.5747213624418,4.850303477793932,1.2554855225607753,1.3114567564800383,66,/scratch/project_2013233/enchanted_plugins/data/ascot_DT-D_sobol_seq_extended_take2/batch_0/ascot_sdcc_workflow_runner-0c17eb03-0a50-4803-ae0a-d1d9ae9d20fc,0
10.91,0.55,0.0,11.45,6290.218027282142,7.954141748911856e+19,150474.23620738563,1204664.3970340637,0.12490967324830032,2676123.9178572376,2797384.616837779,0.007543,0.00774,48.353582,14.161809,True,True,594.2397890612483,4.457431488856673,1.0319098220206797,1.2413412759080529,54,/scratch/project_2013233/enchanted_plugins/data/ascot_DT-D_sobol_seq_extended_take2/batch_0/ascot_sdcc_workflow_runner-160e85d0-3854-47b0-8cdd-08905f3c1f37,0
9.14,0.82,0.0,9.97,737.7307040391477,6.400700649248783e+19,123319.69375276516,644458.6380941587,0.19135393097911665,3670089.92391892,2511753.962768649,0.0006,0.0,40.492862,14.170234,True,True,549.1825835779309,6.589862862601876,1.4689228483475745,1.360504420287907,62,/scratch/project_2013233/enchanted_plugins/data/ascot_DT-D_sobol_seq_extended_take2/batch_0/ascot_sdcc_workflow_runner-fefacfe3-4c90-46a7-934f-3b913c48fd70,0
7.12,0.79,0.0,7.92,34046.22475497988,7.96494468116599e+19,148551.60989670292,870430.1023114681,0.17066460535109843,5842989.827054986,5990995.294246248,0.0002,0.0,34.509506,12.212662,True,True,713.3275107480586,8.884276986122131,1.4107675231061876,1.2322930490598083,69,/scratch/project_2013233/enchanted_plugins/data/ascot_DT-D_sobol_seq_extended_take2/batch_0/ascot_sdcc_workflow_runner-920fb424-0ba2-46da-8d4c-31ffe18f1af3,0
10.94,0.82,0.0,11.76,5829.061989077995,4.993924848060625e+19,21243.33344477079,519389.9432897031,0.04090054826672255,2555967.9926657425,2661936.7630465054,0.000799,0.001398,27.50964,8.417324,True,True,500.03193598240614,5.294089069962501,1.367658831179142,0.8861109266988934,46,/scratch/project_2013233/enchanted_plugins/data/ascot_DT-D_sobol_seq_extended_take2/batch_0/ascot_sdcc_workflow_runner-e6a3b853-a2fa-45e7-bdab-da596c57de21,0
11.74,0.74,0.0,12.48,27829.30946050611,5.26413984666143e+19,65141.333312349765,579672.7929313472,0.11237604059858766,4147565.6101768436,5939277.148930495,0.0004,0.0006,32.34787,9.944016,True,True,669.5414539426565,9.259211429581047,1.0859026205725968,1.081918886490166,61,/scratch/project_2013233/enchanted_plugins/data/ascot_DT-D_sobol_seq_extended_take2/batch_0/ascot_sdcc_workflow_runner-f4421d51-c1df-4f94-b696-c4235a493770,0
6.52,0.47,0.0,6.99,49219.814418279675,1.0386283586012738e+20,197845.9049656252,2076236.2157901942,0.0952906530870463,2242901.774953825,4025081.7230573287,0.053389,0.044708,45.461653,14.647687,True,True,855.8914698660374,3.626843334361911,1.2326310011558235,1.0786218643188477,68,/scratch/project_2013233/enchanted_plugins/data/ascot_DT-D_sobol_seq_extended_take2/batch_0/ascot_sdcc_workflow_runner-ceeb52f1-892e-46a2-9fcb-dc98b1252a4a,0
8.24,0.63,0.0,8.87,24584.08126583373,1.0862926395658828e+20,270348.14325574494,2016231.9219262989,0.13408583621543674,2806837.7044650475,3827002.999595051,0.024771,0.02076,47.285313,15.350074,True,True,776.8557188101113,4.0474068626761435,1.2786873080767691,1.229039841517806,60,/scratch/project_2013233/enchanted_plugins/data/ascot_DT-D_sobol_seq_extended_take2/batch_0/ascot_sdcc_workflow_runner-86f4f76b-8766-46b7-8848-fb2a6ac5abf1,0
7.73,0.85,0.0,8.58,217994.43457248862,7.186161510151607e+19,75757.3395890497,820011.5876711104,0.09238569396830816,6187209.209118536,10608213.14758558,0.0002,0.0,23.725035,8.280319,True,True,824.4881378486753,10.12962650321424,1.39017737749964,0.9241824019700289,75,/scratch/project_2013233/enchanted_plugins/data/ascot_DT-D_sobol_seq_extended_take2/batch_0/ascot_sdcc_workflow_runner-41bd5f93-e53c-4bd2-8bf9-8fdc4df39cda,0
7.01,0.92,0.0,7.93,204961.35272363972,1.0958432189040606e+20,254540.5741812186,1285416.3045226876,0.1980218963192138,9819042.051962411,11521084.086642027,0.0,0.0,37.436923,13.291165,True,True,987.970313988626,11.728197954967618,1.3378192014060915,1.3633177682757378,71,/scratch/project_2013233/enchanted_plugins/data/ascot_DT-D_sobol_seq_extended_take2/batch_0/ascot_sdcc_workflow_runner-df53f6c2-a638-42b7-bf40-84005eb1819a,0
7.84,0.75,0.0,8.59,16836.871442599404,5.116718358445675e+19,34045.77286408068,592379.5302374103,0.05747290567321936,2905876.49310684,3870947.3341261367,0.0006,0.0,31.638736,8.929458,True,True,568.0624819360673,6.435901006311179,1.0190264168195426,0.947640641592443,70,/scratch/project_2013233/enchanted_plugins/data/ascot_DT-D_sobol_seq_extended_take2/batch_0/ascot_sdcc_workflow_runner-fd8d4300-e9cf-4af3-9567-972a575e0861,0
7.2,0.9,0.0,8.1,101740.08750252132,1.1459567086143018e+20,73389.38585195207,1676305.5742281962,0.04378043417635354,5123810.961141577,8886664.2269374,0.003388,0.00319,28.151071,8.923165,True,True,811.2272936850786,5.763360186293721,1.2956215511076152,0.8232291646301747,76,/scratch/project_2013233/enchanted_plugins/data/ascot_DT-D_sobol_seq_extended_take2/batch_0/ascot_sdcc_workflow_runner-a0ef8d7b-b97e-4a28-9e42-f4a5a8083c48,0
11.17,0.88,0.0,12.04,28400.792921215347,9.825452818380982e+19,239490.1203512538,1346999.5134953025,0.17779525378580546,5154586.403126196,5555093.230554537,0.001398,0.001199,44.042724,14.230889,True,True,744.4869424216449,6.984497492015362,1.1924906885251403,1.3867763260379433,74,/scratch/project_2013233/enchanted_plugins/data/ascot_DT-D_sobol_seq_extended_take2/batch_0/ascot_sdcc_workflow_runner-d2b11b76-d0fc-4633-8d6f-0eed507acdc2,0
5.48,0.92,0.0,6.4,2080.018235040064,4.486509506584307e+19,85569.18807351789,433119.52713417646,0.1975648353693583,4140885.42146901,4499998.224716902,0.0,0.0,42.065465,13.553073,True,True,633.4763844497502,10.956707268208266,1.0977841257117689,1.4658539114519953,77,/scratch/project_2013233/enchanted_plugins/data/ascot_DT-D_sobol_seq_extended_take2/batch_0/ascot_sdcc_workflow_runner-7d31032e-c54c-4a2a-9ad0-f85fea0a72dc,0
7.59,0.72,0.0,8.3,119494.87259029916,1.2079311873710182e+20,169788.19483795593,2313208.0941612995,0.07339944696999519,3234480.2643517028,6461265.70454829,0.031383,0.021718,36.660269,12.53048,True,True,924.8582329601049,4.390704705566168,1.3442621990107,0.9547280953265727,80,/scratch/project_2013233/enchanted_plugins/data/ascot_DT-D_sobol_seq_extended_take2/batch_0/ascot_sdcc_workflow_runner-c228c888-f32b-46d4-b77e-38df7cc6eaf6,0
11.15,0.93,0.0,12.08,135903.3505704655,1.1007988915300254e+20,224284.69341274683,2001269.455140473,0.11207121201827559,3643435.3947197758,6844093.133638007,0.015942,0.018838,45.022157,13.932559,True,True,956.5666224807501,5.227490601316095,1.0549973910674453,1.1679044876247644,72,/scratch/project_2013233/enchanted_plugins/data/ascot_DT-D_sobol_seq_extended_take2/batch_0/ascot_sdcc_workflow_runner-360b2003-379f-4a5d-85b8-357e5630459b,0
10.44,0.8,0.0,11.24,11910.627322865048,5.4344380785014235e+19,77130.10432020553,530935.3447208904,0.14527212227837719,3980919.84489993,4039617.4400691316,0.0,0.0,32.377026,11.102238,True,True,599.221792537719,8.333654753118754,1.3620904022827744,1.1430107856169343,73,/scratch/project_2013233/enchanted_plugins/data/ascot_DT-D_sobol_seq_extended_take2/batch_0/ascot_sdcc_workflow_runner-7f903faa-2ef2-4b02-ad6c-e444099f8578,0
6.62,1.01,0.0,7.63,150062.3307327315,1.2553796263430683e+20,188877.68094520457,2046046.0956364232,0.09231350229499796,5607853.746379095,10047615.284921264,0.005371,0.003786,35.696929,11.424347,True,True,970.5296605825424,6.525212082266808,1.1562804779969156,1.032568156067282,88,/scratch/project_2013233/enchanted_plugins/data/ascot_DT-D_sobol_seq_extended_take2/batch_0/ascot_sdcc_workflow_runner-1973132b-522d-4d91-b7a1-029089c8b7a8,0
7.91,0.71,0.0,8.62,1743.1539761749375,2.689987306878007e+19,38066.07946726518,226930.5329536863,0.16774331321485944,2407003.599243181,2551464.9437,0.0,0.0,39.96736,12.392187,True,True,504.95290430262685,9.695306592062115,1.0410792077891529,1.33435621811077,81,/scratch/project_2013233/enchanted_plugins/data/ascot_DT-D_sobol_seq_extended_take2/batch_0/ascot_sdcc_workflow_runner-718d7877-b038-42b5-9a07-fa47652681d0,0
6.49,0.72,0.0,7.21,68354.06262227583,5.6964648488359264e+19,68511.23891757932,608732.8005855485,0.1125473095119524,4983905.365705529,7563691.535949778,0.0,0.0,26.63945,9.069644,True,True,726.7082114703953,10.21848903335631,1.3095359345898032,1.0121860831044613,85,/scratch/project_2013233/enchanted_plugins/data/ascot_DT-D_sobol_seq_extended_take2/batch_0/ascot_sdcc_workflow_runner-ebb9ed97-331a-4b62-84c4-3834d33e4c39,0
8.14,0.7,0.0,8.84,77313.4600428834,1.089705971093917e+20,249331.9313350409,1629877.3716983472,0.15297588374715254,5433513.569962938,7274141.590178768,0.000999,0.002195,43.036855,13.613586,True,True,842.0196194201708,7.026704717427492,1.1156008699908853,1.2987305839546024,84,/scratch/project_2013233/enchanted_plugins/data/ascot_DT-D_sobol_seq_extended_take2/batch_0/ascot_sdcc_workflow_runner-fcc013c2-a168-49b6-bfc8-07afd2b8672c,0
7.14,0.83,0.0,7.97,3263.0255038577475,7.107620341956143e+19,85313.09666664535,865431.2250424244,0.09857871336045589,2650500.7977745687,2113068.7434329293,0.004579,0.002394,36.536266,12.562317,True,True,522.8830236010253,4.365240123867989,1.4570086221210659,1.041705716960132,78,/scratch/project_2013233/enchanted_plugins/data/ascot_DT-D_sobol_seq_extended_take2/batch_0/ascot_sdcc_workflow_runner-31d88b57-ae53-492f-9f9a-22fb37979f82,0
7.23,0.6,0.0,7.82,16764.01406745936,1.1358620495277167e+20,348172.2328472122,1886111.155663482,0.184597939417168,3807306.0618889374,4129346.0766424667,0.007543,0.004975,46.82093,16.238672,True,True,762.5996209681034,4.955812583863735,1.4285952346399426,1.4015539434738458,92,/scratch/project_2013233/enchanted_plugins/data/ascot_DT-D_sobol_seq_extended_take2/batch_0/ascot_sdcc_workflow_runner-f938a81c-7f13-454d-a989-9f6d6844d74b,0
6.71,0.76,0.0,7.47,344432.1754839554,1.0863293298695238e+20,102934.74945645717,1344218.0346198208,0.0765759324792646,7990664.475796148,13490789.808509616,0.0004,0.0006,24.033174,8.537608,True,True,939.4332328811288,8.818318064510823,1.4391919365152717,0.8806920294649899,87,/scratch/project_2013233/enchanted_plugins/data/ascot_DT-D_sobol_seq_extended_take2/batch_0/ascot_sdcc_workflow_runner-0517cd5b-12b4-4671-9209-6042704d215b,0
6.65,0.42,0.0,7.07,23958.252688751993,9.609718720178479e+19,36276.68381975973,1663527.53709567,0.02180708344816143,2800074.2289804853,4918173.999535099,0.014972,0.016329,35.756022,10.034479,True,True,695.3677623532712,4.1119551915675405,1.0911046019755304,0.8139105352573097,90,/scratch/project_2013233/enchanted_plugins/data/ascot_DT-D_sobol_seq_extended_take2/batch_0/ascot_sdcc_workflow_runner-3571a683-f902-4f6c-a9bc-3e95df7201a1,0
12.64,0.78,0.0,13.43,62997.45101287498,6.7124329342993424e+19,116153.5896242241,740733.4378191286,0.15680889196281475,6264844.6848681215,8421500.428718148,0.0,0.0,33.317453,11.12947,True,True,793.7570260837674,11.458465701341629,1.2103188331238925,1.2031506390310824,83,/scratch/project_2013233/enchanted_plugins/data/ascot_DT-D_sobol_seq_extended_take2/batch_0/ascot_sdcc_workflow_runner-95cdd4ee-3870-4817-aa93-121f6ae3e256,0
10.46,0.67,0.0,11.13,160631.87862733458,1.0336348825501311e+20,208183.64164365307,1352151.1064411127,0.15396477557275115,7486678.688809745,10060029.91571826,0.0,0.0,37.657719,12.284237,True,True,907.6650599017739,9.589348940178752,1.1498298435471952,1.247335197776556,79,/scratch/project_2013233/enchanted_plugins/data/ascot_DT-D_sobol_seq_extended_take2/batch_0/ascot_sdcc_workflow_runner-f7f646d6-6c7a-4472-bce7-b1943bb138ef,0
11.11,0.67,0.0,11.78,21454.088487690133,8.84985177840459e+19,130878.49870903135,1077782.5974895528,0.12143311555955977,4524159.738857177,4642200.984586995,0.0006,0.000999,33.8721,11.675986,True,True,651.1953319422901,6.180523986741901,1.4040956213138998,1.0858917216770352,82,/scratch/project_2013233/enchanted_plugins/data/ascot_DT-D_sobol_seq_extended_take2/batch_0/ascot_sdcc_workflow_runner-22df71aa-93e3-4457-b600-49e006359340,0
8.62,0.83,0.0,9.45,4228.77646858455,3.672048205131222e+19,59266.825971824364,300616.5253450667,0.19715092476634194,3677753.9393654307,3785502.148577896,0.0,0.0,32.798647,11.823991,True,True,585.7498892582953,11.769828460738063,1.4790690350346267,1.2783482032828033,89,/scratch/project_2013233/enchanted_plugins/data/ascot_DT-D_sobol_seq_extended_take2/batch_0/ascot_sdcc_workflow_runner-b3001078-17da-4d65-82a3-8e66d3539c7f,0
9.62,0.92,0.0,10.54,62263.522224571796,6.028953365970068e+19,45986.277947181,679183.4555824301,0.06770818336224889,4302778.380568668,6771429.939862331,0.0002,0.0002,25.697414,8.074311,True,True,682.597114238888,8.080434032902122,1.2465487224981189,0.8875300518237055,93,/scratch/project_2013233/enchanted_plugins/data/ascot_DT-D_sobol_seq_extended_take2/batch_0/ascot_sdcc_workflow_runner-562f8495-ffaa-4be4-a0ba-4418ea64e8b5,0
6.54,0.55,0.0,7.09,107473.8923360934,1.2135635353371568e+20,103648.63747278455,2211697.336454955,0.04686384333170966,3742672.1662665512,7803902.323905042,0.015942,0.018068,34.7172,10.76723,True,True,903.1733321025968,4.7183326564729215,1.1965095046907663,0.8722626999020577,96,/scratch/project_2013233/enchanted_plugins/data/ascot_DT-D_sobol_seq_extended_take2/batch_0/ascot_sdcc_workflow_runner-14b407f9-542f-4bf8-bf92-89efd81f37bf,0
6.28,0.71,0.0,6.99,391669.6495198176,1.0764117058490191e+20,120689.74152631382,1469742.7631828922,0.08211623458852534,7433202.733217417,13390760.097247005,0.0006,0.0006,30.036207,9.424587,True,True,982.5962800532579,9.014677990972997,1.1015779268927872,0.9735684152692556,103,/scratch/project_2013233/enchanted_plugins/data/ascot_DT-D_sobol_seq_extended_take2/batch_0/ascot_sdcc_workflow_runner-95bd6a81-393f-4b2e-86ff-511fe0d7b969,0
6.5,0.84,0.0,7.34,70548.25174867717,1.0893480162974648e+20,289338.3252189696,1376262.8772489037,0.21023478145203314,7606053.116479059,8006665.223584328,0.0,0.0002,43.024254,14.750954,True,True,873.1161681935191,9.317606710642577,1.2733017462305725,1.4970491119660436,91,/scratch/project_2013233/enchanted_plugins/data/ascot_DT-D_sobol_seq_extended_take2/batch_0/ascot_sdcc_workflow_runner-a494996d-053d-4f74-a32c-1e0c6c4bf897,0
6.45,0.86,0.0,7.31,231772.09653199432,7.857783635093702e+19,113553.99236515818,978434.2744942696,0.11605684237078842,6693833.355815582,10993359.717897063,0.0002,0.0,32.930416,10.249051,True,True,893.7007104977965,10.891542360931636,1.0011987639591098,1.1065194350667298,95,/scratch/project_2013233/enchanted_plugins/data/ascot_DT-D_sobol_seq_extended_take2/batch_0/ascot_sdcc_workflow_runner-7c7d64c5-ff57-4ba2-b37c-858a5b229d73,0
7.97,0.73,0.0,8.69,43532.034196695364,6.8235016017201046e+19,70546.60604787072,846781.2086588613,0.08331149218533437,4179317.079053792,5945284.269773143,0.0004,0.0004,32.643988,9.690744,True,True,676.7788496799767,7.427927328273654,1.0512264166027308,1.003610516153276,98,/scratch/project_2013233/enchanted_plugins/data/ascot_DT-D_sobol_seq_extended_take2/batch_0/ascot_sdcc_workflow_runner-adafeb57-9572-4a55-bb64-a30abdadf460,0
8.05,0.88,0.0,8.93,2086.460243736087,4.560542160875106e+19,62748.97007852476,418422.9424273336,0.14996541469382313,3216270.326291325,2885695.5968563026,0.0,0.0,34.60097,11.558331,True,True,536.3543308340013,7.797682646289468,1.3239014195278287,1.182522565778345,94,/scratch/project_2013233/enchanted_plugins/data/ascot_DT-D_sobol_seq_extended_take2/batch_0/ascot_sdcc_workflow_runner-830fffd0-a607-4058-b9c1-64f82abdfe07,0
8.16,0.76,0.0,8.92,51886.317055722815,4.216240923746525e+19,55095.02245698928,425909.2581069252,0.12935859319394646,4199460.71968086,6602816.382792275,0.0,0.0,30.212347,9.71721,True,True,695.2562886290252,11.597124350443483,1.145787958521396,1.1045631067827344,101,/scratch/project_2013233/enchanted_plugins/data/ascot_DT-D_sobol_seq_extended_take2/batch_0/ascot_sdcc_workflow_runner-e9c6efff-58a5-496f-8f1a-4ac907fe33d3,0
6.14,0.86,0.0,6.99,25182.178000177002,1.0162265954028855e+20,320217.0083469112,1892606.751961795,0.16919363096162898,2765768.7759542195,3669982.3981086677,0.024009,0.021718,55.868878,17.058838,True,True,784.3689238652587,4.235480301082134,1.0306326136924326,1.4809056121855975,108,/scratch/project_2013233/enchanted_plugins/data/ascot_DT-D_sobol_seq_extended_take2/batch_0/ascot_sdcc_workflow_runner-7c32961a-6cdd-4352-b093-13b2ed736db6,0
8.1,0.71,0.0,8.81,9841.631975783826,4.0980236771060064e+19,56424.5360479319,411856.7478120578,0.1370003923638033,3557034.5597195146,4696737.923330509,0.0,0.0,35.089362,10.853217,True,True,617.2852604649961,9.99640598706901,1.0656075179576874,1.1829322261735797,105,/scratch/project_2013233/enchanted_plugins/data/ascot_DT-D_sobol_seq_extended_take2/batch_0/ascot_sdcc_workflow_runner-8d2bdf01-40a1-4a01-af67-e010d37fec73,0
8.89,0.8,0.0,9.7,50355.512957316096,7.35021900812275e+19,144264.4278843656,776931.8274713688,0.18568479599284016,6369183.664067824,6939229.533896004,0.0002,0.0,34.853634,12.299503,True,True,753.0282344669104,10.603818011283876,1.3739103861153126,1.285474207997322,99,/scratch/project_2013233/enchanted_plugins/data/ascot_DT-D_sobol_seq_extended_take2/batch_0/ascot_sdcc_workflow_runner-dd5f6631-43a3-49dc-954e-fb53fe1b8efb,0
8.16,0.37,0.0,8.53,72891.88758128235,1.1245422016950462e+19,-2132.6601999618406,121888.50514730344,-0.017496811511343913,1228853.6935144437,8649676.951379607,0.0,0.0,8.694832,1.921665,True,True,645.6825411878526,9.458050718531013,1.333773732651025,0.8081359753385187,109,/scratch/project_2013233/enchanted_plugins/data/ascot_DT-D_sobol_seq_extended_take2/batch_0/ascot_sdcc_workflow_runner-f22513e8-92c1-4f32-b911-22f6d0da1c6c,0
8.51,0.73,0.0,9.23,55913.13108544212,1.02820849995465e+20,248562.29259404726,1343658.4278771817,0.18498919623995938,6516457.476076385,7473414.02963008,0.0004,0.0,42.474757,13.994305,True,True,829.8544138669968,8.466010408848524,1.1859279423952103,1.4017425931990146,107,/scratch/project_2013233/enchanted_plugins/data/ascot_DT-D_sobol_seq_extended_take2/batch_0/ascot_sdcc_workflow_runner-6e37683a-116e-47ca-b0ae-8cf586e30465,0
6.13,0.88,0.0,7.01,713.2870988838847,5.061983673624709e+19,93134.67525561803,457881.1599236293,0.20340359771769623,3538894.662051835,2601903.105857505,0.0,0.0,40.575679,13.897966,True,True,541.767820250243,7.924985073879361,1.3785978294909,1.416778569482267,97,/scratch/project_2013233/enchanted_plugins/data/ascot_DT-D_sobol_seq_extended_take2/batch_0/ascot_sdcc_workflow_runner-ea82257e-cdd4-4b83-96d3-a5bcc8be6c6b,0
6.52,0.72,0.0,7.23,0.0,5.423309784529467e+19,86255.06547756944,570446.8975228996,0.1512061260252658,2844656.514040391,2180060.764745217,0.0004,0.000999,41.825545,13.101839,True,True,510.67115226760507,5.8930241916328665,1.220776988659054,1.2624484116211534,110,/scratch/project_2013233/enchanted_plugins/data/ascot_DT-D_sobol_seq_extended_take2/batch_0/ascot_sdcc_workflow_runner-d6be02df-8a9c-4167-a8d7-42b913ddf2dc,0
6.54,0.86,0.0,7.39,151468.86604196145,1.3000961801325765e+20,254145.32841056475,2031916.7190310524,0.12507664611951097,6189621.076749142,9428487.995074784,0.004182,0.002792,36.836725,12.385004,True,True,951.1946169659495,6.8538401395082476,1.259492663666606,1.1280271641910076,104,/scratch/project_2013233/enchanted_plugins/data/ascot_DT-D_sobol_seq_extended_take2/batch_0/ascot_sdcc_workflow_runner-11e7f7fa-81db-4428-a036-79eb9c37d5b5,0
5.84,0.3,0.0,6.14,26099.782323811727,4.273490771814354e+18,-551.5286638159114,38145.911149398846,-0.01445839533510797,596937.348509589,5054140.702151376,0.0,0.0,8.62392,1.798817,True,True,523.9929347299039,11.325373108685017,1.2773204953409731,0.9369046433828772,113,/scratch/project_2013233/enchanted_plugins/data/ascot_DT-D_sobol_seq_extended_take2/batch_0/ascot_sdcc_workflow_runner-d083022d-5b5e-44ab-96a3-15a3e85a3d15,0
6.7,0.88,0.0,7.59,34136.48327461651,1.1138830934034576e+20,110718.86880411782,1555069.7221361622,0.07119865252859914,4678437.662430184,6336670.78312828,0.003388,0.002593,29.621098,10.462481,True,True,726.4139303006232,5.358307858183981,1.489216012880206,0.9091746775433421,106,/scratch/project_2013233/enchanted_plugins/data/ascot_DT-D_sobol_seq_extended_take2/batch_0/ascot_sdcc_workflow_runner-d37e637b-8a16-4dee-825f-6dded38261fc,0
5.47,0.82,0.0,6.29,373394.79924145935,9.190191096846418e+19,133084.5257047889,1066519.5045960818,0.12478395859735486,8309884.678431806,12755711.45522394,0.0004,0.0002,26.524429,9.628958,True,True,934.5139004290104,11.088934437185527,1.4145725225098431,1.0266366723924876,111,/scratch/project_2013233/enchanted_plugins/data/ascot_DT-D_sobol_seq_extended_take2/batch_0/ascot_sdcc_workflow_runner-d5a3cfd6-a141-44fa-8fbe-22c974265436,0
5.6,0.77,0.0,6.37,10488.923955094697,8.992566562357307e+19,179209.66445558285,1390846.1886547678,0.12884937667256735,3008091.832663916,3217200.913873572,0.00833,0.006557,46.081679,14.061844,True,True,632.1457573212683,4.521650386601687,1.1681001712568104,1.2210021316073836,114,/scratch/project_2013233/enchanted_plugins/data/ascot_DT-D_sobol_seq_extended_take2/batch_0/ascot_sdcc_workflow_runner-188cb7ea-a642-4108-b500-ede460953b2c,0
6.73,0.71,0.0,7.43,32741.847310909056,5.164562227411092e+19,26260.632570186946,547226.4458628156,0.047988602832930764,3474777.9355433937,5062282.521501864,0.0002,0.0002,22.816137,7.331921,True,True,603.9022640325129,7.1562402985990055,1.4323888644576073,0.8629540110938252,118,/scratch/project_2013233/enchanted_plugins/data/ascot_DT-D_sobol_seq_extended_take2/batch_0/ascot_sdcc_workflow_runner-d23169db-a719-46d0-88df-69059f99a14e,0
7.64,0.95,0.0,8.59,103304.90257729453,8.406162497926208e+19,127156.68946832017,932466.9232462848,0.13636589813356342,6841477.209248862,8870143.063892074,0.0,0.0,28.14066,10.317072,True,True,798.1467396020889,9.827790171280503,1.4752983511425555,1.0680815090425313,115,/scratch/project_2013233/enchanted_plugins/data/ascot_DT-D_sobol_seq_extended_take2/batch_0/ascot_sdcc_workflow_runner-b2651aee-28d6-406f-b24c-9a4b7a61dd12,0
6.28,0.5,0.0,6.78,75479.8088221541,1.2093486866233105e+20,169445.8824634765,1911251.632151134,0.08865702433580834,4783309.55640559,7277147.689747266,0.006951,0.002195,33.867094,11.386203,True,True,816.1378121003509,5.5315087985247375,1.3198599591851234,0.9944613457657397,116,/scratch/project_2013233/enchanted_plugins/data/ascot_DT-D_sobol_seq_extended_take2/batch_0/ascot_sdcc_workflow_runner-0a1f21a8-c64d-421d-87ac-e21071ee8b30,0
6.29,0.72,0.0,7.01,7369.510793372667,3.822400643716111e+19,42519.51141264729,361890.58675544645,0.11749272561593473,3192323.6063197968,3938397.899720052,0.0,0.0,29.864092,9.617601,True,True,572.5596691481769,9.188327477127315,1.2143263691104949,1.0612476564012467,121,/scratch/project_2013233/enchanted_plugins/data/ascot_DT-D_sobol_seq_extended_take2/batch_0/ascot_sdcc_workflow_runner-e338882e-bb5f-4325-bbf2-a8b88d5eb5cd,0
6.63,0.78,0.0,7.41,110537.09541016146,8.182186464244964e+19,71057.07016026413,1063845.7757250674,0.06679264211190289,5131878.730412128,8407230.107432043,0.0006,0.000799,28.882152,8.74305,True,True,766.9875482097268,7.66494271941483,1.1318698935210705,0.916271070484072,124,/scratch/project_2013233/enchanted_plugins/data/ascot_DT-D_sobol_seq_extended_take2/batch_0/ascot_sdcc_workflow_runner-34f128b7-2652-46f6-8e2e-6d453fa1be29,0
6.09,0.84,0.0,6.93,3385.0428565355924,5.793960992371998e+19,114771.16700473308,547211.3142807159,0.20973829306799788,5175586.129844539,4912597.935006397,0.0,0.0,36.327747,13.049655,True,True,663.5493296198547,10.760340332239867,1.4507981706410646,1.3727689328603447,125,/scratch/project_2013233/enchanted_plugins/data/ascot_DT-D_sobol_seq_extended_take2/batch_0/ascot_sdcc_workflow_runner-ec9e8516-73c0-4d2d-9b5b-1cf5524df0ca,0
6.86,0.34,0.0,7.2,361583.8800661912,9.252824889124506e+18,-1527.1980804290413,112339.99719743911,-0.01359442868549275,1219042.5649459227,16408566.429445721,0.0,0.0,7.474397,1.498045,True,True,847.2363855689764,11.8999730553478,1.0373120927251875,0.8425661203451456,123,/scratch/project_2013233/enchanted_plugins/data/ascot_DT-D_sobol_seq_extended_take2/batch_0/ascot_sdcc_workflow_runner-d78bd075-6ecd-458c-a353-a20bbe759da8,0
5.71,0.75,0.0,6.46,19933.68428253891,9.238954453150676e+19,80805.94326373849,1515059.2726683794,0.053335169601265844,2861109.0407160767,4134316.5859198566,0.010685,0.012443,38.558597,11.23892,True,True,660.9857608564198,4.272053338587284,1.1148905358277261,0.9347246347926558,130,/scratch/project_2013233/enchanted_plugins/data/ascot_DT-D_sobol_seq_extended_take2/batch_0/ascot_sdcc_workflow_runner-17f68d59-2f71-4ff3-a880-c2a782c9147a,0
5.85,0.66,0.0,6.51,102920.33577500918,1.1753033704957549e+20,189263.26769217482,1962849.7757455895,0.09642269624035954,4608834.523304111,7854003.8764111055,0.00774,0.005964,38.549383,12.067626,True,True,887.7164134755731,5.791169619932771,1.1336999884806573,1.0662454043515026,128,/scratch/project_2013233/enchanted_plugins/data/ascot_DT-D_sobol_seq_extended_take2/batch_0/ascot_sdcc_workflow_runner-df825122-6a97-46fc-ae98-2f6ba0802c3a,0
5.84,0.78,0.0,6.61,2278.816531749379,3.3345600747198665e+19,49097.25119933452,273051.3607477757,0.17980958258137691,3207129.115755877,3316077.9453458474,0.0,0.0,31.67663,11.306811,True,True,557.7158736996353,11.05219217017293,1.4399348753504455,1.222837673034519,129,/scratch/project_2013233/enchanted_plugins/data/ascot_DT-D_sobol_seq_extended_take2/batch_0/ascot_sdcc_workflow_runner-3dc9b3be-df10-444e-82e2-c2b9ad5d2a1f,0
5.7,0.78,0.0,6.48,54662.511985140125,8.61690255090029e+19,183829.65246365918,963320.2206507272,0.19082922638069552,6572665.057727836,6919078.041636006,0.0,0.0,38.312537,13.213942,True,True,768.3301735669374,9.559736060723663,1.3117187428288162,1.354316281247884,131,/scratch/project_2013233/enchanted_plugins/data/ascot_DT-D_sobol_seq_extended_take2/batch_0/ascot_sdcc_workflow_runner-f67d8857-3c39-43cc-bc20-316cc0a27797,0
6.67,0.66,0.0,7.33,204335.1200461356,1.1586111444894381e+20,211627.52613684456,1512058.0132545428,0.13995992500402746,7235338.961276444,9653800.692613171,0.000799,0.0002,34.675937,11.860708,True,True,889.3032390624285,8.210706613585353,1.2976816017180681,1.1537989222444593,127,/scratch/project_2013233/enchanted_plugins/data/ascot_DT-D_sobol_seq_extended_take2/batch_0/ascot_sdcc_workflow_runner-95d0a234-8167-4cf5-b3a4-046867972215,0
8.57,0.41,0.0,8.98,81800.89837684031,9.196468457498495e+19,281455.5001944454,1960653.7823789862,0.1435518614882315,2034055.7382984697,3701945.3635553573,0.044708,0.041595,47.933369,16.885032,True,True,996.4037286117673,3.9801122937351465,1.392512094695121,1.2497099828906357,120,/scratch/project_2013233/enchanted_plugins/data/ascot_DT-D_sobol_seq_extended_take2/batch_0/ascot_sdcc_workflow_runner-b8f452c2-c818-4e31-bc8f-f38c82b0dd08,0
5.57,0.79,0.0,6.36,817.4312029764071,6.4333676302515266e+19,120999.96790491961,678520.2096191485,0.17832920256396867,3822021.1474595335,3005551.9660693626,0.0002,0.0,40.189865,13.480107,True,True,572.1936044283211,6.882864940166474,1.3469373481348157,1.324228837620467,134,/scratch/project_2013233/enchanted_plugins/data/ascot_DT-D_sobol_seq_extended_take2/batch_0/ascot_sdcc_workflow_runner-e2246806-09a6-4da9-9ec2-c80208ee585e,0
10.57,0.7,0.0,11.27,35755.65328570547,7.695013037783012e+19,152273.72727410123,962638.154823587,0.15818376459637307,5201496.767470151,6437386.749028841,0.0,0.0002,41.332144,12.837115,True,True,739.8909307084978,8.686891919374466,1.0128162112087011,1.3164966533891858,117,/scratch/project_2013233/enchanted_plugins/data/ascot_DT-D_sobol_seq_extended_take2/batch_0/ascot_sdcc_workflow_runner-ecf6e7f5-da35-4f6b-9e09-736c3b28bd18,0
10.28,0.75,0.0,11.03,148099.41535727482,1.1403570736059256e+20,289083.84453467705,1440211.5775096184,0.2007231777948587,8745128.299685623,10054374.316916458,0.0,0.0,41.632146,14.2425,True,True,965.3055109083652,10.350588278844953,1.2346908207982779,1.4479619936086237,119,/scratch/project_2013233/enchanted_plugins/data/ascot_DT-D_sobol_seq_extended_take2/batch_0/ascot_sdcc_workflow_runner-c331972c-22e7-4965-908e-ce58ee5cd18d,0
7.26,0.82,0.0,8.08,32401.93375878772,1.1888067661129217e+20,400480.2303730305,2072941.7005326177,0.19319415990817873,4058870.8589455374,4837049.144160155,0.009509,0.005569,47.915569,16.631688,True,True,843.9403371885419,5.263260518386961,1.4043538616970181,1.4553543210960924,132,/scratch/project_2013233/enchanted_plugins/data/ascot_DT-D_sobol_seq_extended_take2/batch_0/ascot_sdcc_workflow_runner-a5db7eb0-5f5c-4270-b166-d35f7c64e26a,0
7.88,0.8,0.0,8.68,508246.88960848696,9.731034760436317e+19,108414.46452163631,1287323.8821186456,0.08421692942044273,7571398.26176999,13979693.215924872,0.0004,0.0,29.796606,9.235417,True,True,999.943858012557,10.091568483039737,1.0408530933782458,0.9867298916913569,135,/scratch/project_2013233/enchanted_plugins/data/ascot_DT-D_sobol_seq_extended_take2/batch_0/ascot_sdcc_workflow_runner-fbf1e5e7-90a8-4474-bade-f8f267f32c6b,0
8.41,0.68,0.0,9.09,75482.87430449063,5.88992873964141e+19,39333.777386569775,686192.0878722093,0.05732181714385342,4387187.760997142,7690980.31347844,0.0,0.0,24.568361,7.536689,True,True,709.1587181203067,8.437100764364004,1.2076115561649203,0.8555609534494579,133,/scratch/project_2013233/enchanted_plugins/data/ascot_DT-D_sobol_seq_extended_take2/batch_0/ascot_sdcc_workflow_runner-2b71f88b-1229-496a-a5c8-069236e39100,0
6.71,0.64,0.0,7.35,657.1615053463978,6.4987833156767924e+19,131746.5040086143,807292.4005658276,0.16319552112254962,2609079.9416584983,2014791.14011615,0.002792,0.003388,48.918692,14.86613,True,True,526.5562632121146,4.820679896324873,1.1599204996600747,1.3746931779198348,142,/scratch/project_2013233/enchanted_plugins/data/ascot_DT-D_sobol_seq_extended_take2/batch_0/ascot_sdcc_workflow_runner-ed591de9-e84e-4b9e-959b-7d8ccebf6c98,0
10.44,0.59,0.0,11.03,109739.87477309332,1.0891355580298419e+20,89514.57644706678,2226967.100134694,0.0401957336691919,2349135.6625788743,5855050.85331296,0.052312,0.052671,36.160068,11.977858,True,True,968.6013227328658,3.7302820231765508,1.3207134916447103,0.8349166941829026,136,/scratch/project_2013233/enchanted_plugins/data/ascot_DT-D_sobol_seq_extended_take2/batch_0/ascot_sdcc_workflow_runner-79d9363d-5784-48c4-8aec-76bcdb6ae881,0
7.08,0.74,0.0,7.81,4883.597383772317,3.328321516469802e+19,29904.348013862684,286035.8324000323,0.10454755882486877,2566084.092070138,2832270.298188769,0.0,0.0,27.549876,9.225834,True,True,509.08438628539443,8.18182388059795,1.3380452478304505,0.9999798944219948,145,/scratch/project_2013233/enchanted_plugins/data/ascot_DT-D_sobol_seq_extended_take2/batch_0/ascot_sdcc_workflow_runner-1f33cdd5-8aa7-41a4-bd0e-61662a42f90d,0
6.93,0.64,0.0,7.58,100964.80937026508,1.0502694862579671e+20,265426.2264152771,1961738.5459609383,0.135301529840339,3271459.233788499,5802814.69769388,0.019416,0.01439,49.359632,15.293413,True,True,936.8333285674453,4.9936284005641935,1.0163513338193297,1.289104099571705,144,/scratch/project_2013233/enchanted_plugins/data/ascot_DT-D_sobol_seq_extended_take2/batch_0/ascot_sdcc_workflow_runner-c6b6a16d-e1d6-490f-99b5-b9783950c851,0
7.2,0.55,0.0,7.75,2005.1548786218982,9.440713832453697e+19,170379.42670355825,1512568.0787737072,0.1126424847215412,2783999.447610719,2821245.8028665185,0.013028,0.010489,39.899546,14.053022,True,True,620.8254494704306,4.016712493076921,1.4951984058134258,1.095891627855599,150,/scratch/project_2013233/enchanted_plugins/data/ascot_DT-D_sobol_seq_extended_take2/batch_0/ascot_sdcc_workflow_runner-020a94ae-a156-4fcb-9d80-a141bb139058,0
6.42,0.69,0.0,7.11,52907.29522044182,1.0634916847624779e+20,158269.6425470509,1376850.8001673531,0.11495046705700689,5378556.675252505,6432247.019542164,0.001199,0.000999,32.428162,11.457718,True,True,740.2572319842875,6.397835663706065,1.426896648015827,1.0539434692822396,138,/scratch/project_2013233/enchanted_plugins/data/ascot_DT-D_sobol_seq_extended_take2/batch_0/ascot_sdcc_workflow_runner-3fa4a105-02e3-4135-8018-3139c3a48b6c,0
6.54,0.45,0.0,6.99,206878.2221857503,1.6078384528760633e+19,-2248.7574826156488,186891.22617613315,-0.01203244009163029,1896776.1275038335,13904408.290935433,0.0,0.0,9.069279,2.104207,True,True,781.805295497179,10.855529990047216,1.4134748512879014,0.868971934914589,147,/scratch/project_2013233/enchanted_plugins/data/ascot_DT-D_sobol_seq_extended_take2/batch_0/ascot_sdcc_workflow_runner-625be8d0-c465-421a-ad19-c059e4c7c63e,0
6.6,0.75,0.0,7.35,1866.2512255590925,5.100040347216328e+19,100855.34798003126,529809.1674643367,0.1903616512766744,3818756.462983651,3832792.720615464,0.0,0.0,44.765023,13.986411,True,True,603.2917625270784,8.920040206611157,1.002929478418082,1.475998220499605,137,/scratch/project_2013233/enchanted_plugins/data/ascot_DT-D_sobol_seq_extended_take2/batch_0/ascot_sdcc_workflow_runner-d03a48ae-d3e4-4c26-b5bc-6aa0cf9e928d,0
7.95,0.81,0.0,8.75,11432.474791428454,4.300391136980767e+19,59501.64454217814,414208.6962939435,0.14365136481816584,3941058.7074586283,4971531.667346626,0.0,0.0,30.714621,10.282094,True,True,629.8265098594129,10.50159994661808,1.2696291198953986,1.1330210390500723,141,/scratch/project_2013233/enchanted_plugins/data/ascot_DT-D_sobol_seq_extended_take2/batch_0/ascot_sdcc_workflow_runner-14465ff9-5ccb-4b85-bf7d-a5f36869d5ef,0
8.14,0.73,0.0,8.87,23432.12681628698,5.127192856818708e+19,94388.13329850079,540836.8661572535,0.174522373020068,4975089.660601443,6531208.712914496,0.0,0.0,38.765848,12.433094,True,True,723.1179415248334,11.863257699832321,1.0750078945420682,1.3463644521310925,149,/scratch/project_2013233/enchanted_plugins/data/ascot_DT-D_sobol_seq_extended_take2/batch_0/ascot_sdcc_workflow_runner-aa84c92e-e745-4b57-b0ca-0c8f1c899a4a,0
8.3,0.74,0.0,9.04,4431.461479908078,7.396124256232756e+19,159766.1988821125,835268.5031160254,0.19127525853793595,4660032.226532286,4224253.1543062385,0.0002,0.0002,42.849848,14.016863,True,True,647.025226149708,7.693994681909681,1.2323727076873183,1.4200700646266342,146,/scratch/project_2013233/enchanted_plugins/data/ascot_DT-D_sobol_seq_extended_take2/batch_0/ascot_sdcc_workflow_runner-d438c7e6-0b15-4d9c-a061-7a3d3b8a7449,0
8.38,0.82,0.0,9.19,97506.66678320042,1.14573656521754e+20,134822.8851927319,1638552.1975070203,0.08228171516162777,5714556.961344151,8769503.44514885,0.001797,0.002593,31.360118,10.207128,True,True,830.4646192118526,6.555066914856434,1.2561958055011928,0.9645519059151412,148,/scratch/project_2013233/enchanted_plugins/data/ascot_DT-D_sobol_seq_extended_take2/batch_0/ascot_sdcc_workflow_runner-ac07a12d-53ba-4495-8f11-531f347c2510,0
11.65,0.59,0.0,12.24,67970.59891222975,9.737764159161524e+19,167270.2486255455,1368503.203089196,0.12222861316506776,5387630.788743834,7551832.615836156,0.001199,0.0004,38.184861,11.813592,True,True,799.7338054701686,7.391846958920359,1.092343450523913,1.1560616889037192,140,/scratch/project_2013233/enchanted_plugins/data/ascot_DT-D_sobol_seq_extended_take2/batch_0/ascot_sdcc_workflow_runner-51c87cb0-b41c-4f32-bbfa-cd811a5f52a0,0
12.0,0.76,0.0,12.76,56987.28945133857,7.1641742137882526e+19,133945.637963445,778853.558580486,0.1719779494974256,6723187.689258851,8572210.113769395,0.0,0.0,34.587614,11.757634,True,True,812.5979192554951,11.626558706536889,1.249704524409026,1.2570149418897927,139,/scratch/project_2013233/enchanted_plugins/data/ascot_DT-D_sobol_seq_extended_take2/batch_0/ascot_sdcc_workflow_runner-d93c341e-b285-48bb-a93c-915a089bc04f,0
10.34,0.77,0.0,11.11,245939.38767915373,1.2331538726618253e+20,132160.68751925175,1559240.0354368605,0.08475968068779326,7981609.466154427,12243123.95476185,0.000799,0.0004,25.78415,9.409629,True,True,919.1199243068695,7.961194618418814,1.4778627892956138,0.9143474304117263,143,/scratch/project_2013233/enchanted_plugins/data/ascot_DT-D_sobol_seq_extended_take2/batch_0/ascot_sdcc_workflow_runner-82c432f5-d272-4b04-8f48-93a711ef3455,0
6.22,0.74,0.0,6.96,40298.98609382199,1.0870212752094469e+20,154814.2783112093,1874166.0104509543,0.08260435705690687,3332655.060580289,5038632.223072464,0.014584,0.010293,39.789511,12.384298,True,True,750.7090466096997,4.492105755954981,1.1941892090253532,1.0234332758933307,156,/scratch/project_2013233/enchanted_plugins/data/ascot_DT-D_sobol_seq_extended_take2/batch_0/ascot_sdcc_workflow_runner-ca15bf5b-6b18-433f-b25b-2622a6740d70,0
5.87,1.03,0.0,6.9,8844.807810690267,9.71007297844528e+19,226149.2646849695,1331008.2766993106,0.16990823321233117,4409894.04703537,4267239.946421615,0.000799,0.000999,43.015959,14.235114,True,True,681.0101098380983,5.9226277459412815,1.3166983244009316,1.325682173203677,162,/scratch/project_2013233/enchanted_plugins/data/ascot_DT-D_sobol_seq_extended_take2/batch_0/ascot_sdcc_workflow_runner-80c0bfc6-c8f4-4596-aab6-b2ea0f203c94,0
6.61,0.62,0.0,7.23,150324.60025810185,1.1230467177649707e+20,94839.21508380002,1659403.5847582207,0.05715259142194654,5759546.885960264,10354584.712318828,0.002394,0.002394,29.617087,9.133381,True,True,872.7498054504395,6.750413466989994,1.171782460063696,0.8843246539123357,164,/scratch/project_2013233/enchanted_plugins/data/ascot_DT-D_sobol_seq_extended_take2/batch_0/ascot_sdcc_workflow_runner-ad23c9dd-8e70-4705-9e88-3155c0a6728d,0
7.57,0.33,0.0,7.9,36941.64450580097,7.317110664295001e+18,-1591.823839983447,74822.17728566991,-0.021274759673270242,873575.0106505653,6806045.285629111,0.0,0.0,9.514458,1.972108,True,True,589.4237267784774,10.248351063206792,1.1510360362008214,0.900414494983852,153,/scratch/project_2013233/enchanted_plugins/data/ascot_DT-D_sobol_seq_extended_take2/batch_0/ascot_sdcc_workflow_runner-3720c199-6f02-4d4f-834a-458c39e6fd86,0
10.04,0.94,0.0,10.98,171695.56109302634,1.1345981464785327e+20,223827.70777635035,1515268.8946011432,0.1477148435989425,7845336.452926709,10867841.316206107,0.000999,0.0004,36.902529,12.154859,True,True,950.828492641449,9.290039981156587,1.1733537553809583,1.2150680180639029,151,/scratch/project_2013233/enchanted_plugins/data/ascot_DT-D_sobol_seq_extended_take2/batch_0/ascot_sdcc_workflow_runner-127bfbee-af44-40e0-b76b-955329e928cb,0
7.63,0.54,0.0,8.17,8486.950423956738,2.220485403224358e+19,-9920.903030805028,252906.81103616548,-0.03922750435292289,1452955.8959948265,5051700.978863247,0.0006,0.0,14.161326,2.97302,True,True,540.4248950071633,6.144522818550468,1.0581853720359504,0.8045888835564257,158,/scratch/project_2013233/enchanted_plugins/data/ascot_DT-D_sobol_seq_extended_take2/batch_0/ascot_sdcc_workflow_runner-2fd54c35-4431-4c13-8316-870797359cec,0
7.18,0.65,0.0,7.83,10255.877422615995,6.810718705877579e+19,68437.74133398083,876191.4141736793,0.07810820812313397,3030816.1391909486,3531622.5336520034,0.003587,0.001996,37.217957,10.864082,True,True,582.4541389010847,5.396385217085481,1.0807295851409435,1.0154748453758657,166,/scratch/project_2013233/enchanted_plugins/data/ascot_DT-D_sobol_seq_extended_take2/batch_0/ascot_sdcc_workflow_runner-9ae4be3a-5be0-4270-a896-480442002168,0
7.1,0.73,0.0,7.83,205546.20962540954,1.276394885705322e+20,296398.07015479036,1749930.653913317,0.16937703759401226,7878734.952607167,10166029.514113784,0.000799,0.0004,39.18977,13.416619,True,True,971.1401043459773,8.56766167357564,1.2736669946461916,1.2954424266703426,167,/scratch/project_2013233/enchanted_plugins/data/ascot_DT-D_sobol_seq_extended_take2/batch_0/ascot_sdcc_workflow_runner-e8eb6876-5b96-48e3-aa18-ce25c4d6e195,0
6.41,0.7,0.0,7.1,22309.729772825576,9.928662401061074e+19,193297.16310643934,1401981.2585688895,0.13787428464183085,4242041.1007438665,4630246.2866247175,0.002991,0.002394,40.151934,13.110833,True,True,691.7163361795247,5.63383713774383,1.2943826345726848,1.192031535319984,154,/scratch/project_2013233/enchanted_plugins/data/ascot_DT-D_sobol_seq_extended_take2/batch_0/ascot_sdcc_workflow_runner-85288fd4-bfd0-4a3f-9c68-b692043bf949,0
7.57,0.88,0.0,8.45,9436.4826834116,7.280481019552956e+19,156263.55225853287,719473.742022065,0.21719145971798445,5900206.880481686,5359658.714025062,0.0,0.0,38.343386,13.830193,True,True,698.9077129401267,9.960654782876373,1.4740650970488787,1.4266347377561033,165,/scratch/project_2013233/enchanted_plugins/data/ascot_DT-D_sobol_seq_extended_take2/batch_0/ascot_sdcc_workflow_runner-e4f1d458-11a9-4d54-8c17-03928c4b09df,0
7.32,0.71,0.0,8.04,56921.07802268859,1.0946339728788487e+20,298083.9504984259,2199061.5967531055,0.13555052343169657,2708207.4658411406,4218646.951716307,0.032882,0.026669,44.511939,15.788511,True,True,891.137320548296,4.139986073970794,1.4306713906116784,1.1941366956569255,160,/scratch/project_2013233/enchanted_plugins/data/ascot_DT-D_sobol_seq_extended_take2/batch_0/ascot_sdcc_workflow_runner-3dad9cc4-dcb3-4b2d-b9aa-effc93408a55,0
7.47,0.73,0.0,8.2,4146.0705957577675,3.2048730069740507e+19,36198.81077103886,281005.642681271,0.12881880387041603,2784758.2260828605,3266765.0582348863,0.0,0.0,30.482719,9.930073,True,True,537.6972542144358,9.430232585594059,1.2378807687200606,1.0949048931710421,161,/scratch/project_2013233/enchanted_plugins/data/ascot_DT-D_sobol_seq_extended_take2/batch_0/ascot_sdcc_workflow_runner-ec7c1222-16ce-4d61-bc55-35c22d103894,0
7.0,1.05,0.0,8.05,69594.85695340886,1.022729238404233e+20,253730.03501965632,1149953.5756233342,0.220643720232029,8919647.013971027,9349415.578108741,0.0,0.0,40.263621,14.299755,True,True,905.7367201894522,11.354788564145565,1.3603596366010606,1.4844534758478403,159,/scratch/project_2013233/enchanted_plugins/data/ascot_DT-D_sobol_seq_extended_take2/batch_0/ascot_sdcc_workflow_runner-ecda5fcd-e4d5-4a67-b058-6f68d128f842,0
8.94,0.36,0.0,9.3,187283.8804343378,1.1696711824341174e+19,-3274.324544369635,142227.40857885854,-0.023021754928159104,1372114.9706483192,12497989.90520453,0.0,0.0,10.197526,2.060861,True,True,764.9188106879592,11.182112523168326,1.0145053737796843,0.9634029121138156,163,/scratch/project_2013233/enchanted_plugins/data/ascot_DT-D_sobol_seq_extended_take2/batch_0/ascot_sdcc_workflow_runner-c1d8f634-a4ca-4751-893f-c019934a07ef,0
12.47,0.93,0.0,13.4,100948.132459998,1.3542885852459993e+20,412488.18435076514,2093849.4110007142,0.19699992854482526,6340771.301741601,8050956.853530467,0.002593,0.001199,42.781501,15.627434,True,True,981.9858381524682,7.120140778273344,1.4533686516806483,1.4105021707713603,152,/scratch/project_2013233/enchanted_plugins/data/ascot_DT-D_sobol_seq_extended_take2/batch_0/ascot_sdcc_workflow_runner-12f34454-4950-44ae-a3a0-feee37ec6abf,0
8.13,0.94,0.0,9.07,152406.44835918906,9.656580480179246e+19,153685.47891435827,1293082.4992115549,0.1188520291691107,6406097.5177660575,9524870.20572781,0.0002,0.0002,34.976192,10.995089,True,True,861.6223204880953,8.723082563281059,1.1014568181708455,1.1189284600317477,155,/scratch/project_2013233/enchanted_plugins/data/ascot_DT-D_sobol_seq_extended_take2/batch_0/ascot_sdcc_workflow_runner-5a4bbfc9-762a-47b9-ac63-6d81ff24cde3,0
6.73,0.84,0.0,7.57,7514.646699553618,1.0132581859795527e+20,248053.88563041712,1870958.701841121,0.1325811656806316,2555372.91165847,3358708.289671413,0.023628,0.021143,51.417349,15.655847,True,True,730.0042021088302,3.8614520709961653,1.1296888669021428,1.274803677480668,170,/scratch/project_2013233/enchanted_plugins/data/ascot_DT-D_sobol_seq_extended_take2/batch_0/ascot_sdcc_workflow_runner-c4efd3fa-b601-4301-b7de-1567aab64505,0
6.24,0.71,0.0,6.95,14573.841281909752,6.274297858491913e+19,93159.66034272856,734843.1745065665,0.12677488690737795,4041283.5154237538,5016767.989036131,0.0,0.0002,37.880953,11.448673,True,True,649.8526451177895,7.8294801447540525,1.0370518323034048,1.1737649909220635,173,/scratch/project_2013233/enchanted_plugins/data/ascot_DT-D_sobol_seq_extended_take2/batch_0/ascot_sdcc_workflow_runner-950b34b0-8d45-4381-bf04-ba004b49a34e,0
7.64,0.66,0.0,8.3,5424.6457293239,2.758844707119983e+19,7207.758145319624,253184.1312276174,0.028468443540956803,2084801.2733514681,3378798.7827082537,0.0002,0.0,20.574454,6.105105,True,True,506.53967214748263,7.521094086393714,1.392744041979313,0.8966320938430727,174,/scratch/project_2013233/enchanted_plugins/data/ascot_DT-D_sobol_seq_extended_take2/batch_0/ascot_sdcc_workflow_runner-3e4d91a8-8afc-45b8-96c1-c62068dac5ed,0
12.14,0.8,0.0,12.94,11260.56845207255,6.469367291816423e+19,118272.09758424552,658244.4794516895,0.17967806989093915,5271879.213653043,5390469.685992862,0.0,0.0,34.730368,12.193051,True,True,678.3658559434116,9.733133235946298,1.387021643575281,1.2656510362401605,157,/scratch/project_2013233/enchanted_plugins/data/ascot_DT-D_sobol_seq_extended_take2/batch_0/ascot_sdcc_workflow_runner-dd1dbee9-e297-4ffc-b648-75a296863545,0
6.77,0.91,0.0,7.67,121440.31037557467,1.0191543112971254e+20,236077.02502752357,1240211.5278670753,0.19035222598965076,8206312.887005677,9887083.975946497,0.0002,0.0,40.050221,13.541563,True,True,922.5388066843152,10.63341086357832,1.2116606440395117,1.392452631611377,175,/scratch/project_2013233/enchanted_plugins/data/ascot_DT-D_sobol_seq_extended_take2/batch_0/ascot_sdcc_workflow_runner-d01f815b-a6f4-4036-aaf8-344f34886656,0
6.35,0.73,0.0,7.08,644.728648238947,2.5838127507872506e+19,36019.918166365605,213287.06225208263,0.16887999574861176,2543628.273142352,2794881.6946280673,0.0,0.0002,37.484797,11.905023,True,True,520.3196932561696,10.72253371551633,1.1052313596010208,1.304066431708634,177,/scratch/project_2013233/enchanted_plugins/data/ascot_DT-D_sobol_seq_extended_take2/batch_0/ascot_sdcc_workflow_runner-5811161d-46f1-4f9c-956a-364a3a3ca5b1,0
6.19,0.74,0.0,6.93,113511.97070965832,6.8418301245188645e+19,72670.42032944952,761635.3584153686,0.09541366419837048,5397083.423978562,8150394.645313365,0.0,0.0002,25.276801,8.728643,True,True,744.12063928321,9.158453430980444,1.3722212766297162,0.9494787489995361,181,/scratch/project_2013233/enchanted_plugins/data/ascot_DT-D_sobol_seq_extended_take2/batch_0/ascot_sdcc_workflow_runner-0bb67313-e905-4e4a-a33c-24f23d21f5fa,0
7.75,0.79,0.0,8.54,192429.22066883126,1.2046724421351612e+20,153643.9289711127,1665420.5675073613,0.09225533295837214,6977355.710077468,10992699.947726535,0.001597,0.001398,30.180962,10.155086,True,True,909.0079236775637,7.563561696186662,1.2825590800493956,0.9849735703319311,176,/scratch/project_2013233/enchanted_plugins/data/ascot_DT-D_sobol_seq_extended_take2/batch_0/ascot_sdcc_workflow_runner-acb4a541-e176-4e4d-ac75-aa1456b684d8,0
7.41,0.69,0.0,8.1,35023.775249977356,9.894406818658522e+19,242759.7246493134,1298642.566837234,0.1869334417710796,6150965.211008951,7033645.000702275,0.000999,0.0006,43.983755,14.262003,True,True,809.6402296796441,8.314403777942061,1.1470212638378143,1.4350990783423185,179,/scratch/project_2013233/enchanted_plugins/data/ascot_DT-D_sobol_seq_extended_take2/batch_0/ascot_sdcc_workflow_runner-a786f441-b46c-4d5c-9879-31ae745b96b4,0
8.6,0.84,0.0,9.44,57900.0415145502,1.172808800175816e+20,235229.16165203654,2024598.2381084326,0.11618560029559713,3638004.032530986,5239538.131708193,0.009705,0.011858,40.292193,13.622101,True,True,796.3206525892019,4.6905031956732275,1.3587876185774803,1.1152762797661127,172,/scratch/project_2013233/enchanted_plugins/data/ascot_DT-D_sobol_seq_extended_take2/batch_0/ascot_sdcc_workflow_runner-52667526-1f63-4f14-86f0-ba7faec8cc94,0
9.11,0.75,0.0,9.86,139331.51855297646,9.936461543786349e+19,141890.43223478075,1158945.073868576,0.12243067892868155,7365560.972868377,9964884.445593612,0.0002,0.0,28.075646,10.246859,True,True,841.4094159379601,9.052748027443887,1.4515219838358462,1.0361132451333106,171,/scratch/project_2013233/enchanted_plugins/data/ascot_DT-D_sobol_seq_extended_take2/batch_0/ascot_sdcc_workflow_runner-434c948f-2b81-4b47-953d-338b5d20c4f1,0
7.37,0.97,0.0,8.34,24705.66670978117,9.9381112727528e+19,281061.49335260276,1940386.1486815764,0.1448482270106773,2375858.15681427,3599170.6143040773,0.030256,0.03568,54.813627,16.727291,True,True,828.0280288308859,3.886664216592908,1.054388000164181,1.3614788889884948,180,/scratch/project_2013233/enchanted_plugins/data/ascot_DT-D_sobol_seq_extended_take2/batch_0/ascot_sdcc_workflow_runner-3883f971-bb0e-4ff6-8cd9-ce774876cc6f,0
7.67,0.78,0.0,8.45,1839.645614023315,6.752354114623096e+19,114356.43946940736,781312.8217366223,0.14636447308675615,3798666.681358991,3622002.8335252577,0.0002,0.0002,39.633266,12.514665,True,True,599.8322959057987,6.684442466497421,1.1982270465232432,1.2301158150658011,182,/scratch/project_2013233/enchanted_plugins/data/ascot_DT-D_sobol_seq_extended_take2/batch_0/ascot_sdcc_workflow_runner-a52c33b7-6538-483d-8530-31251b42dc3b,0
7.51,0.31,0.0,7.82,68991.39906743265,5.080480946480944e+18,-382.8541329775638,50142.30295003441,-0.007635351997276005,719692.6222531229,7639797.237522986,0.0,0.0,6.936678,1.462454,True,True,613.5505069978535,11.49369035549462,1.299891418311745,0.8171159344725312,169,/scratch/project_2013233/enchanted_plugins/data/ascot_DT-D_sobol_seq_extended_take2/batch_0/ascot_sdcc_workflow_runner-c2c68767-d2f6-4c8e-a7e7-2b5ac9665c21,0
10.97,0.74,0.0,11.71,90451.52422181604,1.1327193836755132e+20,359548.8306027753,1957401.0618624934,0.18368684763083748,4590029.92012566,6500368.9417247,0.005569,0.003984,50.077342,16.105094,True,True,939.7993553429842,6.267531102150679,1.118653588462621,1.493843149486929,168,/scratch/project_2013233/enchanted_plugins/data/ascot_DT-D_sobol_seq_extended_take2/batch_0/ascot_sdcc_workflow_runner-47a444f7-47a4-46f8-b861-1bf17910c93f,0
7.72,0.93,0.0,8.65,383616.95622533583,8.853743574219758e+19,141588.37393113523,1009408.0244023176,0.14026872236821317,8562792.412523912,12866050.87926985,0.0,0.0002,28.09087,10.061085,True,True,953.2708125188947,11.995196540281176,1.3754078154452145,1.0807998701930046,183,/scratch/project_2013233/enchanted_plugins/data/ascot_DT-D_sobol_seq_extended_take2/batch_0/ascot_sdcc_workflow_runner-725d0129-46ac-46b5-815d-21bfd5218373,0
9.58,0.66,0.0,10.23,17017.310871895366,8.975561116069708e+19,61686.10336950373,1156499.27980188,0.05333864399817974,3894319.65321282,4818786.837193422,0.003786,0.002792,28.431094,9.592658,True,True,635.7956337742507,5.124670024216175,1.464944152161479,0.853984253294766,178,/scratch/project_2013233/enchanted_plugins/data/ascot_DT-D_sobol_seq_extended_take2/batch_0/ascot_sdcc_workflow_runner-8fc65883-6ed0-48a1-947a-b4b5f428d6ac,0
46.0,0.88,0.0,46.88,81806.8877724896,1.2953213275981855e+20,301504.4720756333,1968619.0822676204,0.15315531317939637,5692075.764535203,7211356.527556218,0.003587,0.002394,37.984518,13.727074,True,True,861.2559596076608,6.303289002925158,1.4686264940537512,1.2063959758728742,100,/scratch/project_2013233/enchanted_plugins/data/ascot_DT-D_sobol_seq_extended_take2/batch_0/ascot_sdcc_workflow_runner-44eb887b-129c-4881-a092-5baeebe04ddd,0
7.42,0.66,0.0,8.08,36807.082840940486,8.056997941457402e+19,124520.67569430673,1066116.4164339222,0.11679838503080071,4563544.340073456,6028646.0732133975,0.0004,0.0006,38.193231,11.523595,True,True,712.7172476612031,7.251470980793238,1.0279385093599558,1.1449324229732156,186,/scratch/project_2013233/enchanted_plugins/data/ascot_DT-D_sobol_seq_extended_take2/batch_0/ascot_sdcc_workflow_runner-4e137f6a-cec3-412a-94d5-6b46be5a9c92,0
7.75,0.85,0.0,8.6,804.3075201276329,5.254292013833204e+19,98772.15496644354,487387.03090033925,0.2026565105435488,3922924.3972510532,3067165.3141884827,0.0002,0.0,38.532233,13.530866,True,True,568.428544793278,8.593450663983822,1.4172381944954395,1.384510221518576,185,/scratch/project_2013233/enchanted_plugins/data/ascot_DT-D_sobol_seq_extended_take2/batch_0/ascot_sdcc_workflow_runner-a8786709-e344-4afa-97fe-a4338303be9b,0
56.79,0.63,0.0,57.42,987.4149914859402,8.010859614926448e+19,191077.66452880861,1081483.737441885,0.17668103357779472,3549968.835542564,3249597.322066453,0.002195,0.001597,48.337806,14.931698,True,True,617.0906978659332,5.661397045478225,1.1359153995290399,1.4302679671905936,86,/scratch/project_2013233/enchanted_plugins/data/ascot_DT-D_sobol_seq_extended_take2/batch_0/ascot_sdcc_workflow_runner-f4d927f5-3e68-40d3-b7c7-0a786378b5d4,0
7.39,0.88,0.0,8.27,176161.91665166165,9.141003594889948e+19,162123.94639344155,1054023.3809157254,0.15381437388285432,7619045.248995917,9823218.157599276,0.0,0.0,32.158833,11.220183,True,True,859.187520109117,10.378142992034554,1.3340340591967106,1.1659835804253817,187,/scratch/project_2013233/enchanted_plugins/data/ascot_DT-D_sobol_seq_extended_take2/batch_0/ascot_sdcc_workflow_runner-8afeb678-7b97-4f06-b569-c04868c49fed,0
7.7,0.97,0.0,8.66,281150.2919818039,6.772732181373783e+19,39842.40314074129,861860.7547521788,0.04622835292250621,5588764.285043546,12531541.940949423,0.0,0.0,24.145824,7.0594,True,True,877.9095290228724,9.863822569325567,1.063397650141269,0.8305366896092892,191,/scratch/project_2013233/enchanted_plugins/data/ascot_DT-D_sobol_seq_extended_take2/batch_0/ascot_sdcc_workflow_runner-82d15341-c057-4993-8b41-ce336d6d07ff,0
8.46,0.73,0.0,9.2,20622.974674890836,9.043531200291566e+19,160836.78562598312,1066240.2843347988,0.15084478422828043,5075341.0129054515,4850968.524513446,0.0002,0.0,34.759008,12.466262,True,True,670.1518939808011,6.8232674349099405,1.4841806767508388,1.1695572121068836,194,/scratch/project_2013233/enchanted_plugins/data/ascot_DT-D_sobol_seq_extended_take2/batch_0/ascot_sdcc_workflow_runner-063c96f7-b7eb-4158-b07a-1ec63b2c908c,0
8.72,0.78,0.0,9.5,35750.71467391902,5.931402071751831e+19,104107.0301985565,596542.8571510697,0.17451726887778699,5471123.125252651,6468101.851767604,0.0,0.0,33.510882,11.616529,True,True,715.6087774783373,11.119503151997923,1.3270904696546495,1.2435191983357072,197,/scratch/project_2013233/enchanted_plugins/data/ascot_DT-D_sobol_seq_extended_take2/batch_0/ascot_sdcc_workflow_runner-ba93d412-286a-41af-a953-686b5a2a08f2,0
7.77,0.5,0.0,8.27,14729.308556563756,1.1315303607606352e+19,-3321.3691570906963,118141.5357443453,-0.028113475384965694,1066361.7715189408,5458350.321308847,0.0,0.0,12.405402,2.604243,True,True,548.8162245601416,8.501063204929233,1.0860237451270223,0.9223744539543987,193,/scratch/project_2013233/enchanted_plugins/data/ascot_DT-D_sobol_seq_extended_take2/batch_0/ascot_sdcc_workflow_runner-6b5ce23c-4632-4eb1-8281-37ade5f79efd,0
7.63,0.7,0.0,8.33,88596.93608647137,7.111455108500698e+19,110984.24947403888,825501.5828140165,0.1344446234684487,5822607.77349507,8077329.8941413965,0.0,0.0,33.017792,10.679083,True,True,773.559972178191,10.0273572050035,1.1614832999184728,1.1414004258811474,195,/scratch/project_2013233/enchanted_plugins/data/ascot_DT-D_sobol_seq_extended_take2/batch_0/ascot_sdcc_workflow_runner-e711bcd0-af4b-49c9-9911-54a58d102d28,0
7.65,0.83,0.0,8.48,30014.580092562814,1.1970381855731176e+20,279486.38710724586,1734872.1457674187,0.1610991264048541,5188525.845436642,5820836.695985562,0.002991,0.000799,39.038841,14.05669,True,True,778.5419523715973,6.012199268862606,1.491396973375231,1.2396885462105274,188,/scratch/project_2013233/enchanted_plugins/data/ascot_DT-D_sobol_seq_extended_take2/batch_0/ascot_sdcc_workflow_runner-1d3a2866-57f6-402a-bea8-ffc46305fb67,0
8.44,0.66,0.0,9.1,95731.20925554051,1.0972007355207542e+20,156688.2358073602,1822806.092538681,0.08595990349644675,4420852.370199475,7628173.71054606,0.007346,0.005767,38.587927,11.635716,True,True,854.3275971896946,5.86206895262003,1.0042958590202034,1.0455641333013772,196,/scratch/project_2013233/enchanted_plugins/data/ascot_DT-D_sobol_seq_extended_take2/batch_0/ascot_sdcc_workflow_runner-ee4c6db2-728c-4fef-b650-e304887ac888,0
8.47,0.56,0.0,9.02,3723.1030349013304,7.501805302519103e+19,183384.20635943848,988675.8005549848,0.18548467177663022,2800725.534285048,2052619.903484162,0.004381,0.002394,50.286286,15.90431,True,True,551.6619919799268,4.625358378142119,1.2602453180588782,1.458546949736774,190,/scratch/project_2013233/enchanted_plugins/data/ascot_DT-D_sobol_seq_extended_take2/batch_0/ascot_sdcc_workflow_runner-cc37584c-afc7-480f-9e65-e2730f05e070,0
8.63,0.87,0.0,9.5,82164.47759630285,1.1772334142210885e+20,356903.0072199698,2061796.3120058954,0.17310294190639203,4013231.244105064,5562635.888410825,0.00774,0.007149,47.733156,15.866565,True,True,882.6931682415307,5.3236335754394535,1.2680681375786662,1.3885412313044072,192,/scratch/project_2013233/enchanted_plugins/data/ascot_DT-D_sobol_seq_extended_take2/batch_0/ascot_sdcc_workflow_runner-ee37a6c3-5d27-4dae-bc48-31d929e7922d,0
7.36,0.9,0.0,8.26,167130.49542452546,1.318528548185049e+20,363767.4115060912,1703089.8958986013,0.2135926074026507,9084858.352499902,9842388.485196706,0.0004,0.0002,41.224683,14.947411,True,True,989.3358903937042,9.492720980197191,1.4255283898673952,1.4621500510722398,199,/scratch/project_2013233/enchanted_plugins/data/ascot_DT-D_sobol_seq_extended_take2/batch_0/ascot_sdcc_workflow_runner-4700e252-231e-4ce3-a491-94e8018a2e93,0
6.25,0.8,0.0,7.05,11111.281031323184,7.42404901122568e+19,24841.57802855951,1020112.2645318742,0.024351808023756305,2605567.9774884293,3306416.188273851,0.006754,0.006557,32.135483,9.34762,True,True,565.460697747767,4.200423515215516,1.2433294239453971,0.8268899509683252,198,/scratch/project_2013233/enchanted_plugins/data/ascot_DT-D_sobol_seq_extended_take2/batch_0/ascot_sdcc_workflow_runner-08ae3ce9-42f3-4c88-8c63-0ab27e99ff31,0
7.51,0.81,0.0,8.33,40800.0671620113,3.901191748026275e+19,45464.998331754476,386394.44915841636,0.11766472947729759,3837504.1884173416,6153688.479561746,0.0,0.0,27.938836,9.052933,True,True,667.1382882632315,11.224003288149834,1.1852041971869767,1.0493518052622677,189,/scratch/project_2013233/enchanted_plugins/data/ascot_DT-D_sobol_seq_extended_take2/batch_0/ascot_sdcc_workflow_runner-0cda6163-cc01-48b4-a3c5-1f948fe1a0ae,0
11.01,0.73,0.0,11.74,133314.71600525943,1.2948594113220757e+20,147405.09423624154,2258655.4851553366,0.06526231875779138,4690689.6220964175,9566309.115077483,0.01439,0.009901,34.095774,11.000252,True,True,984.4301827251911,5.501641949638724,1.2205450925976038,0.9264477763324976,184,/scratch/project_2013233/enchanted_plugins/data/ascot_DT-D_sobol_seq_extended_take2/batch_0/ascot_sdcc_workflow_runner-c6c7545c-502b-44c7-981c-b693bdf46822,0
7.35,0.84,0.0,8.19,163205.2085940396,1.2345762091211458e+20,307210.2878064892,1885355.1272318678,0.16294558164092096,6353939.163351649,8825043.861421537,0.001199,0.001199,41.965501,13.933677,True,True,958.2375534810126,7.4627232603728775,1.2050849860534072,1.3103807777166367,200,/scratch/project_2013233/enchanted_plugins/data/ascot_DT-D_sobol_seq_extended_take2/batch_0/ascot_sdcc_workflow_runner-bc6370ec-49c8-48cb-890e-57b1ea61ff7d,0
7.06,0.76,0.0,7.83,25469.97842123621,1.009711614021081e+20,290652.39336869534,1749323.9840798103,0.16615126529668317,3222887.9143920266,4018971.8230009773,0.00892,0.009116,53.003096,16.108268,True,True,746.9511358067393,4.749027041718364,1.046191087923944,1.44185879137367,202,/scratch/project_2013233/enchanted_plugins/data/ascot_DT-D_sobol_seq_extended_take2/batch_0/ascot_sdcc_workflow_runner-4066ff62-3c7c-45d1-8d7e-7f202495f4ab,0
7.35,1.04,0.0,8.39,9765.225961934477,1.0006107444541368e+20,262783.3422483118,1291340.450023733,0.2034965622299543,5112129.083328634,4576031.91846895,0.001398,0.0004,44.686179,15.224995,True,True,708.5484531708062,6.656894575059415,1.3560935822315514,1.468349566217512,122,/scratch/project_2013233/enchanted_plugins/data/ascot_DT-D_sobol_seq_extended_take2/batch_0/ascot_sdcc_workflow_runner-600b730e-a1e8-4ef8-bcf0-874ae3ddf8b2,0
6.52,0.44,0.0,6.96,1736.5597862436762,8.540981192902012e+19,212476.38598842578,1366600.6838526092,0.1554780328291873,2372733.371346342,2046628.6321186197,0.013612,0.012833,50.761146,16.04661,True,True,586.1279745586216,3.75980750285089,1.2837634780444205,1.3373485060408712,102,/scratch/project_2013233/enchanted_plugins/data/ascot_DT-D_sobol_seq_extended_take2/batch_0/ascot_sdcc_workflow_runner-5b4a0c76-2037-43f7-abec-8e5561cf5520,0
5.15,0.79,0.0,5.95,10753.035687420494,5.8176860269434544e+19,109536.36171724771,612810.5567446457,0.17874424732355063,4369635.055789029,4528869.602383241,0.0,0.0,40.823842,13.064652,True,True,638.7482024729252,8.983979615941644,1.1391046880744398,1.3678120287135243,205,/scratch/project_2013233/enchanted_plugins/data/ascot_DT-D_sobol_seq_extended_take2/batch_0/ascot_sdcc_workflow_runner-e2e17168-e34c-4c3b-9956-035deccaeb5e,0
7.78,0.7,0.0,8.48,190779.68471015358,9.191581552282295e+19,69447.11163583862,1135600.043713303,0.06115455174583583,6175292.999395584,10469908.026881156,0.0006,0.000799,24.311727,8.074579,True,True,823.2291429303586,7.8941565066576,1.3494657361879945,0.8471815600991249,203,/scratch/project_2013233/enchanted_plugins/data/ascot_DT-D_sobol_seq_extended_take2/batch_0/ascot_sdcc_workflow_runner-88f055a5-c6f7-41d3-9deb-bf31e23525b4,0
10.07,0.71,0.0,10.78,10898.070037782356,3.3895113992831193e+19,8538.533789088317,299963.34891221154,0.028465256905726963,3173128.3586074924,4692823.221921532,0.0,0.0,23.469101,8.481058,True,True,596.8034118413925,10.568887897208333,1.3990140492096543,0.9787028616294265,201,/scratch/project_2013233/enchanted_plugins/data/ascot_DT-D_sobol_seq_extended_take2/batch_0/ascot_sdcc_workflow_runner-c24d3875-333f-454e-9305-649685e83c1a,0
6.41,0.76,0.0,7.17,3178.37361675089,5.080208171739453e+19,57242.75228515135,500467.91207712924,0.11437846643868234,2960276.0727194664,2594332.9124535844,0.000999,0.0004,33.74129,10.951008,True,True,517.4128925427794,6.33821512721479,1.3063159207813442,1.074272151477635,206,/scratch/project_2013233/enchanted_plugins/data/ascot_DT-D_sobol_seq_extended_take2/batch_0/ascot_sdcc_workflow_runner-f018e32a-399d-4f95-869c-4e9594236973,0
7.17,0.86,0.0,8.03,189690.28095019827,8.483548941050839e+19,157238.32343865538,1023067.5813456284,0.15369299771168757,7613861.377360193,10844599.66700162,0.0,0.0,35.899379,11.684852,True,True,913.852599915117,11.562324397265911,1.1125337867997587,1.236685846373439,207,/scratch/project_2013233/enchanted_plugins/data/ascot_DT-D_sobol_seq_extended_take2/batch_0/ascot_sdcc_workflow_runner-1a706625-c5d9-416f-8580-850fd53c40d0,0
57.76,0.79,0.0,58.55,83180.93442123586,1.1226764157058967e+20,298685.10001310613,1931362.7447290013,0.15464992313239223,4437317.471029341,6863171.156901499,0.007149,0.005767,47.617126,14.948995,True,True,920.4627899453044,6.04999505840242,1.0795251210220158,1.3521357093937696,112,/scratch/project_2013233/enchanted_plugins/data/ascot_DT-D_sobol_seq_extended_take2/batch_0/ascot_sdcc_workflow_runner-ec1f2265-bc49-4bf7-a6c5-f75d516e5018,0
7.36,0.82,0.0,8.17,3848.3510127477534,6.201454314813356e+19,124522.4505173234,704738.1367379386,0.17669321983014505,3921903.876461403,3767988.7301618936,0.0006,0.0,43.876826,13.670433,True,True,610.7047414407134,7.634374004602433,1.0952056655660272,1.396995914261788,214,/scratch/project_2013233/enchanted_plugins/data/ascot_DT-D_sobol_seq_extended_take2/batch_0/ascot_sdcc_workflow_runner-fb925652-4ec4-4985-9c8c-fd673ccbff29,0
7.54,0.88,0.0,8.42,185930.43992695792,1.3113375489171304e+20,89912.52157695492,1881847.669258682,0.04777885215989573,6850174.5186477145,12224617.161910819,0.002792,0.00319,25.601596,8.652574,True,True,927.4445124901831,6.625943357124925,1.3855846687220037,0.8129574236460031,208,/scratch/project_2013233/enchanted_plugins/data/ascot_DT-D_sobol_seq_extended_take2/batch_0/ascot_sdcc_workflow_runner-61d8f84c-8e13-403c-903f-3e9fec0ee542,0
7.73,0.78,0.0,8.51,1781.1117187662014,2.2980739658886885e+19,36968.674068019325,172111.5103691611,0.2147948965686572,2492569.5369546763,2375356.9389201337,0.0,0.0,40.72834,13.543232,True,True,503.5718232393265,11.930545759946108,1.1877454961650074,1.4979598484002055,209,/scratch/project_2013233/enchanted_plugins/data/ascot_DT-D_sobol_seq_extended_take2/batch_0/ascot_sdcc_workflow_runner-3cf65540-113c-4d0e-8a0d-9193361bd648,0
6.66,0.77,0.0,7.43,1688.110298449067,4.018206432881061e+19,58326.206880689744,371833.21857220243,0.1568612054206878,3490961.496272954,3773962.8556185635,0.0,0.0,33.598928,11.148434,True,True,579.5473363250494,9.797095786035062,1.250739614944905,1.201561641599983,217,/scratch/project_2013233/enchanted_plugins/data/ascot_DT-D_sobol_seq_extended_take2/batch_0/ascot_sdcc_workflow_runner-193af850-8748-4777-ba6f-d8198d0c4952,0
7.3,0.32,0.0,7.62,47939.8985572912,1.1443263221687373e+20,154017.04401533364,2206023.5102937142,0.06981659229680082,2722795.991565199,4689082.04097517,0.033443,0.031758,37.008998,13.025293,True,True,804.7192827798426,3.790632048994303,1.4422897468321025,0.9431039746850729,204,/scratch/project_2013233/enchanted_plugins/data/ascot_DT-D_sobol_seq_extended_take2/batch_0/ascot_sdcc_workflow_runner-228187aa-5d45-43bf-b138-5f604c8d5346,0
8.58,0.5,0.0,9.08,23863.47524390873,9.893119193411283e+19,146604.8458313291,1635897.9156317324,0.08961735596729757,2770097.848661358,3367455.981095324,0.018453,0.013223,39.562728,13.123783,True,True,652.7441767975688,3.945059497654438,1.3668052866123617,1.031470814999193,210,/scratch/project_2013233/enchanted_plugins/data/ascot_DT-D_sobol_seq_extended_take2/batch_0/ascot_sdcc_workflow_runner-d66ca61e-faea-4195-9d59-3c46d6af596d,0
6.41,0.66,0.0,7.07,118053.37522285635,1.0302423515185145e+20,181839.9862014391,1994600.691059671,0.09116611009737143,2853453.505233346,6016147.436849335,0.03419,0.027994,44.824166,13.849707,True,True,975.9847787208855,4.552478953823448,1.072597702499479,1.0875230838544667,216,/scratch/project_2013233/enchanted_plugins/data/ascot_DT-D_sobol_seq_extended_take2/batch_0/ascot_sdcc_workflow_runner-e4080c88-6d21-4613-9f97-fa81c63be7c5,0
9.08,0.88,0.0,9.96,51629.72000893619,8.779792293820639e+19,139452.5240883914,990908.8152955858,0.14073194418680496,5998472.47110841,6769700.910819847,0.0006,0.0002,31.166264,11.224783,True,True,733.0178059637547,8.245763399451972,1.4596178075298667,1.1108908700756728,213,/scratch/project_2013233/enchanted_plugins/data/ascot_DT-D_sobol_seq_extended_take2/batch_0/ascot_sdcc_workflow_runner-22d54526-944d-4503-83dc-a30e3f6651d7,0
7.48,0.77,0.0,8.25,549468.7645173526,8.00247975124957e+19,75237.79123698935,950180.3486907298,0.0791826428958048,7258435.618068799,14278067.149679592,0.0,0.0,23.313464,7.815566,True,True,944.5829964242876,10.791295571252704,1.2928904285654426,0.8920456745661796,215,/scratch/project_2013233/enchanted_plugins/data/ascot_DT-D_sobol_seq_extended_take2/batch_0/ascot_sdcc_workflow_runner-7361b5c0-46bb-4350-8308-7ceb891cccea,0
9.79,0.44,0.0,10.23,63366.90680320752,1.1268429723976806e+20,237716.18991660143,1971705.7313049,0.12056372619015406,3751861.6107731266,5845576.224873507,0.012248,0.010293,44.038969,13.779077,True,True,836.4274338819087,5.053978567197919,1.1525302389636636,1.1781942152418197,212,/scratch/project_2013233/enchanted_plugins/data/ascot_DT-D_sobol_seq_extended_take2/batch_0/ascot_sdcc_workflow_runner-950286b3-6e13-4e40-99b8-4357e29733e9,0
6.46,0.79,0.0,7.24,47679.673560930554,8.935853649330912e+19,90123.39520643638,1226416.630322451,0.07348513790353693,4340598.755095173,6081934.03547389,0.001597,0.001398,32.514587,9.985186,True,True,701.8602835014462,6.084925172477961,1.1788118830882013,0.956514362897724,218,/scratch/project_2013233/enchanted_plugins/data/ascot_DT-D_sobol_seq_extended_take2/batch_0/ascot_sdcc_workflow_runner-823907b7-1a79-48d1-a8fa-b43c85be820d,0
6.81,0.68,0.0,7.49,205741.33296644606,1.0486141801784287e+20,134756.69631709682,1354708.6094696247,0.09947282786506742,7196718.3683920875,11109920.811608555,0.0004,0.0004,29.730306,9.856357,True,True,896.104063373059,8.656067373231053,1.2298996401950717,1.008348721358925,223,/scratch/project_2013233/enchanted_plugins/data/ascot_DT-D_sobol_seq_extended_take2/batch_0/ascot_sdcc_workflow_runner-87c75320-4fa4-43ff-83d2-9f4efe86fb9c,0
6.6,0.7,0.0,7.3,167763.3605678656,1.081810523038449e+20,92196.6267141343,1652741.89811922,0.05578404396902614,5510316.627511258,10697143.496358205,0.002593,0.001398,31.515767,9.326885,True,True,900.7699876092374,6.953540265932679,1.0345810893923044,0.9046590495854616,224,/scratch/project_2013233/enchanted_plugins/data/ascot_DT-D_sobol_seq_extended_take2/batch_0/ascot_sdcc_workflow_runner-9fe23f43-dfd7-40a9-b974-55c5d84cc791,0
10.57,0.91,0.0,11.48,92642.59789333236,9.59206678313684e+19,209955.2920683063,1030045.1988162526,0.20383114479790876,8494848.48341934,9190271.175856724,0.0,0.0,35.426345,13.022804,True,True,867.8288604132831,11.290577176585794,1.4976066607050598,1.3325269077904522,219,/scratch/project_2013233/enchanted_plugins/data/ascot_DT-D_sobol_seq_extended_take2/batch_0/ascot_sdcc_workflow_runner-097a3b67-cd3c-4cc5-a36c-439d18146516,0
6.82,0.64,0.0,7.46,5311.909217894713,6.6765807950338335e+19,92398.30458849933,846059.9379692755,0.10921011673271636,2810641.3142830683,2746213.774580489,0.000999,0.001996,41.817338,12.41954,True,True,555.3963859565556,5.088648828864097,1.1194061897695065,1.1352844106964768,126,/scratch/project_2013233/enchanted_plugins/data/ascot_DT-D_sobol_seq_extended_take2/batch_0/ascot_sdcc_workflow_runner-f8b33c69-c6af-413d-9d07-e393e033e544,0
7.89,0.81,0.0,8.71,2109.9333063904924,3.667727215213665e+19,62485.77373785172,300684.7947513494,0.2078115515935024,3277802.70262409,2837905.288019657,0.0,0.0,38.076171,13.182254,True,True,543.4537557885051,10.160193199664354,1.3535150028765202,1.4063005963340403,225,/scratch/project_2013233/enchanted_plugins/data/ascot_DT-D_sobol_seq_extended_take2/batch_0/ascot_sdcc_workflow_runner-8a00b6d4-df94-4297-b84e-4d29a156c5ac,0
7.07,0.62,0.0,7.69,94833.47493499781,1.2791835906631134e+20,223538.3220436782,2384824.1535541005,0.09373367076584632,3845504.0771740503,7098331.589673961,0.017875,0.017875,35.386099,13.059637,True,True,946.0448767058551,4.881126036867499,1.472566632553935,1.0074478935450315,232,/scratch/project_2013233/enchanted_plugins/data/ascot_DT-D_sobol_seq_extended_take2/batch_0/ascot_sdcc_workflow_runner-135bac86-cd2d-4f98-b317-03cc449af94b,0
6.93,0.53,0.0,7.46,18573.373547225485,9.574472875862114e+19,161287.87044062206,1415827.8867306495,0.11391770988001867,3737841.3479492087,4351929.246099129,0.004975,0.004182,40.086585,12.589192,True,True,675.5353361368179,5.192431797087193,1.216935196891427,1.1236557448282838,226,/scratch/project_2013233/enchanted_plugins/data/ascot_DT-D_sobol_seq_extended_take2/batch_0/ascot_sdcc_workflow_runner-7a6220bf-1075-4f66-8f97-d5470e6e5e8a,0
7.5,0.77,0.0,8.27,56845.077020070734,8.34326224675954e+19,183294.88868266172,1000381.9644948776,0.18322490327503327,6663661.929158164,8219613.17795417,0.0,0.0,42.001416,13.534458,True,True,835.4466226883233,10.438999900594354,1.082226112484932,1.4131391193717717,235,/scratch/project_2013233/enchanted_plugins/data/ascot_DT-D_sobol_seq_extended_take2/batch_0/ascot_sdcc_workflow_runner-284c8463-6066-4cf4-ba5e-a54ce640fcfb,0
8.05,0.68,0.0,8.73,54550.96684026884,5.149082853203088e+19,57425.33350516012,561605.5846134374,0.10225206991965179,4268456.311518164,6556741.001434281,0.0,0.0,29.544332,9.219968,True,True,688.763759098947,9.624403723329307,1.124120716471225,1.0277339769527316,229,/scratch/project_2013233/enchanted_plugins/data/ascot_DT-D_sobol_seq_extended_take2/batch_0/ascot_sdcc_workflow_runner-a344dd8a-25e7-4846-ab83-3953085ad090,0
7.73,0.92,0.0,8.65,8112.894356769609,6.159187451358209e+19,107615.88114458913,669288.5605583946,0.16079145451821863,4168392.6457556775,4203333.019566183,0.0004,0.0,39.281953,12.501366,True,True,623.6712085083127,8.02369233816862,1.1655213534832,1.2815944658592344,233,/scratch/project_2013233/enchanted_plugins/data/ascot_DT-D_sobol_seq_extended_take2/batch_0/ascot_sdcc_workflow_runner-72be9130-3932-4210-bc73-70da50c62c61,0
7.55,0.75,0.0,8.3,52407.25512300542,9.315114568973695e+19,170444.39736995456,1086418.5399009811,0.1568864954987691,6320865.346963787,6900072.868634703,0.0004,0.000799,34.026831,11.99456,True,True,755.5079408921301,8.368323027715087,1.395212847739458,1.18726061321795,227,/scratch/project_2013233/enchanted_plugins/data/ascot_DT-D_sobol_seq_extended_take2/batch_0/ascot_sdcc_workflow_runner-25466b23-9d29-4492-b236-0acc35f146ba,0
11.39,0.67,0.0,12.06,1380.0469926142255,6.650474029256131e+19,124108.79089628889,729904.8902997485,0.17003419561324132,3204624.610634437,2228343.5833120304,0.000799,0.000799,41.77223,14.072525,True,True,534.6683720126748,5.562207173556089,1.4081883477047086,1.3026103626005352,222,/scratch/project_2013233/enchanted_plugins/data/ascot_DT-D_sobol_seq_extended_take2/batch_0/ascot_sdcc_workflow_runner-cdfc4972-a1b5-47b6-99c5-ab4b319dc269,0
9.5,0.89,0.0,10.39,576241.8211809541,7.034064488417465e+19,41095.401758435364,878395.6047552923,0.046784616789930226,6550351.985620459,15827378.395841708,0.0002,0.0002,22.006503,6.667391,True,True,977.1411851979792,10.987660504505039,1.1272773039527237,0.8090891130268574,231,/scratch/project_2013233/enchanted_plugins/data/ascot_DT-D_sobol_seq_extended_take2/batch_0/ascot_sdcc_workflow_runner-208cbf73-380c-4331-8951-8ffc0776cfa2,0
6.67,0.83,0.0,7.51,34304.301830142555,9.686661666594457e+19,332740.53759456263,1923873.931146045,0.1729534000163671,2340309.3290951727,3753516.017678911,0.03419,0.031196,55.299761,17.823205,True,True,914.2752732150257,4.0772869169712065,1.1828612168319523,1.472053421381861,240,/scratch/project_2013233/enchanted_plugins/data/ascot_DT-D_sobol_seq_extended_take2/batch_0/ascot_sdcc_workflow_runner-6be2c218-8ceb-40b6-977c-f0c36a4fb4d9,0
7.76,0.83,0.0,8.59,614.074860713852,6.5117729456974406e+19,95167.27813399244,939648.4451708397,0.10127966328586843,1886749.0035548208,1702343.7666567552,0.012443,0.013612,49.855834,14.168256,True,True,512.0522100478411,3.6575397066771984,1.0080706612206995,1.2079849576577544,238,/scratch/project_2013233/enchanted_plugins/data/ascot_DT-D_sobol_seq_extended_take2/batch_0/ascot_sdcc_workflow_runner-a78a787b-f5ce-48ed-a38d-91c42fc36e54,0
12.98,0.75,0.0,13.73,26608.579980406812,1.0613100190516253e+20,273974.76908514975,1380609.345031195,0.19844481718973098,5764854.225434803,5690402.269309216,0.0004,0.000999,43.189744,14.792443,True,True,760.1199229247868,7.191040251776576,1.3405203120782971,1.4339073912240565,220,/scratch/project_2013233/enchanted_plugins/data/ascot_DT-D_sobol_seq_extended_take2/batch_0/ascot_sdcc_workflow_runner-9111f67e-2c84-4c2d-8a1a-993a0617539c,0
11.73,0.93,0.0,12.66,74077.32753091822,7.721654951560605e+19,59249.96147483805,934767.3740363058,0.0633847127323218,4876783.698036911,7507056.363147961,0.001199,0.0002,26.371679,8.38222,True,True,720.1043274253607,7.331296864897013,1.2799300383776426,0.8759451927617192,234,/scratch/project_2013233/enchanted_plugins/data/ascot_DT-D_sobol_seq_extended_take2/batch_0/ascot_sdcc_workflow_runner-20370ad1-f86a-4110-9262-759b5b68a302,0
6.07,0.66,0.0,6.73,9442.975252975064,8.291667565428354e+19,72151.50998628976,1104677.9904232782,0.06531451754428777,3389049.1592719816,3924409.4149282896,0.004579,0.003388,32.359587,10.322093,True,True,606.320621445775,4.920757800713181,1.3286927565932274,0.9180790237151086,246,/scratch/project_2013233/enchanted_plugins/data/ascot_DT-D_sobol_seq_extended_take2/batch_0/ascot_sdcc_workflow_runner-e499aa49-4111-4aed-8414-223d8cd8fffa,0
6.86,0.77,0.0,7.63,75533.2180200363,5.807112181640109e+19,88880.18460368266,611419.0154799722,0.14536705982870113,5293128.0272952,7325964.352946749,0.0,0.0,31.725655,10.554462,True,True,737.426714040339,10.922113078460098,1.2258882727473974,1.1521461612544954,245,/scratch/project_2013233/enchanted_plugins/data/ascot_DT-D_sobol_seq_extended_take2/batch_0/ascot_sdcc_workflow_runner-983412dd-1fc6-404b-a36a-af11909fac3c,0
6.25,0.86,0.0,7.11,95708.18753156163,1.1242002850883235e+20,200879.87820178035,1416152.4946591011,0.141849044477471,6846553.746131195,8144548.176338434,0.000999,0.0,33.350137,11.877673,True,True,817.3968154005706,7.766729409992696,1.419775702059269,1.1368947547860444,244,/scratch/project_2013233/enchanted_plugins/data/ascot_DT-D_sobol_seq_extended_take2/batch_0/ascot_sdcc_workflow_runner-25ad91e9-ad5a-4fc4-9090-cb758d7a9f9b,0
5.51,0.92,0.0,6.43,11556.54739762083,6.973790687728641e+19,151084.02742992487,734748.8353539685,0.20562676680819705,5062604.514987393,4565442.041098213,0.0,0.0,41.393454,14.009953,True,True,657.9721486195922,8.787621692195534,1.2888754773885012,1.44893649360165,253,/scratch/project_2013233/enchanted_plugins/data/ascot_DT-D_sobol_seq_extended_take2/batch_0/ascot_sdcc_workflow_runner-0423074d-512a-4be8-9c29-e51fbb983d5c,0
13.99,0.62,0.0,14.61,2674.3322863119006,8.233825012185286e+19,202055.4634628784,973165.3417003333,0.2076270648005643,3835254.016696307,2721895.3347448055,0.000999,0.000799,45.654386,15.750542,True,True,592.3305191099644,5.732789468765259,1.4460528590716422,1.4799948809668422,230,/scratch/project_2013233/enchanted_plugins/data/ascot_DT-D_sobol_seq_extended_take2/batch_0/ascot_sdcc_workflow_runner-80875eb0-5613-48dd-9013-ee11325df534,0
5.31,0.78,0.0,6.09,130588.50999924849,1.0847397790076889e+20,241079.59988639475,1238757.1181765352,0.19461409855813114,8582272.102730218,9341940.123149537,0.0002,0.0,36.074377,13.169481,True,True,882.9327956773341,10.183691082894802,1.4633922893553972,1.3175725956447422,255,/scratch/project_2013233/enchanted_plugins/data/ascot_DT-D_sobol_seq_extended_take2/batch_0/ascot_sdcc_workflow_runner-4c397910-f6d4-4cda-8761-ebc0d2303824,0
6.63,0.32,0.0,6.94,47197.16363238835,5.901903854722843e+18,-1232.054379485723,60206.43205436814,-0.020463833139508128,762704.8182079504,6154300.562992816,0.0,0.0,11.353792,2.259985,True,True,575.1614300534129,11.423541595414282,1.0480067604221404,1.072431258391589,249,/scratch/project_2013233/enchanted_plugins/data/ascot_DT-D_sobol_seq_extended_take2/batch_0/ascot_sdcc_workflow_runner-e3bcb6c9-d9ec-4b31-b7c4-ccd0073f2b36,0
6.37,0.94,0.0,7.31,159759.5961539443,1.3162788029687875e+20,326267.84180025465,2203640.6360780806,0.14805855204273613,5239935.968761061,8145614.159854989,0.00774,0.005371,40.131371,14.140432,True,True,995.0381605885923,6.215325926989317,1.3708429452963173,1.2166093499399722,248,/scratch/project_2013233/enchanted_plugins/data/ascot_DT-D_sobol_seq_extended_take2/batch_0/ascot_sdcc_workflow_runner-d47acbac-d128-47e8-afe2-89a568752ee4,0
6.62,0.38,0.0,7.01,19524.487115277647,8.134869241559652e+18,-1166.2090025641876,76090.24817979583,-0.01532665526084918,910472.5980979011,5175880.101428295,0.0,0.0,8.925815,2.009733,True,True,529.4630574062467,9.352665514871479,1.4859965951181948,0.8389053079299629,241,/scratch/project_2013233/enchanted_plugins/data/ascot_DT-D_sobol_seq_extended_take2/batch_0/ascot_sdcc_workflow_runner-0f26646f-5463-4dc1-bea8-c2413c9334e2,0
7.52,0.62,0.0,8.14,12455.248656853337,1.0600842834401275e+20,300823.6895198095,1790619.997592164,0.16799973747882035,3222056.3194769947,3374511.0779493772,0.009901,0.007937,47.569191,15.958186,True,True,706.2671631574631,4.421405098959804,1.3817872372455895,1.3476414437405766,250,/scratch/project_2013233/enchanted_plugins/data/ascot_DT-D_sobol_seq_extended_take2/batch_0/ascot_sdcc_workflow_runner-9a96db20-98ec-46f4-ad5d-6d5a5fafd566,0
6.73,0.79,0.0,7.51,2311.0274307865106,4.276509514251959e+19,64866.32379504057,382610.7188577551,0.1695360861522445,3458099.683631318,3286996.9454044495,0.0,0.0002,35.534089,11.919515,True,True,560.195273719728,9.087420307472348,1.2892407434992492,1.255362186115235,257,/scratch/project_2013233/enchanted_plugins/data/ascot_DT-D_sobol_seq_extended_take2/batch_0/ascot_sdcc_workflow_runner-448de852-5e43-4a42-9313-2fb100df76b6,0
7.05,0.88,0.0,7.93,174541.90552900117,1.1198405567967166e+20,282593.5084834158,1725904.722467985,0.16373644779146135,6241885.4290283285,9109759.518179538,0.001996,0.001199,44.668463,14.161526,True,True,963.6345882900059,8.115106297284365,1.025399124249816,1.371004053670913,247,/scratch/project_2013233/enchanted_plugins/data/ascot_DT-D_sobol_seq_extended_take2/batch_0/ascot_sdcc_workflow_runner-dd61c5e9-fe53-475b-83d9-567dd2b1e380,0
12.51,0.34,0.0,12.85,102195.41350014189,7.563410749140428e+18,-579.5464979340104,75382.4920564505,-0.0076880782542982865,1026272.854098641,8591406.055133415,0.0,0.0,8.092536,1.806778,True,True,644.1336730495095,11.693269827961922,1.4371041064150631,0.9717821737751365,237,/scratch/project_2013233/enchanted_plugins/data/ascot_DT-D_sobol_seq_extended_take2/batch_0/ascot_sdcc_workflow_runner-57366ec2-f5c2-43af-b931-a0ec2114d4bb,0
7.22,0.7,0.0,7.92,10270.95745465249,7.233107966378937e+19,127890.86585746022,911607.8449009475,0.14029153717008264,3756363.82374938,4061908.086838382,0.000799,0.000799,42.556322,12.843978,True,True,626.8739309161901,6.4946453858166935,1.0687962104566395,1.2535259979777038,242,/scratch/project_2013233/enchanted_plugins/data/ascot_DT-D_sobol_seq_extended_take2/batch_0/ascot_sdcc_workflow_runner-29ed28f6-a2e7-4662-bf68-237d84b2c7e9,0
8.37,0.76,0.0,9.13,53730.4471240336,1.007034710651254e+20,162451.1962663805,1981493.016790771,0.08198423859675603,2336995.1246689768,4703289.629729047,0.04943,0.040859,46.07699,14.093555,True,True,886.4727444015443,3.8263972721993924,1.0964063159190118,1.0555538185872138,256,/scratch/project_2013233/enchanted_plugins/data/ascot_DT-D_sobol_seq_extended_take2/batch_0/ascot_sdcc_workflow_runner-ecc2d005-4634-49a9-b636-79e4b05c3e00,0
5.82,0.69,0.0,6.51,4182.840968201916,8.226522077159173e+19,139938.94610826898,1088411.6337768207,0.12857171107467555,3064636.3743072227,2705349.3662653845,0.004579,0.002792,40.663,13.499848,True,True,577.4806141853333,4.655834936723113,1.3838633792474866,1.159877698775381,262,/scratch/project_2013233/enchanted_plugins/data/ascot_DT-D_sobol_seq_extended_take2/batch_0/ascot_sdcc_workflow_runner-f7130ef2-621c-4360-a6aa-eb8a8a26c60b,0
6.61,0.92,0.0,7.53,10067.275714989615,4.779464408787855e+19,42649.17047854333,499830.9719960137,0.08532718632506725,3052443.151445771,3646560.174861857,0.0002,0.0004,31.461146,9.527045,True,True,560.5616308748722,7.061632844433189,1.1407067440450191,0.9933423190377653,254,/scratch/project_2013233/enchanted_plugins/data/ascot_DT-D_sobol_seq_extended_take2/batch_0/ascot_sdcc_workflow_runner-ba31accb-5e6c-477d-949c-23fddb4f7218,0
17.34,0.74,0.0,18.08,147560.03343113372,5.928144670555372e+19,81844.5870183244,648328.3907214887,0.12623939995477307,5837200.712071932,9374718.176903628,0.0,0.0,27.616575,9.359283,True,True,804.6547737903893,11.800785686820745,1.2625901163555682,1.0573892765678465,243,/scratch/project_2013233/enchanted_plugins/data/ascot_DT-D_sobol_seq_extended_take2/batch_0/ascot_sdcc_workflow_runner-ba29c9f9-889d-41ff-8add-6359ca12c9dd,0
7.15,0.78,0.0,7.92,1910.1168818344497,3.9398320150105915e+19,67002.40648450855,352151.00183838344,0.19026612485759364,3785262.419703333,4097468.4987143846,0.0,0.0,37.371397,12.498663,True,True,608.8842460885644,11.147314588353039,1.2272301013581455,1.3552907864563166,265,/scratch/project_2013233/enchanted_plugins/data/ascot_DT-D_sobol_seq_extended_take2/batch_0/ascot_sdcc_workflow_runner-20f03241-4989-49e0-9975-202d7c004189,0
8.36,1.01,0.0,9.36,269497.18724731315,1.2594679720179889e+20,230721.21725694064,1860848.6469034255,0.12398709461990685,7043319.467780371,10948305.884596348,0.001199,0.001597,36.115742,11.904729,True,True,993.4511580504477,7.8645389333367355,1.1909392578527331,1.1291626540012658,263,/scratch/project_2013233/enchanted_plugins/data/ascot_DT-D_sobol_seq_extended_take2/batch_0/ascot_sdcc_workflow_runner-0f9510b8-bee0-452b-9ba7-f6a86884eddd,0
8.03,0.6,0.0,8.63,24472.508962200955,1.0975085448554118e+20,194003.53071778966,1951440.2810898959,0.09941556121278641,3069502.1351181436,4228043.38907272,0.016716,0.019031,40.428234,13.44061,True,True,735.1072896271944,4.170812638476491,1.3432181640528142,1.0651263828389346,266,/scratch/project_2013233/enchanted_plugins/data/ascot_DT-D_sobol_seq_extended_take2/batch_0/ascot_sdcc_workflow_runner-2b3b43c8-3aae-4d33-9b95-d1e1a41684b8,0
8.48,0.85,0.0,9.33,230040.78101223917,7.800858566817979e+19,79471.73677903849,950768.8214764493,0.08358681414860324,6285800.939236893,10882621.07094575,0.0004,0.0,26.487215,8.505557,True,True,848.8002666272223,9.664484032988549,1.1996071957983077,0.9414412842132152,251,/scratch/project_2013233/enchanted_plugins/data/ascot_DT-D_sobol_seq_extended_take2/batch_0/ascot_sdcc_workflow_runner-6dd4b757-247b-4b84-adc3-5270af6be34d,0
6.89,0.83,0.0,7.71,173915.93711780696,1.4090563735974925e+20,174722.23233750762,2249125.0542198643,0.07768453426353036,5806617.227224148,10352428.733977603,0.010097,0.004777,30.873391,10.911689,True,True,962.2919070534408,5.9575558573007585,1.4084241106174886,0.9337925464846194,264,/scratch/project_2013233/enchanted_plugins/data/ascot_DT-D_sobol_seq_extended_take2/batch_0/ascot_sdcc_workflow_runner-3ffeaab0-5eca-497f-8aa1-76e76a8ae368,0
9.76,0.72,0.0,10.48,76993.7192924874,1.2002448043379201e+20,312000.9864303578,1649311.5666148097,0.18917043495349742,6564099.579150838,7210360.231705111,0.000999,0.000999,41.555516,14.459216,True,True,850.1431881450117,7.490527374297381,1.3636398361995816,1.3783970278687776,260,/scratch/project_2013233/enchanted_plugins/data/ascot_DT-D_sobol_seq_extended_take2/batch_0/ascot_sdcc_workflow_runner-a330f437-63b9-4778-8885-a57b753fb857,0
6.48,0.77,0.0,7.26,29807.31107077683,5.547559400192033e+19,60878.25414136574,545887.6624229689,0.11152157913068125,4174904.31141788,5054435.5202712305,0.0,0.0,25.96794,9.458343,True,True,627.2400515154004,8.536839130148293,1.498326658271253,0.9910796358250082,269,/scratch/project_2013233/enchanted_plugins/data/ascot_DT-D_sobol_seq_extended_take2/batch_0/ascot_sdcc_workflow_runner-afe9a9f9-412f-4e85-aa8f-5f2ad017dfb5,0
6.68,0.7,0.0,7.37,0.0,4.986338073389608e+19,95767.91891182226,527291.8574805637,0.18162222221562055,2926272.262034284,2414013.640750032,0.0,0.0002,46.827437,14.290368,True,True,528.8528557866812,6.785215422883629,1.0718489149585366,1.450860050227493,270,/scratch/project_2013233/enchanted_plugins/data/ascot_DT-D_sobol_seq_extended_take2/batch_0/ascot_sdcc_workflow_runner-1ed58213-2619-4ab4-bf62-6d803aaad2bf,0
6.7,0.85,0.0,7.56,163129.06624652463,1.266274826523013e+20,264456.189864014,1889240.4582873888,0.1399801643586151,6452052.786092031,9225354.123546757,0.001398,0.001398,38.305403,12.782866,True,True,931.561331730336,7.220900278910994,1.245050779543817,1.1908911515027285,272,/scratch/project_2013233/enchanted_plugins/data/ascot_DT-D_sobol_seq_extended_take2/batch_0/ascot_sdcc_workflow_runner-cf527f78-016f-411f-aa20-856866bc84a1,0
10.07,0.74,0.0,10.81,30336.671596113905,1.115099107763308e+20,286875.7020918654,1851068.4227694743,0.15497844302408692,4111936.3257836187,5377611.890183719,0.005767,0.006754,46.421909,14.739357,True,True,801.1145885102451,5.4270855948328975,1.1766346702352166,1.3198360507376492,268,/scratch/project_2013233/enchanted_plugins/data/ascot_DT-D_sobol_seq_extended_take2/batch_0/ascot_sdcc_workflow_runner-62462e67-eebb-4671-afba-8d8117c306df,0
7.24,0.76,0.0,8.0,404585.9062746291,8.175600079762078e+19,65572.75183878736,1004088.8334218512,0.06530572759714982,6856396.154592116,13538930.138944047,0.0,0.0002,23.442353,7.583989,True,True,917.5712582655251,9.925730661302806,1.2529456159099936,0.8600975890643895,271,/scratch/project_2013233/enchanted_plugins/data/ascot_DT-D_sobol_seq_extended_take2/batch_0/ascot_sdcc_workflow_runner-e5eedad8-799f-49e5-9c55-96a84c09978b,0
11.77,0.65,0.0,12.43,88161.86188367913,8.268384214322736e+19,148358.87969050623,1058285.239066948,0.14018798922425577,5978451.707538524,8385487.592721399,0.0,0.0,38.067733,11.849322,True,True,818.983577657491,9.399536197632552,1.0213717664591968,1.223913620505482,267,/scratch/project_2013233/enchanted_plugins/data/ascot_DT-D_sobol_seq_extended_take2/batch_0/ascot_sdcc_workflow_runner-27584423-6c36-4ca1-b460-0a673ce2d838,0
6.75,0.64,0.0,7.39,5426.515739372496,8.34396099829583e+19,198206.40208800006,1201020.2872718743,0.16503168530002707,3439090.954497907,3531326.1418529097,0.00319,0.002195,49.576404,14.930215,True,True,640.8378649502993,5.466969669610262,1.0074612563475966,1.4095914447680116,274,/scratch/project_2013233/enchanted_plugins/data/ascot_DT-D_sobol_seq_extended_take2/batch_0/ascot_sdcc_workflow_runner-aae5c843-3fb4-4c8b-8eda-27b0c32a9b3f,0
6.53,0.77,0.0,7.3,1260.3563862616852,2.786796814698558e+19,32960.675767491186,218212.8155373064,0.1510483043185707,2630951.3012970528,2802594.3456220813,0.0,0.0,28.890465,10.16651,True,True,515.5920991674066,10.409096212685109,1.4223345601931214,1.1200257698073983,273,/scratch/project_2013233/enchanted_plugins/data/ascot_DT-D_sobol_seq_extended_take2/batch_0/ascot_sdcc_workflow_runner-63652aba-4b3c-4b6b-b32b-58b4418629da,0
10.09,0.85,0.0,10.93,25748.555750840642,7.698408039378534e+19,179133.60439952524,785177.1748385995,0.2281441821539805,7054117.648152291,6838978.466848654,0.0,0.0,38.750781,13.971978,True,True,770.0164304114878,11.524261057376862,1.458388369064778,1.4742333465255797,259,/scratch/project_2013233/enchanted_plugins/data/ascot_DT-D_sobol_seq_extended_take2/batch_0/ascot_sdcc_workflow_runner-b8628023-d4a1-4cfa-9a51-1e2dc14930f8,0
6.64,0.73,0.0,7.37,41813.05110172586,7.0540151566032314e+19,30000.87528249174,897512.0312346107,0.03342671099486295,3781365.943435879,6070651.747556948,0.000799,0.0006,27.421381,7.838838,True,True,658.5825867950916,6.236577881500125,1.156208714004606,0.8367246526293457,258,/scratch/project_2013233/enchanted_plugins/data/ascot_DT-D_sobol_seq_extended_take2/batch_0/ascot_sdcc_workflow_runner-91d3fcf0-ede0-445a-b118-652490c1086e,0
6.59,0.76,0.0,7.34,13115.344231670253,7.040622306462807e+19,159805.08546521887,781349.5011016425,0.20452446087174309,5589381.554990172,5842605.359651988,0.0004,0.0002,42.889666,14.107954,True,True,721.4471893385053,9.898490828275682,1.1627127914689481,1.4890114737674593,277,/scratch/project_2013233/enchanted_plugins/data/ascot_DT-D_sobol_seq_extended_take2/batch_0/ascot_sdcc_workflow_runner-6ccfaf2e-987b-4a8e-b326-df53b48a23b4,0
6.2,0.83,0.0,7.03,11082.837788428684,7.716437621151423e+19,90472.06039131065,954518.2109067154,0.09478295893943132,3884657.326271614,4335953.57561741,0.0006,0.000799,33.408389,10.692473,True,True,622.0841463655233,5.981242027133703,1.2668675552122295,1.0190618513152003,278,/scratch/project_2013233/enchanted_plugins/data/ascot_DT-D_sobol_seq_extended_take2/batch_0/ascot_sdcc_workflow_runner-750fdda3-ddab-4f58-93c4-6128651be6b3,0
6.57,0.72,0.0,7.29,50833.85350511764,9.343127083731434e+19,139010.4634017444,1338226.6896769898,0.10387661856848604,4701039.924175244,6638108.387128967,0.001797,0.000999,37.879406,11.399832,True,True,755.8740018866956,6.719366588070988,1.043493169825524,1.0997290000319482,284,/scratch/project_2013233/enchanted_plugins/data/ascot_DT-D_sobol_seq_extended_take2/batch_0/ascot_sdcc_workflow_runner-f8f9c0fc-465b-436a-b7fa-4cccaf71a2cf,0
8.26,0.53,0.0,8.79,72131.63218716856,1.1087053584899024e+20,370942.5542088186,2077800.1668498078,0.17852657831441587,3416160.142182219,5339921.5001714,0.014196,0.011662,49.170409,16.773999,True,True,979.7047502361238,5.155366412177682,1.3070647595450282,1.4218993853777646,280,/scratch/project_2013233/enchanted_plugins/data/ascot_DT-D_sobol_seq_extended_take2/batch_0/ascot_sdcc_workflow_runner-e7ddda0b-4198-4e1e-ab9d-c7dd5dc1984d,0
5.39,0.82,0.0,6.22,87984.04929035659,1.2745322581591504e+20,320113.9637786655,2004519.048935671,0.15969614454331812,5517117.031416346,7373010.090531716,0.003587,0.002792,41.215445,14.147546,True,True,896.7143227346241,6.367266964539885,1.3313640919514,1.2704753217287361,288,/scratch/project_2013233/enchanted_plugins/data/ascot_DT-D_sobol_seq_extended_take2/batch_0/ascot_sdcc_workflow_runner-d9c21ad0-dc44-4f09-9134-c8c1b160ca32,0
7.77,0.85,0.0,8.63,19551.756456854597,4.468253716928819e+19,72741.25969057475,422793.96290520206,0.1720489554551294,4499464.072423488,5661969.097327458,0.0,0.0,31.649078,11.03131,True,True,671.9952104613185,11.96039458438754,1.3497298783622682,1.2111882707104087,285,/scratch/project_2013233/enchanted_plugins/data/ascot_DT-D_sobol_seq_extended_take2/batch_0/ascot_sdcc_workflow_runner-1ee403f5-23cf-4905-87d2-391286af25b2,0
7.44,0.99,0.0,8.44,142121.78284452652,1.203597907150952e+20,290937.82898145047,1521245.4002038685,0.1912497674224426,8289775.712791341,9093095.121214708,0.0,0.0002,38.238112,13.698949,True,True,900.1597263850272,9.127753053233027,1.401683536823839,1.342724996805191,287,/scratch/project_2013233/enchanted_plugins/data/ascot_DT-D_sobol_seq_extended_take2/batch_0/ascot_sdcc_workflow_runner-355867e3-e2e1-4278-8c98-d7969dd9e64e,0
9.69,0.71,0.0,10.4,117982.21244675055,7.844264140577317e+19,72844.86876943483,938514.3005337747,0.07761721768970886,5791404.97311509,9391034.181742106,0.0004,0.0,25.050459,8.337929,True,True,787.2757245786488,8.628505462780595,1.3253975445404649,0.9013676378875971,275,/scratch/project_2013233/enchanted_plugins/data/ascot_DT-D_sobol_seq_extended_take2/batch_0/ascot_sdcc_workflow_runner-32be2060-e093-43dc-b148-b53158b511dd,0
10.8,0.68,0.0,11.48,252075.94237188174,7.183356552986382e+19,83376.23353044459,856231.7294356999,0.09737578118647128,6305155.559368507,11147081.79137461,0.0,0.0,27.825333,8.90102,True,True,864.2238066531718,10.687605604156852,1.1383847566321492,0.9983485009521247,283,/scratch/project_2013233/enchanted_plugins/data/ascot_DT-D_sobol_seq_extended_take2/batch_0/ascot_sdcc_workflow_runner-e2c814f4-339b-431f-905f-39dc6e2b3996,0
11.8,0.39,0.0,12.19,34427.0700082141,1.3648002009252481e+19,-4418.122433995411,151725.68086062453,-0.029119147193373978,1239253.3441068958,6632718.89225504,0.0002,0.0,11.514012,2.42588,True,True,590.987897478044,8.283577213436365,1.1103277327492833,0.8671856986358762,281,/scratch/project_2013233/enchanted_plugins/data/ascot_DT-D_sobol_seq_extended_take2/batch_0/ascot_sdcc_workflow_runner-6d4e9740-6288-4e93-8442-d0a3dd965cdf,0
7.75,0.31,0.0,8.07,25703.35006629156,3.953104149966529e+18,-768.7967363197055,36701.676050116694,-0.020947183318546593,544917.5702313144,4952187.9537381735,0.0,0.0,10.906146,2.143763,True,True,531.3723254948854,11.657513929903507,1.025176825467497,1.0404846749268473,289,/scratch/project_2013233/enchanted_plugins/data/ascot_DT-D_sobol_seq_extended_take2/batch_0/ascot_sdcc_workflow_runner-e6008778-b008-4caf-8e3b-4ba00fbbf54f,0
8.58,0.5,0.0,9.08,5168.078302435572,1.0035005601611206e+20,349659.84615964524,1834579.3697019434,0.19059401404718349,2490477.0432864646,2371416.660880367,0.023819,0.015166,53.553346,18.041616,True,True,687.380732037127,3.695611745864153,1.4200301286764443,1.4892851150594653,290,/scratch/project_2013233/enchanted_plugins/data/ascot_DT-D_sobol_seq_extended_take2/batch_0/ascot_sdcc_workflow_runner-c39397c9-10fa-47b4-9b84-0839d5398379,0
9.72,0.69,0.0,10.41,213963.01278339268,9.289803527034749e+19,179890.49023862675,1144781.7754310914,0.15713954755340617,7951066.707034623,11234519.807889873,0.0,0.0,37.602488,12.187274,True,True,948.3641204424202,11.254570000246167,1.0896733640693128,1.2699794180691242,279,/scratch/project_2013233/enchanted_plugins/data/ascot_DT-D_sobol_seq_extended_take2/batch_0/ascot_sdcc_workflow_runner-d159169f-1e2e-4f26-a037-9b5bc5a2a0ae,0
7.52,0.78,0.0,8.3,146127.08897249855,5.030325280055672e+19,11496.964877132328,606975.2237262678,0.018941407206955783,4111226.595520573,10101935.029251946,0.0004,0.0,19.675234,5.616497,True,True,759.7538637928665,8.955097008123994,1.2231848114170134,0.8216315519995988,291,/scratch/project_2013233/enchanted_plugins/data/ascot_DT-D_sobol_seq_extended_take2/batch_0/ascot_sdcc_workflow_runner-113bb120-29a7-46cb-975e-e101f7041681,0
6.57,0.94,0.0,7.51,14902.315274873947,8.462035410076934e+19,187749.4198269052,989687.3179599383,0.18970579537577256,5401329.430027231,5220368.090124139,0.0002,0.0,41.509985,13.835962,True,True,700.273459777236,7.995868885517121,1.2647767383605242,1.3933633732609452,293,/scratch/project_2013233/enchanted_plugins/data/ascot_DT-D_sobol_seq_extended_take2/batch_0/ascot_sdcc_workflow_runner-81358480-133c-4817-929a-361db29a5092,0
9.78,0.68,0.0,10.47,5107.880820290644,7.419244989401077e+19,66864.35849631861,1055310.897371705,0.06335986737448371,2322611.7271595784,2414841.668812077,0.010489,0.010293,39.375393,11.825561,True,True,546.7498004436493,3.9174867600202563,1.204849276226014,0.9682343935593963,286,/scratch/project_2013233/enchanted_plugins/data/ascot_DT-D_sobol_seq_extended_take2/batch_0/ascot_sdcc_workflow_runner-117df1c2-b712-4a0d-a6fa-667771f30a65,0
12.5,0.95,0.0,13.45,14378.642628636133,8.911759560820179e+19,182475.5614443788,1015617.0310182723,0.1796696548712128,5503647.652667657,5060252.714009014,0.0002,0.0004,37.560253,13.317087,True,True,690.3505809605122,7.59835963100195,1.4444668916985393,1.2906930865719914,282,/scratch/project_2013233/enchanted_plugins/data/ascot_DT-D_sobol_seq_extended_take2/batch_0/ascot_sdcc_workflow_runner-d3c0dd48-037c-41be-946c-15b32f96db24,0
7.61,0.75,0.0,8.36,180868.13069741818,7.477329821264311e+19,111134.75427925108,828755.9523195681,0.1340982878834245,6751083.285667336,9904300.497392599,0.0,0.0,29.35742,10.060656,True,True,838.9907605014741,11.017266061529517,1.2851990372873843,1.0910675262100995,299,/scratch/project_2013233/enchanted_plugins/data/ascot_DT-D_sobol_seq_extended_take2/batch_0/ascot_sdcc_workflow_runner-4aecc9ac-165e-4cb2-b7de-dca368f8ba04,0
7.32,0.92,0.0,8.24,12733.623913543179,5.385852510034029e+19,69542.8876321275,573488.8816396605,0.1212628350061428,3480419.929504124,3747624.91285085,0.0,0.0002,34.805611,10.885152,True,True,580.8899598196149,7.360895725339651,1.1806419901549816,1.11417894391343,294,/scratch/project_2013233/enchanted_plugins/data/ascot_DT-D_sobol_seq_extended_take2/batch_0/ascot_sdcc_workflow_runner-5237f919-b899-4a86-a994-9dbabbe7c63f,0
39.62,0.89,0.0,40.51,34425.198316217386,1.1013804005864615e+20,269982.01388641587,1598393.2956799532,0.1689083748137007,5176457.077718413,6008095.166841057,0.000999,0.001597,43.46567,14.23125,True,True,786.6652267985046,6.470698956772685,1.2393144355155528,1.3391778215765953,236,/scratch/project_2013233/enchanted_plugins/data/ascot_DT-D_sobol_seq_extended_take2/batch_0/ascot_sdcc_workflow_runner-cfc839eb-1ed1-4326-8dad-964d90a32ae9,0
45.9,0.3,0.0,46.2,104414.80441661282,9.525656923141601e+18,-2708.1867090230057,110841.50023643521,-0.024432966923455493,1072505.9637275157,9664446.466547085,0.0,0.0,9.59728,1.909962,True,True,683.8406044989824,10.315662154555321,1.0216358406469226,0.877009531389922,221,/scratch/project_2013233/enchanted_plugins/data/ascot_DT-D_sobol_seq_extended_take2/batch_0/ascot_sdcc_workflow_runner-b649ae3f-0948-452f-8fd0-3513691b9c34,0
9.45,0.86,0.0,10.31,290067.67087340343,1.1862476752403364e+20,230445.3628699203,1400997.6523920977,0.164486616002855,9754576.589687856,12217752.265978135,0.0002,0.0,31.856559,11.798223,True,True,973.4212155453861,10.532172666862607,1.4867433477193117,1.1749053695239127,295,/scratch/project_2013233/enchanted_plugins/data/ascot_DT-D_sobol_seq_extended_take2/batch_0/ascot_sdcc_workflow_runner-318d8146-ccd8-4252-b77e-88af68778ecd,0
5.68,0.41,0.0,6.09,42682.748248727235,9.921117587153935e+19,281943.79183160263,1939512.3641167262,0.14536839106978455,2551005.542034947,4521754.2893930795,0.033256,0.030068,51.723437,16.462705,True,True,942.2637508250773,4.302751729264855,1.1443505813367665,1.3293215920217336,296,/scratch/project_2013233/enchanted_plugins/data/ascot_DT-D_sobol_seq_extended_take2/batch_0/ascot_sdcc_workflow_runner-79524593-7a72-4c0c-815d-5debcd718dc9,0
7.62,0.56,0.0,8.19,25695.972067451537,9.800205334579387e+19,188813.31676651735,1486116.4978326329,0.12705149094427293,4151573.244231215,5324896.349294542,0.003587,0.00319,42.412195,12.980957,True,True,731.6749459132552,5.8259695574641235,1.1080240090377629,1.1980164690874517,298,/scratch/project_2013233/enchanted_plugins/data/ascot_DT-D_sobol_seq_extended_take2/batch_0/ascot_sdcc_workflow_runner-050562ed-9232-445d-9c13-2b811c63affc,0
6.42,0.77,0.0,7.19,69770.01194473039,1.0972045740273382e+20,149610.5807413837,1431873.9221070216,0.10448586180075807,6010323.326187684,7982808.091205041,0.001398,0.000999,30.835418,10.72135,True,True,790.8502318896353,6.917795069888234,1.3800924643874168,1.0171062127687036,300,/scratch/project_2013233/enchanted_plugins/data/ascot_DT-D_sobol_seq_extended_take2/batch_0/ascot_sdcc_workflow_runner-9efd95af-8cf2-4775-af02-12ee58d83731,0
5.87,0.5,0.0,6.37,99284.09192609193,1.1235808150049979e+20,92677.08719090883,2041256.7198965005,0.045401975306470964,3539130.153784195,7236542.37251774,0.018453,0.015166,36.953534,10.858962,True,True,870.1483425684273,4.785627115890383,1.0680820606648922,0.8956789874471724,292,/scratch/project_2013233/enchanted_plugins/data/ascot_DT-D_sobol_seq_extended_take2/batch_0/ascot_sdcc_workflow_runner-3b1fec87-723f-4513-a677-c37cdb4ddda3,0
27.81,0.32,0.0,28.14,112206.93863073499,9.830060039630156e+18,-2537.347283012138,112939.17664071597,-0.022466493545317674,1150336.7482034147,10444299.28771769,0.0,0.0,9.503083,1.914999,True,True,703.703778795898,10.664368105307222,1.0613133860751987,0.9106866127811373,261,/scratch/project_2013233/enchanted_plugins/data/ascot_DT-D_sobol_seq_extended_take2/batch_0/ascot_sdcc_workflow_runner-1d8943cd-8256-40a3-bee0-34caef40a25e,0
7.52,0.73,0.0,8.25,38714.04244527045,4.235079205825116e+19,41496.72297634515,394470.5939427418,0.10519598574277625,3596448.2575917495,4946990.045007171,0.0,0.0,24.156682,8.599433,True,True,612.2918017208576,9.52891149893403,1.4621822298504412,0.9597204088233412,297,/scratch/project_2013233/enchanted_plugins/data/ascot_DT-D_sobol_seq_extended_take2/batch_0/ascot_sdcc_workflow_runner-a4756d07-6088-411c-9afb-4bd62c44ee7c,0
7.81,0.56,0.0,8.37,104469.32789826434,1.3074047549272747e+20,298884.07984690403,2233477.794078854,0.13382003646477794,4738590.925754902,7189904.716771004,0.006557,0.005964,38.292425,13.775192,True,True,910.5566130019724,5.598780336230993,1.4482721518725157,1.1487908340990542,304,/scratch/project_2013233/enchanted_plugins/data/ascot_DT-D_sobol_seq_extended_take2/batch_0/ascot_sdcc_workflow_runner-0f268cee-2cf4-4d27-aa92-528e73a7f446,0
7.22,0.73,0.0,7.95,56230.56512257417,8.217019227104138e+19,176393.8563721258,972403.3449233324,0.18139988646998462,6549932.210771387,7831537.562862814,0.0002,0.0,40.659078,13.215746,True,True,808.259469922632,10.27891976237297,1.1219341456890106,1.3808063559234143,307,/scratch/project_2013233/enchanted_plugins/data/ascot_DT-D_sobol_seq_extended_take2/batch_0/ascot_sdcc_workflow_runner-eff0bb4e-4c08-41cb-b330-6f692e71af48,0
7.74,1.25,0.0,9.0,95790.67259614903,1.0904287695706666e+20,284027.3013535577,1616853.8961601628,0.17566664621218342,6400338.591639168,8679364.731592614,0.0006,0.0006,45.351408,14.442853,True,True,927.8108119033277,8.406406394764781,1.0497336592525244,1.4248054326511919,303,/scratch/project_2013233/enchanted_plugins/data/ascot_DT-D_sobol_seq_extended_take2/batch_0/ascot_sdcc_workflow_runner-70f7cd35-0331-461c-ba93-5f99a4b429ad,0
5.97,0.75,0.0,6.72,10356.409277607343,5.418786008307975e+19,94174.79189181802,544243.4730888956,0.1730379812500493,4600803.943130954,5088736.293530164,0.0,0.0,36.913347,12.142917,True,True,656.0399830341339,10.056772535294295,1.2027591820806265,1.2938534344546497,301,/scratch/project_2013233/enchanted_plugins/data/ascot_DT-D_sobol_seq_extended_take2/batch_0/ascot_sdcc_workflow_runner-e81b4d51-ba6e-4082-9d8e-4955f1721263,0
8.52,0.51,0.0,9.03,58559.7534409129,1.1331973735831006e+20,332729.4911520738,1773975.5775139602,0.18756148357936195,4774110.342981356,5696370.871946302,0.002394,0.004579,47.792669,15.594242,True,True,821.6423788107932,6.11395009830594,1.21668071905151,1.4603118602186442,308,/scratch/project_2013233/enchanted_plugins/data/ascot_DT-D_sobol_seq_extended_take2/batch_0/ascot_sdcc_workflow_runner-3bb5cfb0-eea7-4bda-aa02-9096b9115255,0
9.84,0.72,0.0,10.56,637.6093944601062,3.1905726028062085e+19,37828.94004342107,281686.2391571558,0.13429459726755022,2590320.7786016404,2838142.9049215354,0.0002,0.0,34.801935,10.801732,True,True,518.0230922996998,8.757752840593458,1.126530483365059,1.1621675757691263,305,/scratch/project_2013233/enchanted_plugins/data/ascot_DT-D_sobol_seq_extended_take2/batch_0/ascot_sdcc_workflow_runner-597d1a70-8a8f-415e-a3ce-61786fecf180,0
6.6,0.32,0.0,6.91,197125.9997327429,9.737587195801786e+18,-629.5043955516936,107390.40843428696,-0.005861830723335896,1288327.8184243792,12828610.508971436,0.0,0.0,7.039286,1.580803,True,True,749.2705583572388,11.385739797726274,1.3979163621552289,0.8287287468090654,309,/scratch/project_2013233/enchanted_plugins/data/ascot_DT-D_sobol_seq_extended_take2/batch_0/ascot_sdcc_workflow_runner-a3737be0-c10a-471b-860c-19c5a141b990,0
7.5,0.5,0.0,8.0,5391.549151257491,7.957891172169757e+19,150281.57423992117,1203017.0220658781,0.1249205717653525,2676859.925858041,2779864.1832993873,0.008133,0.006359,48.353582,14.161809,True,True,594.2397890612483,4.457431488856673,1.0319098220206797,1.2413412759080529,310,/scratch/project_2013233/enchanted_plugins/data/ascot_DT-D_sobol_seq_extended_take2/batch_0/ascot_sdcc_workflow_runner-2188ee13-a1bb-46de-87ee-7f5dc50629f2,0
7.47,0.77,0.0,8.24,321544.027013487,1.1174357017022741e+20,166487.97486135276,1363830.3390845503,0.12207381672789681,8711373.952766782,12708054.794152765,0.0,0.0002,28.948719,10.285745,True,True,959.5802365802228,9.768186016380787,1.3537372355349362,1.0477414507418872,311,/scratch/project_2013233/enchanted_plugins/data/ascot_DT-D_sobol_seq_extended_take2/batch_0/ascot_sdcc_workflow_runner-a8ecb3a3-97ab-4109-a93b-6beff48c2e96,0
6.45,0.84,0.0,7.28,785.6102440291978,3.716446573478995e+19,66476.23519734896,313155.13039731636,0.2122789274217129,3503663.8369459966,3178467.4038363965,0.0,0.0,38.827202,13.323186,True,True,563.1415117532015,10.820730052515865,1.3135397024452686,1.4395933335646987,313,/scratch/project_2013233/enchanted_plugins/data/ascot_DT-D_sobol_seq_extended_take2/batch_0/ascot_sdcc_workflow_runner-763a5123-00b8-4b9d-90ef-84350cfe3f0b,0
7.25,0.95,0.0,8.2,240763.4416443521,1.1855679081650879e+20,198976.13780395925,1523807.099068727,0.1305782982147565,8108655.652342736,11266992.623902844,0.0002,0.0002,32.114244,11.158635,True,True,931.9276292808354,8.853450437262655,1.3152666543610394,1.1029317080974579,239,/scratch/project_2013233/enchanted_plugins/data/ascot_DT-D_sobol_seq_extended_take2/batch_0/ascot_sdcc_workflow_runner-e384b190-b430-48de-a098-1385ff51980c,0
7.98,0.61,0.0,8.59,50324.45720371079,1.009987899603884e+20,67912.02752841938,1566956.6991734947,0.043340079253140935,4292025.246793985,7528207.593216332,0.005964,0.004777,31.827742,9.271929,True,True,773.3121789060533,5.692223594337702,1.1067813448607922,0.8620219175703824,252,/scratch/project_2013233/enchanted_plugins/data/ascot_DT-D_sobol_seq_extended_take2/batch_0/ascot_sdcc_workflow_runner-eb76ee26-aae9-4778-bbc2-62d74cc37fd5,0
6.73,0.48,0.0,7.21,64788.26871096066,1.2881676031857004e+20,80956.91412069522,2162208.597885505,0.037441768661851435,4106304.462808135,7781939.843461982,0.015748,0.010489,29.07547,10.068433,True,True,832.8832979314029,4.590299589559436,1.4805021504871547,0.8000732503831387,276,/scratch/project_2013233/enchanted_plugins/data/ascot_DT-D_sobol_seq_extended_take2/batch_0/ascot_sdcc_workflow_runner-e3ca6cab-ddbe-4736-9504-ec5ccdd96678,0
6.95,0.89,0.0,7.84,77641.43944035457,1.2032621933782888e+20,282948.0863524776,1545274.7050374264,0.18310536335714148,7382784.283917214,8063929.837646414,0.0002,0.0004,38.019432,13.675716,True,True,852.9846775345504,8.151125489920378,1.433952186256647,1.308459223806858,315,/scratch/project_2013233/enchanted_plugins/data/ascot_DT-D_sobol_seq_extended_take2/batch_0/ascot_sdcc_workflow_runner-ffdc615c-4e61-4945-9d4a-5a011faab3ed,0
10.45,0.82,0.0,11.27,35468.61476056908,6.5492920299295646e+19,57975.53311928266,736632.726588089,0.07870344477880016,4102291.6308291,5354727.164899615,0.0002,0.0006,27.896889,9.028007,True,True,638.3820837363601,7.0891855549067255,1.3030190747231245,0.9301085574552417,306,/scratch/project_2013233/enchanted_plugins/data/ascot_DT-D_sobol_seq_extended_take2/batch_0/ascot_sdcc_workflow_runner-b86d1424-582a-4918-949d-12f438deb5b5,0
10.26,0.69,0.0,10.96,31742.368959943487,1.0400575225208059e+20,124551.59269475903,1617513.9414794922,0.07700186656866485,3852348.94742751,5406946.771313198,0.006557,0.005964,35.615578,11.228985,True,True,718.1721637025476,5.024452962353825,1.2410091403871775,0.980623852275312,314,/scratch/project_2013233/enchanted_plugins/data/ascot_DT-D_sobol_seq_extended_take2/batch_0/ascot_sdcc_workflow_runner-e72ce89e-ad78-41ed-b40e-e8d1a2db4a89,0
10.87,0.52,0.0,11.39,28090.125991687517,1.0872797832960655e+20,271270.55442958494,2023034.468515436,0.1340909206696075,2812217.8253146023,3805287.9924035217,0.0242,0.023437,47.286501,15.349621,True,True,776.8557188101113,4.0474068626761435,1.2786873080767691,1.229039841517806,316,/scratch/project_2013233/enchanted_plugins/data/ascot_DT-D_sobol_seq_extended_take2/batch_0/ascot_sdcc_workflow_runner-41a44817-fd8c-4638-8380-445c0db40d27,0
8.16,0.78,0.0,8.94,1467.3082742651939,6.359301547285809e+19,123218.34928376171,643963.4175772213,0.1913437097829954,3638719.6874535806,2519995.993653369,0.0002,0.0002,40.493033,14.16969,True,True,549.1825835779309,6.589862862601876,1.4689228483475745,1.360504420287907,318,/scratch/project_2013233/enchanted_plugins/data/ascot_DT-D_sobol_seq_extended_take2/batch_0/ascot_sdcc_workflow_runner-c28729c1-d041-4838-9554-7fa50ad7c637,0
6.55,0.57,0.0,7.12,47459.204625720755,1.2958887634914848e+20,382297.7030838321,1848277.7239865144,0.20683996680935027,6671642.345124756,7066520.532969811,0.001398,0.000999,42.526291,15.510498,True,True,876.3227015733719,7.296372758969665,1.4929829267784953,1.4428332652896643,320,/scratch/project_2013233/enchanted_plugins/data/ascot_DT-D_sobol_seq_extended_take2/batch_0/ascot_sdcc_workflow_runner-01dc6b93-ed5d-4d26-b55c-52b966d63d2c,0
6.46,0.82,0.0,7.28,8257.938851085624,5.491818773072039e+19,78796.40097670179,542321.8092325713,0.14529454584945606,4020625.8588615945,4042439.006981975,0.0,0.0,32.377026,11.102238,True,True,599.221792537719,8.333654753118754,1.3620904022827744,1.1430107856169343,329,/scratch/project_2013233/enchanted_plugins/data/ascot_DT-D_sobol_seq_extended_take2/batch_0/ascot_sdcc_workflow_runner-f9249f4f-6de1-4c92-b578-f7e3aaaec2bf,0
7.87,0.61,0.0,8.48,42506.71761408941,1.0338912341494487e+20,197622.46513465027,2074154.3408318239,0.09527857269068765,2232510.992975786,4085082.4701270317,0.046711,0.045619,45.461653,14.647687,True,True,855.8914698660374,3.626843334361911,1.2326310011558235,1.0786218643188477,324,/scratch/project_2013233/enchanted_plugins/data/ascot_DT-D_sobol_seq_extended_take2/batch_0/ascot_sdcc_workflow_runner-4b92632e-40c1-405c-9f98-6e7559697a56,0
6.56,0.65,0.0,7.21,15253.105888484923,5.102995524818571e+19,34016.3526353604,591842.2666224446,0.05747536895174223,2898025.3828453454,3901382.6911885724,0.0004,0.0002,31.638736,8.929458,True,True,568.0624819360673,6.435901006311179,1.0190264168195426,0.947640641592443,326,/scratch/project_2013233/enchanted_plugins/data/ascot_DT-D_sobol_seq_extended_take2/batch_0/ascot_sdcc_workflow_runner-40dedfff-bcc9-4def-8e74-d9b36e073d4e,0
6.25,0.56,0.0,6.81,1299.6949912406435,7.1280070082324365e+19,86435.01034298923,876710.7317779518,0.09859011326084803,2660548.656141222,2103372.1570865726,0.003587,0.00319,36.536266,12.562317,True,True,522.8830236010253,4.365240123867989,1.4570086221210659,1.041705716960132,334,/scratch/project_2013233/enchanted_plugins/data/ascot_DT-D_sobol_seq_extended_take2/batch_0/ascot_sdcc_workflow_runner-1d91602e-b5a9-4634-8d60-cd2a81b403af,0
6.87,0.78,0.0,7.65,35465.79368240308,7.986848136975016e+19,149492.88518777373,876027.3537813812,0.17064864988802705,5849464.542604121,6019295.963791336,0.0,0.0,34.509507,12.212662,True,True,713.3275107480586,8.884276986122131,1.4107675231061876,1.2322930490598083,325,/scratch/project_2013233/enchanted_plugins/data/ascot_DT-D_sobol_seq_extended_take2/batch_0/ascot_sdcc_workflow_runner-b7f9687e-4318-4ba2-aa8a-00e12b0aec84,0
7.57,0.68,0.0,8.25,132945.9589650285,1.0994523266980654e+20,225675.2027663564,2013613.0145017128,0.11207476369147416,3620008.9654173874,6761637.2683614595,0.016909,0.017489,45.022157,13.932559,True,True,956.5666224807501,5.227490601316095,1.0549973910674453,1.1679044876247644,328,/scratch/project_2013233/enchanted_plugins/data/ascot_DT-D_sobol_seq_extended_take2/batch_0/ascot_sdcc_workflow_runner-e0d0a97a-e202-4b38-b4eb-6d65cbcea5e4,0
5.78,0.82,0.0,6.59,121741.97755699891,1.0335233358318264e+20,205906.40994033197,1337303.7922067016,0.1539713049048962,7472612.9839848485,10059402.425443152,0.0,0.0,37.657535,12.284241,True,True,907.6650599017739,9.589348940178752,1.1498298435471952,1.247335197776556,335,/scratch/project_2013233/enchanted_plugins/data/ascot_DT-D_sobol_seq_extended_take2/batch_0/ascot_sdcc_workflow_runner-7b553e6e-873a-4b2c-9aab-04e040b513f0,0
11.4,0.31,0.0,11.71,38371.94106898877,5.313893624584021e+18,-976.6898785072489,51509.28509874504,-0.01896143339273495,674561.9914562184,5805808.078508013,0.0,0.0,8.620958,1.769569,True,True,553.9814778603613,10.473801840841771,1.174096760340035,0.8462494613602758,321,/scratch/project_2013233/enchanted_plugins/data/ascot_DT-D_sobol_seq_extended_take2/batch_0/ascot_sdcc_workflow_runner-9ac829c3-f32a-4452-92d3-820223abb2ea,0
7.89,0.95,0.0,8.84,256221.08863294698,1.1074010306526046e+20,256065.48509926305,1292986.549551397,0.1980418784620035,9939736.355244428,11477664.494630415,0.0,0.0,37.436931,13.291166,True,True,987.970313988626,11.728197954967618,1.3378192014060915,1.3633177682757378,327,/scratch/project_2013233/enchanted_plugins/data/ascot_DT-D_sobol_seq_extended_take2/batch_0/ascot_sdcc_workflow_runner-59e401f3-c34e-4363-9802-db547d76aad3,0
6.88,0.84,0.0,7.71,88634.12329310327,8.102753673281312e+19,85235.34522563724,1070960.3461024673,0.07958776955265727,5233038.49219141,8448023.07767943,0.0002,0.0002,30.918804,9.335745,True,True,779.8845795914531,8.054392731562258,1.0771906496956944,0.9775838505476714,323,/scratch/project_2013233/enchanted_plugins/data/ascot_DT-D_sobol_seq_extended_take2/batch_0/ascot_sdcc_workflow_runner-47c5f68b-eda1-481e-8be4-63a44654c8b0,0
6.83,0.8,0.0,7.63,105909.69278197823,1.2053579852762892e+20,169657.1650073977,2311557.2696170867,0.07339518135127221,3228474.912390313,6464852.804186483,0.030632,0.021143,36.662126,12.530083,True,True,924.8582329601049,4.390704705566168,1.3442621990107,0.9547280953265727,336,/scratch/project_2013233/enchanted_plugins/data/ascot_DT-D_sobol_seq_extended_take2/batch_0/ascot_sdcc_workflow_runner-c5619ef7-ff0e-4bd5-abc6-f7b197d08951,0
6.07,0.82,0.0,6.89,14684.630498514827,8.825666205457942e+19,130319.21714697528,1073187.459188758,0.12143192322195599,4507184.446286577,4658724.8563926825,0.001199,0.0004,33.8721,11.675986,True,True,651.1953319422901,6.180523986741901,1.4040956213138998,1.0858917216770352,338,/scratch/project_2013233/enchanted_plugins/data/ascot_DT-D_sobol_seq_extended_take2/batch_0/ascot_sdcc_workflow_runner-56f542a2-65aa-49fa-833f-6927bf817940,0
12.9,0.68,0.0,13.58,334824.1356932059,6.041184304283939e+19,63070.106192545325,699752.5161554567,0.0901320177297279,5998158.769050961,12036421.949746424,0.0,0.0,24.902655,8.012334,True,True,879.1532213799655,11.82832757011056,1.1667313617654145,0.9504108529537917,319,/scratch/project_2013233/enchanted_plugins/data/ascot_DT-D_sobol_seq_extended_take2/batch_0/ascot_sdcc_workflow_runner-1fa457e8-f1d8-4f6e-8783-9e355fcba998,0
13.1,0.59,0.0,13.69,8319.911623449485,9.743715320717684e+19,234222.2329694145,1501601.0671034728,0.15598166390572674,3462575.102196026,3534324.012986411,0.004975,0.004381,46.4077,14.786043,True,True,664.5747213624418,4.850303477793932,1.2554855225607753,1.3114567564800383,322,/scratch/project_2013233/enchanted_plugins/data/ascot_DT-D_sobol_seq_extended_take2/batch_0/ascot_sdcc_workflow_runner-a2722a72-d82e-4094-9a02-3ea78121f65e,0
5.39,0.75,0.0,6.14,96355.03579224249,6.625422434435187e+19,113870.1717786867,726226.0198401553,0.15679715221956642,6193821.678436938,8414964.45300643,0.0,0.0,33.31745,11.129467,True,True,793.7570260837674,11.458465701341629,1.2103188331238925,1.2031506390310824,339,/scratch/project_2013233/enchanted_plugins/data/ascot_DT-D_sobol_seq_extended_take2/batch_0/ascot_sdcc_workflow_runner-1b841b4b-4ede-494a-bed0-663774bbb55e,0
8.21,0.84,0.0,9.04,4937.520969548968,8.037872111317192e+19,193519.3929079451,1095308.9698523076,0.1766801863532985,3552275.6529006097,3221788.5606229203,0.001398,0.001996,48.337805,14.931698,True,True,617.0906978659332,5.661397045478225,1.1359153995290399,1.4302679671905936,342,/scratch/project_2013233/enchanted_plugins/data/ascot_DT-D_sobol_seq_extended_take2/batch_0/ascot_sdcc_workflow_runner-5d5d5658-bcb6-43e5-b608-cb7ad46993b7,0
7.76,0.64,0.0,8.41,18441.63116397386,1.141421434819871e+20,353202.6803932059,1913312.8501481076,0.18460268030179425,3832054.7286462714,4102141.7391896066,0.008527,0.007149,46.82093,16.238672,True,True,762.5996209681034,4.955812583863735,1.4285952346399426,1.4015539434738458,348,/scratch/project_2013233/enchanted_plugins/data/ascot_DT-D_sobol_seq_extended_take2/batch_0/ascot_sdcc_workflow_runner-f28d51ef-272f-4f54-9a6f-fc4e1c3c01c5,0
6.33,0.72,0.0,7.06,0.0,2.684231214211625e+19,38730.72214398104,230920.37508888624,0.16772327746771046,2397930.065533438,2545762.894898449,0.0,0.0,39.965041,12.391027,True,True,504.95290430262685,9.695306592062115,1.0410792077891529,1.33435621811077,337,/scratch/project_2013233/enchanted_plugins/data/ascot_DT-D_sobol_seq_extended_take2/batch_0/ascot_sdcc_workflow_runner-dd15360c-81d1-4277-a17a-c768cab1193f,0
12.46,0.88,0.0,13.34,28417.77312412429,9.870237602108555e+19,237100.60342510548,1333568.0760839235,0.1777941506528568,5185775.116604028,5533359.693405432,0.0004,0.001199,44.04244,14.231029,True,True,744.4869424216449,6.984497492015362,1.1924906885251403,1.3867763260379433,330,/scratch/project_2013233/enchanted_plugins/data/ascot_DT-D_sobol_seq_extended_take2/batch_0/ascot_sdcc_workflow_runner-39ef2c62-8610-441e-8e2d-ea8607ff189d,0
4.31,0.58,0.0,4.9,84081.39930004283,1.2932823431463174e+20,300630.041774359,1962959.1688029296,0.15315144937920033,5677817.096780336,7232998.730155175,0.00319,0.002792,37.984518,13.727074,True,True,861.2559596076608,6.303289002925158,1.4686264940537512,1.2063959758728742,356,/scratch/project_2013233/enchanted_plugins/data/ascot_DT-D_sobol_seq_extended_take2/batch_0/ascot_sdcc_workflow_runner-6341623b-776a-4b77-a184-8c805abce523,0
8.65,0.5,0.0,9.15,25289.78136784862,9.575471667231731e+19,35943.580332611695,1648385.5362654675,0.02180532378004504,2793338.2359361886,4969341.396838995,0.023056,0.015166,35.756022,10.034479,True,True,695.3677623532712,4.1119551915675405,1.0911046019755304,0.8139105352573097,346,/scratch/project_2013233/enchanted_plugins/data/ascot_DT-D_sobol_seq_extended_take2/batch_0/ascot_sdcc_workflow_runner-7fb8f270-36e9-45bc-9244-44b9323f8ee1,0
7.18,0.77,0.0,7.96,2782.10701419788,4.5422226455624155e+19,63228.92484097311,421602.49279438774,0.1499728439030112,3207281.500993744,2844714.378503484,0.0,0.0,34.600354,11.558247,True,True,536.3543308340013,7.797682646289468,1.3239014195278287,1.182522565778345,350,/scratch/project_2013233/enchanted_plugins/data/ascot_DT-D_sobol_seq_extended_take2/batch_0/ascot_sdcc_workflow_runner-52504566-0e87-4985-b9ee-df7844350211,0
17.1,0.72,0.0,17.81,262803.31865760236,7.135204495643656e+19,75342.38714383596,815583.391895748,0.09237852056882813,6138521.744894152,10568246.615419827,0.0002,0.0,23.725035,8.280319,True,True,824.4881378486753,10.12962650321424,1.39017737749964,0.9241824019700289,331,/scratch/project_2013233/enchanted_plugins/data/ascot_DT-D_sobol_seq_extended_take2/batch_0/ascot_sdcc_workflow_runner-23b88382-a250-4f45-97da-26c87de991ea,0
7.99,0.8,0.0,8.79,70546.83009236933,1.0962098245772426e+20,287260.1902485022,1366495.5212745334,0.21021670819716554,7669865.668579007,8047280.305774915,0.0,0.0,43.024254,14.750954,True,True,873.1161681935191,9.317606710642577,1.2733017462305725,1.4970491119660436,347,/scratch/project_2013233/enchanted_plugins/data/ascot_DT-D_sobol_seq_extended_take2/batch_0/ascot_sdcc_workflow_runner-fad19827-9270-4909-a6da-d4bdce34f20c,0
10.14,0.89,0.0,11.03,338779.3962409608,1.0993192721379153e+20,104832.37837142112,1368223.701503688,0.07661932639831451,8091948.108477822,13539101.453657087,0.0002,0.0004,24.035435,8.53849,True,True,939.4332328811288,8.818318064510823,1.4391919365152717,0.8806920294649899,343,/scratch/project_2013233/enchanted_plugins/data/ascot_DT-D_sobol_seq_extended_take2/batch_0/ascot_sdcc_workflow_runner-9a10c7b5-68ae-442d-ac56-3da2a5c79fb4,0
10.01,0.8,0.0,10.81,49538.46776010002,6.008932740968115e+19,45822.432690088004,676728.1045018738,0.06771173294748412,4296045.115867877,6748534.172949654,0.0,0.0,25.697414,8.074311,True,True,682.597114238888,8.080434032902122,1.2465487224981189,0.8875300518237055,349,/scratch/project_2013233/enchanted_plugins/data/ascot_DT-D_sobol_seq_extended_take2/batch_0/ascot_sdcc_workflow_runner-ca094ca7-29e6-4f62-830e-2264aa8a2758,0
7.31,0.67,0.0,7.98,47265.37304648084,6.752390460510694e+19,69862.70712291653,838527.7619595099,0.08331591426342065,4141970.954720896,5929594.542125124,0.0004,0.0002,32.643988,9.690744,True,True,676.7788496799767,7.427927328273654,1.0512264166027308,1.003610516153276,354,/scratch/project_2013233/enchanted_plugins/data/ascot_DT-D_sobol_seq_extended_take2/batch_0/ascot_sdcc_workflow_runner-fc113b01-ee4d-4958-9ccc-aadcb619d3b2,0
7.4,0.8,0.0,8.2,702.960533932263,5.0639371394741535e+19,93621.67664839317,460250.51035260205,0.20341460692062843,3537538.3585864613,2610358.400219229,0.0002,0.0,40.579436,13.899703,True,True,541.767820250243,7.924985073879361,1.3785978294909,1.416778569482267,353,/scratch/project_2013233/enchanted_plugins/data/ascot_DT-D_sobol_seq_extended_take2/batch_0/ascot_sdcc_workflow_runner-be537959-2b93-4fe6-8c0c-9f5d36e466b9,0
7.05,0.72,0.0,7.77,99557.62134618853,5.7241770186474635e+19,68643.63915382727,609706.2270936123,0.1125847762471482,5010369.084270521,7566260.712139924,0.0,0.0,26.63945,9.069644,True,True,726.7082114703953,10.21848903335631,1.3095359345898032,1.0121860831044613,341,/scratch/project_2013233/enchanted_plugins/data/ascot_DT-D_sobol_seq_extended_take2/batch_0/ascot_sdcc_workflow_runner-27a86d57-cade-47e4-b1a7-a97f05317f4d,0
15.57,0.82,0.0,16.39,74351.48384672122,1.145730984665223e+20,74035.67244794176,1691089.3142480447,0.04377987124876504,5108854.709008093,8847662.003109548,0.003786,0.004777,28.150777,8.923103,True,True,811.2272936850786,5.763360186293721,1.2956215511076152,0.8232291646301747,332,/scratch/project_2013233/enchanted_plugins/data/ascot_DT-D_sobol_seq_extended_take2/batch_0/ascot_sdcc_workflow_runner-827479ee-4a96-4958-88a3-9eea38888502,0
4.88,0.51,0.0,5.39,868.4089596918253,8.545964815019259e+19,210681.17171622533,1355119.4042941357,0.1554705593091012,2371885.0871142326,2057472.663964973,0.013612,0.013028,50.761146,16.04661,True,True,586.1279745586216,3.75980750285089,1.2837634780444205,1.3373485060408712,358,/scratch/project_2013233/enchanted_plugins/data/ascot_DT-D_sobol_seq_extended_take2/batch_0/ascot_sdcc_workflow_runner-58ad2331-68c4-4c3a-8345-be5a7827bdce,0
8.09,0.94,0.0,9.03,68725.08090378152,1.089447040892156e+20,247577.2739481875,1618349.2990933266,0.1529813582808678,5440486.710787687,7242775.351098729,0.002991,0.001597,43.036196,13.613644,True,True,842.0196194201708,7.026704717427492,1.1156008699908853,1.2987305839546024,340,/scratch/project_2013233/enchanted_plugins/data/ascot_DT-D_sobol_seq_extended_take2/batch_0/ascot_sdcc_workflow_runner-4e3ac3f1-047e-433a-b07b-25136596ae33,0
13.98,0.78,0.0,14.77,202173.60994422526,1.2566568618179784e+20,188383.2842495847,2040835.552495923,0.09230693968418656,5619719.011932411,10124278.056817396,0.006359,0.002792,35.696928,11.424347,True,True,970.5296605825424,6.525212082266808,1.1562804779969156,1.032568156067282,344,/scratch/project_2013233/enchanted_plugins/data/ascot_DT-D_sobol_seq_extended_take2/batch_0/ascot_sdcc_workflow_runner-f84a89f3-9a63-4616-9a3b-c16ee899aea8,0
5.13,0.78,0.0,5.91,8895.18651175539,4.068702171590166e+19,55607.869466468765,405902.4247761504,0.13699812090833344,3545335.7903310666,4650186.336807671,0.0,0.0,35.089362,10.853217,True,True,617.2852604649961,9.99640598706901,1.0656075179576874,1.1829322261735797,361,/scratch/project_2013233/enchanted_plugins/data/ascot_DT-D_sobol_seq_extended_take2/batch_0/ascot_sdcc_workflow_runner-944afb7f-fe0f-496d-808f-462addb8b17b,0
9.26,0.72,0.0,9.97,62126.83127148277,1.0332040594045787e+20,254175.58659084077,1373954.4407374097,0.18499564399997367,6548024.80887043,7461066.555262957,0.0,0.0002,42.474764,13.994304,True,True,829.8544138669968,8.466010408848524,1.1859279423952103,1.4017425931990146,363,/scratch/project_2013233/enchanted_plugins/data/ascot_DT-D_sobol_seq_extended_take2/batch_0/ascot_sdcc_workflow_runner-ffd7e762-8a73-47fb-bf68-0ab876ed2bbd,0
36.54,0.74,0.0,37.28,47198.37809300673,5.259612999338874e+19,65162.97318405975,579993.145913655,0.1123512814645584,4153294.776452103,5930228.579654006,0.0,0.0,32.34787,9.944016,True,True,669.5414539426565,9.259211429581047,1.0859026205725968,1.081918886490166,317,/scratch/project_2013233/enchanted_plugins/data/ascot_DT-D_sobol_seq_extended_take2/batch_0/ascot_sdcc_workflow_runner-6bf76d1e-3aea-4d6b-a4cc-2e7063b73ace,0
5.77,0.74,0.0,6.51,19530.78011702611,1.002645050717404e+20,266886.5136161823,1311485.1433881652,0.20349945629326197,5103661.333214415,4595035.6476168055,0.0004,0.0006,44.686174,15.224995,True,True,708.5484531708062,6.656894575059415,1.3560935822315514,1.468349566217512,378,/scratch/project_2013233/enchanted_plugins/data/ascot_DT-D_sobol_seq_extended_take2/batch_0/ascot_sdcc_workflow_runner-34cabad2-b09a-4140-a1a6-c6a200fb171f,0
95.35,0.82,0.0,96.17,53348.156312431245,8.258520027219953e+19,159159.72256963298,1039452.0379432627,0.15311887105879196,5879311.633870832,7590955.276939677,0.0004,0.0004,39.627777,12.422719,True,True,791.4607315324247,9.22300175987184,1.0596204097382724,1.2794885766692459,211,/scratch/project_2013233/enchanted_plugins/data/ascot_DT-D_sobol_seq_extended_take2/batch_0/ascot_sdcc_workflow_runner-1ce4ae6e-e399-4a84-ac23-4de13d44254a,0
5.2,0.74,0.0,5.93,85268.36131632114,5.862170288478716e+19,39443.54439617627,687993.6100123329,0.05733126561374489,4364715.393641172,7644386.569713369,0.0002,0.0,24.568361,7.536689,True,True,709.1587181203067,8.437100764364004,1.2076115561649203,0.8555609534494579,389,/scratch/project_2013233/enchanted_plugins/data/ascot_DT-D_sobol_seq_extended_take2/batch_0/ascot_sdcc_workflow_runner-4fa14cd5-6e2d-4bb7-a97a-8ed26de9189a,0
5.39,0.61,0.0,6.0,594040.3268064555,9.695563214406096e+19,108540.55515534106,1289075.5508773064,0.08420030546810976,7537904.7250594385,13874494.097175578,0.0,0.0002,29.796609,9.235417,True,True,999.943858012557,10.091568483039737,1.0408530933782458,0.9867298916913569,391,/scratch/project_2013233/enchanted_plugins/data/ascot_DT-D_sobol_seq_extended_take2/batch_0/ascot_sdcc_workflow_runner-e88eed09-b055-4ade-9e20-6567bbb803c1,0
10.69,0.57,0.0,11.26,36917.36517451117,1.1066667452475315e+20,303285.0080116785,2112527.3755450817,0.14356500726217755,2928701.6983817187,4448989.0209351145,0.022292,0.021526,47.201858,15.707263,True,True,866.5432906709611,4.330567859485745,1.302304978016764,1.2613080225884914,228,/scratch/project_2013233/enchanted_plugins/data/ascot_DT-D_sobol_seq_extended_take2/batch_0/ascot_sdcc_workflow_runner-51b0b643-7a9f-4473-a083-a08689adb965,0
4.3,0.54,0.0,4.84,100592.89084493581,1.0790905601930507e+20,87980.55319477229,2188779.1962968996,0.040196175723719765,2330160.835958332,5810231.072139164,0.050152,0.043794,36.160068,11.977858,True,True,968.6013227328658,3.7302820231765508,1.3207134916447103,0.8349166941829026,392,/scratch/project_2013233/enchanted_plugins/data/ascot_DT-D_sobol_seq_extended_take2/batch_0/ascot_sdcc_workflow_runner-3bdd1265-20ba-4864-a356-7e6b8f98bcda,0
6.8,0.8,0.0,7.61,3733.148715941953,4.955430826458621e+19,98039.97397260737,515030.17151141877,0.19035772930525047,3719595.879981179,3805230.3539795624,0.0,0.0,44.766048,13.986491,True,True,603.2917625270784,8.920040206611157,1.002929478418082,1.475998220499605,393,/scratch/project_2013233/enchanted_plugins/data/ascot_DT-D_sobol_seq_extended_take2/batch_0/ascot_sdcc_workflow_runner-0892e42a-f603-48f3-8645-6e3a59101531,0
5.0,0.76,0.0,5.76,86434.20295797382,7.159969587668061e+19,134136.65549789337,780001.1300293027,0.17196982200891708,6710957.858467093,8553076.069279773,0.0,0.0,34.587614,11.757634,True,True,812.5979192554951,11.626558706536889,1.249704524409026,1.2570149418897927,395,/scratch/project_2013233/enchanted_plugins/data/ascot_DT-D_sobol_seq_extended_take2/batch_0/ascot_sdcc_workflow_runner-aaa4656b-ecdc-4aa8-9094-3af70e49d936,0
5.88,0.72,0.0,6.6,38907.49797958325,1.0764352824654658e+20,162891.98427803227,1417097.4963910899,0.1149476198305818,5441146.450261602,6475388.040727187,0.001398,0.000799,32.429071,11.458117,True,True,740.2572319842875,6.397835663706065,1.426896648015827,1.0539434692822396,394,/scratch/project_2013233/enchanted_plugins/data/ascot_DT-D_sobol_seq_extended_take2/batch_0/ascot_sdcc_workflow_runner-bf7db8f0-3a2e-485d-b623-5aec21cbc875,0
4.58,0.67,0.0,5.24,79299.76639440272,9.715332927902772e+19,165410.6744342516,1353094.3371796452,0.12224622473775873,5381725.838488579,7591737.800598811,0.000799,0.0006,38.184851,11.813592,True,True,799.7338054701686,7.391846958920359,1.092343450523913,1.1560616889037192,396,/scratch/project_2013233/enchanted_plugins/data/ascot_DT-D_sobol_seq_extended_take2/batch_0/ascot_sdcc_workflow_runner-a15f43cd-a0a4-4442-9c43-caf7297ce3c4,0
4.74,0.81,0.0,5.55,19720.643458437688,4.210899899400067e+19,55999.96434110742,389906.8600567666,0.14362395248176546,3859028.466950211,5017875.880823457,0.0,0.0,30.714621,10.282094,True,True,629.8265098594129,10.50159994661808,1.2696291198953986,1.1330210390500723,397,/scratch/project_2013233/enchanted_plugins/data/ascot_DT-D_sobol_seq_extended_take2/batch_0/ascot_sdcc_workflow_runner-ac4b8432-fc71-428f-afdf-eb50ff0f4036,0
6.22,0.65,0.0,6.87,1328.3166307092372,6.4882866078099415e+19,132926.6132287563,814550.30311239,0.16319018324693368,2605348.920103983,1999395.2485084413,0.001797,0.002394,48.918692,14.86613,True,True,526.5562632121146,4.820679896324873,1.1599204996600747,1.3746931779198348,398,/scratch/project_2013233/enchanted_plugins/data/ascot_DT-D_sobol_seq_extended_take2/batch_0/ascot_sdcc_workflow_runner-801fc432-1625-485b-935e-a8a090eb5436,0
5.52,0.81,0.0,6.33,232565.34582476373,1.2363474098260025e+20,133942.0292926022,1579989.964815851,0.08477397469306917,8021604.9916191595,12192218.284483874,0.0006,0.0,25.78415,9.409629,True,True,919.1199243068695,7.961194618418814,1.4778627892956138,0.9143474304117263,399,/scratch/project_2013233/enchanted_plugins/data/ascot_DT-D_sobol_seq_extended_take2/batch_0/ascot_sdcc_workflow_runner-0b8bc375-e5f4-4550-ac98-064b1b7ad2b7,0
5.06,0.85,0.0,5.91,70107.54356909606,1.0516987504763308e+20,266215.07031615323,1967534.9090037826,0.13530386124175317,3264440.3439854016,5742611.034970159,0.017489,0.019416,49.359632,15.293413,True,True,936.8333285674453,4.9936284005641935,1.0163513338193297,1.289104099571705,400,/scratch/project_2013233/enchanted_plugins/data/ascot_DT-D_sobol_seq_extended_take2/batch_0/ascot_sdcc_workflow_runner-9cfd8b01-f771-42cb-b61a-58926cc26a5a,0
7.27,0.74,0.0,8.01,4258.414098208208,3.3183713128408097e+19,29878.894984674345,285788.66431593767,0.10454891573881113,2563935.1008858243,2801426.6751136575,0.0,0.0,27.549876,9.225834,True,True,509.08438628539443,8.18182388059795,1.3380452478304505,0.9999798944219948,401,/scratch/project_2013233/enchanted_plugins/data/ascot_DT-D_sobol_seq_extended_take2/batch_0/ascot_sdcc_workflow_runner-c4ac2d1c-fdf3-4bc8-8e2f-fdff27b1400b,0
4.88,0.91,0.0,5.79,5558.839934454896,7.41510176581386e+19,161426.66481631369,843948.5984153149,0.19127546999832107,4678058.97268716,4186089.304600387,0.0002,0.0002,42.849848,14.016863,True,True,647.025226149708,7.693994681909681,1.2323727076873183,1.4200700646266342,402,/scratch/project_2013233/enchanted_plugins/data/ascot_DT-D_sobol_seq_extended_take2/batch_0/ascot_sdcc_workflow_runner-e4529e97-695b-49ff-9ff3-9a1815bd1d48,0
7.04,0.37,0.0,7.41,217584.61842569202,1.5919119745975845e+19,-2232.813221305505,185930.3699358892,-0.0120088677394414,1880636.3533652863,13745921.129476357,0.0,0.0,9.069279,2.104207,True,True,781.805295497179,10.855529990047216,1.4134748512879014,0.868971934914589,403,/scratch/project_2013233/enchanted_plugins/data/ascot_DT-D_sobol_seq_extended_take2/batch_0/ascot_sdcc_workflow_runner-8d4c0aa5-b9fd-470e-8101-fd64f994d9f0,0
8.31,0.76,0.0,9.07,120314.56076695217,1.1420501151744878e+20,136009.14081895418,1652854.3707570862,0.08228743150351202,5703969.349388935,8742954.493474135,0.001597,0.002593,31.360118,10.207128,True,True,830.4646192118526,6.555066914856434,1.2561958055011928,0.9645519059151412,404,/scratch/project_2013233/enchanted_plugins/data/ascot_DT-D_sobol_seq_extended_take2/batch_0/ascot_sdcc_workflow_runner-13c48dab-ba6e-486f-9909-a64d127c7417,0
4.96,0.77,0.0,5.73,32294.811720298385,5.188902553422658e+19,95053.07353673464,544613.9184065798,0.17453294953393583,5027968.499337576,6547715.286294602,0.0,0.0,38.765848,12.433094,True,True,723.1179415248334,11.863257699832321,1.0750078945420682,1.3463644521310925,405,/scratch/project_2013233/enchanted_plugins/data/ascot_DT-D_sobol_seq_extended_take2/batch_0/ascot_sdcc_workflow_runner-9aace6bf-e1d9-495b-b7a6-4e05d8bcd627,0
5.28,0.81,0.0,6.09,332294.9690667603,1.1252401160217967e+20,75032.06799391772,1694234.502193081,0.0442867075937796,6460938.1066668965,13684528.324043341,0.001996,0.002394,28.667722,8.469578,True,True,990.9228910692036,7.728920790553094,1.0112548265606165,0.8494475811719895,312,/scratch/project_2013233/enchanted_plugins/data/ascot_DT-D_sobol_seq_extended_take2/batch_0/ascot_sdcc_workflow_runner-eef8ac87-b0d9-4641-a854-dd3fb80090a6,0
4.96,0.58,0.0,5.54,13032.090862219115,9.438661624990473e+19,168161.8927196994,1492890.6217114474,0.11264180394335847,2795153.067627212,2802682.192512346,0.013418,0.008723,39.899546,14.053022,True,True,620.8254494704306,4.016712493076921,1.4951984058134258,1.095891627855599,406,/scratch/project_2013233/enchanted_plugins/data/ascot_DT-D_sobol_seq_extended_take2/batch_0/ascot_sdcc_workflow_runner-627443b4-64e8-4b40-b624-d02e20c67788,0
5.1,0.73,0.0,5.84,13920.284042554737,3.75987414052534e+19,41477.56778245276,352970.7088761071,0.11750994272165344,3134802.563874578,3946750.9369855295,0.0,0.0,29.864092,9.617601,True,True,572.5596691481769,9.188327477127315,1.2143263691104949,1.0612476564012467,377,/scratch/project_2013233/enchanted_plugins/data/ascot_DT-D_sobol_seq_extended_take2/batch_0/ascot_sdcc_workflow_runner-bf55cafe-341f-47ab-8323-18899b6968fe,0
6.36,0.87,0.0,7.24,154147.00730111502,1.1296227481203e+20,286789.3631942534,1428798.247498455,0.2007206851606693,8672238.67426426,10147878.042166976,0.0002,0.0,41.632146,14.2425,True,True,965.3055109083652,10.350588278844953,1.2346908207982779,1.4479619936086237,375,/scratch/project_2013233/enchanted_plugins/data/ascot_DT-D_sobol_seq_extended_take2/batch_0/ascot_sdcc_workflow_runner-ec819be9-74ec-4517-99e4-9e4e039865f3,0
7.32,0.28,0.0,7.59,379260.6870677324,9.404980043930188e+18,-1544.1713974040933,115393.33269292413,-0.013381807781852731,1235687.582099607,16482785.40990674,0.0,0.0,7.464252,1.496423,True,True,847.2363855689764,11.8999730553478,1.0373120927251875,0.8425661203451456,379,/scratch/project_2013233/enchanted_plugins/data/ascot_DT-D_sobol_seq_extended_take2/batch_0/ascot_sdcc_workflow_runner-a1ef5e97-2361-40f8-b346-b30272368230,0
8.07,0.71,0.0,8.78,24321.298079852106,5.111505456847082e+19,25588.247504741445,533713.8894254074,0.047943754156912745,3422065.0974223004,5117938.424594613,0.0004,0.0002,22.819932,7.333885,True,True,603.9022640325129,7.1562402985990055,1.4323888644576073,0.8629540110938252,374,/scratch/project_2013233/enchanted_plugins/data/ascot_DT-D_sobol_seq_extended_take2/batch_0/ascot_sdcc_workflow_runner-10f0740a-434e-439f-9d40-2a00808cf07e,0
6.17,0.62,0.0,6.8,56372.41567113958,1.1821355593654886e+20,190892.5396814718,1979609.9382552793,0.09642937024741051,4631499.478320129,7853250.868294204,0.007346,0.004579,38.55038,12.068015,True,True,887.7164134755731,5.791169619932771,1.1336999884806573,1.0662454043515026,384,/scratch/project_2013233/enchanted_plugins/data/ascot_DT-D_sobol_seq_extended_take2/batch_0/ascot_sdcc_workflow_runner-7c33b278-cb2f-40c7-93f8-78922e770d72,0
6.57,0.85,0.0,7.43,180420.62026836548,1.132474528654919e+20,223459.38219634048,1512895.9078252725,0.14770307794510093,7827757.498333915,10848461.249483213,0.0,0.0,36.902529,12.154859,True,True,950.828492641449,9.290039981156587,1.1733537553809583,1.2150680180639029,407,/scratch/project_2013233/enchanted_plugins/data/ascot_DT-D_sobol_seq_extended_take2/batch_0/ascot_sdcc_workflow_runner-238119d3-2a10-4ba0-895f-66523bdf006a,0
12.29,0.63,0.0,12.92,59592.353741326726,1.205363746194267e+20,166613.7998526051,1879219.9494451047,0.0886611489526826,4784545.99044532,7281100.099252874,0.005767,0.005371,33.867841,11.386394,True,True,816.1378121003509,5.5315087985247375,1.3198599591851234,0.9944613457657397,372,/scratch/project_2013233/enchanted_plugins/data/ascot_DT-D_sobol_seq_extended_take2/batch_0/ascot_sdcc_workflow_runner-e7ac8499-bea0-4587-82cd-35504e918c36,0
8.37,0.47,0.0,8.84,12586.505857448628,8.985625708446078e+19,178922.08459579022,1388624.9020464164,0.12884839119053154,3005699.0076302015,3208278.7519069645,0.00833,0.006162,46.081682,14.061843,True,True,632.1457573212683,4.521650386601687,1.1681001712568104,1.2210021316073836,370,/scratch/project_2013233/enchanted_plugins/data/ascot_DT-D_sobol_seq_extended_take2/batch_0/ascot_sdcc_workflow_runner-19ed44c7-b62b-4f56-9109-5be4049f6c61,0
8.26,0.66,0.0,8.92,179719.14578181627,1.1694108948399682e+20,217347.2823452307,1552898.8446185132,0.1399622925204922,7290066.74392657,9624061.720985409,0.0004,0.0006,34.675937,11.860708,True,True,889.3032390624285,8.210706613585353,1.2976816017180681,1.1537989222444593,383,/scratch/project_2013233/enchanted_plugins/data/ascot_DT-D_sobol_seq_extended_take2/batch_0/ascot_sdcc_workflow_runner-acc99a1d-eeb7-427d-b0c2-5ba91ed9240b,0
7.56,0.71,0.0,8.28,167196.5824376652,1.3471424129095428e+20,413457.15945151955,2098685.5590075725,0.19700767353020496,6329744.752157918,7899566.61210575,0.002195,0.001797,42.781501,15.627434,True,True,981.9858381524682,7.120140778273344,1.4533686516806483,1.4105021707713603,408,/scratch/project_2013233/enchanted_plugins/data/ascot_DT-D_sobol_seq_extended_take2/batch_0/ascot_sdcc_workflow_runner-3b7a27b4-2bff-4a78-9735-7f079659dbc2,0
7.92,0.45,0.0,8.37,23443.375681219477,9.284015178447926e+19,81945.46184759462,1536375.9650265449,0.053336854853869575,2866609.914379198,4152935.542974953,0.012833,0.012053,38.557662,11.238805,True,True,660.9857608564198,4.272053338587284,1.1148905358277261,0.9347246347926558,386,/scratch/project_2013233/enchanted_plugins/data/ascot_DT-D_sobol_seq_extended_take2/batch_0/ascot_sdcc_workflow_runner-f1fb4c38-e4dc-4cd4-bc4a-68d4603e462e,0
10.2,0.63,0.0,10.83,2276.5077010051027,6.70980559835168e+19,93384.51934308528,855077.08648392,0.10921181355365603,2825105.1834045174,2759228.46803018,0.002991,0.000999,41.817338,12.41954,True,True,555.3963859565556,5.088648828864097,1.1194061897695065,1.1352844106964768,382,/scratch/project_2013233/enchanted_plugins/data/ascot_DT-D_sobol_seq_extended_take2/batch_0/ascot_sdcc_workflow_runner-0fd62cec-e6b5-410b-9946-1612e695d6bd,0
5.86,0.54,0.0,6.4,24180.6783496755,1.0854573691479853e+20,153035.87192572522,1852491.7547434552,0.08261082487080683,3331129.857255222,5001511.406062624,0.014001,0.012833,39.789511,12.384298,True,True,750.7090466096997,4.492105755954981,1.1941892090253532,1.0234332758933307,412,/scratch/project_2013233/enchanted_plugins/data/ascot_DT-D_sobol_seq_extended_take2/batch_0/ascot_sdcc_workflow_runner-4eb749fc-1bd3-4e7c-90ce-902a2bcc45c1,0
7.49,0.81,0.0,8.29,17496.288652331048,6.4563805254727156e+19,118251.08216078219,658169.1729409434,0.1796666982022154,5260982.992259375,5378923.317583376,0.0,0.0,34.730368,12.193051,True,True,678.3658559434116,9.733133235946298,1.387021643575281,1.2656510362401605,413,/scratch/project_2013233/enchanted_plugins/data/ascot_DT-D_sobol_seq_extended_take2/batch_0/ascot_sdcc_workflow_runner-2613b338-2de4-4e62-8101-aca61bceed4e,0
5.1,0.66,0.0,5.76,45360.542995536045,1.1858576230175814e+20,400023.05994112504,2070611.2132218108,0.1931908111898519,4038726.4268784625,4851857.528830643,0.006162,0.005371,47.915569,16.631688,True,True,843.9403371885419,5.263260518386961,1.4043538616970181,1.4553543210960924,388,/scratch/project_2013233/enchanted_plugins/data/ascot_DT-D_sobol_seq_extended_take2/batch_0/ascot_sdcc_workflow_runner-3052fbca-87c3-4cb6-83c6-3711b442a95b,0
8.88,0.85,0.0,9.72,5919.793432077631,5.7983881183342486e+19,113888.95957337176,543003.7262127335,0.20973881775675565,5175375.687245104,4919877.81241105,0.0,0.0,36.327747,13.049655,True,True,663.5493296198547,10.760340332239867,1.4507981706410646,1.3727689328603447,381,/scratch/project_2013233/enchanted_plugins/data/ascot_DT-D_sobol_seq_extended_take2/batch_0/ascot_sdcc_workflow_runner-545dca3f-3b95-46da-973a-0006d65b7460,0
13.86,0.81,0.0,14.68,766.9266097839269,3.3667183511472742e+19,50016.217348352,278080.8604773136,0.17986213528864,3250807.710766431,3297371.9451870103,0.0,0.0,31.673607,11.305251,True,True,557.7158736996353,11.05219217017293,1.4399348753504455,1.222837673034519,385,/scratch/project_2013233/enchanted_plugins/data/ascot_DT-D_sobol_seq_extended_take2/batch_0/ascot_sdcc_workflow_runner-9c2150a4-8261-458f-beca-e4c066f959f5,0
10.29,0.49,0.0,10.78,12714.697150647306,2.1875202683618017e+19,-9729.364893971571,247998.53077059952,-0.03923154247623872,1433413.6333276657,5056978.077856788,0.000999,0.0,14.161326,2.97302,True,True,540.4248950071633,6.144522818550468,1.0581853720359504,0.8045888835564257,414,/scratch/project_2013233/enchanted_plugins/data/ascot_DT-D_sobol_seq_extended_take2/batch_0/ascot_sdcc_workflow_runner-cac8f6c0-c590-4ac5-b95d-ebb3c6dddc08,0
7.45,0.39,0.0,7.84,167992.2006543495,1.1681202165668493e+19,-3248.854407924799,140997.5554596545,-0.02304192010516407,1371771.425801683,12614371.834295899,0.0,0.0,10.197526,2.060861,True,True,764.9188106879592,11.182112523168326,1.0145053737796843,0.9634029121138156,419,/scratch/project_2013233/enchanted_plugins/data/ascot_DT-D_sobol_seq_extended_take2/batch_0/ascot_sdcc_workflow_runner-fd81d3f3-2941-41e1-b80a-10b9c7537e87,0
5.03,0.35,0.0,5.38,18027.140857749353,1.0083657754636236e+20,247921.27694171277,1870073.3770318753,0.13257302092349232,2540829.7090232847,3354580.335446641,0.026859,0.025721,51.417349,15.655847,True,True,730.0042021088302,3.8614520709961653,1.1296888669021428,1.274803677480668,426,/scratch/project_2013233/enchanted_plugins/data/ascot_DT-D_sobol_seq_extended_take2/batch_0/ascot_sdcc_workflow_runner-ec6f41a3-b634-4485-bce9-6e68131e09aa,0
6.96,0.73,0.0,7.68,16423.069292484717,9.657820813752956e+19,221972.15860586998,1306331.8241965042,0.16992019523247864,4382933.878075489,4228786.405722823,0.001398,0.001398,43.015864,14.235362,True,True,681.0101098380983,5.9226277459412815,1.3166983244009316,1.325682173203677,418,/scratch/project_2013233/enchanted_plugins/data/ascot_DT-D_sobol_seq_extended_take2/batch_0/ascot_sdcc_workflow_runner-babc4072-5530-4c78-bdf6-960fdef416f6,0
6.91,0.78,0.0,7.69,44547.94326041583,1.094399155084523e+20,294154.5533616311,2170291.79847571,0.135536868161336,2697690.839633931,4284217.944662405,0.024771,0.030068,44.511939,15.788511,True,True,891.137320548296,4.139986073970794,1.4306713906116784,1.1941366956569255,416,/scratch/project_2013233/enchanted_plugins/data/ascot_DT-D_sobol_seq_extended_take2/batch_0/ascot_sdcc_workflow_runner-b926a15d-1e5d-4fbc-ad9f-4cb4740f54b7,0
8.67,0.83,0.0,9.5,140928.4091510242,1.1301197196938197e+20,95461.00732040197,1670431.1768117787,0.05714752492982137,5791140.45844211,10364303.539870322,0.001996,0.002394,29.617087,9.133381,True,True,872.7498054504395,6.750413466989994,1.171782460063696,0.8843246539123357,420,/scratch/project_2013233/enchanted_plugins/data/ascot_DT-D_sobol_seq_extended_take2/batch_0/ascot_sdcc_workflow_runner-20be5785-69d2-4d1c-8c7c-0747f2cfb420,0
11.09,0.67,0.0,11.75,27586.425276135833,9.970136076567116e+19,195630.32589617223,1418857.8262469722,0.13787873758545277,4278504.675526256,4640336.603385163,0.002593,0.002593,40.151934,13.110833,True,True,691.7163361795247,5.63383713774383,1.2943826345726848,1.192031535319984,410,/scratch/project_2013233/enchanted_plugins/data/ascot_DT-D_sobol_seq_extended_take2/batch_0/ascot_sdcc_workflow_runner-77febbae-c8f3-40fd-88f5-c3be331d2ef0,0
8.22,0.32,0.0,8.54,50973.68107681356,7.24618438937548e+18,-1576.3375254253428,74450.32782008451,-0.021173009865513223,861156.9825263859,6703479.983975016,0.0,0.0,9.514458,1.972108,True,True,589.4237267784774,10.248351063206792,1.1510360362008214,0.900414494983852,409,/scratch/project_2013233/enchanted_plugins/data/ascot_DT-D_sobol_seq_extended_take2/batch_0/ascot_sdcc_workflow_runner-5bf5a24c-5e5c-477f-b168-3af2d05a0165,0
6.85,0.83,0.0,7.69,9435.987649991992,7.297102930977241e+19,160175.44813211093,737396.0911186287,0.217217652848044,5925177.7252870435,5346025.06520383,0.0,0.0,38.343386,13.830193,True,True,698.9077129401267,9.960654782876373,1.4740650970488787,1.4266347377561033,421,/scratch/project_2013233/enchanted_plugins/data/ascot_DT-D_sobol_seq_extended_take2/batch_0/ascot_sdcc_workflow_runner-a57d3b57-5752-4ecf-b93a-5d69c1060a96,0
6.3,0.8,0.0,7.1,64435.72419785752,1.0257683622848022e+20,254674.75706830912,1154239.6323936705,0.22064288031780954,8937623.31216424,9389277.449387651,0.0,0.0,40.264465,14.300338,True,True,905.7367201894522,11.354788564145565,1.3603596366010606,1.4844534758478403,415,/scratch/project_2013233/enchanted_plugins/data/ascot_DT-D_sobol_seq_extended_take2/batch_0/ascot_sdcc_workflow_runner-46352650-a3ea-4056-a22d-c0a5746fe42f,0
8.49,0.7,0.0,9.19,11110.971988208212,6.837448411004847e+19,70005.62105166222,896272.2836341766,0.07810753755299187,3040474.9765693787,3489219.0712031815,0.002195,0.001797,37.217957,10.864082,True,True,582.4541389010847,5.396385217085481,1.0807295851409435,1.0154748453758657,422,/scratch/project_2013233/enchanted_plugins/data/ascot_DT-D_sobol_seq_extended_take2/batch_0/ascot_sdcc_workflow_runner-76381bab-e9f8-4595-b4c2-57410688cfcc,0
6.66,0.31,0.0,6.97,81635.57848691398,5.013079752694542e+18,-378.982105093827,49317.21474847625,-0.00768458046600323,709951.7826465411,7631071.290707841,0.0,0.0,6.936678,1.462454,True,True,613.5505069978535,11.49369035549462,1.299891418311745,0.8171159344725312,425,/scratch/project_2013233/enchanted_plugins/data/ascot_DT-D_sobol_seq_extended_take2/batch_0/ascot_sdcc_workflow_runner-eadc850c-ae38-4e64-be44-b0acad36c15e,0
7.77,0.75,0.0,8.53,1635.109305281238,6.420588540577143e+19,119551.41832562795,670411.0346286799,0.1783255527586055,3806814.407558494,3019752.395075615,0.0002,0.0002,40.190193,13.480522,True,True,572.1936044283211,6.882864940166474,1.3469373481348157,1.324228837620467,390,/scratch/project_2013233/enchanted_plugins/data/ascot_DT-D_sobol_seq_extended_take2/batch_0/ascot_sdcc_workflow_runner-64df72bf-98a6-40f2-bf55-c1a3682552e2,0
5.31,0.74,0.0,6.05,4898.769984592,3.2157311316471554e+19,35911.000738315386,278748.1930701216,0.12882953730674643,2794601.894369768,3244823.4921366125,0.0,0.0,30.482589,9.930071,True,True,537.6972542144358,9.430232585594059,1.2378807687200606,1.0949048931710421,417,/scratch/project_2013233/enchanted_plugins/data/ascot_DT-D_sobol_seq_extended_take2/batch_0/ascot_sdcc_workflow_runner-187cdaea-deb6-4757-ad12-8fe6a39e4267,0
6.19,1.03,0.0,7.22,174857.07818762545,1.2647705968617805e+20,298844.80278055964,1764295.1484937544,0.16938481241967634,7804583.591009971,10081892.368494475,0.0006,0.0004,39.191463,13.418077,True,True,971.1401043459773,8.56766167357564,1.2736669946461916,1.2954424266703426,423,/scratch/project_2013233/enchanted_plugins/data/ascot_DT-D_sobol_seq_extended_take2/batch_0/ascot_sdcc_workflow_runner-20a26208-2225-4c2c-8a15-b013293ea98e,0
16.5,0.65,0.0,17.15,143304.94488441115,9.693789301516929e+19,152902.1413200226,1286602.8389120237,0.11884175652007703,6460705.437445279,9548158.72096044,0.0006,0.0006,34.976248,10.99424,True,True,861.6223204880953,8.723082563281059,1.1014568181708455,1.1189284600317477,411,/scratch/project_2013233/enchanted_plugins/data/ascot_DT-D_sobol_seq_extended_take2/batch_0/ascot_sdcc_workflow_runner-ed3ec8e0-e281-4990-b0f5-36c9a5a1cec1,0
6.51,0.74,0.0,7.25,619.2876497768024,2.589897951544632e+19,35975.553453760316,213040.56742695248,0.16886714999055588,2557898.418655272,2838551.0283076023,0.0,0.0,37.479858,11.902285,True,True,520.3196932561696,10.72253371551633,1.1052313596010208,1.304066431708634,433,/scratch/project_2013233/enchanted_plugins/data/ascot_DT-D_sobol_seq_extended_take2/batch_0/ascot_sdcc_workflow_runner-502eb061-ec07-4738-ad0a-eccc014ceca3,0
8.2,0.87,0.0,9.07,102533.26724542216,1.0345294599844277e+20,239622.47838412764,1258842.5230150854,0.19035143316433403,8343520.779268458,9972761.581903623,0.0,0.0,40.050221,13.541563,True,True,922.5388066843152,10.63341086357832,1.2116606440395117,1.392452631611377,431,/scratch/project_2013233/enchanted_plugins/data/ascot_DT-D_sobol_seq_extended_take2/batch_0/ascot_sdcc_workflow_runner-3af92b8b-7f57-4093-8bbc-dcf05d401607,0
7.7,0.72,0.0,8.42,25534.68821444903,8.988123636810431e+19,62451.77219547079,1170563.972381018,0.053351865997070654,3907887.685573871,4790520.586014435,0.001996,0.002792,28.431094,9.592658,True,True,635.7956337742507,5.124670024216175,1.464944152161479,0.853984253294766,434,/scratch/project_2013233/enchanted_plugins/data/ascot_DT-D_sobol_seq_extended_take2/batch_0/ascot_sdcc_workflow_runner-41ea855b-eabd-444e-a70b-027a924921fc,0
8.93,0.8,0.0,9.73,115880.9820115534,1.1368525436599933e+20,354103.86411524285,1927888.139582361,0.18367448652490412,4631098.490065362,6656310.564519959,0.003984,0.004182,50.077342,16.105094,True,True,939.7993553429842,6.267531102150679,1.118653588462621,1.493843149486929,424,/scratch/project_2013233/enchanted_plugins/data/ascot_DT-D_sobol_seq_extended_take2/batch_0/ascot_sdcc_workflow_runner-230499d4-df5d-448f-bf88-0f7b667a52a1,0
7.92,0.79,0.0,8.71,9198.9586779572,6.72585060961259e+19,112566.2710323785,769109.8735056072,0.14635915479709133,3782342.45695311,3690416.732506102,0.0004,0.0002,39.633266,12.514665,True,True,599.8322959057987,6.684442466497421,1.1982270465232432,1.2301158150658011,438,/scratch/project_2013233/enchanted_plugins/data/ascot_DT-D_sobol_seq_extended_take2/batch_0/ascot_sdcc_workflow_runner-52e5ca64-5072-47c0-a243-b4951d78a4c4,0
7.85,0.7,0.0,8.55,44835.40502195,1.179155995056817e+20,237004.02884522,2039881.7594111925,0.11618517973004018,3660996.2459298503,5259266.446263038,0.011662,0.011858,40.292193,13.622101,True,True,796.3206525892019,4.6905031956732275,1.3587876185774803,1.1152762797661127,428,/scratch/project_2013233/enchanted_plugins/data/ascot_DT-D_sobol_seq_extended_take2/batch_0/ascot_sdcc_workflow_runner-493ead9c-f6a7-4296-a71e-d0e43bf9b5bf,0
8.04,0.65,0.0,8.69,6027.6897386723995,2.77686835724412e+19,7344.088418936822,257739.65240541278,0.02849421247524965,2098894.493597788,3387961.391517779,0.0,0.0,20.574454,6.105105,True,True,506.53967214748263,7.521094086393714,1.392744041979313,0.8966320938430727,430,/scratch/project_2013233/enchanted_plugins/data/ascot_DT-D_sobol_seq_extended_take2/batch_0/ascot_sdcc_workflow_runner-dd38ea09-1034-4c09-90ff-d7d98319fd7d,0
6.15,0.69,0.0,6.84,171404.2314912759,1.2778594858059807e+20,143698.01628906117,2201685.415877834,0.06526727899124832,4646484.676066266,9566486.068738919,0.011272,0.01088,34.095774,11.000252,True,True,984.4301827251911,5.501641949638724,1.2205450925976038,0.9264477763324976,440,/scratch/project_2013233/enchanted_plugins/data/ascot_DT-D_sobol_seq_extended_take2/batch_0/ascot_sdcc_workflow_runner-2f2e3caf-c394-4443-9ee6-00d2a07f8d58,0
7.71,0.61,0.0,8.32,37075.68050200134,9.93369526603463e+19,280072.7812934286,1920642.3597086135,0.14582245355450732,2390921.815650476,3731665.0145114134,0.03568,0.036423,54.814443,16.72728,True,True,828.0280288308859,3.886664216592908,1.054388000164181,1.3614788889884948,436,/scratch/project_2013233/enchanted_plugins/data/ascot_DT-D_sobol_seq_extended_take2/batch_0/ascot_sdcc_workflow_runner-1eb0da4f-e3bb-4fac-ae7d-338376596832,0
10.64,0.67,0.0,11.3,42839.93120955971,9.83009961441551e+19,242640.50688503726,1298096.6992610893,0.18692020942904686,6109598.654312142,6975675.023953833,0.0004,0.0002,43.983755,14.262003,True,True,809.6402296796441,8.314403777942061,1.1470212638378143,1.4350990783423185,435,/scratch/project_2013233/enchanted_plugins/data/ascot_DT-D_sobol_seq_extended_take2/batch_0/ascot_sdcc_workflow_runner-92939899-db9a-480b-bfbb-ef382db6b403,0
7.22,1.1,0.0,8.33,75251.21512815506,9.267732684636604e+19,282056.8500789835,1959845.2607378846,0.14391791828135897,2049641.8211411557,3716709.263559553,0.04416,0.038277,47.937533,16.884698,True,True,996.4037286117673,3.9801122937351465,1.392512094695121,1.2497099828906357,376,/scratch/project_2013233/enchanted_plugins/data/ascot_DT-D_sobol_seq_extended_take2/batch_0/ascot_sdcc_workflow_runner-ff718549-f6a5-493b-a4e0-34110fe286ac,0
10.53,0.88,0.0,11.42,108734.63923991201,6.771118207249593e+19,71337.6008494786,747745.1202653286,0.09540363275679457,5340734.745111514,8099650.654757886,0.0,0.0,25.276801,8.728643,True,True,744.12063928321,9.158453430980444,1.3722212766297162,0.9494787489995361,437,/scratch/project_2013233/enchanted_plugins/data/ascot_DT-D_sobol_seq_extended_take2/batch_0/ascot_sdcc_workflow_runner-411d6988-9238-4bcd-9d89-52f9c5bf5252,0
12.28,0.64,0.0,12.91,182026.59813829107,1.2146530699968927e+20,154835.40860126523,1678574.449131049,0.09224220509338694,7059235.091822031,10981862.92019541,0.0004,0.000999,30.180962,10.155086,True,True,909.0079236775637,7.563561696186662,1.2825590800493956,0.9849735703319311,432,/scratch/project_2013233/enchanted_plugins/data/ascot_DT-D_sobol_seq_extended_take2/batch_0/ascot_sdcc_workflow_runner-a3e6b064-9dcc-453a-a8a3-e3ded4f29ba9,0
5.69,0.68,0.0,6.37,293115.12665912195,6.780075234429235e+19,39466.82771219121,854079.7637829913,0.04620976796989085,5588166.367005604,12544720.34299634,0.0002,0.0002,24.143694,7.058925,True,True,877.9095290228724,9.863822569325567,1.063397650141269,0.8305366896092892,447,/scratch/project_2013233/enchanted_plugins/data/ascot_DT-D_sobol_seq_extended_take2/batch_0/ascot_sdcc_workflow_runner-3f13e5c8-f4f2-4286-8070-fd1a198cd04e,0
8.92,0.76,0.0,9.67,135518.1921553607,9.10404513550903e+19,163415.2693004492,1062269.685273845,0.15383595292783112,7583338.274728294,9779343.807427647,0.0002,0.0,32.159459,11.220358,True,True,859.187520109117,10.378142992034554,1.3340340591967106,1.1659835804253817,443,/scratch/project_2013233/enchanted_plugins/data/ascot_DT-D_sobol_seq_extended_take2/batch_0/ascot_sdcc_workflow_runner-8f327ec6-ea6e-47f0-aa36-799049294ade,0
9.49,0.76,0.0,10.25,48110.775544022654,7.995717199064244e+19,123641.62686249879,1058493.6754441094,0.11680903696531092,4517079.9697377,6029042.51454162,0.001199,0.0002,38.193232,11.523595,True,True,712.7172476612031,7.251470980793238,1.0279385093599558,1.1449324229732156,442,/scratch/project_2013233/enchanted_plugins/data/ascot_DT-D_sobol_seq_extended_take2/batch_0/ascot_sdcc_workflow_runner-72c4963b-9efc-4402-af35-80692bee0290,0
11.13,1.05,0.0,12.19,333844.58905772876,8.868461480448464e+19,139373.82938373,993847.5968382787,0.14023662161796144,8582317.747652939,13036110.88007349,0.0,0.0,28.09087,10.061085,True,True,953.2708125188947,11.995196540281176,1.3754078154452145,1.0807998701930046,439,/scratch/project_2013233/enchanted_plugins/data/ascot_DT-D_sobol_seq_extended_take2/batch_0/ascot_sdcc_workflow_runner-b506c388-1336-4435-9252-90cd6baa71eb,0
7.52,0.46,0.0,7.99,67664.01914716742,1.1741371479136051e+20,359963.2073658123,2079380.7893783138,0.17311076893878244,3996414.533596279,5461903.329073823,0.009509,0.006359,47.733156,15.866565,True,True,882.6931682415307,5.3236335754394535,1.2680681375786662,1.3885412313044072,448,/scratch/project_2013233/enchanted_plugins/data/ascot_DT-D_sobol_seq_extended_take2/batch_0/ascot_sdcc_workflow_runner-b4bc9b5a-4e82-4a61-83d6-7838d75d5740,0
7.41,0.4,0.0,7.82,13992.043462226991,1.1422202473477857e+19,-3337.944169056461,118759.94299298435,-0.028106650145947338,1079120.8189738889,5446491.080230257,0.0,0.0,12.405402,2.604243,True,True,548.8162245601416,8.501063204929233,1.0860237451270223,0.9223744539543987,449,/scratch/project_2013233/enchanted_plugins/data/ascot_DT-D_sobol_seq_extended_take2/batch_0/ascot_sdcc_workflow_runner-38eef19c-3152-4cbe-996c-91fb354f27aa,0
8.34,0.74,0.0,9.08,2238.4061332171864,7.463721275766982e+19,180869.09323448053,975125.2320570695,0.18548293828160844,2781303.9643998207,2058998.1364996717,0.003984,0.004381,50.286286,15.90431,True,True,551.6619919799268,4.625358378142119,1.2602453180588782,1.458546949736774,446,/scratch/project_2013233/enchanted_plugins/data/ascot_DT-D_sobol_seq_extended_take2/batch_0/ascot_sdcc_workflow_runner-d15fe61a-90db-4b8a-af33-d4146ec30200,0
8.71,0.75,0.0,9.46,38843.14987381566,1.1999327322310415e+20,279150.54177551926,1732790.3321793713,0.16109885690810904,5201290.582691333,5823400.28769184,0.001996,0.001398,39.038841,14.05669,True,True,778.5419523715973,6.012199268862606,1.491396973375231,1.2396885462105274,444,/scratch/project_2013233/enchanted_plugins/data/ascot_DT-D_sobol_seq_extended_take2/batch_0/ascot_sdcc_workflow_runner-db83e3c5-7351-45ad-b44a-8d7f3116d830,0
8.64,0.86,0.0,9.5,47786.46817618196,8.594440832346667e+19,183604.6265175578,962077.9758742556,0.19084173125438542,6551701.129142058,6907654.864692717,0.0,0.0004,38.312546,13.213941,True,True,768.3301735669374,9.559736060723663,1.3117187428288162,1.354316281247884,387,/scratch/project_2013233/enchanted_plugins/data/ascot_DT-D_sobol_seq_extended_take2/batch_0/ascot_sdcc_workflow_runner-70d40510-2aaa-4090-85de-785be4a316b3,0
9.43,0.7,0.0,10.13,41998.08804847325,3.910595893803911e+19,45374.42401425398,385600.9329915452,0.11767197673053574,3840572.4253447535,6100976.380688974,0.0,0.0,27.938839,9.052929,True,True,667.1382882632315,11.224003288149834,1.1852041971869767,1.0493518052622677,445,/scratch/project_2013233/enchanted_plugins/data/ascot_DT-D_sobol_seq_extended_take2/batch_0/ascot_sdcc_workflow_runner-efd8f6ca-a7a0-44a6-9b17-6b16305eb341,0
11.92,0.87,0.0,12.79,169334.62405059155,9.928235899239612e+19,142851.63476085677,1166739.3336849653,0.12243663227645034,7370403.396922147,9904488.49092622,0.0002,0.0,28.075646,10.246859,True,True,841.4094159379601,9.052748027443887,1.4515219838358462,1.0361132451333106,427,/scratch/project_2013233/enchanted_plugins/data/ascot_DT-D_sobol_seq_extended_take2/batch_0/ascot_sdcc_workflow_runner-0dbe2b50-77ad-448c-89e3-ccb1fcccb2aa,0
5.4,0.7,0.0,6.11,14326.675667189802,1.0153055928708936e+20,290464.4081070795,1748219.0011189582,0.16614875362935994,3237516.6209567357,4035271.732554428,0.007937,0.010489,53.003127,16.108378,True,True,746.9511358067393,4.749027041718364,1.046191087923944,1.44185879137367,458,/scratch/project_2013233/enchanted_plugins/data/ascot_DT-D_sobol_seq_extended_take2/batch_0/ascot_sdcc_workflow_runner-0bb4782f-98bd-4db0-bffe-5a5a1a7d01ae,0
6.63,0.88,0.0,7.52,7143.660630320926,7.41500653531341e+19,25028.29685048201,1027482.4494779031,0.024358855825906994,2600821.820009033,3297800.7621442955,0.009312,0.006359,32.135483,9.34762,True,True,565.460697747767,4.200423515215516,1.2433294239453971,0.8268899509683252,454,/scratch/project_2013233/enchanted_plugins/data/ascot_DT-D_sobol_seq_extended_take2/batch_0/ascot_sdcc_workflow_runner-c7f012a3-f15d-45b6-a245-ce272ee28028,0
6.43,0.78,0.0,7.2,84616.24685096325,1.1002189746743126e+20,156667.18837857808,1822610.121297488,0.0859575981433973,4427822.150814574,7709771.779267672,0.007149,0.005569,38.587927,11.635716,True,True,854.3275971896946,5.86206895262003,1.0042958590202034,1.0455641333013772,452,/scratch/project_2013233/enchanted_plugins/data/ascot_DT-D_sobol_seq_extended_take2/batch_0/ascot_sdcc_workflow_runner-3741a9b5-9548-4dee-8608-9d28cb807852,0
11.08,0.77,0.0,11.85,18203.170770537017,9.037326666884884e+19,159888.67406012528,1059946.197223147,0.15084602829747637,5072859.793697793,4850220.748578259,0.000999,0.001199,34.759008,12.466262,True,True,670.1518939808011,6.8232674349099405,1.4841806767508388,1.1695572121068836,450,/scratch/project_2013233/enchanted_plugins/data/ascot_DT-D_sobol_seq_extended_take2/batch_0/ascot_sdcc_workflow_runner-b4071207-9a0d-49fa-99de-ef43ccca91c0,0
4.63,0.87,0.0,5.49,130560.0460359013,1.2420472805261689e+20,309689.0522673543,1900576.4126598812,0.16294480464163,6379069.2414033525,8929702.377363948,0.001398,0.001398,41.965501,13.933677,True,True,958.2375534810126,7.4627232603728775,1.2050849860534072,1.3103807777166367,456,/scratch/project_2013233/enchanted_plugins/data/ascot_DT-D_sobol_seq_extended_take2/batch_0/ascot_sdcc_workflow_runner-f328a71b-7bce-4c5d-9e89-03f712f75b05,0
6.49,0.81,0.0,7.3,31059.80220492871,7.688422325914159e+19,152057.02552968395,961375.3696651001,0.15816613398640925,5197414.734006103,6405205.084204498,0.000999,0.0,41.331833,12.836469,True,True,739.8909307084978,8.686891919374466,1.0128162112087011,1.3164966533891858,373,/scratch/project_2013233/enchanted_plugins/data/ascot_DT-D_sobol_seq_extended_take2/batch_0/ascot_sdcc_workflow_runner-8a204568-7959-47ed-9d1d-d41e4510f3bb,0
7.55,0.74,0.0,8.29,16349.616841023491,3.4120853624371745e+19,8681.26431221726,304338.4536300125,0.028525032603244953,3190009.802246684,4717461.09796927,0.0002,0.0,23.469101,8.481058,True,True,596.8034118413925,10.568887897208333,1.3990140492096543,0.9787028616294265,457,/scratch/project_2013233/enchanted_plugins/data/ascot_DT-D_sobol_seq_extended_take2/batch_0/ascot_sdcc_workflow_runner-9081d201-2993-43db-b54f-500cbdb83ed4,0
7.81,0.89,0.0,8.7,88604.21562743657,7.063096943289742e+19,111576.83409765355,829955.4285004925,0.13443713995490464,5775343.473972878,8009456.859970677,0.0,0.0,33.017792,10.679083,True,True,773.559972178191,10.0273572050035,1.1614832999184728,1.1414004258811474,451,/scratch/project_2013233/enchanted_plugins/data/ascot_DT-D_sobol_seq_extended_take2/batch_0/ascot_sdcc_workflow_runner-9897d0ef-aab8-4168-979d-2ee68a939653,0
6.93,0.94,0.0,7.87,174544.5015715076,9.220436298455551e+19,70729.89480520553,1156345.3754936296,0.06116675545574938,6206192.9391496,10376322.481637828,0.0002,0.0002,24.311727,8.074579,True,True,823.2291429303586,7.8941565066576,1.3494657361879945,0.8471815600991249,459,/scratch/project_2013233/enchanted_plugins/data/ascot_DT-D_sobol_seq_extended_take2/batch_0/ascot_sdcc_workflow_runner-23b50c29-cbbc-4214-a276-97f726976d23,0
6.13,0.52,0.0,6.65,61252.028059773635,1.1242751420131608e+20,240117.46358521044,1991546.4937811529,0.12056834441726896,3725186.220656665,5743145.360832907,0.011467,0.010097,44.039031,13.779068,True,True,836.4274338819087,5.053978567197919,1.1525302389636636,1.1781942152418197,468,/scratch/project_2013233/enchanted_plugins/data/ascot_DT-D_sobol_seq_extended_take2/batch_0/ascot_sdcc_workflow_runner-ec039d3f-1782-40db-bbd9-50191494c4b8,0
10.71,0.78,0.0,11.5,40042.34790220191,5.936931400461568e+19,104093.74409323825,596429.2641400093,0.17452823050748675,5489725.014684025,6397745.158360829,0.0,0.0,33.510882,11.616529,True,True,715.6087774783373,11.119503151997923,1.3270904696546495,1.2435191983357072,453,/scratch/project_2013233/enchanted_plugins/data/ascot_DT-D_sobol_seq_extended_take2/batch_0/ascot_sdcc_workflow_runner-d70b8295-2b9e-40bd-954c-204e3fcea080,0
9.81,0.74,0.0,10.56,2152.9133312327654,5.809683304550391e+19,109472.71590107268,612425.75894706,0.17875263132185765,4360808.4470033385,4489101.7514190525,0.0002,0.0,40.82322,13.064299,True,True,638.7482024729252,8.983979615941644,1.1391046880744398,1.3678120287135243,461,/scratch/project_2013233/enchanted_plugins/data/ascot_DT-D_sobol_seq_extended_take2/batch_0/ascot_sdcc_workflow_runner-99967f2c-888a-414e-ae80-1ed8397f2804,0
6.36,0.76,0.0,7.13,1188.076081178755,2.2942047210168664e+19,37302.05758146012,173672.92365666758,0.2147833801381856,2486533.2500503287,2359053.2045236146,0.0,0.0,40.72834,13.543232,True,True,503.5718232393265,11.930545759946108,1.1877454961650074,1.4979598484002055,465,/scratch/project_2013233/enchanted_plugins/data/ascot_DT-D_sobol_seq_extended_take2/batch_0/ascot_sdcc_workflow_runner-f3ab9e6f-edae-47cb-a633-7f2ace1641dc,0
8.08,0.91,0.0,9.0,195031.53411227904,8.636968872372412e+19,160670.05167121766,1045263.3531733835,0.1537125081286251,7749981.896849347,10961726.748920338,0.0,0.0,35.899379,11.684852,True,True,913.852599915117,11.562324397265911,1.1125337867997587,1.236685846373439,463,/scratch/project_2013233/enchanted_plugins/data/ascot_DT-D_sobol_seq_extended_take2/batch_0/ascot_sdcc_workflow_runner-7c2f8264-c9e7-4eb7-b5fe-53cf9de8ff59,0
7.49,0.56,0.0,8.04,10226.812760159522,9.919968197016417e+19,147263.3334674008,1643217.0377852756,0.08961891830544917,2773197.222702315,3369305.852636927,0.016522,0.014584,39.562728,13.123783,True,True,652.7441767975688,3.945059497654438,1.3668052866123617,1.031470814999193,466,/scratch/project_2013233/enchanted_plugins/data/ascot_DT-D_sobol_seq_extended_take2/batch_0/ascot_sdcc_workflow_runner-5d9c82c6-3373-4bb8-ba40-ef5639a150a1,0
6.95,0.78,0.0,7.73,3803.3793120605783,5.041579778539254e+19,56537.48011377356,494298.4717168225,0.11437923309251741,2934054.6252657226,2604648.2017979417,0.0002,0.0002,33.74129,10.951008,True,True,517.4128925427794,6.33821512721479,1.3063159207813442,1.074272151477635,462,/scratch/project_2013233/enchanted_plugins/data/ascot_DT-D_sobol_seq_extended_take2/batch_0/ascot_sdcc_workflow_runner-3891b017-3323-4569-9103-2ae764f80829,0
4.48,0.73,0.0,5.21,62549.66889574242,8.16556013519106e+19,158321.04221633007,1033919.4246211606,0.153127060432529,5816898.01823806,7563308.179400151,0.0,0.0,39.622949,12.420733,True,True,791.4607315324247,9.22300175987184,1.0596204097382724,1.2794885766692459,467,/scratch/project_2013233/enchanted_plugins/data/ascot_DT-D_sobol_seq_extended_take2/batch_0/ascot_sdcc_workflow_runner-f8a77559-4636-49eb-b4d1-cafb806cf2ce,0
5.88,0.88,0.0,6.76,503680.5412111147,8.08411309285344e+19,77203.00374348683,974560.8761787028,0.07921824652576173,7337150.639433986,14216636.542572958,0.0002,0.0,23.313464,7.815566,True,True,944.5829964242876,10.791295571252704,1.2928904285654426,0.8920456745661796,471,/scratch/project_2013233/enchanted_plugins/data/ascot_DT-D_sobol_seq_extended_take2/batch_0/ascot_sdcc_workflow_runner-6f7328e5-c866-40d6-ab2e-98eb37d5bf14,0
6.57,0.72,0.0,7.3,4810.843533969162,6.152986230322213e+19,122890.04953443226,695497.8705188221,0.17669363882129457,3890136.280677599,3789010.3225537715,0.0002,0.0,43.876826,13.670433,True,True,610.7047414407134,7.634374004602433,1.0952056655660272,1.396995914261788,470,/scratch/project_2013233/enchanted_plugins/data/ascot_DT-D_sobol_seq_extended_take2/batch_0/ascot_sdcc_workflow_runner-fde9fbf3-79b3-45e2-a314-ec39beb7c4fa,0
9.13,0.8,0.0,9.93,23012.215052460448,1.1411806346275483e+20,154647.0254295539,2214787.1232981514,0.06982478081200924,2718278.312709867,4649900.399300031,0.030068,0.032133,37.008998,13.025293,True,True,804.7192827798426,3.790632048994303,1.4422897468321025,0.9431039746850729,460,/scratch/project_2013233/enchanted_plugins/data/ascot_DT-D_sobol_seq_extended_take2/batch_0/ascot_sdcc_workflow_runner-b42ca3e9-115b-4e42-a1b6-629d36070b9e,0
9.77,0.81,0.0,10.58,114941.13260170183,1.0396331593062208e+20,183948.77560380692,2017495.5227611216,0.09117679495618246,2887262.630749797,5998900.521461431,0.028749,0.030444,44.824166,13.849707,True,True,975.9847787208855,4.552478953823448,1.072597702499479,1.0875230838544667,472,/scratch/project_2013233/enchanted_plugins/data/ascot_DT-D_sobol_seq_extended_take2/batch_0/ascot_sdcc_workflow_runner-62c1dee7-fda7-4656-981a-86e6d5fd3f1b,0
7.87,0.71,0.0,8.58,233300.3372598044,1.0502042223046484e+20,134919.83538651667,1356515.187710585,0.09946061541280882,7199932.019680072,11125811.66356299,0.0004,0.0,29.730306,9.856357,True,True,896.104063373059,8.656067373231053,1.2298996401950717,1.008348721358925,479,/scratch/project_2013233/enchanted_plugins/data/ascot_DT-D_sobol_seq_extended_take2/batch_0/ascot_sdcc_workflow_runner-5dafa54e-b406-444c-95d5-249b2cce87ce,0
7.37,0.31,0.0,7.69,105613.16099810138,9.479210164929423e+18,-2678.5090549531105,109771.77367160906,-0.02440070853702412,1066410.9969015538,9650595.967889188,0.0,0.0002,9.599486,1.910213,True,True,683.8406044989824,10.315662154555321,1.0216358406469226,0.877009531389922,477,/scratch/project_2013233/enchanted_plugins/data/ascot_DT-D_sobol_seq_extended_take2/batch_0/ascot_sdcc_workflow_runner-058576dd-37d9-4598-b953-7c1dd8e74044,0
11.59,0.82,0.0,12.41,270681.1055164653,1.3044748613490026e+20,88195.95463895399,1846895.595417938,0.047753622271753775,6801181.2174308365,12326685.708357796,0.002394,0.001996,25.601596,8.652574,True,True,927.4445124901831,6.625943357124925,1.3855846687220037,0.8129574236460031,464,/scratch/project_2013233/enchanted_plugins/data/ascot_DT-D_sobol_seq_extended_take2/batch_0/ascot_sdcc_workflow_runner-0ca4abd9-0200-4580-bf8d-96eda4de4aba,0
7.48,0.81,0.0,8.29,23281.110835521602,1.0647195791943552e+20,274733.5917652415,1384360.2114107432,0.19845527883618677,5797178.138205274,5685762.786170572,0.000799,0.0006,43.189744,14.792443,True,True,760.1199229247868,7.191040251776576,1.3405203120782971,1.4339073912240565,476,/scratch/project_2013233/enchanted_plugins/data/ascot_DT-D_sobol_seq_extended_take2/batch_0/ascot_sdcc_workflow_runner-ad02996c-c260-4599-b08d-304235fb65e9,0
7.7,0.72,0.0,8.42,0.0,6.682076894324386e+19,122886.2370114008,722665.0524651972,0.1700459107469001,3218441.726955832,2239641.411763291,0.001398,0.000999,41.77223,14.072525,True,True,534.6683720126748,5.562207173556089,1.4081883477047086,1.3026103626005352,478,/scratch/project_2013233/enchanted_plugins/data/ascot_DT-D_sobol_seq_extended_take2/batch_0/ascot_sdcc_workflow_runner-7e0a0f49-49a2-4113-b90b-486af4ec53b0,0
5.67,0.76,0.0,6.43,5064.847631711947,4.0035536667729396e+19,57238.976419100996,364913.24563166173,0.15685639560718279,3483510.799252752,3792502.846492684,0.0,0.0,33.598928,11.148434,True,True,579.5473363250494,9.797095786035062,1.250739614944905,1.201561641599983,473,/scratch/project_2013233/enchanted_plugins/data/ascot_DT-D_sobol_seq_extended_take2/batch_0/ascot_sdcc_workflow_runner-d476251c-afba-467c-bae4-7e1c8552817b,0
8.36,0.72,0.0,9.08,34058.51762938396,8.953692145578086e+19,90719.0733625386,1234698.767308669,0.0734746609979074,4341253.916212393,6046299.702608538,0.002195,0.001797,32.514587,9.985186,True,True,701.8602835014462,6.084925172477961,1.1788118830882013,0.956514362897724,474,/scratch/project_2013233/enchanted_plugins/data/ascot_DT-D_sobol_seq_extended_take2/batch_0/ascot_sdcc_workflow_runner-81c7f376-b858-4bca-afb3-e4ff1cd36eb3,0
6.59,0.88,0.0,7.47,90327.04494672731,9.660519765255563e+19,215772.70924926232,1058601.5208851884,0.20382807410746592,8575317.540883841,9196788.131468138,0.0004,0.0,35.426345,13.022804,True,True,867.8288604132831,11.290577176585794,1.4976066607050598,1.3325269077904522,475,/scratch/project_2013233/enchanted_plugins/data/ascot_DT-D_sobol_seq_extended_take2/batch_0/ascot_sdcc_workflow_runner-fa0a3011-af7f-494b-8ef3-09de022824eb,0
6.51,0.59,0.0,7.1,155051.12211685395,1.0888963768914754e+20,92565.51431908729,1658748.242823356,0.05580443850932525,5539492.383377245,10546045.608780256,0.00319,0.001797,31.515767,9.326885,True,True,900.7699876092374,6.953540265932679,1.0345810893923044,0.9046590495854616,480,/scratch/project_2013233/enchanted_plugins/data/ascot_DT-D_sobol_seq_extended_take2/batch_0/ascot_sdcc_workflow_runner-a7d1214b-6ca4-47d3-a630-90e3be254a11,0
6.68,0.73,0.0,7.4,24763.293263887677,9.591988868727162e+19,159903.13031765007,1403851.2184652863,0.11390318875276459,3755054.9639832005,4437097.079039364,0.004182,0.002195,40.086585,12.589192,True,True,675.5353361368179,5.192431797087193,1.216935196891427,1.1236557448282838,482,/scratch/project_2013233/enchanted_plugins/data/ascot_DT-D_sobol_seq_extended_take2/batch_0/ascot_sdcc_workflow_runner-8036a3cd-4c25-4c1e-bbed-3dc4169f1108,0
6.76,0.7,0.0,7.46,42864.71915758868,5.143559700542068e+19,57622.759921998266,563466.2740186867,0.10226478953394692,4259207.840833426,6537007.892781857,0.0,0.0,29.544332,9.219968,True,True,688.763759098947,9.624403723329307,1.124120716471225,1.0277339769527316,485,/scratch/project_2013233/enchanted_plugins/data/ascot_DT-D_sobol_seq_extended_take2/batch_0/ascot_sdcc_workflow_runner-89998ebf-02e6-4880-a852-beede186c8a2,0
5.31,0.68,0.0,5.99,2673.860331905518,8.162918160467345e+19,204042.35047150307,982757.4163620876,0.20762229526266493,3802167.6288836487,2701662.0897014933,0.001199,0.000799,45.654386,15.750542,True,True,592.3305191099644,5.732789468765259,1.4460528590716422,1.4799948809668422,486,/scratch/project_2013233/enchanted_plugins/data/ascot_DT-D_sobol_seq_extended_take2/batch_0/ascot_sdcc_workflow_runner-803a450b-6c4d-416c-bd97-f7db50a3ba9c,0
10.1,0.83,0.0,10.93,0.0,3.716292737355604e+19,64373.42332258288,309740.17121531285,0.20783039884689133,3319015.08634194,2849413.202629334,0.0,0.0,38.076173,13.182254,True,True,543.4537557885051,10.160193199664354,1.3535150028765202,1.4063005963340403,481,/scratch/project_2013233/enchanted_plugins/data/ascot_DT-D_sobol_seq_extended_take2/batch_0/ascot_sdcc_workflow_runner-6cba99ec-a531-4f1e-8dca-b9a8e508491e,0
23.55,1.04,0.0,24.58,167093.66671820963,1.3190601106535322e+20,367105.61568892485,1718745.3305421243,0.21358930212955568,9057613.272630222,9854746.695560878,0.0,0.0,41.224683,14.947411,True,True,989.3358903937042,9.492720980197191,1.4255283898673952,1.4621500510722398,455,/scratch/project_2013233/enchanted_plugins/data/ascot_DT-D_sobol_seq_extended_take2/batch_0/ascot_sdcc_workflow_runner-1798b8de-9f41-4585-9ba5-cd9ba651160b,0
7.63,1.02,0.0,8.65,55196.407392559624,7.819085394979845e+19,60283.87290795431,950871.0401988056,0.06339857915469832,4944665.076807965,7526414.239574241,0.0004,0.0004,26.371679,8.38222,True,True,720.1043274253607,7.331296864897013,1.2799300383776426,0.8759451927617192,490,/scratch/project_2013233/enchanted_plugins/data/ascot_DT-D_sobol_seq_extended_take2/batch_0/ascot_sdcc_workflow_runner-1d1daaa0-1647-4f58-b16f-2a710d7059a8,0
7.68,1.01,0.0,8.69,89088.18092640142,1.2795270893409147e+20,225159.2981183503,2402026.452673699,0.09373722669362163,3850081.626433772,7084043.475413481,0.018646,0.013223,35.383906,13.060632,True,True,946.0448767058551,4.881126036867499,1.472566632553935,1.0074478935450315,488,/scratch/project_2013233/enchanted_plugins/data/ascot_DT-D_sobol_seq_extended_take2/batch_0/ascot_sdcc_workflow_runner-aad69704-6054-4028-9afa-b2a2c148d415,0
9.15,0.73,0.0,9.88,9081.892849771397,6.150728977905204e+19,108439.30615260419,674395.2857726216,0.16079487570612327,4159412.392242376,4246895.829689216,0.0,0.0,39.281953,12.501366,True,True,623.6712085083127,8.02369233816862,1.1655213534832,1.2815944658592344,489,/scratch/project_2013233/enchanted_plugins/data/ascot_DT-D_sobol_seq_extended_take2/batch_0/ascot_sdcc_workflow_runner-b9a69478-cd14-4c8d-a26e-b8e16a76d10c,0
10.57,0.79,0.0,11.36,36918.43773332862,1.1092897095932808e+20,304352.32493528124,2119944.777366388,0.14356615709272333,2935994.9981198306,4450573.775542734,0.023056,0.018838,47.199612,15.707109,True,True,866.5432906709611,4.330567859485745,1.302304978016764,1.2613080225884914,484,/scratch/project_2013233/enchanted_plugins/data/ascot_DT-D_sobol_seq_extended_take2/batch_0/ascot_sdcc_workflow_runner-60d9657a-3935-4b79-a533-dc5d17525129,0
40.17,0.72,0.0,40.89,12360.472402587273,6.345377697241429e+19,94688.62094395289,746800.9620064908,0.12679231249186568,4084827.382699818,4964296.048292692,0.0002,0.0006,37.880953,11.448673,True,True,649.8526451177895,7.8294801447540525,1.0370518323034048,1.1737649909220635,429,/scratch/project_2013233/enchanted_plugins/data/ascot_DT-D_sobol_seq_extended_take2/batch_0/ascot_sdcc_workflow_runner-c3d698a4-3f6b-4a1c-afa2-8ba7d6acc1fc,0
7.02,0.7,0.0,7.71,44200.774455737264,8.476913943776775e+19,187904.50264118885,1025536.2381562145,0.18322560983219627,6755724.541408211,8212657.026361626,0.0,0.0002,42.001416,13.534458,True,True,835.4466226883233,10.438999900594354,1.082226112484932,1.4131391193717717,491,/scratch/project_2013233/enchanted_plugins/data/ascot_DT-D_sobol_seq_extended_take2/batch_0/ascot_sdcc_workflow_runner-dc91304a-774d-46fd-a577-ce3114740f9d,0
5.32,0.64,0.0,5.97,11298.727944111473,7.2027361359512895e+19,129707.56694435014,924559.6358344156,0.14029118503241708,3748745.173431773,4008271.9257009476,0.001398,0.0006,42.556337,12.843978,True,True,626.8739309161901,6.4946453858166935,1.0687962104566395,1.2535259979777038,498,/scratch/project_2013233/enchanted_plugins/data/ascot_DT-D_sobol_seq_extended_take2/batch_0/ascot_sdcc_workflow_runner-a93a6a6a-bedc-47f0-a900-43ad8d327be6,0
6.54,0.68,0.0,7.22,32616.573596760732,1.0965295196719902e+20,271026.3876980975,1604467.464550645,0.16891984018759923,5135508.504005664,5928126.072575186,0.001597,0.001996,43.46567,14.23125,True,True,786.6652267985046,6.470698956772685,1.2393144355155528,1.3391778215765953,492,/scratch/project_2013233/enchanted_plugins/data/ascot_DT-D_sobol_seq_extended_take2/batch_0/ascot_sdcc_workflow_runner-2fad8e2f-bdc8-4559-99d1-529da92328e8,0
7.75,0.89,0.0,8.64,654123.3897623296,7.032423235084546e+19,41070.90258971631,877348.7215301521,0.046812517738768725,6526361.723230015,15699649.634508697,0.0,0.0002,22.006505,6.667392,True,True,977.1411851979792,10.987660504505039,1.1272773039527237,0.8090891130268574,487,/scratch/project_2013233/enchanted_plugins/data/ascot_DT-D_sobol_seq_extended_take2/batch_0/ascot_sdcc_workflow_runner-c3dedbd3-e0a5-49e6-8f8a-e0da7a61d9c3,0
5.7,0.91,0.0,6.61,81755.06015473096,1.1286781874512218e+20,202414.68145019037,1427051.8033989463,0.14184115879190923,6870845.732113917,8213568.9923276305,0.000799,0.0002,33.350378,11.877647,True,True,817.3968154005706,7.766729409992696,1.419775702059269,1.1368947547860444,500,/scratch/project_2013233/enchanted_plugins/data/ascot_DT-D_sobol_seq_extended_take2/batch_0/ascot_sdcc_workflow_runner-82ea474a-cd46-49ff-ae00-8e0b7f7de122,0
8.58,0.39,0.0,8.97,21492.324923184697,8.081469309519805e+18,-1157.2454666734689,75847.6414488884,-0.015257501018713997,904055.1175529091,5198464.66571706,0.0,0.0,8.925815,2.009733,True,True,529.4630574062467,9.352665514871479,1.4859965951181948,0.8389053079299629,497,/scratch/project_2013233/enchanted_plugins/data/ascot_DT-D_sobol_seq_extended_take2/batch_0/ascot_sdcc_workflow_runner-ed357cb0-88e6-4c04-84b5-868b008f720b,0
8.78,0.36,0.0,9.14,90906.82177409863,7.677589060726992e+18,-586.1946729433687,76904.29512156008,-0.007622391857526165,1041333.7833305859,8624950.966095965,0.0,0.0,8.092536,1.806778,True,True,644.1336730495095,11.693269827961922,1.4371041064150631,0.9717821737751365,493,/scratch/project_2013233/enchanted_plugins/data/ascot_DT-D_sobol_seq_extended_take2/batch_0/ascot_sdcc_workflow_runner-78f696bb-7c56-49d3-ba5b-c45e47f78bfd,0
10.03,0.76,0.0,10.79,76950.78372231197,9.283580916139896e+19,169503.27291502838,1080465.8562377533,0.1568798050733865,6280584.280855396,6959012.969738035,0.000799,0.0,34.028363,11.995257,True,True,755.5079408921301,8.368323027715087,1.395212847739458,1.18726061321795,483,/scratch/project_2013233/enchanted_plugins/data/ascot_DT-D_sobol_seq_extended_take2/batch_0/ascot_sdcc_workflow_runner-f75ba357-1529-4323-8eec-2d6a3f106bbc,0
8.13,0.69,0.0,8.82,12284.426896418081,8.277977933487261e+19,71901.98114436354,1101009.184399416,0.06530552348079184,3379696.8069068235,3954785.086710581,0.004381,0.001597,32.359587,10.322093,True,True,606.320621445775,4.920757800713181,1.3286927565932274,0.9180790237151086,502,/scratch/project_2013233/enchanted_plugins/data/ascot_DT-D_sobol_seq_extended_take2/batch_0/ascot_sdcc_workflow_runner-968b7bf5-62b9-497f-84e5-5e0ff0cf4bc4,0
7.56,0.43,0.0,7.99,8302.969839381338,1.0611031878152451e+20,300434.75726347126,1788269.871083085,0.16800303025935884,3224882.861628906,3360443.0763995987,0.012053,0.010293,47.569191,15.958186,True,True,706.2671631574631,4.421405098959804,1.3817872372455895,1.3476414437405766,506,/scratch/project_2013233/enchanted_plugins/data/ascot_DT-D_sobol_seq_extended_take2/batch_0/ascot_sdcc_workflow_runner-2f6f442d-22d3-4a77-8dd0-7b64a5518e49,0
7.35,0.7,0.0,8.04,138411.7346276468,1.1140205276300997e+20,279642.13021782454,1708016.5784153396,0.1637233114430718,6212341.356985618,9112806.088197926,0.001797,0.000999,44.668463,14.161526,True,True,963.6345882900059,8.115106297284365,1.025399124249816,1.371004053670913,503,/scratch/project_2013233/enchanted_plugins/data/ascot_DT-D_sobol_seq_extended_take2/batch_0/ascot_sdcc_workflow_runner-79b4af7f-00d0-4e92-b3a0-77744a21aa13,0
7.5,0.81,0.0,8.31,62244.7488772226,8.736048235455185e+19,138017.9009353325,980711.6152071031,0.14073240165120954,5970101.034925086,6740527.131398513,0.0002,0.0004,31.166264,11.224783,True,True,733.0178059637547,8.245763399451972,1.4596178075298667,1.1108908700756728,469,/scratch/project_2013233/enchanted_plugins/data/ascot_DT-D_sobol_seq_extended_take2/batch_0/ascot_sdcc_workflow_runner-4a729bd7-3bfc-46f2-824f-3ef81aa21e23,0
8.35,0.6,0.0,8.95,55414.24385196081,9.62901365840622e+19,331963.99177239527,1919311.1344375869,0.1729599676759392,2326698.4706140026,3676848.4308769912,0.03082,0.033443,55.299761,17.823205,True,True,914.2752732150257,4.0772869169712065,1.1828612168319523,1.472053421381861,496,/scratch/project_2013233/enchanted_plugins/data/ascot_DT-D_sobol_seq_extended_take2/batch_0/ascot_sdcc_workflow_runner-dff192f6-3771-4cba-896e-05e72eebef6d,0
8.46,0.32,0.0,8.78,42094.40995179799,5.845501822748369e+18,-1199.9190775748175,58385.32131782463,-0.020551725168094444,759834.5110644074,6119811.253474308,0.0,0.0,11.353792,2.259985,True,True,575.1614300534129,11.423541595414282,1.0480067604221404,1.072431258391589,505,/scratch/project_2013233/enchanted_plugins/data/ascot_DT-D_sobol_seq_extended_take2/batch_0/ascot_sdcc_workflow_runner-96a8d0c1-394a-406d-81bc-d2f742c289e8,0
6.95,0.74,0.0,7.69,159753.8043155798,1.3134647934831978e+20,333046.9884036012,2249564.7629974606,0.14804952223728318,5230039.858584887,8088655.8082377985,0.005767,0.005173,40.131371,14.140432,True,True,995.0381605885923,6.215325926989317,1.3708429452963173,1.2166093499399722,504,/scratch/project_2013233/enchanted_plugins/data/ascot_DT-D_sobol_seq_extended_take2/batch_0/ascot_sdcc_workflow_runner-7f0f392b-9b27-425d-92e0-be487ff82bc3,0
6.71,0.82,0.0,7.53,1576.0478498818673,5.255869671157757e+19,97387.93851434819,480559.4443540569,0.20265534193225984,3921495.3936154605,3071319.626378321,0.0,0.0,38.532233,13.530866,True,True,568.428544793278,8.593450663983822,1.4172381944954395,1.384510221518576,441,/scratch/project_2013233/enchanted_plugins/data/ascot_DT-D_sobol_seq_extended_take2/batch_0/ascot_sdcc_workflow_runner-2bc2c905-13cb-4f9c-ad05-ab860e4376df,0
6.79,0.88,0.0,7.67,32635.356167610244,7.565962449184968e+19,179467.49062450242,786641.6533319098,0.22814389482726669,6935985.940221433,6729583.075161427,0.0,0.0,38.753573,13.973973,True,True,770.0164304114878,11.524261057376862,1.458388369064778,1.4742333465255797,515,/scratch/project_2013233/enchanted_plugins/data/ascot_DT-D_sobol_seq_extended_take2/batch_0/ascot_sdcc_workflow_runner-529b10b4-2a60-4e8f-916b-b4be451cb642,0
14.55,0.95,0.0,15.5,174348.82538382217,1.1856921908633741e+20,198195.5951620951,1517928.6016978254,0.13056977445474735,8118457.810033582,11274925.258914951,0.0,0.0004,32.114244,11.158635,True,True,931.9276292808354,8.853450437262655,1.3152666543610394,1.1029317080974579,495,/scratch/project_2013233/enchanted_plugins/data/ascot_DT-D_sobol_seq_extended_take2/batch_0/ascot_sdcc_workflow_runner-24aa33a3-e731-4920-a327-5e74c7833642,0
7.42,0.62,0.0,8.04,56182.7795970386,1.0060977428613643e+20,163691.03980746737,1996305.9628572657,0.08199696982980517,2326078.5940196663,4618622.359815721,0.051053,0.045437,46.07699,14.093555,True,True,886.4727444015443,3.8263972721993924,1.0964063159190118,1.0555538185872138,512,/scratch/project_2013233/enchanted_plugins/data/ascot_DT-D_sobol_seq_extended_take2/batch_0/ascot_sdcc_workflow_runner-fcd68123-2bd2-4334-9a78-2414ea213194,0
12.05,0.74,0.0,12.79,61663.34394476168,5.857667446775039e+19,91712.03236410955,630925.0045303182,0.1453612263035653,5342020.186559223,7338920.736663639,0.0,0.0,31.725655,10.554462,True,True,737.426714040339,10.922113078460098,1.2258882727473974,1.1521461612544954,501,/scratch/project_2013233/enchanted_plugins/data/ascot_DT-D_sobol_seq_extended_take2/batch_0/ascot_sdcc_workflow_runner-bdd5dbae-bbc5-4834-a8b1-17ff096bb8c2,0
9.72,0.71,0.0,10.43,124587.71999476157,5.893422828856079e+19,80150.63608922237,634950.6204435439,0.1262312902903115,5803419.097106325,9426752.31794859,0.0,0.0,27.614993,9.358531,True,True,804.6547737903893,11.800785686820745,1.2625901163555682,1.0573892765678465,499,/scratch/project_2013233/enchanted_plugins/data/ascot_DT-D_sobol_seq_extended_take2/batch_0/ascot_sdcc_workflow_runner-b0a56ebc-6829-4cec-bedf-7addcdec1202,0
7.42,0.67,0.0,8.09,81395.23937669919,1.2029726233817637e+20,314185.7222730378,1660854.4521388414,0.18917113529631135,6554958.727205424,7238702.971336381,0.0004,0.000999,41.555516,14.459216,True,True,850.1431881450117,7.490527374297381,1.3636398361995816,1.3783970278687776,516,/scratch/project_2013233/enchanted_plugins/data/ascot_DT-D_sobol_seq_extended_take2/batch_0/ascot_sdcc_workflow_runner-dc8d8c40-2374-4c34-b65d-dc7ad96be6bd,0
5.55,0.71,0.0,6.26,14745.220444287912,4.825819293505334e+19,43076.433342476455,504797.52582653856,0.08533408176267217,3076404.607777376,3609355.54400561,0.0,0.0002,31.461146,9.527045,True,True,560.5616308748722,7.061632844433189,1.1407067440450191,0.9933423190377653,510,/scratch/project_2013233/enchanted_plugins/data/ascot_DT-D_sobol_seq_extended_take2/batch_0/ascot_sdcc_workflow_runner-5ccbaee0-7d14-49bb-b4e7-796b86fb3058,0
7.84,0.76,0.0,8.6,0.0,4.262555574466281e+19,65570.01291271241,386701.6201639834,0.1695622916834613,3446129.9827550687,3222437.957219684,0.0,0.0,35.534089,11.919515,True,True,560.195273719728,9.087420307472348,1.2892407434992492,1.255362186115235,513,/scratch/project_2013233/enchanted_plugins/data/ascot_DT-D_sobol_seq_extended_take2/batch_0/ascot_sdcc_workflow_runner-e6562a7d-007f-4196-95ac-87cfccc01acb,0
8.32,0.83,0.0,9.14,125746.3455770344,1.0821183111131052e+20,242212.8989755448,1244575.3295221052,0.1946148965274366,8561154.699535979,9309219.32277999,0.0,0.0,36.074377,13.169481,True,True,882.9327956773341,10.183691082894802,1.4633922893553972,1.3175725956447422,511,/scratch/project_2013233/enchanted_plugins/data/ascot_DT-D_sobol_seq_extended_take2/batch_0/ascot_sdcc_workflow_runner-9fd2b835-ed66-418c-b2b8-3b96ed830861,0
10.12,0.75,0.0,10.86,238771.86427980347,7.785814348528242e+19,79073.63318340718,946132.3129087557,0.08357566072371632,6264542.703378395,10938308.883190677,0.0,0.0,26.487215,8.505557,True,True,848.8002666272223,9.664484032988549,1.1996071957983077,0.9414412842132152,507,/scratch/project_2013233/enchanted_plugins/data/ascot_DT-D_sobol_seq_extended_take2/batch_0/ascot_sdcc_workflow_runner-7cf31091-9165-4ad2-a32c-57ac172bfd44,0
6.15,0.62,0.0,6.77,7528.75883305466,8.24032806023679e+19,142104.52308637524,1105141.6293458499,0.12858489745833668,3079296.619831371,2666790.816877697,0.004579,0.002593,40.663579,13.500515,True,True,577.4806141853333,4.655834936723113,1.3838633792474866,1.159877698775381,518,/scratch/project_2013233/enchanted_plugins/data/ascot_DT-D_sobol_seq_extended_take2/batch_0/ascot_sdcc_workflow_runner-28ea5a05-b139-4279-ab6a-4f4fe1e6ed0c,0
6.52,0.47,0.0,7.0,24470.930307866376,1.0997614412057223e+20,192026.32404890246,1931589.880947595,0.09941361048894014,3076122.364068644,4266011.987220049,0.016909,0.020952,40.428234,13.44061,True,True,735.1072896271944,4.170812638476491,1.3432181640528142,1.0651263828389346,522,/scratch/project_2013233/enchanted_plugins/data/ascot_DT-D_sobol_seq_extended_take2/batch_0/ascot_sdcc_workflow_runner-ebe1b143-ff5b-478a-8b2e-0f85c5760a97,0
12.2,0.77,0.0,12.96,71158.17705847567,1.0117947858981646e+20,67980.10054209619,1568741.710253577,0.043334157623123086,4301872.752808452,7632025.165230856,0.004975,0.00319,31.827742,9.271929,True,True,773.3121789060533,5.692223594337702,1.1067813448607922,0.8620219175703824,508,/scratch/project_2013233/enchanted_plugins/data/ascot_DT-D_sobol_seq_extended_take2/batch_0/ascot_sdcc_workflow_runner-0ed6bf7f-f01a-4a32-b00c-47d45d878b07,0
8.51,0.65,0.0,9.16,282475.8794156341,1.2711965152941693e+20,233599.5543094597,1884361.6398145382,0.12396747491232676,7120205.180663468,11070275.221438728,0.002394,0.002195,36.115742,11.904729,True,True,993.4511580504477,7.8645389333367355,1.1909392578527331,1.1291626540012658,519,/scratch/project_2013233/enchanted_plugins/data/ascot_DT-D_sobol_seq_extended_take2/batch_0/ascot_sdcc_workflow_runner-5c377984-bd37-4351-a0e9-0092b074870c,0
7.0,0.93,0.0,7.93,104103.6894162756,8.229276830937167e+19,146851.72306499167,1047574.215275143,0.14018264379141998,5953910.3295135135,8456405.538462153,0.0,0.0002,38.067733,11.849322,True,True,818.983577657491,9.399536197632552,1.0213717664591968,1.223913620505482,523,/scratch/project_2013233/enchanted_plugins/data/ascot_DT-D_sobol_seq_extended_take2/batch_0/ascot_sdcc_workflow_runner-334adf6c-1b03-4a1f-bc7d-51819fb66ed8,0
7.9,0.81,0.0,8.71,4747.982217633163,4.031334475222008e+19,69424.05666095272,364847.34571140946,0.1902824769783756,3871483.201760805,4153048.6686473847,0.0,0.0,37.371397,12.498663,True,True,608.8842460885644,11.147314588353039,1.2272301013581455,1.3552907864563166,521,/scratch/project_2013233/enchanted_plugins/data/ascot_DT-D_sobol_seq_extended_take2/batch_0/ascot_sdcc_workflow_runner-1cfd5717-4f07-4700-8916-6bc71cb6ff4d,0
6.14,0.79,0.0,6.92,0.0,4.938991575491124e+19,94809.92776835937,522046.4082559616,0.18161206794832244,2913466.2829202646,2429377.815324871,0.0006,0.0002,46.827437,14.290368,True,True,528.8528557866812,6.785215422883629,1.0718489149585366,1.450860050227493,526,/scratch/project_2013233/enchanted_plugins/data/ascot_DT-D_sobol_seq_extended_take2/batch_0/ascot_sdcc_workflow_runner-3f1d51f3-3be9-41e9-ac9c-6d54d8f85589,0
6.55,0.73,0.0,7.28,118888.40764569517,1.2594659488585374e+20,264146.29534058814,1887176.8579737232,0.13996901998056724,6399739.839314117,9204195.487636937,0.002792,0.001996,38.305403,12.782866,True,True,931.561331730336,7.220900278910994,1.245050779543817,1.1908911515027285,528,/scratch/project_2013233/enchanted_plugins/data/ascot_DT-D_sobol_seq_extended_take2/batch_0/ascot_sdcc_workflow_runner-3b35e900-0681-4ca0-a747-53ec0953c932,0
7.45,0.33,0.0,7.78,113683.10481831721,9.893503329066222e+18,-2569.1646847423576,114464.35025588324,-0.02244510783487637,1155299.4471497578,10417505.358231436,0.0,0.0,9.503083,1.914999,True,True,703.703778795898,10.664368105307222,1.0613133860751987,0.9106866127811373,517,/scratch/project_2013233/enchanted_plugins/data/ascot_DT-D_sobol_seq_extended_take2/batch_0/ascot_sdcc_workflow_runner-d90d64da-d7b4-4f94-b0f4-d243f3ba4b08,0
8.18,0.91,0.0,9.1,2318.450013782417,6.963271877173943e+19,150623.79986757776,732498.0012404533,0.20563032201112214,5051584.2202267125,4540704.570178795,0.0,0.0,41.395679,14.010594,True,True,657.9721486195922,8.787621692195534,1.2888754773885012,1.44893649360165,509,/scratch/project_2013233/enchanted_plugins/data/ascot_DT-D_sobol_seq_extended_take2/batch_0/ascot_sdcc_workflow_runner-6b6f5cc1-d735-4f76-ab95-86f542bfc23d,0
7.52,0.76,0.0,8.28,20570.473821819895,5.519764777255617e+19,60825.512938896405,545346.776506354,0.11153547716658725,4158593.3377322676,5028639.39542388,0.0,0.0,25.967505,9.45823,True,True,627.2400515154004,8.536839130148293,1.498326658271253,0.9910796358250082,525,/scratch/project_2013233/enchanted_plugins/data/ascot_DT-D_sobol_seq_extended_take2/batch_0/ascot_sdcc_workflow_runner-423aea5a-61fc-4629-8612-b705fc302bb5,0
5.79,0.87,0.0,6.65,8757.294718607734,7.12768088419521e+19,161217.87543974517,788191.1823925368,0.20454158716971674,5645149.150367823,5853200.725354358,0.0,0.0,42.889067,14.107597,True,True,721.4471893385053,9.898490828275682,1.1627127914689481,1.4890114737674593,533,/scratch/project_2013233/enchanted_plugins/data/ascot_DT-D_sobol_seq_extended_take2/batch_0/ascot_sdcc_workflow_runner-1853e683-4980-40ef-a12d-b770285ea1e4,0
10.95,0.7,0.0,11.65,30338.95802072702,1.1038665760754278e+20,282795.1061814389,1824718.1699744356,0.1549801557494223,4070009.6715916027,5304001.327902029,0.007346,0.006162,46.421909,14.739357,True,True,801.1145885102451,5.4270855948328975,1.1766346702352166,1.3198360507376492,524,/scratch/project_2013233/enchanted_plugins/data/ascot_DT-D_sobol_seq_extended_take2/batch_0/ascot_sdcc_workflow_runner-2927b441-a6cf-4aad-8320-1d91e54a41ff,0
11.97,0.88,0.0,12.85,173913.23872298695,1.407335289227704e+20,175160.99165422088,2255154.2294410057,0.07767140241119506,5804878.288221177,10325371.138362471,0.009312,0.00774,30.873391,10.911689,True,True,962.2919070534408,5.9575558573007585,1.4084241106174886,0.9337925464846194,520,/scratch/project_2013233/enchanted_plugins/data/ascot_DT-D_sobol_seq_extended_take2/batch_0/ascot_sdcc_workflow_runner-71e0d829-549e-400c-baf3-6aa925c4c56b,0
7.56,0.96,0.0,8.52,164803.596161667,9.258483302375185e+19,180879.0776340393,1151073.7506013706,0.15713943397592053,7914596.81368455,11242130.322570706,0.0,0.0004,37.601741,12.186424,True,True,948.3641204424202,11.254570000246167,1.0896733640693128,1.2699794180691242,535,/scratch/project_2013233/enchanted_plugins/data/ascot_DT-D_sobol_seq_extended_take2/batch_0/ascot_sdcc_workflow_runner-1bc4b2e6-f1ba-4b05-9205-ae0182c0efa6,0
5.95,0.58,0.0,6.53,42634.410097976885,9.241446321681487e+19,138063.1996794139,1329005.3281715282,0.10388460960451075,4664955.310023813,6706830.664003611,0.001797,0.002593,37.879406,11.399832,True,True,755.8740018866956,6.719366588070988,1.043493169825524,1.0997290000319482,540,/scratch/project_2013233/enchanted_plugins/data/ascot_DT-D_sobol_seq_extended_take2/batch_0/ascot_sdcc_workflow_runner-ed792e5a-9254-4f72-b20b-887d476e1f7a,0
11.9,0.79,0.0,12.69,1246.9344051592554,2.795682749589477e+19,32786.92305244043,217011.84889567958,0.15108356165474415,2633716.7251604563,2838411.496734052,0.0,0.0,28.890465,10.16651,True,True,515.5920991674066,10.409096212685109,1.4223345601931214,1.1200257698073983,529,/scratch/project_2013233/enchanted_plugins/data/ascot_DT-D_sobol_seq_extended_take2/batch_0/ascot_sdcc_workflow_runner-6e293335-936a-4f4e-8d13-676e1d8c7038,0
10.47,0.67,0.0,11.14,15113.396605006255,7.684685562201581e+19,88890.89333621351,937759.5943572792,0.09479070528426581,3865493.188458087,4353728.767356544,0.000999,0.0004,33.408389,10.692473,True,True,622.0841463655233,5.981242027133703,1.2668675552122295,1.0190618513152003,534,/scratch/project_2013233/enchanted_plugins/data/ascot_DT-D_sobol_seq_extended_take2/batch_0/ascot_sdcc_workflow_runner-ce73ccbf-6b9c-4b24-9d13-2c54cbfcc436,0
10.62,0.75,0.0,11.37,128879.69954508083,7.837536089575991e+19,71818.74800195964,925225.5083512982,0.07762296581072085,5786604.185920927,9438674.77184787,0.0002,0.0,25.050459,8.337929,True,True,787.2757245786488,8.628505462780595,1.3253975445404649,0.9013676378875971,531,/scratch/project_2013233/enchanted_plugins/data/ascot_DT-D_sobol_seq_extended_take2/batch_0/ascot_sdcc_workflow_runner-bdf35b66-ced3-47f9-81ef-ac6f7950364f,0
7.5,0.8,0.0,8.3,346004.60552769643,8.12539395605458e+19,64717.468127411754,990959.1295914089,0.06530790846449538,6815856.038656404,13595392.313192617,0.0002,0.0,23.442353,7.583989,True,True,917.5712582655251,9.925730661302806,1.2529456159099936,0.8600975890643895,527,/scratch/project_2013233/enchanted_plugins/data/ascot_DT-D_sobol_seq_extended_take2/batch_0/ascot_sdcc_workflow_runner-9e81a6bd-f74e-483d-b2e1-840015bfd2d0,0
11.05,0.44,0.0,11.48,71057.33240967171,1.279519615522891e+20,82097.28889051134,2192097.999740871,0.03745146836510781,4072455.5569663253,7705848.264428491,0.0198,0.013807,29.07547,10.068433,True,True,832.8832979314029,4.590299589559436,1.4805021504871547,0.8000732503831387,532,/scratch/project_2013233/enchanted_plugins/data/ascot_DT-D_sobol_seq_extended_take2/batch_0/ascot_sdcc_workflow_runner-dd3eb761-5f0b-462a-a3bb-53019839df3c,0
7.02,0.66,0.0,7.68,2918.8935435230096,7.412628648116136e+19,67009.78371111424,1057508.667151537,0.06336570639331884,2317422.5522238463,2399332.108154343,0.012833,0.008133,39.375393,11.825561,True,True,546.7498004436493,3.9174867600202563,1.204849276226014,0.9682343935593963,542,/scratch/project_2013233/enchanted_plugins/data/ascot_DT-D_sobol_seq_extended_take2/batch_0/ascot_sdcc_workflow_runner-7720d879-3497-4f91-822b-02ffefbecc16,0
6.73,0.72,0.0,7.45,126901.84942530804,1.2089799088393896e+20,288255.64759742096,1507219.4873105285,0.19124994735291156,8325094.553238721,9146341.737607876,0.0,0.0,38.238112,13.698949,True,True,900.1597263850272,9.127753053233027,1.401683536823839,1.342724996805191,543,/scratch/project_2013233/enchanted_plugins/data/ascot_DT-D_sobol_seq_extended_take2/batch_0/ascot_sdcc_workflow_runner-9f647287-9c85-4a02-a158-4e8d1d543f51,0
7.66,0.82,0.0,8.48,31372.15901427753,8.929883217177318e+19,185141.1712305622,1030564.323213784,0.1796502819476663,5514773.20111023,5077309.753626528,0.000799,0.0002,37.560253,13.317087,True,True,690.3505809605122,7.59835963100195,1.4444668916985393,1.2906930865719914,538,/scratch/project_2013233/enchanted_plugins/data/ascot_DT-D_sobol_seq_extended_take2/batch_0/ascot_sdcc_workflow_runner-72f929f3-20dc-4113-9224-bef55d51489d,0
8.8,0.72,0.0,9.53,90958.59727573839,1.1068254498629738e+20,371084.0569774604,2078522.1403837132,0.17853264575231084,3411192.8657192746,5334667.520332253,0.017102,0.013807,49.168775,16.77391,True,True,979.7047502361238,5.155366412177682,1.3070647595450282,1.4218993853777646,536,/scratch/project_2013233/enchanted_plugins/data/ascot_DT-D_sobol_seq_extended_take2/batch_0/ascot_sdcc_workflow_runner-80192cb3-5b6f-405c-a43b-0ce64d73eee0,0
6.96,0.45,0.0,7.41,9047.102479585854,1.0028222668157287e+20,349204.62842744356,1832094.2485596032,0.19060407438208435,2499349.4875598913,2339121.1630072696,0.018453,0.019416,53.55334,18.041617,True,True,687.380732037127,3.695611745864153,1.4200301286764443,1.4892851150594653,546,/scratch/project_2013233/enchanted_plugins/data/ascot_DT-D_sobol_seq_extended_take2/batch_0/ascot_sdcc_workflow_runner-be5595bf-725e-4fd8-b16f-ed568cb19e8a,0
5.01,0.92,0.0,5.93,296249.05003744684,1.187160108958566e+20,227222.6440309661,1381569.8662853527,0.1644669948121429,9755025.208409995,12308986.545877196,0.0004,0.0002,31.856559,11.798223,True,True,973.4212155453861,10.532172666862607,1.4867433477193117,1.1749053695239127,551,/scratch/project_2013233/enchanted_plugins/data/ascot_DT-D_sobol_seq_extended_take2/batch_0/ascot_sdcc_workflow_runner-084264cd-f47d-4f7e-9cf5-b1e5c3c500c3,0
6.62,0.79,0.0,7.41,85463.83440711262,1.270406027293998e+20,317283.83563105116,1986755.088437861,0.15969952083048344,5509205.43437542,7355471.96553437,0.004182,0.001597,41.215445,14.147546,True,True,896.7143227346241,6.367266964539885,1.3313640919514,1.2704753217287361,544,/scratch/project_2013233/enchanted_plugins/data/ascot_DT-D_sobol_seq_extended_take2/batch_0/ascot_sdcc_workflow_runner-51025db1-7f1e-4c1a-ab0e-a6948781e385,0
7.44,0.63,0.0,8.07,152745.1357557259,4.958767155120731e+19,11183.453424728401,590580.2385275004,0.018936382721867255,4058430.773419071,10129262.204028504,0.0,0.0,19.675234,5.616497,True,True,759.7538637928665,8.955097008123994,1.2231848114170134,0.8216315519995988,547,/scratch/project_2013233/enchanted_plugins/data/ascot_DT-D_sobol_seq_extended_take2/batch_0/ascot_sdcc_workflow_runner-8d8454b0-7283-491e-82b1-5891de46e311,0
6.39,0.68,0.0,7.07,258950.27877733725,7.2878433849230705e+19,85417.2600393689,877008.6933361128,0.09739613836032161,6387159.856239255,11104811.497120962,0.0,0.0004,27.824127,8.90046,True,True,864.2238066531718,10.687605604156852,1.1383847566321492,0.9983485009521247,539,/scratch/project_2013233/enchanted_plugins/data/ascot_DT-D_sobol_seq_extended_take2/batch_0/ascot_sdcc_workflow_runner-465a9965-b634-4c0c-ace3-e729475e2fd6,0
6.19,0.73,0.0,6.92,28081.054747300263,4.231716722457125e+19,41801.21363949605,397336.170505765,0.10520364553342255,3586116.978074849,4974744.558602427,0.0,0.0,24.156497,8.599211,True,True,612.2918017208576,9.52891149893403,1.4621822298504412,0.9597204088233412,553,/scratch/project_2013233/enchanted_plugins/data/ascot_DT-D_sobol_seq_extended_take2/batch_0/ascot_sdcc_workflow_runner-de0d3546-9534-49b5-ad3b-9b1bf6db0e8e,0
8.5,0.79,0.0,9.29,20774.655389956868,4.462680943572617e+19,71926.56514111583,418046.62518157845,0.17205393085011642,4497297.920219362,5634101.692969747,0.0,0.0,31.643169,11.028308,True,True,671.9952104613185,11.96039458438754,1.3497298783622682,1.2111882707104087,541,/scratch/project_2013233/enchanted_plugins/data/ascot_DT-D_sobol_seq_extended_take2/batch_0/ascot_sdcc_workflow_runner-f13c1f6b-9aac-47cd-b801-545aca760192,0
5.36,0.73,0.0,6.09,208553.24070845218,7.483734034974579e+19,112312.3385229868,837639.1281429044,0.1340820106768292,6763797.976764658,9942602.059129812,0.0,0.0,29.359004,10.061431,True,True,838.9907605014741,11.017266061529517,1.2851990372873843,1.0910675262100995,555,/scratch/project_2013233/enchanted_plugins/data/ascot_DT-D_sobol_seq_extended_take2/batch_0/ascot_sdcc_workflow_runner-2c0b835e-78c5-403b-a1a1-2834b447b936,0
6.57,0.28,0.0,6.85,27012.02430545744,4.050088093817405e+18,-796.6870332149214,38178.70399359946,-0.02086731475611334,555031.9720272183,4974635.168227254,0.0,0.0,10.897032,2.1419,True,True,531.3723254948854,11.657513929903507,1.025176825467497,1.0404846749268473,545,/scratch/project_2013233/enchanted_plugins/data/ascot_DT-D_sobol_seq_extended_take2/batch_0/ascot_sdcc_workflow_runner-51509fbb-5227-43b3-a45f-8f85788fe787,0
16.39,0.56,0.0,16.95,7596.542279537508,8.367187121336805e+19,199484.96402582966,1208798.025283248,0.16502753963308794,3447768.3083900306,3539422.8976514284,0.002792,0.001797,49.576403,14.930215,True,True,640.8378649502993,5.466969669610262,1.0074612563475966,1.4095914447680116,530,/scratch/project_2013233/enchanted_plugins/data/ascot_DT-D_sobol_seq_extended_take2/batch_0/ascot_sdcc_workflow_runner-b5a1e2c0-0fd6-4828-9bc8-679c1cc2a119,0
6.28,0.37,0.0,6.65,94030.42849080582,1.304850858481122e+20,297446.70438578184,2222613.487118104,0.13382745408040272,4734774.933942684,7150245.969331301,0.009509,0.005569,38.292425,13.775192,True,True,910.5566130019724,5.598780336230993,1.4482721518725157,1.1487908340990542,560,/scratch/project_2013233/enchanted_plugins/data/ascot_DT-D_sobol_seq_extended_take2/batch_0/ascot_sdcc_workflow_runner-f2b41594-ef6c-4f89-96c6-1cb545ac9867,0
6.76,0.72,0.0,7.47,9328.540522373267,5.378112676728997e+19,70420.5037500738,580627.0985857502,0.12128352934542498,3475540.8715580376,3698369.3075763923,0.0,0.0,34.805611,10.885152,True,True,580.8899598196149,7.360895725339651,1.1806419901549816,1.11417894391343,550,/scratch/project_2013233/enchanted_plugins/data/ascot_DT-D_sobol_seq_extended_take2/batch_0/ascot_sdcc_workflow_runner-6576e25a-2ce5-418b-9d6f-5a2fbd0c64c5,0
7.88,0.84,0.0,8.72,24385.366590743823,8.397044075550286e+19,186294.8535964303,982025.5867565878,0.18970468398050683,5371102.321735557,5194862.907760848,0.0002,0.0,41.509985,13.835962,True,True,700.273459777236,7.995868885517121,1.2647767383605242,1.3933633732609452,549,/scratch/project_2013233/enchanted_plugins/data/ascot_DT-D_sobol_seq_extended_take2/batch_0/ascot_sdcc_workflow_runner-bf0c7c7e-3634-4d37-ad0d-3284b9d342ad,0
8.95,0.83,0.0,9.78,6904.726180702172,5.372111211311283e+19,94371.82933622175,545355.8365772525,0.17304633600057473,4565388.647238179,5052256.647805057,0.0,0.0,36.913347,12.142917,True,True,656.0399830341339,10.056772535294295,1.2027591820806265,1.2938534344546497,557,/scratch/project_2013233/enchanted_plugins/data/ascot_DT-D_sobol_seq_extended_take2/batch_0/ascot_sdcc_workflow_runner-a8c5c51c-cc71-4d4c-8370-95462be2a76c,0
6.37,0.8,0.0,7.17,38382.88585406158,1.1415157373686897e+20,338479.94651644013,1804547.657741949,0.18757052221052667,4807159.986158609,5650789.815771038,0.002593,0.003388,47.792578,15.594102,True,True,821.6423788107932,6.11395009830594,1.21668071905151,1.4603118602186442,564,/scratch/project_2013233/enchanted_plugins/data/ascot_DT-D_sobol_seq_extended_take2/batch_0/ascot_sdcc_workflow_runner-486bb32a-dd50-498f-b407-c9c0647e4ebf,0
10.1,0.39,0.0,10.49,62946.596061604505,1.1325626718164841e+20,93004.03730323569,2048989.327828807,0.04539020093471476,3579350.8744151383,7408434.214842713,0.016522,0.019223,36.953534,10.858962,True,True,870.1483425684273,4.785627115890383,1.0680820606648922,0.8956789874471724,548,/scratch/project_2013233/enchanted_plugins/data/ascot_DT-D_sobol_seq_extended_take2/batch_0/ascot_sdcc_workflow_runner-b4630a30-7c9c-4fdd-bec9-d1dc58500cee,0
5.45,0.33,0.0,5.78,201969.53691226256,9.657080126072742e+18,-633.4301258655421,106429.1142225175,-0.005951662103859975,1275884.2258146056,12735165.475715179,0.0,0.0,7.040498,1.581112,True,True,749.2705583572388,11.385739797726274,1.3979163621552289,0.8287287468090654,565,/scratch/project_2013233/enchanted_plugins/data/ascot_DT-D_sobol_seq_extended_take2/batch_0/ascot_sdcc_workflow_runner-97b621cf-908c-43d6-bc0a-d748bdf94586,0
6.72,0.51,0.0,7.24,7188.393029000983,7.947602505580783e+19,150028.4535025514,1200987.6179123963,0.12492089948715435,2678527.945064481,2754223.9598252703,0.007149,0.008723,48.354293,14.162069,True,True,594.2397890612483,4.457431488856673,1.0319098220206797,1.2413412759080529,566,/scratch/project_2013233/enchanted_plugins/data/ascot_DT-D_sobol_seq_extended_take2/batch_0/ascot_sdcc_workflow_runner-0282c875-c3be-406a-9b24-c5d5b1f9a7b7,0
9.01,0.64,0.0,9.66,115665.62351505908,1.0970342109635332e+20,149623.33055975262,1431818.0042820415,0.10449884699890924,6022327.982793334,7908576.603225458,0.001398,0.000799,30.835012,10.721345,True,True,790.8502318896353,6.917795069888234,1.3800924643874168,1.0171062127687036,556,/scratch/project_2013233/enchanted_plugins/data/ascot_DT-D_sobol_seq_extended_take2/batch_0/ascot_sdcc_workflow_runner-2fd58da6-1b9c-43e5-8790-4c83c9e7309d,0
39.3,0.48,0.0,39.77,619.4720436540956,6.538082509054577e+19,96740.99647803622,955227.8264207791,0.10127531234147871,1894798.5123858405,1691843.2774827806,0.012833,0.013028,49.855834,14.168256,True,True,512.0522100478411,3.6575397066771984,1.0080706612206995,1.2079849576577544,494,/scratch/project_2013233/enchanted_plugins/data/ascot_DT-D_sobol_seq_extended_take2/batch_0/ascot_sdcc_workflow_runner-e6550328-0ae4-4419-9686-06a6bffe6977,0
11.25,0.81,0.0,12.06,3502.174623703201,4.968767951951135e+19,21138.04789997337,516948.1445257241,0.040890074031248426,2537924.442476938,2680784.721079847,0.000999,0.0002,27.509639,8.417324,True,True,500.03193598240614,5.294089069962501,1.367658831179142,0.8861109266988934,558,/scratch/project_2013233/enchanted_plugins/data/ascot_DT-D_sobol_seq_extended_take2/batch_0/ascot_sdcc_workflow_runner-81bf641b-f07d-4d1b-9d6e-0b6e4f349b89,0
6.83,0.55,0.0,7.39,27483.897109109595,1.0724976765507246e+20,271088.4607999665,2021754.207124398,0.13408576564089053,2775891.2652434483,3744980.9825476883,0.023819,0.016329,47.285313,15.350074,True,True,776.8557188101113,4.0474068626761435,1.2786873080767691,1.229039841517806,572,/scratch/project_2013233/enchanted_plugins/data/ascot_DT-D_sobol_seq_extended_take2/batch_0/ascot_sdcc_workflow_runner-cda766fc-d624-4445-9813-9fc75d457ce2,0
9.74,0.86,0.0,10.59,19329.943985726833,6.615822721786119e+19,59103.61993283835,750964.0620012921,0.07870365963363059,4151484.478558049,5340878.82214067,0.0,0.0006,27.896889,9.028007,True,True,638.3820837363601,7.0891855549067255,1.3030190747231245,0.9301085574552417,562,/scratch/project_2013233/enchanted_plugins/data/ascot_DT-D_sobol_seq_extended_take2/batch_0/ascot_sdcc_workflow_runner-df90868e-12c2-419a-9280-636a8cdb5e9f,0
7.02,0.86,0.0,7.88,1538.98543583904,3.685674732080648e+19,64619.87401380095,304403.26729499944,0.21228377273354743,3473980.5506862537,3180607.0430354,0.0,0.0,38.827202,13.323186,True,True,563.1415117532015,10.820730052515865,1.3135397024452686,1.4395933335646987,569,/scratch/project_2013233/enchanted_plugins/data/ascot_DT-D_sobol_seq_extended_take2/batch_0/ascot_sdcc_workflow_runner-741b5470-ef6d-4736-a3e2-a0123a41c12e,0
7.93,0.79,0.0,8.72,345346.62607754394,1.1209047423995293e+20,168719.37451968802,1382061.436677999,0.12207805676514022,8729035.614550168,12691856.512690555,0.0004,0.0002,28.949422,10.286123,True,True,959.5802365802228,9.768186016380787,1.3537372355349362,1.0477414507418872,567,/scratch/project_2013233/enchanted_plugins/data/ascot_DT-D_sobol_seq_extended_take2/batch_0/ascot_sdcc_workflow_runner-89517038-a392-4762-8ab2-95408f4b30d6,0
8.17,0.57,0.0,8.75,71132.50860501634,9.932115233807188e+19,281702.30356591486,1937857.9390711777,0.14536788166264436,2548308.662252184,4519131.944034749,0.033443,0.030068,51.724316,16.462656,True,True,942.2637508250773,4.302751729264855,1.1443505813367665,1.3293215920217336,552,/scratch/project_2013233/enchanted_plugins/data/ascot_DT-D_sobol_seq_extended_take2/batch_0/ascot_sdcc_workflow_runner-d125619d-31e0-4f7a-8bf8-228a3cac23b8,0
7.27,0.67,0.0,7.94,337247.6570034105,6.090728673409735e+19,64205.42776743157,712295.753497804,0.09013872040110303,6026865.52355204,12111486.199405711,0.0,0.0,24.902655,8.012334,True,True,879.1532213799655,11.82832757011056,1.1667313617654145,0.9504108529537917,575,/scratch/project_2013233/enchanted_plugins/data/ascot_DT-D_sobol_seq_extended_take2/batch_0/ascot_sdcc_workflow_runner-94d5f230-ddef-4fc4-9e8c-99d7364fb667,0
10.94,0.85,0.0,11.79,38778.6960928078,8.065762243709565e+19,170781.2369931778,941532.4558319158,0.18138645772150205,6458834.0045969775,7858539.6999532,0.0,0.0,40.65888,13.215203,True,True,808.259469922632,10.27891976237297,1.1219341456890106,1.3808063559234143,563,/scratch/project_2013233/enchanted_plugins/data/ascot_DT-D_sobol_seq_extended_take2/batch_0/ascot_sdcc_workflow_runner-4df51c34-2119-4235-a1ff-2ab1158dcf2d,0
13.29,0.72,0.0,14.01,1275.122101280691,3.2089983785585893e+19,39002.48352106802,290420.7035630159,0.13429649829563614,2600374.8682627496,2843568.1447191485,0.0,0.0,34.801935,10.801732,True,True,518.0230922996998,8.757752840593458,1.126530483365059,1.1621675757691263,561,/scratch/project_2013233/enchanted_plugins/data/ascot_DT-D_sobol_seq_extended_take2/batch_0/ascot_sdcc_workflow_runner-52637692-d042-439b-8605-f63c66270090,0
7.48,0.7,0.0,8.18,33883.002252605314,5.275152640080252e+19,66038.39833949479,587683.2982419324,0.11237072507769086,4150454.431280418,5886244.096699882,0.0,0.0,32.34787,9.944016,True,True,669.5414539426565,9.259211429581047,1.0859026205725968,1.081918886490166,573,/scratch/project_2013233/enchanted_plugins/data/ascot_DT-D_sobol_seq_extended_take2/batch_0/ascot_sdcc_workflow_runner-e5a40219-4c6f-432b-a610-bb272d49801c,0
4.79,0.36,0.0,5.15,35335.58547848029,5.206629200375972e+18,-955.6743192674169,50219.17275789748,-0.019030068931534267,663157.0270681595,5765465.924362586,0.0,0.0,8.619223,1.76888,True,True,553.9814778603613,10.473801840841771,1.174096760340035,0.8462494613602758,577,/scratch/project_2013233/enchanted_plugins/data/ascot_DT-D_sobol_seq_extended_take2/batch_0/ascot_sdcc_workflow_runner-2d52eb40-aa2d-4984-8b60-5cd4c045137a,0
8.07,0.64,0.0,8.7,33178.54187468645,1.0400609837638589e+20,124371.49952780503,1615477.3021461228,0.07698746331042874,3854115.8103758087,5458123.253819858,0.006557,0.007346,35.615578,11.228985,True,True,718.1721637025476,5.024452962353825,1.2410091403871775,0.980623852275312,570,/scratch/project_2013233/enchanted_plugins/data/ascot_DT-D_sobol_seq_extended_take2/batch_0/ascot_sdcc_workflow_runner-0aa79e65-22ff-4b59-90d7-92da15d81a29,0
7.62,0.93,0.0,8.55,319404.4620798762,1.1238542415111037e+20,74003.34476638268,1670895.7797902375,0.04428962336338714,6479944.472898596,13693610.643920617,0.001597,0.002394,28.667722,8.469578,True,True,990.9228910692036,7.728920790553094,1.0112548265606165,0.8494475811719895,568,/scratch/project_2013233/enchanted_plugins/data/ascot_DT-D_sobol_seq_extended_take2/batch_0/ascot_sdcc_workflow_runner-cea410c5-d774-4cb7-b6f7-6ca113c1860d,0
5.86,0.67,0.0,6.53,10436.6682633488,5.1644761997552706e+19,34526.83345530143,601436.9892619757,0.057407233129557526,2935446.6377106956,3889544.3929420696,0.0006,0.000799,31.632309,8.926771,True,True,568.0624819360673,6.435901006311179,1.0190264168195426,0.947640641592443,582,/scratch/project_2013233/enchanted_plugins/data/ascot_DT-D_sobol_seq_extended_take2/batch_0/ascot_sdcc_workflow_runner-90761357-c1e3-4a99-b0b7-4b40c5ee9e93,0
7.02,0.95,0.0,7.97,138853.04512817287,1.098144183457313e+20,227229.5720219789,2027701.5970598692,0.11206262911241856,3608758.582727345,6776907.105048138,0.015748,0.016329,45.022238,13.932558,True,True,956.5666224807501,5.227490601316095,1.0549973910674453,1.1679044876247644,584,/scratch/project_2013233/enchanted_plugins/data/ascot_DT-D_sobol_seq_extended_take2/batch_0/ascot_sdcc_workflow_runner-bb059956-9566-425c-8983-2296f8b745b2,0
6.79,0.65,0.0,7.44,23226.858640256953,7.05513338642733e+19,30203.415438029057,903861.2613440793,0.03341598620247904,3786481.9292242303,6028758.254995752,0.001597,0.000799,27.421381,7.838838,True,True,658.5825867950916,6.236577881500125,1.156208714004606,0.8367246526293457,514,/scratch/project_2013233/enchanted_plugins/data/ascot_DT-D_sobol_seq_extended_take2/batch_0/ascot_sdcc_workflow_runner-415b9c2a-cd57-4eaa-a441-15a07a73236a,0
18.33,0.89,0.0,19.22,112228.73918915128,1.0882756788222555e+20,282309.80040344544,1607332.678868224,0.17563868644929753,6413506.477905099,8749838.242823014,0.0006,0.001398,45.351408,14.442853,True,True,927.8108119033277,8.406406394764781,1.0497336592525244,1.4248054326511919,559,/scratch/project_2013233/enchanted_plugins/data/ascot_DT-D_sobol_seq_extended_take2/batch_0/ascot_sdcc_workflow_runner-248fba47-5013-489a-97ad-7f01e6978661,0
6.41,0.74,0.0,7.15,64079.672774465194,1.2953823773272431e+20,381753.78419977555,1845782.843775176,0.20682486322116597,6682075.333797903,7039512.427641253,0.000799,0.000799,42.526291,15.510498,True,True,876.3227015733719,7.296372758969665,1.4929829267784953,1.4428332652896643,576,/scratch/project_2013233/enchanted_plugins/data/ascot_DT-D_sobol_seq_extended_take2/batch_0/ascot_sdcc_workflow_runner-8fe7cd2c-1849-4d07-b965-c4d8a11dca66,0
5.03,0.73,0.0,5.75,209852.98019815926,7.097274289841353e+19,74560.7582732274,807064.5158746075,0.09238512759097911,6100310.229042421,10559619.575564729,0.0002,0.0,23.725036,8.280319,True,True,824.4881378486753,10.12962650321424,1.39017737749964,0.9241824019700289,587,/scratch/project_2013233/enchanted_plugins/data/ascot_DT-D_sobol_seq_extended_take2/batch_0/ascot_sdcc_workflow_runner-1791c343-a8a8-472b-8245-39450fd21aaf,0
6.31,0.91,0.0,7.22,217797.9976740013,1.1033439927048521e+20,252898.16376998936,1276988.081661027,0.19804269703209376,9897473.847995423,11553058.422849359,0.0002,0.0,37.436923,13.291165,True,True,987.970313988626,11.728197954967618,1.3378192014060915,1.3633177682757378,583,/scratch/project_2013233/enchanted_plugins/data/ascot_DT-D_sobol_seq_extended_take2/batch_0/ascot_sdcc_workflow_runner-f13adac2-8d02-4334-8d7a-5b5a64d95f4a,0
11.39,0.71,0.0,12.09,88636.16032339411,8.090170490651129e+19,84356.29767844932,1059958.9246590775,0.07958449682904596,5209471.941831254,8451150.050519012,0.0004,0.0002,30.91718,9.334919,True,True,779.8845795914531,8.054392731562258,1.0771906496956944,0.9775838505476714,579,/scratch/project_2013233/enchanted_plugins/data/ascot_DT-D_sobol_seq_extended_take2/batch_0/ascot_sdcc_workflow_runner-ec560819-e412-42bc-97a5-e9d0623706e3,0
7.66,0.77,0.0,8.43,10091.984393648621,5.488475776458152e+19,77432.6257509684,532916.9628196254,0.1452996079187983,4012915.5031621847,4085714.1836956185,0.0002,0.0002,32.377026,11.102238,True,True,599.221792537719,8.333654753118754,1.3620904022827744,1.1430107856169343,585,/scratch/project_2013233/enchanted_plugins/data/ascot_DT-D_sobol_seq_extended_take2/batch_0/ascot_sdcc_workflow_runner-091ba94b-3d51-45d3-8273-b618158023d3,0
7.36,0.71,0.0,8.07,20509.98439895868,9.811914400239428e+19,235070.1625815803,1322168.399686147,0.17779139377206465,5153861.92569181,5571241.968583656,0.0004,0.0006,44.04244,14.231029,True,True,744.4869424216449,6.984497492015362,1.1924906885251403,1.3867763260379433,586,/scratch/project_2013233/enchanted_plugins/data/ascot_DT-D_sobol_seq_extended_take2/batch_0/ascot_sdcc_workflow_runner-f210ae99-dd27-4ae1-913f-44ca2cd2f8d3,0
5.89,0.75,0.0,6.64,0.0,4.435624009760573e+19,85682.36862786885,433714.7210105669,0.19755467010256567,4094868.3588314634,4465053.615007145,0.0,0.0,42.065465,13.553073,True,True,633.4763844497502,10.956707268208266,1.0977841257117689,1.4658539114519953,589,/scratch/project_2013233/enchanted_plugins/data/ascot_DT-D_sobol_seq_extended_take2/batch_0/ascot_sdcc_workflow_runner-c48a41b9-6fe0-41fb-bb75-59387423da39,0
6.56,0.5,0.0,7.06,10692.025263716228,9.704736981959593e+19,230095.43554077554,1475219.6074104013,0.1559736830943325,3455908.8766759955,3539853.2200141503,0.005964,0.004777,46.4077,14.786043,True,True,664.5747213624418,4.850303477793932,1.2554855225607753,1.3114567564800383,578,/scratch/project_2013233/enchanted_plugins/data/ascot_DT-D_sobol_seq_extended_take2/batch_0/ascot_sdcc_workflow_runner-1e616c1c-d92e-4a48-b01d-e8a871ad3b96,0
9.3,0.37,0.0,9.67,35796.88494194064,1.0266631943898194e+20,196231.30884618344,2059329.0768459064,0.09528895165542639,2221200.1887209644,3992293.3413263145,0.046893,0.046166,45.461454,14.647695,True,True,855.8914698660374,3.626843334361911,1.2326310011558235,1.0786218643188477,580,/scratch/project_2013233/enchanted_plugins/data/ascot_DT-D_sobol_seq_extended_take2/batch_0/ascot_sdcc_workflow_runner-f84555c1-5972-46cd-a2e8-6ca37cc4dd68,0
6.46,0.62,0.0,7.08,2610.2728165100857,7.129548237319276e+19,85340.2651475948,865644.2794188451,0.09858583621079138,2646342.539445255,2130666.231662503,0.002394,0.002991,36.536266,12.562317,True,True,522.8830236010253,4.365240123867989,1.4570086221210659,1.041705716960132,590,/scratch/project_2013233/enchanted_plugins/data/ascot_DT-D_sobol_seq_extended_take2/batch_0/ascot_sdcc_workflow_runner-99ee30f5-88de-479c-9e8b-1f15a457210c,0
7.01,1.05,0.0,8.06,34026.361248288966,7.993753889996367e+19,147090.8695738238,861958.8539565023,0.17064720537257402,5860356.369813317,6047568.3452212,0.0,0.0,34.509506,12.212662,True,True,713.3275107480586,8.884276986122131,1.4107675231061876,1.2322930490598083,581,/scratch/project_2013233/enchanted_plugins/data/ascot_DT-D_sobol_seq_extended_take2/batch_0/ascot_sdcc_workflow_runner-36504fa4-200d-4475-bfdc-a48cc4801a3d,0
5.66,0.75,0.0,6.41,75940.77774482062,6.672976714239614e+19,114383.65913441095,729468.4805295769,0.1568041144853457,6230309.8056863295,8425525.284211809,0.0,0.0,33.31745,11.129467,True,True,793.7570260837674,11.458465701341629,1.2103188331238925,1.2031506390310824,595,/scratch/project_2013233/enchanted_plugins/data/ascot_DT-D_sobol_seq_extended_take2/batch_0/ascot_sdcc_workflow_runner-ab10dddd-5bb8-44a2-a399-464213af0491,0
7.11,0.71,0.0,7.81,139917.43094194477,1.0348013192030777e+20,204988.2191429029,1331396.8873320217,0.15396477270851788,7510599.840409353,10037789.254568856,0.0,0.0,37.657535,12.284241,True,True,907.6650599017739,9.589348940178752,1.1498298435471952,1.247335197776556,591,/scratch/project_2013233/enchanted_plugins/data/ascot_DT-D_sobol_seq_extended_take2/batch_0/ascot_sdcc_workflow_runner-1d2a5742-a6dc-4233-9f41-4cd00a0c11c0,0
10.21,0.56,0.0,10.77,91956.77525583546,1.1459872759977638e+20,74301.81485322883,1696915.1289983715,0.04378640603969778,5117592.766110847,8804295.894941527,0.004381,0.004579,28.150777,8.923103,True,True,811.2272936850786,5.763360186293721,1.2956215511076152,0.8232291646301747,588,/scratch/project_2013233/enchanted_plugins/data/ascot_DT-D_sobol_seq_extended_take2/batch_0/ascot_sdcc_workflow_runner-e99f2a05-f360-4326-8ef0-3e20ccd0c6ef,0
6.39,0.84,0.0,7.23,15813.392476563717,8.78560919173156e+19,129917.74527499016,1069616.80309783,0.12146195244756972,4495259.426875772,4592823.179872215,0.001597,0.0006,33.8721,11.675986,True,True,651.1953319422901,6.180523986741901,1.4040956213138998,1.0858917216770352,594,/scratch/project_2013233/enchanted_plugins/data/ascot_DT-D_sobol_seq_extended_take2/batch_0/ascot_sdcc_workflow_runner-496fb323-66c3-4418-8ea4-0ca06b8a0c99,0
6.67,0.75,0.0,7.42,0.0,6.351471042605834e+19,121229.16286492962,633547.06209707,0.19134989350855086,3640324.3778330334,2505966.8807683783,0.000799,0.0004,40.492862,14.170234,True,True,549.1825835779309,6.589862862601876,1.4689228483475745,1.360504420287907,574,/scratch/project_2013233/enchanted_plugins/data/ascot_DT-D_sobol_seq_extended_take2/batch_0/ascot_sdcc_workflow_runner-87cb0715-68e8-4ebf-b46b-ae4ed2fa656c,0
5.16,0.81,0.0,5.97,70601.88093402462,1.2073992134661728e+20,169299.26163156703,2306847.259098927,0.07338988784966052,3237794.694004646,6469063.653389312,0.029315,0.02439,36.660269,12.53048,True,True,924.8582329601049,4.390704705566168,1.3442621990107,0.9547280953265727,592,/scratch/project_2013233/enchanted_plugins/data/ascot_DT-D_sobol_seq_extended_take2/batch_0/ascot_sdcc_workflow_runner-3a873e54-74d4-4bbf-8ddb-057929b1c97a,0
6.58,0.59,0.0,7.17,5925.205444810064,8.012988291098088e+19,189972.59912888566,1075272.995272926,0.17667383070535198,3548448.1209728247,3226318.8936468223,0.001597,0.001996,48.337806,14.931698,True,True,617.0906978659332,5.661397045478225,1.1359153995290399,1.4302679671905936,598,/scratch/project_2013233/enchanted_plugins/data/ascot_DT-D_sobol_seq_extended_take2/batch_0/ascot_sdcc_workflow_runner-21981fa7-59db-4bb9-9cb4-b03c37fcad38,0
6.64,0.42,0.0,7.06,26612.439610422563,9.674323532449024e+19,36474.451184531164,1672912.568909187,0.021802963204654573,2809547.594975063,4920725.424173127,0.017102,0.017875,35.756022,10.034479,True,True,695.3677623532712,4.1119551915675405,1.0911046019755304,0.8139105352573097,602,/scratch/project_2013233/enchanted_plugins/data/ascot_DT-D_sobol_seq_extended_take2/batch_0/ascot_sdcc_workflow_runner-e9778dbb-39e0-4fc2-8a44-4baeb9a9e629,0
11.1,0.55,0.0,11.65,94499.58827962089,1.0879522204022171e+20,251993.87905284698,1647211.2690829404,0.15298212426214197,5419876.976412215,7149838.104579484,0.001996,0.000999,43.036196,13.613644,True,True,842.0196194201708,7.026704717427492,1.1156008699908853,1.2987305839546024,596,/scratch/project_2013233/enchanted_plugins/data/ascot_DT-D_sobol_seq_extended_take2/batch_0/ascot_sdcc_workflow_runner-b05d4a10-7932-438f-8124-abee91814a7a,0
4.37,0.81,0.0,5.18,189918.42117506248,1.2590314625614383e+20,188220.9464874855,2038836.7795506248,0.09231781002546502,5632491.509961392,10065316.73643521,0.005569,0.003587,35.696929,11.424347,True,True,970.5296605825424,6.525212082266808,1.1562804779969156,1.032568156067282,600,/scratch/project_2013233/enchanted_plugins/data/ascot_DT-D_sobol_seq_extended_take2/batch_0/ascot_sdcc_workflow_runner-7d29e023-0c78-4a29-bd33-405bc79d0d3f,0
7.92,0.78,0.0,8.7,386784.94203214644,1.0988226718154038e+20,106162.0932691139,1385917.4742575523,0.07660058787121206,8102828.549091115,13494165.943801695,0.0002,0.0002,24.033174,8.537608,True,True,939.4332328811288,8.818318064510823,1.4391919365152717,0.8806920294649899,599,/scratch/project_2013233/enchanted_plugins/data/ascot_DT-D_sobol_seq_extended_take2/batch_0/ascot_sdcc_workflow_runner-fcccd0e3-5d92-4c7f-b761-ee311a1d2a0c,0
40.16,0.41,0.0,40.58,31681.737651706168,1.3838797080109027e+19,-4498.854287653437,154768.4288615271,-0.029068294617622614,1259292.8865781133,6669917.890874793,0.0,0.0,11.514012,2.42588,True,True,590.987897478044,8.283577213436365,1.1103277327492833,0.8671856986358762,537,/scratch/project_2013233/enchanted_plugins/data/ascot_DT-D_sobol_seq_extended_take2/batch_0/ascot_sdcc_workflow_runner-03029a2c-2344-441c-8192-fb13503edde8,0
6.83,0.8,0.0,7.64,713.2957070147656,5.065568582497693e+19,94091.59306990505,462553.1745855746,0.20341789493544518,3537844.6568503845,2586669.1933805556,0.0002,0.0,40.575679,13.897966,True,True,541.767820250243,7.924985073879361,1.3785978294909,1.416778569482267,609,/scratch/project_2013233/enchanted_plugins/data/ascot_DT-D_sobol_seq_extended_take2/batch_0/ascot_sdcc_workflow_runner-a9f4b54f-df40-4138-8ee0-fa6f801eaddc,0
6.92,0.7,0.0,7.62,63532.36106803579,6.029856159215152e+19,46189.94506814988,682037.3484648025,0.0677234834311036,4304376.683499171,6726330.014061121,0.0004,0.0,25.697414,8.074311,True,True,682.597114238888,8.080434032902122,1.2465487224981189,0.8875300518237055,605,/scratch/project_2013233/enchanted_plugins/data/ascot_DT-D_sobol_seq_extended_take2/batch_0/ascot_sdcc_workflow_runner-3e5f8c02-a7d8-4101-bdc3-bf16b1b5c4e8,0
6.41,0.8,0.0,7.21,56833.64203456079,7.373176959526296e+19,145323.31228290385,782639.6051542184,0.18568356536757175,6374036.962955557,7010732.430457941,0.0002,0.0,34.853634,12.299503,True,True,753.0282344669104,10.603818011283876,1.3739103861153126,1.285474207997322,611,/scratch/project_2013233/enchanted_plugins/data/ascot_DT-D_sobol_seq_extended_take2/batch_0/ascot_sdcc_workflow_runner-ec53c6f2-fd08-4662-ac15-e21e13f18fad,0
5.74,0.57,0.0,6.3,16766.260471217982,1.1323984025798133e+20,346505.0514011141,1876980.8711222871,0.1846076626204141,3789088.7034525527,4118090.4186773417,0.007149,0.006754,46.82093,16.238672,True,True,762.5996209681034,4.955812583863735,1.4285952346399426,1.4015539434738458,604,/scratch/project_2013233/enchanted_plugins/data/ascot_DT-D_sobol_seq_extended_take2/batch_0/ascot_sdcc_workflow_runner-1418c160-1bcc-43f0-99a0-4355d946ba9d,0
6.78,0.69,0.0,7.46,39802.05129770995,6.765294479428492e+19,69927.35366383931,839340.1081970931,0.08331229853181164,4140213.979818603,5962356.030262312,0.000999,0.0002,32.643988,9.690744,True,True,676.7788496799767,7.427927328273654,1.0512264166027308,1.003610516153276,610,/scratch/project_2013233/enchanted_plugins/data/ascot_DT-D_sobol_seq_extended_take2/batch_0/ascot_sdcc_workflow_runner-c1e63d9b-786a-4498-a864-544273c12359,0
11.15,0.9,0.0,12.05,49384.767860779146,1.1001068388582833e+20,293496.90377367433,1396017.8738918914,0.21023864325995223,7666007.327428937,8076143.465671407,0.0,0.0,43.024254,14.750954,True,True,873.1161681935191,9.317606710642577,1.2733017462305725,1.4970491119660436,603,/scratch/project_2013233/enchanted_plugins/data/ascot_DT-D_sobol_seq_extended_take2/batch_0/ascot_sdcc_workflow_runner-ad7427e9-6da0-43c6-9d3b-6964cba47f1e,0
6.85,0.65,0.0,7.5,88622.82420519496,1.302163908767641e+20,303073.5106943426,1978889.1698082036,0.1531533525567361,5726296.720357415,7240424.376608209,0.003388,0.002195,37.984518,13.727074,True,True,861.2559596076608,6.303289002925158,1.4686264940537512,1.2063959758728742,612,/scratch/project_2013233/enchanted_plugins/data/ascot_DT-D_sobol_seq_extended_take2/batch_0/ascot_sdcc_workflow_runner-eccc6ea2-dcdb-4aea-9459-3c4776c02410,0
13.9,0.73,0.0,14.63,108474.9575043605,5.715375220742489e+19,69025.41983177834,613156.5271940621,0.11257389715421233,5016288.588750861,7530528.482597004,0.0,0.0,26.63945,9.069644,True,True,726.7082114703953,10.21848903335631,1.3095359345898032,1.0121860831044613,597,/scratch/project_2013233/enchanted_plugins/data/ascot_DT-D_sobol_seq_extended_take2/batch_0/ascot_sdcc_workflow_runner-cb326a5b-8a82-4606-af41-31dd4d9b873a,0
7.81,0.67,0.0,8.48,6077.483814706416,8.567190249377389e+19,213626.71369134283,1374014.9244520098,0.15547626877236598,2381979.2593950527,2040746.0884320857,0.009705,0.01536,50.760798,16.046656,True,True,586.1279745586216,3.75980750285089,1.2837634780444205,1.3373485060408712,614,/scratch/project_2013233/enchanted_plugins/data/ascot_DT-D_sobol_seq_extended_take2/batch_0/ascot_sdcc_workflow_runner-28fba802-d668-4f7b-b9c2-b7a7fb1dd390,0
7.98,0.62,0.0,8.6,363277.4806850683,1.0793682715621895e+20,121911.8152748109,1484263.1509100709,0.08213625407331651,7441100.437973899,13272961.07875249,0.001597,0.000799,30.036207,9.424587,True,True,982.5962800532579,9.014677990972997,1.1015779268927872,0.9735684152692556,615,/scratch/project_2013233/enchanted_plugins/data/ascot_DT-D_sobol_seq_extended_take2/batch_0/ascot_sdcc_workflow_runner-d6301409-c476-4448-aadf-5b3fd3ff6f1a,0
8.13,0.62,0.0,8.76,40083.08527290517,1.1103351982100546e+20,111742.41984189734,1569235.0431479532,0.07120821086032926,4660154.128559302,6297256.052116239,0.004182,0.002792,29.621098,10.462481,True,True,726.4139303006232,5.358307858183981,1.489216012880206,0.9091746775433421,618,/scratch/project_2013233/enchanted_plugins/data/ascot_DT-D_sobol_seq_extended_take2/batch_0/ascot_sdcc_workflow_runner-512e685f-f348-46d1-b0a5-1c63328dc24a,0
7.58,0.84,0.0,8.42,387310.1827174761,9.169578648759142e+19,131787.62944311998,1056058.1315315778,0.12479202186719711,8295800.688638869,12715441.209408946,0.0,0.0,26.521636,9.62762,True,True,934.5139004290104,11.088934437185527,1.4145725225098431,1.0266366723924876,623,/scratch/project_2013233/enchanted_plugins/data/ascot_DT-D_sobol_seq_extended_take2/batch_0/ascot_sdcc_workflow_runner-9af3261e-d3cb-4317-ad15-a71b40852d3e,0
13.73,0.82,0.0,14.55,221805.67080571433,7.869073813826793e+19,114272.59264950576,984543.8114597448,0.11606653895886891,6693907.879597869,11081713.684650358,0.0,0.0,32.928842,10.248204,True,True,893.7007104977965,10.891542360931636,1.0011987639591098,1.1065194350667298,607,/scratch/project_2013233/enchanted_plugins/data/ascot_DT-D_sobol_seq_extended_take2/batch_0/ascot_sdcc_workflow_runner-2a143001-944d-4800-bdb7-5d0486eecd4a,0
5.5,0.7,0.0,6.2,36281.116717610035,9.921638073811486e+19,191665.1398902564,1508469.1038286462,0.12705937390682448,4202651.634903243,5361349.518685766,0.002991,0.003388,42.412141,12.980962,True,True,731.6749459132552,5.8259695574641235,1.1080240090377629,1.1980164690874517,554,/scratch/project_2013233/enchanted_plugins/data/ascot_DT-D_sobol_seq_extended_take2/batch_0/ascot_sdcc_workflow_runner-e8bd4d18-783d-4fc4-919d-3effa443bea7,0
5.75,0.3,0.0,6.05,29188.393574256486,4.366133181218724e+18,-568.572323058719,39532.6039686603,-0.014382364579612766,608016.3375200025,5025084.962041356,0.0,0.0,8.62392,1.798817,True,True,523.9929347299039,11.325373108685017,1.2773204953409731,0.9369046433828772,625,/scratch/project_2013233/enchanted_plugins/data/ascot_DT-D_sobol_seq_extended_take2/batch_0/ascot_sdcc_workflow_runner-0ab343f3-7e6b-40df-aa30-ef5b64b0aa21,0
27.14,0.85,0.0,27.99,77627.64758791633,1.199408291199663e+20,282613.145900477,1543408.812582324,0.18310971376898413,7377527.303318483,7954982.324737698,0.000799,0.0002,38.019166,13.675367,True,True,852.9846775345504,8.151125489920378,1.433952186256647,1.308459223806858,571,/scratch/project_2013233/enchanted_plugins/data/ascot_DT-D_sobol_seq_extended_take2/batch_0/ascot_sdcc_workflow_runner-bf3d190e-a586-4c7d-887d-b96dd07306f6,0
7.76,0.47,0.0,8.24,7341.192826062808,8.978310515841783e+19,179898.74955636915,1396151.8262977686,0.1288532852715695,2998416.864448417,3199989.5914969263,0.011076,0.004975,46.081682,14.061843,True,True,632.1457573212683,4.521650386601687,1.1681001712568104,1.2210021316073836,626,/scratch/project_2013233/enchanted_plugins/data/ascot_DT-D_sobol_seq_extended_take2/batch_0/ascot_sdcc_workflow_runner-2a11a397-7d94-40e6-999d-49db490d5afb,0
11.1,0.75,0.0,11.84,112594.64106373616,1.203654904996968e+20,102092.73023752963,2178199.2458141204,0.04687024404848309,3715327.1426012754,7774410.363119856,0.021909,0.018068,34.7172,10.76723,True,True,903.1733321025968,4.7183326564729215,1.1965095046907663,0.8722626999020577,608,/scratch/project_2013233/enchanted_plugins/data/ascot_DT-D_sobol_seq_extended_take2/batch_0/ascot_sdcc_workflow_runner-5c1e08b0-a757-48b7-9c54-bf41f5d47652,0
7.39,0.65,0.0,8.03,198077.4705956891,1.3007691728796493e+20,249579.5920706916,1995474.2781973204,0.12507281842598234,6206872.947749669,9509748.052140988,0.00319,0.002991,36.83931,12.385354,True,True,951.1946169659495,6.8538401395082476,1.259492663666606,1.1280271641910076,616,/scratch/project_2013233/enchanted_plugins/data/ascot_DT-D_sobol_seq_extended_take2/batch_0/ascot_sdcc_workflow_runner-73bd7553-e20d-415f-a8d3-4c43123f5097,0
6.42,0.71,0.0,7.13,31072.203571934173,7.658633685328167e+19,150179.4848533193,949451.9212166702,0.15817492333984914,5194130.413480303,6411718.080711853,0.0002,0.0,41.331833,12.836469,True,True,739.8909307084978,8.686891919374466,1.0128162112087011,1.3164966533891858,629,/scratch/project_2013233/enchanted_plugins/data/ascot_DT-D_sobol_seq_extended_take2/batch_0/ascot_sdcc_workflow_runner-3062911e-ca26-4903-98c3-435796d5310a,0
7.12,0.69,0.0,7.82,54548.873703444435,4.272775275156674e+19,56440.33698181453,436192.49692519684,0.12939318621863766,4251000.99264166,6610813.061723917,0.0,0.0,30.212347,9.71721,True,True,695.2562886290252,11.597124350443483,1.145787958521396,1.1045631067827344,613,/scratch/project_2013233/enchanted_plugins/data/ascot_DT-D_sobol_seq_extended_take2/batch_0/ascot_sdcc_workflow_runner-1626439d-28d3-45d3-8322-8204ef973641,0
9.75,0.74,0.0,10.49,77824.79983088672,1.1211271262052491e+20,296592.9619167753,1917723.5874391708,0.15465886943218457,4443636.056102846,6816626.9089925755,0.006359,0.007543,47.617126,14.948995,True,True,920.4627899453044,6.04999505840242,1.0795251210220158,1.3521357093937696,624,/scratch/project_2013233/enchanted_plugins/data/ascot_DT-D_sobol_seq_extended_take2/batch_0/ascot_sdcc_workflow_runner-5ffb4b1f-7ca7-4eba-953b-29042fdec1de,0
4.31,0.83,0.0,5.14,7103.5776459858325,5.7468555562172645e+19,113684.23979777492,541991.0492409272,0.2097529838490741,5127879.102051098,4880003.346970999,0.0,0.0,36.327747,13.049655,True,True,663.5493296198547,10.760340332239867,1.4507981706410646,1.3727689328603447,637,/scratch/project_2013233/enchanted_plugins/data/ascot_DT-D_sobol_seq_extended_take2/batch_0/ascot_sdcc_workflow_runner-f1096c48-c92b-4f76-a04f-3614c9127a55,0
6.0,0.79,0.0,6.79,62163.765505362506,9.090754812066197e+19,278983.7665248526,1943392.7604916603,0.14355500966993018,2008527.159618255,3659311.550169503,0.043062,0.041227,47.933369,16.885032,True,True,996.4037286117673,3.9801122937351465,1.392512094695121,1.2497099828906357,632,/scratch/project_2013233/enchanted_plugins/data/ascot_DT-D_sobol_seq_extended_take2/batch_0/ascot_sdcc_workflow_runner-23f130e6-cd66-4846-ad86-78e623fcc295,0
6.52,0.8,0.0,7.32,15904.21815133015,5.156825325449615e+19,26190.34350145566,545676.6079050767,0.04799608984890114,3469724.7423043395,5058020.161474846,0.0,0.0002,22.816137,7.331921,True,True,603.9022640325129,7.1562402985990055,1.4323888644576073,0.8629540110938252,630,/scratch/project_2013233/enchanted_plugins/data/ascot_DT-D_sobol_seq_extended_take2/batch_0/ascot_sdcc_workflow_runner-a4ab6d2e-26a6-409b-8bc5-8b3e0d5f85f6,0
9.8,0.77,0.0,10.56,95333.93519556208,1.2174055522112599e+20,168327.39011525802,1898498.558744483,0.08866342791778387,4828035.157992093,7285083.759063367,0.007937,0.005173,33.867841,11.386394,True,True,816.1378121003509,5.5315087985247375,1.3198599591851234,0.9944613457657397,628,/scratch/project_2013233/enchanted_plugins/data/ascot_DT-D_sobol_seq_extended_take2/batch_0/ascot_sdcc_workflow_runner-89c89afd-43ca-4d95-ba82-09199c6e0e2c,0
9.75,0.82,0.0,10.57,137133.33467052266,8.358504960635747e+19,125633.18195471782,921197.018975889,0.13638036095078385,6792827.738393278,8858895.28758144,0.0002,0.0,28.14246,10.317976,True,True,798.1467396020889,9.827790171280503,1.4752983511425555,1.0680815090425313,627,/scratch/project_2013233/enchanted_plugins/data/ascot_DT-D_sobol_seq_extended_take2/batch_0/ascot_sdcc_workflow_runner-55320625-1cf8-403e-ba64-475b11eef1d6,0
20.33,0.84,0.0,21.17,1733.9925224571255,3.6657219456046817e+19,59922.97748573962,303935.0938724774,0.19715715195061223,3672883.932000622,3757191.294253084,0.0,0.0002,32.798647,11.823991,True,True,585.7498892582953,11.769828460738063,1.4790690350346267,1.2783482032828033,601,/scratch/project_2013233/enchanted_plugins/data/ascot_DT-D_sobol_seq_extended_take2/batch_0/ascot_sdcc_workflow_runner-3b937dd2-d3c7-434c-bcf7-31238e7c15a2,0
6.49,0.31,0.0,6.8,390149.261883317,9.289974054090365e+18,-1541.321620052786,114388.98501950482,-0.0134743884631022,1218227.458119753,16338281.155747116,0.0,0.0,7.474397,1.498045,True,True,847.2363855689764,11.8999730553478,1.0373120927251875,0.8425661203451456,635,/scratch/project_2013233/enchanted_plugins/data/ascot_DT-D_sobol_seq_extended_take2/batch_0/ascot_sdcc_workflow_runner-dfc2d1b5-2f4d-4fcd-b62e-b456b42736b8,0
6.84,0.76,0.0,7.59,172279.6915558552,1.1447045513761669e+20,290159.12218042085,1445702.451457792,0.20070459304252775,8794334.652863352,10129089.501161452,0.0,0.0002,41.632146,14.2425,True,True,965.3055109083652,10.350588278844953,1.2346908207982779,1.4479619936086237,631,/scratch/project_2013233/enchanted_plugins/data/ascot_DT-D_sobol_seq_extended_take2/batch_0/ascot_sdcc_workflow_runner-4fe5a7e2-b60e-4dc7-8390-fd28ec19c182,0
7.04,0.36,0.0,7.4,80632.31096322765,1.1535772071253848e+19,-2187.625824173824,125607.50835118038,-0.017416361910926055,1259187.6945981162,8652605.637158155,0.0,0.0,8.69499,1.921708,True,True,645.6825411878526,9.458050718531013,1.333773732651025,0.8081359753385187,621,/scratch/project_2013233/enchanted_plugins/data/ascot_DT-D_sobol_seq_extended_take2/batch_0/ascot_sdcc_workflow_runner-f81b5b49-5500-4c45-8d0e-51b7598743f2,0
5.78,0.68,0.0,6.46,105400.72721741465,1.1751898618934877e+20,190372.7258801371,1974377.7254600767,0.09642163372552015,4596645.1892900765,7716021.42372804,0.00774,0.006557,38.549383,12.067626,True,True,887.7164134755731,5.791169619932771,1.1336999884806573,1.0662454043515026,640,/scratch/project_2013233/enchanted_plugins/data/ascot_DT-D_sobol_seq_extended_take2/batch_0/ascot_sdcc_workflow_runner-6616b513-ea11-416c-9434-6db287a28eea,0
5.71,0.38,0.0,6.09,32400.984379693105,1.1824732671924067e+20,398690.0880030552,2063690.9846720882,0.19319272651007166,4031958.3448884,4800904.5658715125,0.00892,0.006359,47.915569,16.631688,True,True,843.9403371885419,5.263260518386961,1.4043538616970181,1.4553543210960924,644,/scratch/project_2013233/enchanted_plugins/data/ascot_DT-D_sobol_seq_extended_take2/batch_0/ascot_sdcc_workflow_runner-4f797f62-3dac-416e-98b9-f4dfe51e45bd,0
8.59,0.74,0.0,9.34,1173.8184808110038,2.697443604689165e+19,38338.88639976137,228604.87073370532,0.16770809071877188,2414959.629206198,2567824.1437300025,0.0,0.0,39.965041,12.391027,True,True,504.95290430262685,9.695306592062115,1.0410792077891529,1.33435621811077,593,/scratch/project_2013233/enchanted_plugins/data/ascot_DT-D_sobol_seq_extended_take2/batch_0/ascot_sdcc_workflow_runner-e7109f01-bdd8-4383-8797-4251477386ea,0
4.67,0.6,0.0,5.27,2276.9787796102287,6.748636915976209e+19,95349.67188584265,873059.6122557482,0.10921324334255374,2835879.8453288972,2735546.336202274,0.002991,0.001797,41.817167,12.419497,True,True,555.3963859565556,5.088648828864097,1.1194061897695065,1.1352844106964768,638,/scratch/project_2013233/enchanted_plugins/data/ascot_DT-D_sobol_seq_extended_take2/batch_0/ascot_sdcc_workflow_runner-5c440b9e-0b79-42aa-a610-002dd6776005,0
6.44,0.67,0.0,7.11,18138.277321120044,1.004600696340855e+20,266778.0742282482,1311036.2154598122,0.20348642629576993,5114691.185378794,4623725.461527869,0.0006,0.0004,44.686174,15.224995,True,True,708.5484531708062,6.656894575059415,1.3560935822315514,1.468349566217512,634,/scratch/project_2013233/enchanted_plugins/data/ascot_DT-D_sobol_seq_extended_take2/batch_0/ascot_sdcc_workflow_runner-b1caeb4d-86e9-4a21-bbaa-f0b7237db487,0
9.14,0.66,0.0,9.79,128021.16266070127,1.173245172782786e+20,220047.2329232626,1572112.9970951714,0.13996909467057955,7319150.212676513,9612935.900540696,0.0004,0.0004,34.675937,11.860708,True,True,889.3032390624285,8.210706613585353,1.2976816017180681,1.1537989222444593,639,/scratch/project_2013233/enchanted_plugins/data/ascot_DT-D_sobol_seq_extended_take2/batch_0/ascot_sdcc_workflow_runner-5ba47f5c-e087-4e00-883b-b09ec047f90a,0
7.04,0.77,0.0,7.81,27331.965365545017,8.614134452161362e+19,186014.39894812033,974677.3619234567,0.19084715231410948,6559287.011441295,6916651.421095066,0.0,0.0,38.312537,13.213942,True,True,768.3301735669374,9.559736060723663,1.3117187428288162,1.354316281247884,643,/scratch/project_2013233/enchanted_plugins/data/ascot_DT-D_sobol_seq_extended_take2/batch_0/ascot_sdcc_workflow_runner-bd0a4aa7-6c40-4e74-b2a5-87784ff7be8e,0
6.62,0.72,0.0,7.34,86662.79928026305,5.814850800628553e+19,38338.841086356544,668680.8219144703,0.05733503912463096,4333449.8124005245,7642443.674453145,0.0002,0.0,24.568361,7.536689,True,True,709.1587181203067,8.437100764364004,1.2076115561649203,0.8555609534494579,645,/scratch/project_2013233/enchanted_plugins/data/ascot_DT-D_sobol_seq_extended_take2/batch_0/ascot_sdcc_workflow_runner-e3433f82-ba73-4cc5-a29e-684aff6966f0,0
18.28,0.67,0.0,18.95,68340.15984762464,1.0284919154742387e+20,250743.28814022886,1355443.923046401,0.18498979107647315,6510828.122196083,7523573.546000319,0.0002,0.0,42.474757,13.994305,True,True,829.8544138669968,8.466010408848524,1.1859279423952103,1.4017425931990146,619,/scratch/project_2013233/enchanted_plugins/data/ascot_DT-D_sobol_seq_extended_take2/batch_0/ascot_sdcc_workflow_runner-93961f8f-2907-4e6c-bfbf-693d1f4e4ad4,0
25.88,0.77,0.0,26.65,695.5950233885732,4.536919538105308e+19,62581.8678820825,417286.9176627547,0.14997323240471264,3204329.5556199425,2854428.9959653374,0.0,0.0,34.600354,11.558247,True,True,536.3543308340013,7.797682646289468,1.3239014195278287,1.182522565778345,606,/scratch/project_2013233/enchanted_plugins/data/ascot_DT-D_sobol_seq_extended_take2/batch_0/ascot_sdcc_workflow_runner-6d3f2516-c004-42ad-a327-b46027102353,0
6.43,0.98,0.0,7.41,84491.17794184382,7.136596355752108e+19,134006.71653795717,779190.9366813039,0.17198187277269,6685111.135543953,8596700.850874683,0.0,0.0,34.585818,11.756634,True,True,812.5979192554951,11.626558706536889,1.249704524409026,1.2570149418897927,651,/scratch/project_2013233/enchanted_plugins/data/ascot_DT-D_sobol_seq_extended_take2/batch_0/ascot_sdcc_workflow_runner-e2ece215-25a4-4977-88a4-e050f0839b72,0
7.2,0.75,0.0,7.95,461989.50632457086,9.75502702715544e+19,108229.65216561579,1285443.4450892003,0.0841963546347272,7607219.605327204,14200189.991272993,0.0002,0.0002,29.796606,9.235417,True,True,999.943858012557,10.091568483039737,1.0408530933782458,0.9867298916913569,647,/scratch/project_2013233/enchanted_plugins/data/ascot_DT-D_sobol_seq_extended_take2/batch_0/ascot_sdcc_workflow_runner-8ca5a40c-799f-4d09-8f06-467d093048b0,0
6.69,0.79,0.0,7.48,23385.25899650178,1.0161635266641409e+20,320926.661818767,1896914.952504105,0.169183474143168,2765732.3612528928,3706096.131809645,0.023056,0.017875,55.869084,17.058763,True,True,784.3689238652587,4.235480301082134,1.0306326136924326,1.4809056121855975,620,/scratch/project_2013233/enchanted_plugins/data/ascot_DT-D_sobol_seq_extended_take2/batch_0/ascot_sdcc_workflow_runner-1991393a-be00-4c6b-bf43-be8cffefa86e,0
6.46,0.75,0.0,7.21,4624.781311564749,4.9882060294831915e+19,98887.2722567076,519487.9007508151,0.19035529434619355,3748169.4213582794,3801913.2120595574,0.0,0.0002,44.766048,13.986491,True,True,603.2917625270784,8.920040206611157,1.002929478418082,1.475998220499605,649,/scratch/project_2013233/enchanted_plugins/data/ascot_DT-D_sobol_seq_extended_take2/batch_0/ascot_sdcc_workflow_runner-5394c83a-acab-4118-8f6c-d6e8cdc4a2e6,0
7.8,0.45,0.0,8.26,94492.21193565718,1.0928017453347385e+20,89407.66401837779,2224405.022755932,0.04019396787173495,2358470.2645780602,5905980.615089184,0.055891,0.04489,36.16055,11.97811,True,True,968.6013227328658,3.7302820231765508,1.3207134916447103,0.8349166941829026,648,/scratch/project_2013233/enchanted_plugins/data/ascot_DT-D_sobol_seq_extended_take2/batch_0/ascot_sdcc_workflow_runner-adf95ebb-0644-4f8a-a923-b7f57c1cc833,0
8.25,0.8,0.0,9.05,2247.1590178221268,3.35744758653645e+19,48671.40252053492,270666.3361181942,0.1798206722659487,3234073.4432915724,3343141.122591364,0.0,0.0,31.673607,11.305251,True,True,557.7158736996353,11.05219217017293,1.4399348753504455,1.222837673034519,641,/scratch/project_2013233/enchanted_plugins/data/ascot_DT-D_sobol_seq_extended_take2/batch_0/ascot_sdcc_workflow_runner-fb879dd7-8e2e-473b-ab76-1dd674bc0ecd,0
5.73,0.98,0.0,6.71,49091.64511306839,9.77141321974459e+19,168786.9982667443,1380700.746220995,0.1222473434078439,5395451.694333208,7521212.181342941,0.001199,0.001398,38.184851,11.813592,True,True,799.7338054701686,7.391846958920359,1.092343450523913,1.1560616889037192,652,/scratch/project_2013233/enchanted_plugins/data/ascot_DT-D_sobol_seq_extended_take2/batch_0/ascot_sdcc_workflow_runner-0321e073-e41f-49e3-b179-532c4507ab76,0
6.85,0.74,0.0,7.59,20784.18009548297,4.260950340395075e+19,58175.7922128873,404979.97419545334,0.1436510344208038,3913500.712418481,4938756.109221595,0.0,0.0,30.714621,10.282094,True,True,629.8265098594129,10.50159994661808,1.2696291198953986,1.1330210390500723,653,/scratch/project_2013233/enchanted_plugins/data/ascot_DT-D_sobol_seq_extended_take2/batch_0/ascot_sdcc_workflow_runner-847cecf2-f86c-4cec-9c86-37c47e85043c,0
7.72,0.74,0.0,8.46,4272.591181688704,3.3372528732975026e+19,29831.813181274243,285351.6363996954,0.10454404102133295,2575792.8517855085,2844585.749414178,0.0,0.0002,27.549876,9.225834,True,True,509.08438628539443,8.18182388059795,1.3380452478304505,0.9999798944219948,657,/scratch/project_2013233/enchanted_plugins/data/ascot_DT-D_sobol_seq_extended_take2/batch_0/ascot_sdcc_workflow_runner-767610af-b664-49ee-98c0-279dfca85e82,0
6.23,0.53,0.0,6.75,95349.93277806931,1.051907716878465e+20,264785.2342907749,1957047.4016155947,0.13529832444129236,3277207.7107673497,5793151.477429743,0.01826,0.016716,49.359632,15.293413,True,True,936.8333285674453,4.9936284005641935,1.0163513338193297,1.289104099571705,656,/scratch/project_2013233/enchanted_plugins/data/ascot_DT-D_sobol_seq_extended_take2/batch_0/ascot_sdcc_workflow_runner-35c8b994-f46a-4e03-8cc8-987eb77543a3,0
6.55,0.67,0.0,7.22,96931.28108839836,8.23215301559782e+19,72109.50702403097,1079396.5325702834,0.06680539064946057,5151108.230851328,8373996.102430921,0.0006,0.0002,28.882152,8.74305,True,True,766.9875482097268,7.66494271941483,1.1318698935210705,0.916271070484072,636,/scratch/project_2013233/enchanted_plugins/data/ascot_DT-D_sobol_seq_extended_take2/batch_0/ascot_sdcc_workflow_runner-82736db3-6213-420a-8ec5-c2d2129e26dc,0
6.62,0.73,0.0,7.36,6670.560654314759,7.361117075542757e+19,156370.2022055276,817536.9083348443,0.1912698993908688,4639774.675789524,4249872.645428448,0.0004,0.0,42.84985,14.016862,True,True,647.025226149708,7.693994681909681,1.2323727076873183,1.4200700646266342,658,/scratch/project_2013233/enchanted_plugins/data/ascot_DT-D_sobol_seq_extended_take2/batch_0/ascot_sdcc_workflow_runner-c5288275-7262-453a-ada7-cdbf414a392d,0
5.01,0.75,0.0,5.76,24951.15071777743,9.982198216831885e+19,195070.8087586043,1414812.7025904763,0.1378774790482415,4272836.979903201,4658335.655070284,0.002991,0.002593,40.152185,13.110849,True,True,691.7163361795247,5.63383713774383,1.2943826345726848,1.192031535319984,666,/scratch/project_2013233/enchanted_plugins/data/ascot_DT-D_sobol_seq_extended_take2/batch_0/ascot_sdcc_workflow_runner-dddca932-f75f-4496-9a74-ccedbf94fba4,0
6.26,0.87,0.0,7.13,114103.22380396147,1.135805943619256e+20,135031.7162236332,1641314.4123552158,0.08227047493591949,5667976.137680715,8822118.76144862,0.00319,0.002792,31.360118,10.207128,True,True,830.4646192118526,6.555066914856434,1.2561958055011928,0.9645519059151412,660,/scratch/project_2013233/enchanted_plugins/data/ascot_DT-D_sobol_seq_extended_take2/batch_0/ascot_sdcc_workflow_runner-8cf9858d-460a-42ee-b6d4-7d091e6abd93,0
6.7,0.38,0.0,7.07,51812.60974597655,7.322270554942112e+18,-1596.238661912284,75325.3399822364,-0.021191257315117555,871650.3769427807,6722738.942897293,0.0,0.0,9.514458,1.972108,True,True,589.4237267784774,10.248351063206792,1.1510360362008214,0.900414494983852,665,/scratch/project_2013233/enchanted_plugins/data/ascot_DT-D_sobol_seq_extended_take2/batch_0/ascot_sdcc_workflow_runner-ff294240-7c9d-4695-932e-d2e406cd52fe,0
5.35,0.65,0.0,5.99,131882.30833202886,9.636860633749347e+19,152957.0833740981,1286855.8972603204,0.11886108125994478,6400283.285147779,9423244.317309989,0.0,0.0,34.976192,10.995089,True,True,861.6223204880953,8.723082563281059,1.1014568181708455,1.1189284600317477,667,/scratch/project_2013233/enchanted_plugins/data/ascot_DT-D_sobol_seq_extended_take2/batch_0/ascot_sdcc_workflow_runner-f1e4ecc8-a698-449b-ac22-b1e3aaf12256,0
7.46,0.91,0.0,8.37,0.0,5.41713311057065e+19,85990.14961739155,568656.9878502835,0.15121620142656386,2841437.933883396,2168413.290484225,0.0006,0.0002,41.825544,13.101839,True,True,510.67115226760507,5.8930241916328665,1.220776988659054,1.2624484116211534,622,/scratch/project_2013233/enchanted_plugins/data/ascot_DT-D_sobol_seq_extended_take2/batch_0/ascot_sdcc_workflow_runner-464af76c-5932-4ad5-988e-02969ee456be,0
6.59,0.87,0.0,7.47,16147.327296950969,5.213101863862831e+19,96345.37873388371,551991.353150075,0.17454146370964874,5055706.53396438,6553565.392754627,0.0,0.0,38.769892,12.433183,True,True,723.1179415248334,11.863257699832321,1.0750078945420682,1.3463644521310925,661,/scratch/project_2013233/enchanted_plugins/data/ascot_DT-D_sobol_seq_extended_take2/batch_0/ascot_sdcc_workflow_runner-a5c54e76-e511-4cd4-92a9-eccc425953e6,0
11.71,0.37,0.0,12.08,246124.5201595737,1.5953003790179484e+19,-2233.5477564852863,186238.6624061745,-0.011992932765024176,1886069.285217751,13791185.057211045,0.0,0.0,9.069279,2.104207,True,True,781.805295497179,10.855529990047216,1.4134748512879014,0.868971934914589,659,/scratch/project_2013233/enchanted_plugins/data/ascot_DT-D_sobol_seq_extended_take2/batch_0/ascot_sdcc_workflow_runner-9c13904a-55cb-4b9e-b037-b1874e633d9c,0
6.96,0.72,0.0,7.68,197895.471153646,1.122905976153134e+20,220907.76795166408,1495702.8792194324,0.14769495400513635,7781963.941343024,10925262.492841981,0.0004,0.0002,36.902529,12.154859,True,True,950.828492641449,9.290039981156587,1.1733537553809583,1.2150680180639029,663,/scratch/project_2013233/enchanted_plugins/data/ascot_DT-D_sobol_seq_extended_take2/batch_0/ascot_sdcc_workflow_runner-5fb20450-7b83-4697-abdc-4bff12a6464e,0
16.07,0.63,0.0,16.71,18761.214813528266,9.259100779575083e+19,81480.94106817819,1528028.429559415,0.05332423107577393,2864951.3274455075,4184850.5061723394,0.013612,0.009312,38.557662,11.238805,True,True,660.9857608564198,4.272053338587284,1.1148905358277261,0.9347246347926558,642,/scratch/project_2013233/enchanted_plugins/data/ascot_DT-D_sobol_seq_extended_take2/batch_0/ascot_sdcc_workflow_runner-4a2a3dcf-b476-4006-999c-03109a74bc64,0
31.02,0.71,0.0,31.73,8877.603691999588,4.0937182996561854e+19,56549.08700431769,412774.06745974475,0.13699767369671925,3558195.060139754,4713398.374847414,0.0,0.0,35.089362,10.853217,True,True,617.2852604649961,9.99640598706901,1.0656075179576874,1.1829322261735797,617,/scratch/project_2013233/enchanted_plugins/data/ascot_DT-D_sobol_seq_extended_take2/batch_0/ascot_sdcc_workflow_runner-4c3b7079-2f2d-44b3-83ba-a4c20b794c30,0
13.34,1.0,0.0,14.34,211175.102617587,1.231584187064723e+20,132161.90905359903,1559448.6819669937,0.08474912357288861,7979027.084943713,12258420.545072364,0.0004,0.0002,25.78415,9.409629,True,True,919.1199243068695,7.961194618418814,1.4778627892956138,0.9143474304117263,655,/scratch/project_2013233/enchanted_plugins/data/ascot_DT-D_sobol_seq_extended_take2/batch_0/ascot_sdcc_workflow_runner-ab9d567d-1e92-48e7-8ab5-c2071eda836f,0
7.44,0.62,0.0,8.07,13897.247393942978,9.743625839027826e+19,223304.17212279682,1314254.8338789442,0.16990934053765508,4433438.118621383,4263582.698430291,0.002394,0.000799,43.015959,14.235114,True,True,681.0101098380983,5.9226277459412815,1.3166983244009316,1.325682173203677,674,/scratch/project_2013233/enchanted_plugins/data/ascot_DT-D_sobol_seq_extended_take2/batch_0/ascot_sdcc_workflow_runner-13524415-1af7-49e6-bd45-315af712836f,0
6.87,0.89,0.0,7.76,10786.36336250416,7.316804386646068e+19,160802.4849598658,740343.8189652101,0.21719973995949868,5951451.469646201,5302013.141903298,0.0,0.0,38.343386,13.830193,True,True,698.9077129401267,9.960654782876373,1.4740650970488787,1.4266347377561033,677,/scratch/project_2013233/enchanted_plugins/data/ascot_DT-D_sobol_seq_extended_take2/batch_0/ascot_sdcc_workflow_runner-f7b650b2-371d-42fd-9b77-a15d14c94d33,0
5.53,0.82,0.0,6.35,182201.77237635106,9.905304885509877e+19,142057.50138095874,1160042.9460180558,0.12245882953608138,7361329.319673954,9816574.597282032,0.0004,0.0,28.076676,10.24737,True,True,841.4094159379601,9.052748027443887,1.4515219838358462,1.0361132451333106,683,/scratch/project_2013233/enchanted_plugins/data/ascot_DT-D_sobol_seq_extended_take2/batch_0/ascot_sdcc_workflow_runner-14689a99-9771-4377-b184-609fcba86472,0
6.72,0.67,0.0,7.4,181022.39521496207,1.2776762472817497e+20,305001.63088498,1800653.212090927,0.16938388182520203,7869881.34676448,10131666.059958672,0.0006,0.0004,39.18977,13.416619,True,True,971.1401043459773,8.56766167357564,1.2736669946461916,1.2954424266703426,679,/scratch/project_2013233/enchanted_plugins/data/ascot_DT-D_sobol_seq_extended_take2/batch_0/ascot_sdcc_workflow_runner-758de278-5524-4d41-9623-4bd26c729b1b,0
7.2,0.71,0.0,7.91,9017.015622098092,1.0064726046180514e+20,247489.7772915793,1866776.0431472373,0.13257604103078752,2534998.3099957523,3335229.6099824975,0.02648,0.023628,51.417349,15.655847,True,True,730.0042021088302,3.8614520709961653,1.1296888669021428,1.274803677480668,682,/scratch/project_2013233/enchanted_plugins/data/ascot_DT-D_sobol_seq_extended_take2/batch_0/ascot_sdcc_workflow_runner-4f510e63-8a79-4b8c-9585-c8e9978a659f,0
7.12,0.28,0.0,7.4,79753.74039228802,5.038182740730019e+18,-381.34124543599967,49375.30508605759,-0.007723319274105738,715094.0172850278,7624956.1187209515,0.0,0.0,6.936678,1.462454,True,True,613.5505069978535,11.49369035549462,1.299891418311745,0.8171159344725312,681,/scratch/project_2013233/enchanted_plugins/data/ascot_DT-D_sobol_seq_extended_take2/batch_0/ascot_sdcc_workflow_runner-47367c43-8bf1-4c6f-9817-23577099d616,0
6.74,0.62,0.0,7.36,14529.995944111262,6.8430392145547756e+19,69811.83539347866,893619.4598044031,0.07812255499534353,3038168.266895373,3515192.1744995946,0.001199,0.002593,37.218121,10.864097,True,True,582.4541389010847,5.396385217085481,1.0807295851409435,1.0154748453758657,678,/scratch/project_2013233/enchanted_plugins/data/ascot_DT-D_sobol_seq_extended_take2/batch_0/ascot_sdcc_workflow_runner-00222082-0e15-4aea-a14a-b5f6b8f02cad,0
6.69,0.7,0.0,7.39,76314.83249121434,1.1329598169727602e+20,353183.74396515463,1922854.0398456724,0.18367683487484107,4610846.452420303,6642515.76009731,0.005569,0.004975,50.077342,16.105094,True,True,939.7993553429842,6.267531102150679,1.118653588462621,1.493843149486929,680,/scratch/project_2013233/enchanted_plugins/data/ascot_DT-D_sobol_seq_extended_take2/batch_0/ascot_sdcc_workflow_runner-6fb3cb9c-b8e7-44a7-a5a7-486dd7df9d7d,0
8.28,0.73,0.0,9.02,192589.9712945997,1.1213820297752101e+20,94941.29055449087,1661355.8260484287,0.05714687309359297,5754475.994190475,10284828.795645474,0.002792,0.002792,29.617087,9.133381,True,True,872.7498054504395,6.750413466989994,1.171782460063696,0.8843246539123357,676,/scratch/project_2013233/enchanted_plugins/data/ascot_DT-D_sobol_seq_extended_take2/batch_0/ascot_sdcc_workflow_runner-dd1139fb-0da2-4869-80d3-d15db85fccb1,0
5.01,0.73,0.0,5.74,9007.318403763578,3.792890305394143e+19,42460.40152463224,361338.71957785334,0.1175085846715738,3165026.014656575,3939352.531539345,0.0002,0.0,29.864092,9.617601,True,True,572.5596691481769,9.188327477127315,1.2143263691104949,1.0612476564012467,633,/scratch/project_2013233/enchanted_plugins/data/ascot_DT-D_sobol_seq_extended_take2/batch_0/ascot_sdcc_workflow_runner-2b84e155-6a00-438d-a73b-30536a07a914,0
10.5,0.9,0.0,11.4,92788.81677324361,1.0313705965295721e+20,260287.671226905,1179735.5223274135,0.22063222332527765,8993454.99526211,9358400.453312268,0.0,0.0,40.264465,14.300338,True,True,905.7367201894522,11.354788564145565,1.3603596366010606,1.4844534758478403,671,/scratch/project_2013233/enchanted_plugins/data/ascot_DT-D_sobol_seq_extended_take2/batch_0/ascot_sdcc_workflow_runner-aeb6a153-6616-4a0e-b7b9-7228b0354399,0
10.99,0.41,0.0,11.4,200835.82727396901,1.143859646902005e+19,-3177.727253334635,137825.00715364417,-0.023056245879908985,1344958.5589471117,12517358.158805385,0.0,0.0,10.197526,2.060861,True,True,764.9188106879592,11.182112523168326,1.0145053737796843,0.9634029121138156,675,/scratch/project_2013233/enchanted_plugins/data/ascot_DT-D_sobol_seq_extended_take2/batch_0/ascot_sdcc_workflow_runner-0a4cc44d-f16f-4fa1-a603-151c73a1e996,0
6.91,0.58,0.0,7.49,42965.91301237328,1.1702350286614603e+20,235604.854165004,2027816.1823029409,0.11618649472332022,3633546.7712077256,5208554.817214579,0.016522,0.008527,40.292193,13.622101,True,True,796.3206525892019,4.6905031956732275,1.3587876185774803,1.1152762797661127,684,/scratch/project_2013233/enchanted_plugins/data/ascot_DT-D_sobol_seq_extended_take2/batch_0/ascot_sdcc_workflow_runner-72a49e8e-3cfb-4088-9009-64a8ec30f556,0
6.93,0.64,0.0,7.57,104097.35063681922,1.3530595002966116e+20,420339.65247065556,2133866.6245819554,0.19698496973914856,6335597.172960406,8012635.0310301855,0.002792,0.002195,42.781501,15.627434,True,True,981.9858381524682,7.120140778273344,1.4533686516806483,1.4105021707713603,664,/scratch/project_2013233/enchanted_plugins/data/ascot_DT-D_sobol_seq_extended_take2/batch_0/ascot_sdcc_workflow_runner-d85e7150-a18d-468f-bb85-2087470fef47,0
6.79,0.72,0.0,7.52,5575.644270367434,3.227690746253873e+19,36217.34405742394,281109.73904162593,0.12883703062333596,2803965.3944023205,3234794.813674589,0.0,0.0,30.482589,9.930071,True,True,537.6972542144358,9.430232585594059,1.2378807687200606,1.0949048931710421,673,/scratch/project_2013233/enchanted_plugins/data/ascot_DT-D_sobol_seq_extended_take2/batch_0/ascot_sdcc_workflow_runner-c1183a73-9daa-4d74-a0f5-b06e3cf105da,0
14.4,0.49,0.0,14.88,9202.27301655035,2.2182659327217353e+19,-9912.08851934008,253471.38685568847,-0.03910535481854382,1446560.2037322249,5076499.743290615,0.0,0.0,14.322447,3.016743,True,True,540.4248950071633,6.144522818550468,1.0581853720359504,0.8045888835564257,670,/scratch/project_2013233/enchanted_plugins/data/ascot_DT-D_sobol_seq_extended_take2/batch_0/ascot_sdcc_workflow_runner-6950d194-6c21-460b-a774-b2a0fc24c5db,0
10.76,0.75,0.0,11.51,66817.42371017723,1.0903078809376539e+20,294757.6140324638,2174822.4006190468,0.13553180891854125,2685970.308605738,4270461.728368004,0.032882,0.023247,44.511939,15.788511,True,True,891.137320548296,4.139986073970794,1.4306713906116784,1.1941366956569255,672,/scratch/project_2013233/enchanted_plugins/data/ascot_DT-D_sobol_seq_extended_take2/batch_0/ascot_sdcc_workflow_runner-fada479f-f047-4307-830f-9980407c6b49,0
8.28,0.81,0.0,9.08,386534.9531544188,8.885409559544571e+19,141675.0264904536,1010096.3716201107,0.14025892030798864,8609061.320544442,12882232.732491387,0.0,0.0,28.090841,10.061088,True,True,953.2708125188947,11.995196540281176,1.3754078154452145,1.0807998701930046,695,/scratch/project_2013233/enchanted_plugins/data/ascot_DT-D_sobol_seq_extended_take2/batch_0/ascot_sdcc_workflow_runner-7205ad8a-28eb-4a25-87f4-e83edb348f69,0
5.75,0.73,0.0,6.48,134932.7661922709,1.0448248894619967e+20,245041.47189527904,1287103.4248838492,0.19038211472197122,8403755.375631757,9847280.111123463,0.0,0.0,40.050221,13.541563,True,True,922.5388066843152,10.63341086357832,1.2116606440395117,1.392452631611377,687,/scratch/project_2013233/enchanted_plugins/data/ascot_DT-D_sobol_seq_extended_take2/batch_0/ascot_sdcc_workflow_runner-0bc3bfeb-94c0-4cf5-8dc0-b6bd3eef11f4,0
34.85,0.72,0.0,35.57,65348.56093014805,1.0683327234666217e+20,162506.60472571285,1413607.7637759629,0.11495876642020755,5421969.789758714,6355143.767960794,0.001199,0.001996,32.429071,11.458117,True,True,740.2572319842875,6.397835663706065,1.426896648015827,1.0539434692822396,650,/scratch/project_2013233/enchanted_plugins/data/ascot_DT-D_sobol_seq_extended_take2/batch_0/ascot_sdcc_workflow_runner-68231109-d2c7-4880-be85-5c6a568b330b,0
36.55,1.05,0.0,37.6,3270.58052389945,6.394300659030469e+19,117518.05562267815,659035.5482221091,0.17831823478977502,3794355.000225361,3020064.3479273007,0.0002,0.0,40.190193,13.480522,True,True,572.1936044283211,6.882864940166474,1.3469373481348157,1.324228837620467,646,/scratch/project_2013233/enchanted_plugins/data/ascot_DT-D_sobol_seq_extended_take2/batch_0/ascot_sdcc_workflow_runner-756e4342-12cf-4a5c-b9b9-9d033e533fee,0
5.75,0.73,0.0,6.48,3229.1328605477547,5.808914327700643e+19,109195.92659395904,610893.6604091417,0.17874784708164404,4358917.221623832,4509262.073220108,0.0,0.0,40.823842,13.064652,True,True,638.7482024729252,8.983979615941644,1.1391046880744398,1.3678120287135243,717,/scratch/project_2013233/enchanted_plugins/data/ascot_DT-D_sobol_seq_extended_take2/batch_0/ascot_sdcc_workflow_runner-02448914-f7c9-47a3-9a22-0177a71d5848,0
6.68,1.0,0.0,7.68,248818.49533597162,1.3147557952787533e+20,89520.63024252013,1874821.4982888072,0.047748881866475114,6867516.03262527,12395810.09553014,0.004182,0.001996,25.601597,8.652574,True,True,927.4445124901831,6.625943357124925,1.3855846687220037,0.8129574236460031,720,/scratch/project_2013233/enchanted_plugins/data/ascot_DT-D_sobol_seq_extended_take2/batch_0/ascot_sdcc_workflow_runner-db75b2e0-33ed-4c7b-84ee-f76954949ed2,0
45.94,0.92,0.0,46.87,167135.59688544567,9.100852993951228e+19,161636.3965337902,1050889.2008044573,0.15380917075754255,7577496.998688046,9874209.531544037,0.0,0.0,32.158833,11.220183,True,True,859.187520109117,10.378142992034554,1.3340340591967106,1.1659835804253817,699,/scratch/project_2013233/enchanted_plugins/data/ascot_DT-D_sobol_seq_extended_take2/batch_0/ascot_sdcc_workflow_runner-88bc52e2-c73e-4187-b81d-c3b4d4150134,0
6.39,0.82,0.0,7.21,125837.74900250598,9.284466427724123e+19,70190.54557632175,1147793.3745017278,0.061152596918232244,6249063.848348502,10548293.319804406,0.0006,0.0002,24.311727,8.074579,True,True,823.2291429303586,7.8941565066576,1.3494657361879945,0.8471815600991249,715,/scratch/project_2013233/enchanted_plugins/data/ascot_DT-D_sobol_seq_extended_take2/batch_0/ascot_sdcc_workflow_runner-45c67680-edad-49a9-9457-1be920e54743,0
5.65,0.77,0.0,6.42,68331.57454444439,8.749412840610826e+19,137540.57663947478,977325.8960564818,0.14073153816393505,5980198.256779769,6737029.193756973,0.0002,0.0004,31.166269,11.22477,True,True,733.0178059637547,8.245763399451972,1.4596178075298667,1.1108908700756728,725,/scratch/project_2013233/enchanted_plugins/data/ascot_DT-D_sobol_seq_extended_take2/batch_0/ascot_sdcc_workflow_runner-81574ba9-b2bb-47ed-b2b4-194b4a9e516c,0
5.65,0.82,0.0,6.46,4811.338350885688,6.13934947636768e+19,122615.38427456476,693986.579735002,0.17668264467215677,3890096.8863673066,3754306.081733888,0.0,0.0002,43.878294,13.67061,True,True,610.7047414407134,7.634374004602433,1.0952056655660272,1.396995914261788,726,/scratch/project_2013233/enchanted_plugins/data/ascot_DT-D_sobol_seq_extended_take2/batch_0/ascot_sdcc_workflow_runner-b97ca9b0-1eb9-4bb1-b018-56611cf6febb,0
5.48,0.83,0.0,6.31,67730.65182980099,7.1792584808226324e+19,111816.74497296716,831566.9639663788,0.13446511203334435,5881427.006528666,8041293.708025633,0.0004,0.0,33.017778,10.679083,True,True,773.559972178191,10.0273572050035,1.1614832999184728,1.1414004258811474,707,/scratch/project_2013233/enchanted_plugins/data/ascot_DT-D_sobol_seq_extended_take2/batch_0/ascot_sdcc_workflow_runner-60af975a-b4b9-4b2c-9ba8-1f8130035c01,0
5.21,0.85,0.0,6.06,178012.89051343518,1.2464533093992163e+20,307377.41320263344,1886372.3796068844,0.16294630716904906,6418182.026089945,8951470.402374398,0.002792,0.001597,41.965501,13.933677,True,True,958.2375534810126,7.4627232603728775,1.2050849860534072,1.3103807777166367,712,/scratch/project_2013233/enchanted_plugins/data/ascot_DT-D_sobol_seq_extended_take2/batch_0/ascot_sdcc_workflow_runner-c0916609-35a7-4deb-9576-6d16d9edc9cb,0
6.08,0.83,0.0,6.91,205704.33286618118,1.310171783402228e+20,365936.2514013877,1713224.1408992487,0.21359508231614843,9012738.149016086,9768265.012553176,0.0006,0.0002,41.224683,14.947411,True,True,989.3358903937042,9.492720980197191,1.4255283898673952,1.4621500510722398,711,/scratch/project_2013233/enchanted_plugins/data/ascot_DT-D_sobol_seq_extended_take2/batch_0/ascot_sdcc_workflow_runner-72825a2f-7f64-45a0-a32b-4af66acc6289,0
5.66,0.66,0.0,6.32,4449.093430556053,8.222745734045696e+19,202536.97727767602,975503.9329216087,0.2076229223095832,3831504.1622808482,2722750.444423352,0.000999,0.0006,45.654386,15.750542,True,True,592.3305191099644,5.732789468765259,1.4460528590716422,1.4799948809668422,742,/scratch/project_2013233/enchanted_plugins/data/ascot_DT-D_sobol_seq_extended_take2/batch_0/ascot_sdcc_workflow_runner-b9afbfae-4338-4169-a16c-ba302cfe8042,0
5.97,0.79,0.0,6.77,38611.90749704698,5.881684778164238e+19,103819.60891728845,594871.4248159119,0.1745244511440709,5427919.196079556,6420341.653669165,0.0,0.0,33.510882,11.616529,True,True,715.6087774783373,11.119503151997923,1.3270904696546495,1.2435191983357072,709,/scratch/project_2013233/enchanted_plugins/data/ascot_DT-D_sobol_seq_extended_take2/batch_0/ascot_sdcc_workflow_runner-b622b54c-a91a-4424-bba7-fc02f25e5c1d,0
5.83,0.86,0.0,6.69,39864.4570331663,1.1036147347515897e+20,272606.47383362026,1613843.4520067517,0.1689175449419488,5167040.413304476,5910923.381000102,0.000799,0.001597,43.466288,14.231649,True,True,786.6652267985046,6.470698956772685,1.2393144355155528,1.3391778215765953,748,/scratch/project_2013233/enchanted_plugins/data/ascot_DT-D_sobol_seq_extended_take2/batch_0/ascot_sdcc_workflow_runner-cd8e5737-76e1-4bc7-86fc-e0801bb4b61d,0
5.71,0.48,0.0,6.2,1234.6511997397413,6.567072048249094e+19,97057.52827476659,958359.6761428387,0.10127463695613656,1900150.3521651868,1702540.5588739477,0.012833,0.011858,49.855834,14.168256,True,True,512.0522100478411,3.6575397066771984,1.0080706612206995,1.2079849576577544,750,/scratch/project_2013233/enchanted_plugins/data/ascot_DT-D_sobol_seq_extended_take2/batch_0/ascot_sdcc_workflow_runner-d8208e47-f784-491a-879c-5c0a6a7105c3,0
5.72,0.83,0.0,6.55,196500.77350390065,1.1903151586114878e+20,199729.367616401,1529313.7133245673,0.13060065170161217,8132990.205370656,11239457.845796375,0.0004,0.0,32.113621,11.15777,True,True,931.9276292808354,8.853450437262655,1.3152666543610394,1.1029317080974579,751,/scratch/project_2013233/enchanted_plugins/data/ascot_DT-D_sobol_seq_extended_take2/batch_0/ascot_sdcc_workflow_runner-d3ccbf56-70e8-4c5e-969a-b702c8d8637e,0
5.72,0.38,0.0,6.1,18822.06347939855,8.092751752383173e+18,-1171.7499722516523,76726.45542541523,-0.015271785536746121,904771.9389031272,5180815.481358628,0.0,0.0,8.91868,2.007848,True,True,529.4630574062467,9.352665514871479,1.4859965951181948,0.8389053079299629,753,/scratch/project_2013233/enchanted_plugins/data/ascot_DT-D_sobol_seq_extended_take2/batch_0/ascot_sdcc_workflow_runner-3913fa8f-f651-4314-ac15-79f0e1847840,0
5.78,0.65,0.0,6.43,15407.533120671646,7.202100092366208e+19,127952.85177087662,912036.148591916,0.14029361880932223,3746052.709001068,4043670.2480644784,0.000799,0.0,42.556337,12.843978,True,True,626.8739309161901,6.4946453858166935,1.0687962104566395,1.2535259979777038,754,/scratch/project_2013233/enchanted_plugins/data/ascot_DT-D_sobol_seq_extended_take2/batch_0/ascot_sdcc_workflow_runner-a678c72d-6e31-4ef5-a557-6ba808dceb0d,0
5.77,0.89,0.0,6.65,185951.98560031597,5.941203571712558e+19,82048.26090652769,649930.1278695444,0.1262416641239266,5842171.009836153,9404871.150985966,0.0,0.0,27.614993,9.358531,True,True,804.6547737903893,11.800785686820745,1.2625901163555682,1.0573892765678465,755,/scratch/project_2013233/enchanted_plugins/data/ascot_DT-D_sobol_seq_extended_take2/batch_0/ascot_sdcc_workflow_runner-40da956c-192f-43c7-ad25-cc1406c1eb3f,0
6.29,0.64,0.0,6.93,102519.22579672979,1.0428111841182727e+20,181780.8484856763,1993811.4502433736,0.09117253713408423,2902682.382231586,6179273.953060193,0.029315,0.027616,44.824166,13.849707,True,True,975.9847787208855,4.552478953823448,1.072597702499479,1.0875230838544667,728,/scratch/project_2013233/enchanted_plugins/data/ascot_DT-D_sobol_seq_extended_take2/batch_0/ascot_sdcc_workflow_runner-08187a08-7cb5-4bbc-b19d-af5c4555ef81,0
6.14,0.77,0.0,6.91,5064.299308035732,4.021248562087052e+19,58828.775107429996,374985.84641440224,0.1568826548253703,3485567.2785609076,3766936.484639118,0.0002,0.0,33.598928,11.148434,True,True,579.5473363250494,9.797095786035062,1.250739614944905,1.201561641599983,729,/scratch/project_2013233/enchanted_plugins/data/ascot_DT-D_sobol_seq_extended_take2/batch_0/ascot_sdcc_workflow_runner-311cae5a-f36b-49e9-87ba-8a9d99a44d09,0
7.4,0.85,0.0,8.26,718.5792972159974,3.717758453004415e+19,63114.6612559621,303667.55036903487,0.20784130928464833,3327126.996454371,2819900.5458964705,0.0,0.0,38.076173,13.182254,True,True,543.4537557885051,10.160193199664354,1.3535150028765202,1.4063005963340403,737,/scratch/project_2013233/enchanted_plugins/data/ascot_DT-D_sobol_seq_extended_take2/batch_0/ascot_sdcc_workflow_runner-c469cc56-3893-4327-9de3-38eab7cb7c77,0
6.98,0.74,0.0,7.72,63204.514922636095,5.807243497905277e+19,89696.97655567869,617019.8468261602,0.1453712988602618,5301404.28549696,7308715.589208743,0.0,0.0,31.727776,10.555591,True,True,737.426714040339,10.922113078460098,1.2258882727473974,1.1521461612544954,757,/scratch/project_2013233/enchanted_plugins/data/ascot_DT-D_sobol_seq_extended_take2/batch_0/ascot_sdcc_workflow_runner-dda9534d-a379-494a-b0b9-76e9cc260eb8,0
5.96,0.7,0.0,6.66,46784.023701321275,5.198913017228584e+19,58089.36547508942,567937.9965125201,0.10228117476166934,4305498.602822457,6577459.7549251355,0.0002,0.0,29.541026,9.218651,True,True,688.763759098947,9.624403723329307,1.124120716471225,1.0277339769527316,741,/scratch/project_2013233/enchanted_plugins/data/ascot_DT-D_sobol_seq_extended_take2/batch_0/ascot_sdcc_workflow_runner-0f7e0a1a-5476-4e9d-9c6f-fc37b1edd1fe,0
5.91,0.9,0.0,6.81,36920.813079569845,1.1023343377397169e+20,305026.6877297875,2124800.7369862404,0.14355543200838167,2916969.004467912,4431665.394434857,0.024009,0.019416,47.201858,15.707263,True,True,866.5432906709611,4.330567859485745,1.302304978016764,1.2613080225884914,740,/scratch/project_2013233/enchanted_plugins/data/ascot_DT-D_sobol_seq_extended_take2/batch_0/ascot_sdcc_workflow_runner-ddc32be7-9af2-42e2-869f-2db956467c9d,0
6.15,0.74,0.0,6.89,669688.6932087925,7.1017996261945025e+19,41621.03265825605,889369.1609267856,0.0467983762950404,6594262.128318405,15755235.727216588,0.0002,0.0,22.006503,6.667391,True,True,977.1411851979792,10.987660504505039,1.1272773039527237,0.8090891130268574,743,/scratch/project_2013233/enchanted_plugins/data/ascot_DT-D_sobol_seq_extended_take2/batch_0/ascot_sdcc_workflow_runner-c41cbb44-6aa1-4c72-815f-ec92263f88d8,0
6.82,0.57,0.0,7.39,117828.51903315682,1.2779923896609702e+20,224469.0828704512,2394924.024395635,0.0937270162159305,3839216.731890025,7118109.0737069305,0.017296,0.014584,35.386099,13.059637,True,True,946.0448767058551,4.881126036867499,1.472566632553935,1.0074478935450315,744,/scratch/project_2013233/enchanted_plugins/data/ascot_DT-D_sobol_seq_extended_take2/batch_0/ascot_sdcc_workflow_runner-6489fa69-975a-4619-8d76-ab04490b9ba0,0
6.07,0.82,0.0,6.89,69472.29041947048,8.449719563235079e+19,189033.8567483448,1031749.4204494059,0.18321682862298685,6736953.620630328,8233423.489508193,0.0002,0.0,42.007584,13.534413,True,True,835.4466226883233,10.438999900594354,1.082226112484932,1.4131391193717717,747,/scratch/project_2013233/enchanted_plugins/data/ascot_DT-D_sobol_seq_extended_take2/batch_0/ascot_sdcc_workflow_runner-1df66b09-8186-4494-bc0e-7b676e7ddb01,0
6.8,0.6,0.0,7.4,72595.97034264564,1.1981829594036861e+20,307087.2808129284,1623380.6568379127,0.18916529497837284,6525378.6012407085,7347568.879288156,0.001199,0.0004,41.556987,14.459667,True,True,850.1431881450117,7.490527374297381,1.3636398361995816,1.3783970278687776,772,/scratch/project_2013233/enchanted_plugins/data/ascot_DT-D_sobol_seq_extended_take2/batch_0/ascot_sdcc_workflow_runner-b3202f0d-3096-4d6c-b2df-54827cc61ea7,0
5.98,0.35,0.0,6.33,93341.80059858291,7.642789939645052e+18,-584.4160457573677,76754.14205085103,-0.007614130392730874,1036404.2002073819,8644704.581186423,0.0,0.0,8.093193,1.806978,True,True,644.1336730495095,11.693269827961922,1.4371041064150631,0.9717821737751365,749,/scratch/project_2013233/enchanted_plugins/data/ascot_DT-D_sobol_seq_extended_take2/batch_0/ascot_sdcc_workflow_runner-39f5e712-e031-4a57-9244-28023106edd0,0
5.77,0.34,0.0,6.11,24471.746496814376,1.0934748703573125e+20,194027.19116146068,1951632.891993859,0.099417873083311,3052010.0413579205,4200900.249329147,0.017296,0.015942,40.427507,13.440517,True,True,735.1072896271944,4.170812638476491,1.3432181640528142,1.0651263828389346,778,/scratch/project_2013233/enchanted_plugins/data/ascot_DT-D_sobol_seq_extended_take2/batch_0/ascot_sdcc_workflow_runner-b6ea8856-85f1-46be-800f-01d49699fa02,0
6.17,0.81,0.0,6.98,671.4906801935659,5.013863006452076e+19,96974.39814300509,533930.2815532609,0.18162370911216366,2946336.8919651574,2410048.288630632,0.0004,0.0004,46.827437,14.290368,True,True,528.8528557866812,6.785215422883629,1.0718489149585366,1.450860050227493,782,/scratch/project_2013233/enchanted_plugins/data/ascot_DT-D_sobol_seq_extended_take2/batch_0/ascot_sdcc_workflow_runner-0dc4efb7-8606-4d67-9851-5fc47407eb05,0
15.97,0.84,0.0,16.81,90324.45324627773,9.658452696892521e+19,216685.2103581665,1063130.0826175637,0.20381815348942015,8569456.090135474,9186350.248627182,0.0,0.0,35.426341,13.022804,True,True,867.8288604132831,11.290577176585794,1.4976066607050598,1.3325269077904522,731,/scratch/project_2013233/enchanted_plugins/data/ascot_DT-D_sobol_seq_extended_take2/batch_0/ascot_sdcc_workflow_runner-807bf90e-7d13-4eb8-8149-3cd60cb2dc64,0
7.17,1.05,0.0,8.22,157608.46180598089,1.2612689295162561e+20,264616.452866277,1890371.0865534258,0.13998122101451133,6402254.342090557,9181178.267608387,0.001597,0.001199,38.303811,12.782767,True,True,931.561331730336,7.220900278910994,1.245050779543817,1.1908911515027285,784,/scratch/project_2013233/enchanted_plugins/data/ascot_DT-D_sobol_seq_extended_take2/batch_0/ascot_sdcc_workflow_runner-aa3fa7ae-5c0f-4d4a-b994-3763a5a91ebe,0
5.85,0.77,0.0,6.63,1260.253089078524,2.7733239141042962e+19,32621.61129276896,215949.41212542568,0.15106135724890044,2612038.3954950855,2816662.9637063267,0.0,0.0,28.889228,10.165848,True,True,515.5920991674066,10.409096212685109,1.4223345601931214,1.1200257698073983,785,/scratch/project_2013233/enchanted_plugins/data/ascot_DT-D_sobol_seq_extended_take2/batch_0/ascot_sdcc_workflow_runner-eb8a3add-8f03-47bb-9c2e-3aed968537ef,0
6.45,0.46,0.0,6.91,26547.7500888921,1.1121876214220792e+20,286429.81593559956,1848108.937466679,0.15498535293499918,4095907.492724663,5316942.233142318,0.006754,0.003786,46.421909,14.739357,True,True,801.1145885102451,5.4270855948328975,1.1766346702352166,1.3198360507376492,780,/scratch/project_2013233/enchanted_plugins/data/ascot_DT-D_sobol_seq_extended_take2/batch_0/ascot_sdcc_workflow_runner-b85d28b8-bdbd-4f62-89ff-ee656ca67124,0
25.9,0.83,0.0,26.73,0.0,4.009734464509036e+19,68377.09685367263,359353.068257403,0.19027831649038385,3856769.554218565,4134756.959367202,0.0,0.0,37.3714,12.498662,True,True,608.8842460885644,11.147314588353039,1.2272301013581455,1.3552907864563166,777,/scratch/project_2013233/enchanted_plugins/data/ascot_DT-D_sobol_seq_extended_take2/batch_0/ascot_sdcc_workflow_runner-e3a41520-d585-4284-807d-ddb6ebf4e3c7,0
6.46,0.94,0.0,7.4,415218.3619796021,8.235072509155987e+19,65942.20813198328,1009356.9799440354,0.06533090813483997,6902708.270921131,13561972.84601619,0.0002,0.0002,23.442353,7.583989,True,True,917.5712582655251,9.925730661302806,1.2529456159099936,0.8600975890643895,783,/scratch/project_2013233/enchanted_plugins/data/ascot_DT-D_sobol_seq_extended_take2/batch_0/ascot_sdcc_workflow_runner-a71e3daf-a411-435d-891d-b892d7f78846,0
15.43,0.72,0.0,16.15,132506.14006796165,7.865644442876612e+19,73100.5739589944,941775.3880619716,0.07761996638011967,5812630.159291578,9369941.960253876,0.0006,0.0004,25.050459,8.337929,True,True,787.2757245786488,8.628505462780595,1.3253975445404649,0.9013676378875971,787,/scratch/project_2013233/enchanted_plugins/data/ascot_DT-D_sobol_seq_extended_take2/batch_0/ascot_sdcc_workflow_runner-8a189a8b-94e7-4b98-be7f-e400749daeac,0
6.62,0.58,0.0,7.2,69703.71703011238,1.1246052728145605e+20,236673.58577444046,1962860.1985370433,0.12057587491500299,3737075.307480473,5712919.175740236,0.012053,0.012443,44.039031,13.779068,True,True,836.4274338819087,5.053978567197919,1.1525302389636636,1.1781942152418197,724,/scratch/project_2013233/enchanted_plugins/data/ascot_DT-D_sobol_seq_extended_take2/batch_0/ascot_sdcc_workflow_runner-40446efb-21c3-4469-8105-2c13baa8c6c0,0
6.48,0.41,0.0,6.89,28357.56444569306,1.3547584901074862e+19,-4370.2286256337875,150038.8338257424,-0.02912731666995922,1233803.5148839217,6655027.230106091,0.0,0.0,11.524285,2.428609,True,True,590.987897478044,8.283577213436365,1.1103277327492833,0.8671856986358762,793,/scratch/project_2013233/enchanted_plugins/data/ascot_DT-D_sobol_seq_extended_take2/batch_0/ascot_sdcc_workflow_runner-2d0a3612-bc5b-4849-b683-cdea1966de7c,0
5.36,0.74,0.0,6.1,15685.414665775528,8.8951454128988e+19,181553.02243562645,1010530.4837007683,0.17966110410716393,5495611.733071712,5083273.308681072,0.0002,0.0002,37.558977,13.317708,True,True,690.3505809605122,7.59835963100195,1.4444668916985393,1.2906930865719914,794,/scratch/project_2013233/enchanted_plugins/data/ascot_DT-D_sobol_seq_extended_take2/batch_0/ascot_sdcc_workflow_runner-c846b724-5b1b-48c6-91ad-c605ed5deac9,0
8.26,0.78,0.0,9.05,249767.38913034962,7.21696018827004e+19,83953.85289464494,862242.740041551,0.09736684230081108,6336504.100626074,11192014.811308155,0.0,0.0002,27.824127,8.90046,True,True,864.2238066531718,10.687605604156852,1.1383847566321492,0.9983485009521247,795,/scratch/project_2013233/enchanted_plugins/data/ascot_DT-D_sobol_seq_extended_take2/batch_0/ascot_sdcc_workflow_runner-0eeda878-59a7-4ba9-a2af-e0a8a2264c9c,0
5.3,0.64,0.0,5.94,11071.231626924842,1.0571927487266116e+20,302121.3060209296,1798346.3093361584,0.16799951402711452,3219052.3179531763,3338957.21536364,0.013223,0.010489,47.568773,15.957961,True,True,706.2671631574631,4.421405098959804,1.3817872372455895,1.3476414437405766,762,/scratch/project_2013233/enchanted_plugins/data/ascot_DT-D_sobol_seq_extended_take2/batch_0/ascot_sdcc_workflow_runner-cd78b698-1504-4404-9397-2fffe5b3aa20,0
8.23,0.88,0.0,9.1,132416.59568835038,1.1236207894605532e+20,280349.4027981008,1712194.6243293902,0.16373687828152383,6260108.967983064,9059005.484048814,0.001996,0.001797,44.66601,14.161605,True,True,963.6345882900059,8.115106297284365,1.025399124249816,1.371004053670913,759,/scratch/project_2013233/enchanted_plugins/data/ascot_DT-D_sobol_seq_extended_take2/batch_0/ascot_sdcc_workflow_runner-a4f671b3-000a-4d49-9b14-ca0a8608dade,0
6.47,0.32,0.0,6.8,25082.85917119397,3.989763765500642e+18,-783.0614821159011,37444.636571700015,-0.020912513882100938,549609.9685378424,5032941.362779217,0.0,0.0,10.897032,2.1419,True,True,531.3723254948854,11.657513929903507,1.025176825467497,1.0404846749268473,801,/scratch/project_2013233/enchanted_plugins/data/ascot_DT-D_sobol_seq_extended_take2/batch_0/ascot_sdcc_workflow_runner-69f11963-6c99-4c6c-8af3-a2334d1cded2,0
5.51,0.72,0.0,6.24,10860.580004499552,4.743198874968952e+19,42713.62659521443,500711.44091555587,0.08530587301363064,3029607.12577289,3643762.3027928732,0.0002,0.0002,31.461146,9.527045,True,True,560.5616308748722,7.061632844433189,1.1407067440450191,0.9933423190377653,766,/scratch/project_2013233/enchanted_plugins/data/ascot_DT-D_sobol_seq_extended_take2/batch_0/ascot_sdcc_workflow_runner-8e1089ed-de8a-47f2-8893-4cf67f442461,0
9.48,0.57,0.0,10.05,2918.825172965989,7.413315168086457e+19,66526.20935273409,1050084.4363076433,0.06335320004042408,2328834.8267106083,2426206.12553398,0.010293,0.010489,39.375393,11.825561,True,True,546.7498004436493,3.9174867600202563,1.204849276226014,0.9682343935593963,798,/scratch/project_2013233/enchanted_plugins/data/ascot_DT-D_sobol_seq_extended_take2/batch_0/ascot_sdcc_workflow_runner-9e2a19d6-2fe9-47ef-b640-684053ff1289,0
6.04,0.92,0.0,6.96,12191.843150612647,8.385060973608213e+19,185662.38101419626,978766.9740949454,0.18969007529690726,5361704.217868319,5199276.786590888,0.0004,0.0002,41.509985,13.835962,True,True,700.273459777236,7.995868885517121,1.2647767383605242,1.3933633732609452,805,/scratch/project_2013233/enchanted_plugins/data/ascot_DT-D_sobol_seq_extended_take2/batch_0/ascot_sdcc_workflow_runner-0d8c51cc-9e6e-4cb7-9760-f58de6cdf1a5,0
6.31,0.78,0.0,7.08,305501.1723361984,1.1907323923287361e+20,231622.56541340868,1408059.1208124312,0.1644977558042915,9790371.484335229,12289210.659878504,0.0002,0.0002,31.856559,11.798223,True,True,973.4212155453861,10.532172666862607,1.4867433477193117,1.1749053695239127,807,/scratch/project_2013233/enchanted_plugins/data/ascot_DT-D_sobol_seq_extended_take2/batch_0/ascot_sdcc_workflow_runner-20251041-ad62-4cab-807e-2d86b6570995,0
10.28,0.87,0.0,11.15,24046.81838473527,7.64659991067327e+19,179373.45990660856,786250.1257366547,0.22813790934347983,7013584.95951841,6796158.276998074,0.0,0.0,38.750781,13.971978,True,True,770.0164304114878,11.524261057376862,1.458388369064778,1.4742333465255797,771,/scratch/project_2013233/enchanted_plugins/data/ascot_DT-D_sobol_seq_extended_take2/batch_0/ascot_sdcc_workflow_runner-8b965628-6760-4122-a0af-12d842dd7c39,0
6.57,0.93,0.0,7.5,62596.98506147384,9.834229742544395e+19,279835.2636004974,1924992.930890685,0.14536950193942735,2522272.9396737274,4454045.225307546,0.03363,0.029126,51.723437,16.462705,True,True,942.2637508250773,4.302751729264855,1.1443505813367665,1.3293215920217336,808,/scratch/project_2013233/enchanted_plugins/data/ascot_DT-D_sobol_seq_extended_take2/batch_0/ascot_sdcc_workflow_runner-4e97f799-1fc1-452f-a427-ceac1fd4fbb6,0
5.98,0.84,0.0,6.82,249720.30739931343,7.72065640851709e+19,78584.16237051501,940052.5651923072,0.08359549803945165,6211053.87394979,10843813.088214628,0.0,0.0,26.486661,8.505312,True,True,848.8002666272223,9.664484032988549,1.1996071957983077,0.9414412842132152,763,/scratch/project_2013233/enchanted_plugins/data/ascot_DT-D_sobol_seq_extended_take2/batch_0/ascot_sdcc_workflow_runner-7553299a-0d85-4f01-bd9a-ea7aa07e3263,0
7.17,0.78,0.0,7.95,224883.69436815137,1.4159123700400328e+20,175937.4645467682,2265228.141444183,0.07766876162619113,5833882.4970585015,10433850.760221483,0.007937,0.005371,30.873388,10.911689,True,True,962.2919070534408,5.9575558573007585,1.4084241106174886,0.9337925464846194,776,/scratch/project_2013233/enchanted_plugins/data/ascot_DT-D_sobol_seq_extended_take2/batch_0/ascot_sdcc_workflow_runner-5963ec48-2b97-472c-9df9-001b3841e8a6,0
11.1,0.73,0.0,11.83,21163.82179043301,9.854122643637741e+19,189673.6583779767,1492843.4770367728,0.12705528831091548,4190598.6412375155,5392556.418444574,0.003587,0.00319,42.412141,12.980962,True,True,731.6749459132552,5.8259695574641235,1.1080240090377629,1.1980164690874517,810,/scratch/project_2013233/enchanted_plugins/data/ascot_DT-D_sobol_seq_extended_take2/batch_0/ascot_sdcc_workflow_runner-5f531ce9-afc3-4fbb-8b09-c8cae135b803,0
6.17,0.8,0.0,6.97,25711.692569999184,5.598810159435534e+19,62277.06059638584,558271.5798571825,0.11155334221440685,4228767.532695683,5051006.12245772,0.0,0.0,25.96794,9.458343,True,True,627.2400515154004,8.536839130148293,1.498326658271253,0.9910796358250082,781,/scratch/project_2013233/enchanted_plugins/data/ascot_DT-D_sobol_seq_extended_take2/batch_0/ascot_sdcc_workflow_runner-12e93a51-631b-4b40-b425-58272d3b3a82,0
7.71,0.75,0.0,8.46,34855.986257533805,4.233511603214352e+19,41648.88143873867,395899.98181489785,0.10520051364440705,3592591.6129008643,4961223.590663641,0.0,0.0,24.156497,8.599211,True,True,612.2918017208576,9.52891149893403,1.4621822298504412,0.9597204088233412,809,/scratch/project_2013233/enchanted_plugins/data/ascot_DT-D_sobol_seq_extended_take2/batch_0/ascot_sdcc_workflow_runner-088db19c-543e-41c0-9600-b737242f5e22,0
6.54,0.37,0.0,6.91,227628.83629337623,9.679623815061496e+18,-624.3657665597133,107270.69984946614,-0.005820468845974632,1277506.1079681034,12651969.910255844,0.0,0.0,7.040498,1.581112,True,True,749.2705583572388,11.385739797726274,1.3979163621552289,0.8287287468090654,821,/scratch/project_2013233/enchanted_plugins/data/ascot_DT-D_sobol_seq_extended_take2/batch_0/ascot_sdcc_workflow_runner-6ea52172-9973-47b4-bcae-7f080aa4bc5b,0
10.55,0.74,0.0,11.29,96633.10748570267,1.3057111988278649e+20,297280.01439331914,2221359.194331979,0.13382798025274747,4736631.228400031,7139256.712539121,0.00774,0.006754,38.292425,13.775192,True,True,910.5566130019724,5.598780336230993,1.4482721518725157,1.1487908340990542,816,/scratch/project_2013233/enchanted_plugins/data/ascot_DT-D_sobol_seq_extended_take2/batch_0/ascot_sdcc_workflow_runner-b661dfff-6472-42c6-8e57-a770473d138b,0
6.48,0.88,0.0,7.35,34341.200984557465,1.1405500891251525e+20,338016.81334806525,1802070.0723646795,0.18757140387139273,4789942.276117087,5645658.327903175,0.00319,0.002991,47.792578,15.594102,True,True,821.6423788107932,6.11395009830594,1.21668071905151,1.4603118602186442,820,/scratch/project_2013233/enchanted_plugins/data/ascot_DT-D_sobol_seq_extended_take2/batch_0/ascot_sdcc_workflow_runner-3a51a30c-8ca0-4954-b115-8931d7150a74,0
7.02,0.73,0.0,7.75,1867.7479675274199,3.2256515004420686e+19,39125.346861421254,291334.6997337011,0.1342968993984732,2613914.2182969223,2853388.8178198314,0.0,0.0,34.803405,10.802423,True,True,518.0230922996998,8.757752840593458,1.126530483365059,1.1621675757691263,817,/scratch/project_2013233/enchanted_plugins/data/ascot_DT-D_sobol_seq_extended_take2/batch_0/ascot_sdcc_workflow_runner-f46fa3e7-130e-4f1c-b03a-f8b23e8b3c50,0
5.99,0.85,0.0,6.83,30300.472580036276,1.0433777267489561e+20,124202.04622030126,1613062.623208149,0.07699765925595703,3869687.600596188,5462641.7345202165,0.00774,0.006557,35.615578,11.228985,True,True,718.1721637025476,5.024452962353825,1.2410091403871775,0.980623852275312,826,/scratch/project_2013233/enchanted_plugins/data/ascot_DT-D_sobol_seq_extended_take2/batch_0/ascot_sdcc_workflow_runner-69441e47-1a27-46ec-8e16-8f588d805d63,0
6.16,1.09,0.0,7.24,125750.43687316393,1.0920456813229875e+20,245948.58915403474,1263708.4175456974,0.1946244764529638,8654345.817775154,9311052.778591119,0.0004,0.0,36.074377,13.169481,True,True,882.9327956773341,10.183691082894802,1.4633922893553972,1.3175725956447422,767,/scratch/project_2013233/enchanted_plugins/data/ascot_DT-D_sobol_seq_extended_take2/batch_0/ascot_sdcc_workflow_runner-50145ca6-e50a-48a5-84bc-055a7e222bb7,0
7.08,0.79,0.0,7.87,79859.90256905988,1.1969524793497818e+20,280356.02301904425,1531143.6391000014,0.18310236600913296,7364867.324868461,7991083.153522607,0.0006,0.0002,38.019166,13.675367,True,True,852.9846775345504,8.151125489920378,1.433952186256647,1.308459223806858,827,/scratch/project_2013233/enchanted_plugins/data/ascot_DT-D_sobol_seq_extended_take2/batch_0/ascot_sdcc_workflow_runner-70337236-bdcb-4655-bb4e-80e73bcf54d4,0
7.41,0.59,0.0,8.0,26342.038625759153,1.0853464798975022e+20,267039.52405084955,1991596.666908318,0.13408313464663102,2807737.3664248404,3865637.6836253055,0.025531,0.023628,47.286501,15.349621,True,True,776.8557188101113,4.0474068626761435,1.2786873080767691,1.229039841517806,828,/scratch/project_2013233/enchanted_plugins/data/ascot_DT-D_sobol_seq_extended_take2/batch_0/ascot_sdcc_workflow_runner-04a5ead3-65ba-4a99-8983-15edbdc8d4dc,0
5.97,0.65,0.0,6.62,380302.81092096807,6.0705038029047276e+19,63651.445745887366,706259.0215273035,0.09012478963913191,6017931.851491057,12107170.923262246,0.0,0.0,24.902663,8.012334,True,True,879.1532213799655,11.82832757011056,1.1667313617654145,0.9504108529537917,831,/scratch/project_2013233/enchanted_plugins/data/ascot_DT-D_sobol_seq_extended_take2/batch_0/ascot_sdcc_workflow_runner-fdc84220-0c70-4304-b802-2d87669f4ae8,0
6.85,0.76,0.0,7.61,1475.4323929948087,6.363355967177854e+19,121570.92920766339,635338.3673913748,0.19134831996188023,3637749.365887877,2526617.3490801486,0.0,0.0,40.493033,14.16969,True,True,549.1825835779309,6.589862862601876,1.4689228483475745,1.360504420287907,830,/scratch/project_2013233/enchanted_plugins/data/ascot_DT-D_sobol_seq_extended_take2/batch_0/ascot_sdcc_workflow_runner-a27db0ab-e736-4400-94d7-2c2bd974e593,0
6.12,0.56,0.0,6.68,75277.69958606262,1.1187014269889533e+20,381642.01414279937,2137689.7809317415,0.1785301204819604,3448192.8929397,5300145.404669441,0.016716,0.013418,49.168775,16.77391,True,True,979.7047502361238,5.155366412177682,1.3070647595450282,1.4218993853777646,792,/scratch/project_2013233/enchanted_plugins/data/ascot_DT-D_sobol_seq_extended_take2/batch_0/ascot_sdcc_workflow_runner-7fb49851-d059-4942-b24c-7507d5e07daa,0
20.66,0.92,0.0,21.58,412981.6946175592,1.1239636340046243e+20,74812.33079441391,1689681.5114875147,0.04427599537888813,6485170.584731286,13653557.67493316,0.002394,0.001597,28.667722,8.469578,True,True,990.9228910692036,7.728920790553094,1.0112548265606165,0.8494475811719895,824,/scratch/project_2013233/enchanted_plugins/data/ascot_DT-D_sobol_seq_extended_take2/batch_0/ascot_sdcc_workflow_runner-e5366cb7-049a-4fb7-844d-7354afbdf8f0,0
6.96,0.73,0.0,7.68,97509.20238599423,8.060323410283566e+19,83510.36721082391,1049155.6400717334,0.07959769172580924,5192050.509455951,8414768.434421942,0.0004,0.0004,30.91718,9.334919,True,True,779.8845795914531,8.054392731562258,1.0771906496956944,0.9775838505476714,835,/scratch/project_2013233/enchanted_plugins/data/ascot_DT-D_sobol_seq_extended_take2/batch_0/ascot_sdcc_workflow_runner-83a9d42e-cdec-4783-bb3b-870076c794f4,0
10.22,0.51,0.0,10.73,17829.198993067967,9.704473615464097e+19,231824.03267861766,1486287.581204612,0.15597522014597473,3446090.008970737,3557003.758983374,0.005569,0.005569,46.4077,14.786043,True,True,664.5747213624418,4.850303477793932,1.2554855225607753,1.3114567564800383,834,/scratch/project_2013233/enchanted_plugins/data/ascot_DT-D_sobol_seq_extended_take2/batch_0/ascot_sdcc_workflow_runner-b631dbfb-d829-4073-9924-6d4d84272624,0
11.13,0.78,0.0,11.91,24614.043900134762,1.0374051526721462e+20,195922.85170134073,2055934.2242370376,0.09529626453591832,2240055.4422323387,4037237.007535123,0.052851,0.042879,45.461454,14.647695,True,True,855.8914698660374,3.626843334361911,1.2326310011558235,1.0786218643188477,836,/scratch/project_2013233/enchanted_plugins/data/ascot_DT-D_sobol_seq_extended_take2/batch_0/ascot_sdcc_workflow_runner-9dda19fb-0ba9-49e0-ac95-3e5fd4a9d653,0
5.4,0.88,0.0,6.29,42378.426509692224,5.300154042945231e+19,65196.82750537058,580220.0493360338,0.11236569225757988,4177594.392712634,5910926.354565997,0.0,0.0,32.34787,9.944016,True,True,669.5414539426565,9.259211429581047,1.0859026205725968,1.081918886490166,829,/scratch/project_2013233/enchanted_plugins/data/ascot_DT-D_sobol_seq_extended_take2/batch_0/ascot_sdcc_workflow_runner-b181fa27-d427-46ff-85d9-7a11ec188ab9,0
5.78,0.77,0.0,6.55,57389.736633157816,9.24365208451001e+19,136898.57687768573,1317883.4154814326,0.10387760804143337,4661917.77291582,6682796.72666586,0.001597,0.0006,37.879406,11.399832,True,True,755.8740018866956,6.719366588070988,1.043493169825524,1.0997290000319482,796,/scratch/project_2013233/enchanted_plugins/data/ascot_DT-D_sobol_seq_extended_take2/batch_0/ascot_sdcc_workflow_runner-4e6e2837-f4f9-48be-98c3-6e5599a2eed9,0
7.73,0.69,0.0,8.42,11238.985668606969,5.134341580136199e+19,34124.78281680674,594495.8056225469,0.05740121712224999,2922314.4541801275,3871710.2116056494,0.0002,0.0006,31.632309,8.926771,True,True,568.0624819360673,6.435901006311179,1.0190264168195426,0.947640641592443,838,/scratch/project_2013233/enchanted_plugins/data/ascot_DT-D_sobol_seq_extended_take2/batch_0/ascot_sdcc_workflow_runner-721f9294-4b83-4339-ba85-ca192b8d3052,0
6.4,0.86,0.0,7.25,211349.6097504678,1.1089292643806932e+20,254792.08984498965,1286491.9585960435,0.19805183245999128,9967242.168593667,11482563.252335893,0.0,0.0,37.436923,13.291165,True,True,987.970313988626,11.728197954967618,1.3378192014060915,1.3633177682757378,839,/scratch/project_2013233/enchanted_plugins/data/ascot_DT-D_sobol_seq_extended_take2/batch_0/ascot_sdcc_workflow_runner-b1eb1366-4b43-47e5-828b-1e111dd57bcc,0
5.33,0.7,0.0,6.03,82948.62639156856,1.2781467589623518e+20,323197.67292155285,2023872.0603427028,0.15969273910863008,5538815.907450173,7358671.612057709,0.002593,0.001996,41.215445,14.147546,True,True,896.7143227346241,6.367266964539885,1.3313640919514,1.2704753217287361,800,/scratch/project_2013233/enchanted_plugins/data/ascot_DT-D_sobol_seq_extended_take2/batch_0/ascot_sdcc_workflow_runner-d9c9caf8-bf63-4f27-85c7-33f684891f45,0
6.24,0.62,0.0,6.85,131160.0623977263,4.966138414452152e+19,11239.925138098162,593967.2051633598,0.018923477660701533,4054599.7915022667,10173460.5972398,0.0002,0.0002,19.675725,5.616714,True,True,759.7538637928665,8.955097008123994,1.2231848114170134,0.8216315519995988,803,/scratch/project_2013233/enchanted_plugins/data/ascot_DT-D_sobol_seq_extended_take2/batch_0/ascot_sdcc_workflow_runner-b0502add-9a90-4b85-975b-d7ff929575b5,0
6.32,0.62,0.0,6.93,1293.4665522435757,1.0069400086060248e+20,353413.4073863628,1854190.2405933943,0.19060256043266646,2504402.581480469,2356570.8179198895,0.02076,0.020184,53.55334,18.041617,True,True,687.380732037127,3.695611745864153,1.4200301286764443,1.4892851150594653,802,/scratch/project_2013233/enchanted_plugins/data/ascot_DT-D_sobol_seq_extended_take2/batch_0/ascot_sdcc_workflow_runner-58e428b9-ce55-4f07-83f3-5e6540b3e90a,0
10.88,0.8,0.0,11.68,4196.005242249802,4.4145732652976185e+19,85172.79674122164,431137.49245489715,0.1975536765690399,4087778.319289556,4484693.49039924,0.0,0.0,42.065465,13.553073,True,True,633.4763844497502,10.956707268208266,1.0977841257117689,1.4658539114519953,845,/scratch/project_2013233/enchanted_plugins/data/ascot_DT-D_sobol_seq_extended_take2/batch_0/ascot_sdcc_workflow_runner-326b154d-130e-4aee-9455-9bf294e988ec,0
5.6,0.92,0.0,6.52,81532.94424524649,6.731929616544353e+19,116688.33186274522,744091.1691821401,0.15681993913595554,6283175.728221084,8459819.118679913,0.0,0.0,33.31745,11.129467,True,True,793.7570260837674,11.458465701341629,1.2103188331238925,1.2031506390310824,851,/scratch/project_2013233/enchanted_plugins/data/ascot_DT-D_sobol_seq_extended_take2/batch_0/ascot_sdcc_workflow_runner-f0a1592c-1146-4ebc-a939-edbb2d9fb913,0
5.93,0.56,0.0,6.48,103190.75180125498,1.1993038455572487e+20,168156.68019948422,2291021.962340587,0.07339810921222666,3207981.6045454964,6440426.449601259,0.029126,0.020952,36.660269,12.53048,True,True,924.8582329601049,4.390704705566168,1.3442621990107,0.9547280953265727,848,/scratch/project_2013233/enchanted_plugins/data/ascot_DT-D_sobol_seq_extended_take2/batch_0/ascot_sdcc_workflow_runner-5a5e96c3-f7fa-4926-8c6d-bdde7fbac1a3,0
11.13,0.69,0.0,11.82,21463.158958411244,8.818807688571067e+19,130128.65022538335,1071689.5479583526,0.12142383069172223,4500392.178468946,4680113.209029518,0.000999,0.001398,33.8721,11.675986,True,True,651.1953319422901,6.180523986741901,1.4040956213138998,1.0858917216770352,850,/scratch/project_2013233/enchanted_plugins/data/ascot_DT-D_sobol_seq_extended_take2/batch_0/ascot_sdcc_workflow_runner-42f14f78-25d3-4fd4-9082-f53587b76919,0
12.33,0.84,0.0,13.17,0.0,2.7060928104295166e+19,38180.64680675181,227639.34601501067,0.16772428613564086,2419954.434349587,2523218.5146475574,0.0,0.0,39.96736,12.392187,True,True,504.95290430262685,9.695306592062115,1.0410792077891529,1.33435621811077,849,/scratch/project_2013233/enchanted_plugins/data/ascot_DT-D_sobol_seq_extended_take2/batch_0/ascot_sdcc_workflow_runner-04efc55b-972c-4811-a39b-20c2cbe58648,0
6.16,0.89,0.0,7.04,187275.9682618633,7.524006846732005e+19,113326.3309525406,845174.6905411113,0.1340862808847068,6803393.283225551,9990166.354515102,0.0,0.0,29.359004,10.061431,True,True,838.9907605014741,11.017266061529517,1.2851990372873843,1.0910675262100995,811,/scratch/project_2013233/enchanted_plugins/data/ascot_DT-D_sobol_seq_extended_take2/batch_0/ascot_sdcc_workflow_runner-79795af5-ee6a-4112-9155-89326292b4b5,0
5.96,0.72,0.0,6.68,19143.625711521614,7.703845244849863e+19,89345.40686921489,942672.1980436782,0.09477887122865494,3874334.022461833,4364357.801705776,0.0006,0.000999,33.408589,10.692406,True,True,622.0841463655233,5.981242027133703,1.2668675552122295,1.0190618513152003,790,/scratch/project_2013233/enchanted_plugins/data/ascot_DT-D_sobol_seq_extended_take2/batch_0/ascot_sdcc_workflow_runner-f72afa9e-ae29-4203-9608-b1e7cb81063e,0
6.03,0.75,0.0,6.79,7640.656057247984,5.375432464680866e+19,68995.35360985153,568849.2671999863,0.12128934251680301,3471142.9330841796,3700770.6792385206,0.0,0.0,34.805091,10.884826,True,True,580.8899598196149,7.360895725339651,1.1806419901549816,1.11417894391343,806,/scratch/project_2013233/enchanted_plugins/data/ascot_DT-D_sobol_seq_extended_take2/batch_0/ascot_sdcc_workflow_runner-c7e565d8-fc85-4ea5-88c5-8cd78893943f,0
7.73,1.02,0.0,8.75,307746.45259527734,1.093259432111846e+20,102549.69237825766,1338890.881655463,0.07659301723786538,8038581.250987526,13604456.268263688,0.0002,0.0,24.033174,8.537608,True,True,939.4332328811288,8.818318064510823,1.4391919365152717,0.8806920294649899,855,/scratch/project_2013233/enchanted_plugins/data/ascot_DT-D_sobol_seq_extended_take2/batch_0/ascot_sdcc_workflow_runner-c028e5b7-916b-4bc5-966f-9b661def2d5d,0
5.92,0.83,0.0,6.76,37750.92396765629,6.0518833882304406e+19,46478.22468240103,686437.5639530036,0.06770932583401441,4319490.489294373,6809047.720547423,0.0,0.0002,25.697414,8.074311,True,True,682.597114238888,8.080434032902122,1.2465487224981189,0.8875300518237055,861,/scratch/project_2013233/enchanted_plugins/data/ascot_DT-D_sobol_seq_extended_take2/batch_0/ascot_sdcc_workflow_runner-4336eb8e-d326-45b1-8c48-ea7d9e5e8620,0
5.46,0.75,0.0,6.21,40716.84332080556,8.268179106083293e+19,177692.9000450198,979521.562287936,0.18140784938921636,6619076.8597471,7824752.714333854,0.0002,0.0,40.65888,13.215203,True,True,808.259469922632,10.27891976237297,1.1219341456890106,1.3808063559234143,819,/scratch/project_2013233/enchanted_plugins/data/ascot_DT-D_sobol_seq_extended_take2/batch_0/ascot_sdcc_workflow_runner-29e376ed-8347-4553-958e-b2fb3f61fdd1,0
6.25,0.72,0.0,6.96,44065.66143153704,6.560916359774286e+19,58268.70684538825,740419.8848506309,0.07869684220750382,4109360.8633527537,5321537.33749211,0.0004,0.0002,27.896889,9.028007,True,True,638.3820837363601,7.0891855549067255,1.3030190747231245,0.9301085574552417,818,/scratch/project_2013233/enchanted_plugins/data/ascot_DT-D_sobol_seq_extended_take2/batch_0/ascot_sdcc_workflow_runner-8af5b4c9-7efe-4da1-ac0d-2a64651a6b43,0
5.92,0.87,0.0,6.8,43857.823191115305,7.3426015034635485e+19,143390.8869805515,772167.5242519393,0.18569919412172348,6342865.194051595,6953744.672997332,0.0,0.0,34.853634,12.299503,True,True,753.0282344669104,10.603818011283876,1.3739103861153126,1.285474207997322,867,/scratch/project_2013233/enchanted_plugins/data/ascot_DT-D_sobol_seq_extended_take2/batch_0/ascot_sdcc_workflow_runner-036ca617-0504-4e46-8bdb-673979821a87,0
12.57,0.73,0.0,13.31,174457.968350659,7.775105806520562e+19,113083.61377596365,974548.7379882698,0.11603689930315705,6621617.524908656,10933561.533067977,0.0002,0.0,32.930416,10.249051,True,True,893.7007104977965,10.891542360931636,1.0011987639591098,1.1065194350667298,863,/scratch/project_2013233/enchanted_plugins/data/ascot_DT-D_sobol_seq_extended_take2/batch_0/ascot_sdcc_workflow_runner-5b0db6fd-2c96-471c-9e30-ffc875dedbc1,0
6.53,0.69,0.0,7.23,41220.08418567482,4.27657524411435e+19,56738.928906952366,438433.1125892346,0.12941296466380434,4255090.074287738,6643578.307450033,0.0,0.0,30.212347,9.71721,True,True,695.2562886290252,11.597124350443483,1.145787958521396,1.1045631067827344,869,/scratch/project_2013233/enchanted_plugins/data/ascot_DT-D_sobol_seq_extended_take2/batch_0/ascot_sdcc_workflow_runner-55538e47-9e4b-446e-8569-85a2b0bc83f1,0
6.3,0.79,0.0,7.08,44539.121854507954,1.109957906808955e+20,112238.23715202587,1575970.9202928564,0.07121846964737719,4649492.811492885,6274172.848770557,0.005569,0.003587,29.621098,10.462481,True,True,726.4139303006232,5.358307858183981,1.489216012880206,0.9091746775433421,874,/scratch/project_2013233/enchanted_plugins/data/ascot_DT-D_sobol_seq_extended_take2/batch_0/ascot_sdcc_workflow_runner-54b68c77-436a-46f3-a0c3-3215896caa7d,0
6.09,0.81,0.0,6.89,86349.02376422564,1.2950819460318387e+20,299157.31052545767,1953373.1600337676,0.15314908418230042,5690216.738751487,7233062.695085901,0.002792,0.002792,37.984518,13.727074,True,True,861.2559596076608,6.303289002925158,1.4686264940537512,1.2063959758728742,868,/scratch/project_2013233/enchanted_plugins/data/ascot_DT-D_sobol_seq_extended_take2/batch_0/ascot_sdcc_workflow_runner-53856fc3-dc6f-48ce-a442-2b158dcf2c54,0
7.34,0.46,0.0,7.8,19786.635698931655,1.0126674847807652e+20,316676.2561930217,1871730.188641463,0.16918905198770734,2753214.224743833,3698011.522789558,0.022292,0.022865,55.868878,17.058838,True,True,784.3689238652587,4.235480301082134,1.0306326136924326,1.4809056121855975,876,/scratch/project_2013233/enchanted_plugins/data/ascot_DT-D_sobol_seq_extended_take2/batch_0/ascot_sdcc_workflow_runner-02657909-3f5f-4f6a-aa0e-f392285817b8,0
5.4,0.75,0.0,6.16,90183.66843402539,1.295126320440596e+20,380055.5162635034,1837678.214998672,0.20681287570456292,6656789.546532449,7124525.57432165,0.001398,0.0006,42.52634,15.510754,True,True,876.3227015733719,7.296372758969665,1.4929829267784953,1.4428332652896643,832,/scratch/project_2013233/enchanted_plugins/data/ascot_DT-D_sobol_seq_extended_take2/batch_0/ascot_sdcc_workflow_runner-604be46e-83f0-4912-8028-502de8857d18,0
6.66,0.31,0.0,6.98,30038.268934051175,5.333821363451717e+18,-987.1894970416707,52038.93135947367,-0.018970210787427194,678495.8861993795,5776853.167218457,0.0,0.0,8.619223,1.76888,True,True,553.9814778603613,10.473801840841771,1.174096760340035,0.8462494613602758,833,/scratch/project_2013233/enchanted_plugins/data/ascot_DT-D_sobol_seq_extended_take2/batch_0/ascot_sdcc_workflow_runner-3c204313-1247-4f28-a4e4-258544f8d69a,0
6.74,0.92,0.0,7.66,348299.7099790051,9.154780612830532e+19,130033.89069342325,1042163.4630643273,0.124773027746605,8271774.408550122,12801473.77672124,0.0,0.0,26.524429,9.628958,True,True,934.5139004290104,11.088934437185527,1.4145725225098431,1.0266366723924876,879,/scratch/project_2013233/enchanted_plugins/data/ascot_DT-D_sobol_seq_extended_take2/batch_0/ascot_sdcc_workflow_runner-30d694ee-3a29-400b-96fa-0680b3cd3c1e,0
6.32,0.35,0.0,6.67,22912.66527188909,4.2764255420615485e+18,-553.537532351357,38371.47271950067,-0.014425756769821479,596560.826674306,5022749.26436312,0.0,0.0,8.62392,1.798817,True,True,523.9929347299039,11.325373108685017,1.2773204953409731,0.9369046433828772,881,/scratch/project_2013233/enchanted_plugins/data/ascot_DT-D_sobol_seq_extended_take2/batch_0/ascot_sdcc_workflow_runner-29419760-eb12-4c23-bfec-9599242f3d84,0
6.43,0.62,0.0,7.04,13634.60184521784,8.955623932906874e+19,177925.65153603823,1380834.3887002158,0.12885372278678564,2990970.4687891104,3226220.1579409195,0.008723,0.006359,46.081679,14.061844,True,True,632.1457573212683,4.521650386601687,1.1681001712568104,1.2210021316073836,882,/scratch/project_2013233/enchanted_plugins/data/ascot_DT-D_sobol_seq_extended_take2/batch_0/ascot_sdcc_workflow_runner-acf27bb2-5916-4e4f-a971-614eb35720eb,0
6.4,0.68,0.0,7.08,71510.20437732512,1.208305458851901e+20,167010.8795488827,1883823.8502211396,0.08865525273463201,4787363.179143925,7287381.535049116,0.006754,0.00319,33.867094,11.386203,True,True,816.1378121003509,5.5315087985247375,1.3198599591851234,0.9944613457657397,884,/scratch/project_2013233/enchanted_plugins/data/ascot_DT-D_sobol_seq_extended_take2/batch_0/ascot_sdcc_workflow_runner-ca5c04fa-bd96-4369-b294-4695b6df9efd,0
5.37,0.72,0.0,6.09,34600.70464646549,5.176516593367387e+19,26351.085821977234,548980.3034224771,0.04800005693774101,3476823.568271937,5064784.413036525,0.000999,0.0002,22.816137,7.331921,True,True,603.9022640325129,7.1562402985990055,1.4323888644576073,0.8629540110938252,886,/scratch/project_2013233/enchanted_plugins/data/ascot_DT-D_sobol_seq_extended_take2/batch_0/ascot_sdcc_workflow_runner-f54ac83a-56ac-41b8-a411-b3d87722f969,0
7.09,0.88,0.0,7.98,132992.08932250668,1.1440874252413539e+20,288751.4404513592,1438706.4390955837,0.2007021256072764,8759375.713095779,10233314.515472231,0.0,0.0,41.632146,14.2425,True,True,965.3055109083652,10.350588278844953,1.2346908207982779,1.4479619936086237,887,/scratch/project_2013233/enchanted_plugins/data/ascot_DT-D_sobol_seq_extended_take2/batch_0/ascot_sdcc_workflow_runner-824f71aa-911c-4f80-883d-b7c274007763,0
6.8,0.57,0.0,7.37,81799.18033305908,9.285585019612987e+19,282162.6583601237,1965378.067293892,0.1435666058635886,2055414.823185779,3690513.144459678,0.052133,0.041962,47.933369,16.885032,True,True,996.4037286117673,3.9801122937351465,1.392512094695121,1.2497099828906357,888,/scratch/project_2013233/enchanted_plugins/data/ascot_DT-D_sobol_seq_extended_take2/batch_0/ascot_sdcc_workflow_runner-aaa4b700-5e4c-49ba-9f07-ca1bc5f49184,0
5.65,0.71,0.0,6.37,13101.98418799904,3.772134767117908e+19,41606.04773625476,354054.4480619776,0.1175131338244664,3149091.9056716,3940880.507559377,0.0,0.0,29.864092,9.617601,True,True,572.5596691481769,9.188327477127315,1.2143263691104949,1.0612476564012467,889,/scratch/project_2013233/enchanted_plugins/data/ascot_DT-D_sobol_seq_extended_take2/batch_0/ascot_sdcc_workflow_runner-27aab73a-13a0-442a-a91d-0f769afb0705,0
7.51,0.63,0.0,8.14,18137.131279107925,1.0011900467904882e+20,263459.4545425328,1294671.0611617707,0.20349528343216225,5113597.508907391,4592776.539681018,0.000999,0.0006,44.686174,15.224995,True,True,708.5484531708062,6.656894575059415,1.3560935822315514,1.468349566217512,890,/scratch/project_2013233/enchanted_plugins/data/ascot_DT-D_sobol_seq_extended_take2/batch_0/ascot_sdcc_workflow_runner-de3f24f4-ad6b-4be7-b35c-715ac0424130,0
7.36,0.26,0.0,7.62,339787.5219890751,9.171022061539707e+18,-1526.7185160159847,113164.69107564735,-0.013491120786035789,1206604.825039919,16377763.380563391,0.0,0.0,7.474397,1.498045,True,True,847.2363855689764,11.8999730553478,1.0373120927251875,0.8425661203451456,891,/scratch/project_2013233/enchanted_plugins/data/ascot_DT-D_sobol_seq_extended_take2/batch_0/ascot_sdcc_workflow_runner-28492b05-1e41-461b-9cd5-f5ec3c049b33,0
9.01,0.83,0.0,9.83,10656.043508317032,5.79183238657182e+19,113306.56193089359,540235.7362876962,0.20973540682350106,5160778.999362486,4961695.432934326,0.0,0.0,36.327747,13.049655,True,True,663.5493296198547,10.760340332239867,1.4507981706410646,1.3727689328603447,893,/scratch/project_2013233/enchanted_plugins/data/ascot_DT-D_sobol_seq_extended_take2/batch_0/ascot_sdcc_workflow_runner-06030140-f02f-47ff-876f-e42c44a209fd,0
6.0,0.85,0.0,6.85,57990.26647851202,1.0853363847593796e+20,246868.75734814614,1613827.4679414954,0.15297097258050615,5410984.4163926,7324616.466427776,0.001199,0.0006,43.036855,13.613586,True,True,842.0196194201708,7.026704717427492,1.1156008699908853,1.2987305839546024,852,/scratch/project_2013233/enchanted_plugins/data/ascot_DT-D_sobol_seq_extended_take2/batch_0/ascot_sdcc_workflow_runner-a6b1781d-7d4e-45ba-82bd-253f7bce6897,0
5.24,0.87,0.0,6.11,125559.82113018837,1.174553826790596e+20,216781.66385650437,1548757.1857076094,0.13997136920947315,7323302.303210176,9663012.571000295,0.0,0.000799,34.675937,11.860708,True,True,889.3032390624285,8.210706613585353,1.2976816017180681,1.1537989222444593,895,/scratch/project_2013233/enchanted_plugins/data/ascot_DT-D_sobol_seq_extended_take2/batch_0/ascot_sdcc_workflow_runner-2a97d206-9396-4298-bcc3-10472d71addc,0
6.3,0.9,0.0,7.2,75786.66855407727,5.728632060683939e+19,68870.75061427253,611792.7128036916,0.11257203489504682,5015479.458540978,7601645.691759387,0.0,0.0,26.63945,9.069644,True,True,726.7082114703953,10.21848903335631,1.3095359345898032,1.0121860831044613,853,/scratch/project_2013233/enchanted_plugins/data/ascot_DT-D_sobol_seq_extended_take2/batch_0/ascot_sdcc_workflow_runner-0b157bcf-bef3-4710-8926-fb4af1ef7546,0
5.22,0.66,0.0,5.88,90686.30769966618,1.1857905063454787e+20,191334.31134137616,1984566.0516749446,0.09641115808662191,4643386.37726268,7939246.972251212,0.007149,0.00774,38.549383,12.067626,True,True,887.7164134755731,5.791169619932771,1.1336999884806573,1.0662454043515026,896,/scratch/project_2013233/enchanted_plugins/data/ascot_DT-D_sobol_seq_extended_take2/batch_0/ascot_sdcc_workflow_runner-f9f5b949-e5b1-4974-94e4-34cfc7475f39,0
11.1,0.6,0.0,11.7,2276.4352693794845,6.75103430599113e+19,95561.90913744914,875016.8962799172,0.10921150156496974,2836608.1111674174,2737310.8967224304,0.002991,0.002991,41.817167,12.419497,True,True,555.3963859565556,5.088648828864097,1.1194061897695065,1.1352844106964768,894,/scratch/project_2013233/enchanted_plugins/data/ascot_DT-D_sobol_seq_extended_take2/batch_0/ascot_sdcc_workflow_runner-c3aaaf72-b6cd-49a5-84d6-8b8ffa436dfa,0
7.58,0.78,0.0,8.36,1533.8156359800234,3.3314152271146664e+19,48237.64570244017,268213.14703336754,0.17984817760047786,3212816.3339608354,3308790.7304551,0.0,0.0,31.67663,11.306811,True,True,557.7158736996353,11.05219217017293,1.4399348753504455,1.222837673034519,897,/scratch/project_2013233/enchanted_plugins/data/ascot_DT-D_sobol_seq_extended_take2/batch_0/ascot_sdcc_workflow_runner-2d01955d-acfe-4dfa-bda6-02c8e3d54664,0
6.52,0.75,0.0,7.27,72634.16156556766,5.847475582078012e+19,38962.336694360485,679587.258303911,0.057332353157416846,4348527.762241492,7691153.864174106,0.0,0.0,24.568361,7.536689,True,True,709.1587181203067,8.437100764364004,1.2076115561649203,0.8555609534494579,901,/scratch/project_2013233/enchanted_plugins/data/ascot_DT-D_sobol_seq_extended_take2/batch_0/ascot_sdcc_workflow_runner-06865d6a-c247-4668-9fec-b726c112b33c,0
6.8,0.59,0.0,7.39,25789.652241607244,9.234836507723217e+19,81043.45617478238,1519542.2441270673,0.05333412512091066,2862007.762245091,4134309.1257966016,0.012638,0.008133,38.558597,11.23892,True,True,660.9857608564198,4.272053338587284,1.1148905358277261,0.9347246347926558,898,/scratch/project_2013233/enchanted_plugins/data/ascot_DT-D_sobol_seq_extended_take2/batch_0/ascot_sdcc_workflow_runner-7455c7b6-d35a-45cf-a4da-a2b30ace4749,0
6.87,0.85,0.0,7.72,72897.39952804666,1.1044479673937812e+20,289536.8016065949,1377154.651007006,0.21024276496098615,7716879.899351938,8127644.160911633,0.0002,0.0,43.024254,14.750954,True,True,873.1161681935191,9.317606710642577,1.2733017462305725,1.4970491119660436,859,/scratch/project_2013233/enchanted_plugins/data/ascot_DT-D_sobol_seq_extended_take2/batch_0/ascot_sdcc_workflow_runner-b7d21464-d587-47b0-9677-3c993f6a7646,0
7.17,0.66,0.0,7.83,18442.530031859616,1.1359135777405277e+20,352532.56862730416,1909785.7055538984,0.18459273603425497,3810203.90797446,4092824.0863141445,0.007346,0.005964,46.82093,16.238672,True,True,762.5996209681034,4.955812583863735,1.4285952346399426,1.4015539434738458,860,/scratch/project_2013233/enchanted_plugins/data/ascot_DT-D_sobol_seq_extended_take2/batch_0/ascot_sdcc_workflow_runner-2a6b31fe-7eba-42aa-9a5d-cf2143be7f7b,0
5.86,0.66,0.0,6.52,45128.49157324971,1.08253718471529e+20,162643.40732357575,1414896.7911891884,0.11495072173206194,5483624.835584959,6488543.164415199,0.001199,0.001797,32.429071,11.458117,True,True,740.2572319842875,6.397835663706065,1.426896648015827,1.0539434692822396,906,/scratch/project_2013233/enchanted_plugins/data/ascot_DT-D_sobol_seq_extended_take2/batch_0/ascot_sdcc_workflow_runner-c04dbaf8-61b1-4853-b6d9-a70bd209eda6,0
6.68,0.76,0.0,7.44,74666.66229569436,7.159653000135525e+19,132595.48381059023,770987.7729663247,0.17198130561842484,6706721.100494084,8540304.48442,0.0,0.0,34.587614,11.757634,True,True,812.5979192554951,11.626558706536889,1.249704524409026,1.2570149418897927,907,/scratch/project_2013233/enchanted_plugins/data/ascot_DT-D_sobol_seq_extended_take2/batch_0/ascot_sdcc_workflow_runner-36ac330d-4e22-42d4-b294-d0fcfe12af45,0
5.66,0.6,0.0,6.26,664.2452277692836,6.522827641229016e+19,132721.4766915697,813279.9508896265,0.16319285449787493,2620640.865145248,1981874.732097112,0.001597,0.001597,48.918692,14.86613,True,True,526.5562632121146,4.820679896324873,1.1599204996600747,1.3746931779198348,910,/scratch/project_2013233/enchanted_plugins/data/ascot_DT-D_sobol_seq_extended_take2/batch_0/ascot_sdcc_workflow_runner-8804b671-cbd9-4cc6-9cd1-1a18e3a1497c,0
6.89,0.81,0.0,7.71,67950.84532653214,9.773067088617539e+19,168036.9926935256,1374664.219738643,0.12223857308621411,5391835.908774128,7509868.207990548,0.001199,0.0006,38.184851,11.813592,True,True,799.7338054701686,7.391846958920359,1.092343450523913,1.1560616889037192,908,/scratch/project_2013233/enchanted_plugins/data/ascot_DT-D_sobol_seq_extended_take2/batch_0/ascot_sdcc_workflow_runner-9c06599c-14b5-4314-b91e-3f7dd227576d,0
5.68,0.98,0.0,6.65,243238.83964787112,1.2310614071368306e+20,133162.38701963736,1571039.7432108507,0.08476067368447567,7969356.728668286,12254638.69816924,0.000799,0.0006,25.78415,9.409629,True,True,919.1199243068695,7.961194618418814,1.4778627892956138,0.9143474304117263,911,/scratch/project_2013233/enchanted_plugins/data/ascot_DT-D_sobol_seq_extended_take2/batch_0/ascot_sdcc_workflow_runner-a767f4e4-2039-4d88-a237-ddf4bc0fd867,0
6.08,0.42,0.0,6.49,3466.131928745485,8.584304493554526e+19,211442.3831557439,1359961.4495342048,0.15547674768881445,2384417.262057972,2058327.7201185888,0.012638,0.01536,50.761146,16.04661,True,True,586.1279745586216,3.75980750285089,1.2837634780444205,1.3373485060408712,870,/scratch/project_2013233/enchanted_plugins/data/ascot_DT-D_sobol_seq_extended_take2/batch_0/ascot_sdcc_workflow_runner-1f23442c-0a55-41a4-816c-7e5f8958a12e,0
5.9,0.69,0.0,6.59,34814.06493316577,6.694180505494687e+19,68533.98406103333,822752.8880859272,0.08329838163251241,4109478.673812483,5960909.3439287795,0.0002,0.0004,32.643988,9.690744,True,True,676.7788496799767,7.427927328273654,1.0512264166027308,1.003610516153276,866,/scratch/project_2013233/enchanted_plugins/data/ascot_DT-D_sobol_seq_extended_take2/batch_0/ascot_sdcc_workflow_runner-55dcae68-59f5-473a-9dac-a5af0b46d636,0
6.54,0.37,0.0,6.91,197801.85261638966,1.5890723892088287e+19,-2220.6235946840193,184202.19338110957,-0.012055359135108704,1873639.5546543642,13855948.518210057,0.0,0.0,9.069279,2.104207,True,True,781.805295497179,10.855529990047216,1.4134748512879014,0.868971934914589,915,/scratch/project_2013233/enchanted_plugins/data/ascot_DT-D_sobol_seq_extended_take2/batch_0/ascot_sdcc_workflow_runner-aae8647e-0616-4506-a604-0dc3c24a9093,0
6.38,0.8,0.0,7.18,89190.5610012598,1.1372286192999956e+20,134321.2456396645,1632492.5795846635,0.08227985065257591,5673680.924082959,8755046.042487783,0.001996,0.002195,31.360118,10.207128,True,True,830.4646192118526,6.555066914856434,1.2561958055011928,0.9645519059151412,916,/scratch/project_2013233/enchanted_plugins/data/ascot_DT-D_sobol_seq_extended_take2/batch_0/ascot_sdcc_workflow_runner-b5566646-ab04-4699-a68b-176dbe9279c7,0
5.2,0.84,0.0,6.04,51775.95372863084,1.0354255849470134e+20,252272.57812355502,1363652.6180672424,0.18499768546707349,6565761.292937305,7477659.349896817,0.0,0.0,42.474757,13.994305,True,True,829.8544138669968,8.466010408848524,1.1859279423952103,1.4017425931990146,875,/scratch/project_2013233/enchanted_plugins/data/ascot_DT-D_sobol_seq_extended_take2/batch_0/ascot_sdcc_workflow_runner-09c61035-aaab-4e6a-8735-79396fde31d8,0
5.68,0.62,0.0,6.3,110414.23516159704,1.3535801779293145e+20,417069.39651707036,2117153.810388056,0.19699532196039415,6362274.304701105,7958640.710443337,0.002991,0.001996,42.781738,15.626849,True,True,981.9858381524682,7.120140778273344,1.4533686516806483,1.4105021707713603,920,/scratch/project_2013233/enchanted_plugins/data/ascot_DT-D_sobol_seq_extended_take2/batch_0/ascot_sdcc_workflow_runner-22ba58b6-5ef5-4557-ab26-8aefb8f43114,0
5.46,0.78,0.0,6.23,25791.61669038768,1.0852281118166455e+20,154086.26909176106,1865479.7842189646,0.08259873432843101,3334300.6879230137,5023746.406306046,0.013807,0.011272,39.789511,12.384298,True,True,750.7090466096997,4.492105755954981,1.1941892090253532,1.0234332758933307,924,/scratch/project_2013233/enchanted_plugins/data/ascot_DT-D_sobol_seq_extended_take2/batch_0/ascot_sdcc_workflow_runner-ef2ad32a-cb0b-4311-b36e-5ac4865ae41d,0
11.88,0.87,0.0,12.75,229902.2864395105,1.123758953162824e+20,221162.20577739016,1497348.3836908685,0.1477025708821613,7782059.501465085,10845591.999428822,0.0004,0.0004,36.902529,12.154859,True,True,950.828492641449,9.290039981156587,1.1733537553809583,1.2150680180639029,919,/scratch/project_2013233/enchanted_plugins/data/ascot_DT-D_sobol_seq_extended_take2/batch_0/ascot_sdcc_workflow_runner-b608f7fb-4cda-41c0-a0ce-83b22eb41549,0
6.33,0.92,0.0,7.25,103091.28737117491,1.0258758786937463e+20,257482.49955036672,1166934.4198085659,0.22064864587043923,8934893.19831762,9321553.163832162,0.0,0.0,40.264465,14.300338,True,True,905.7367201894522,11.354788564145565,1.3603596366010606,1.4844534758478403,927,/scratch/project_2013233/enchanted_plugins/data/ascot_DT-D_sobol_seq_extended_take2/batch_0/ascot_sdcc_workflow_runner-bb0e5c1c-04c5-46d6-ada7-433e7b76d287,0
7.84,0.35,0.0,8.19,54442.53393612022,1.0934883204120807e+20,298211.76398027287,2200029.91427667,0.13554895869600914,2696598.2397725335,4247896.971882318,0.025721,0.02629,44.511939,15.788511,True,True,891.137320548296,4.139986073970794,1.4306713906116784,1.1941366956569255,928,/scratch/project_2013233/enchanted_plugins/data/ascot_DT-D_sobol_seq_extended_take2/batch_0/ascot_sdcc_workflow_runner-fef0e4ca-e727-46af-9780-ebb4503af3c2,0
6.26,0.87,0.0,7.13,195168.9365259074,1.3002363618455885e+20,255479.94385200655,2042379.0482766144,0.12508938733365083,6177536.223855766,9468783.783172663,0.002593,0.002394,36.836725,12.385004,True,True,951.1946169659495,6.8538401395082476,1.259492663666606,1.1280271641910076,872,/scratch/project_2013233/enchanted_plugins/data/ascot_DT-D_sobol_seq_extended_take2/batch_0/ascot_sdcc_workflow_runner-899ba2f4-4eee-4d36-b31f-b34f730923a1,0
6.4,0.79,0.0,7.19,120226.96826725859,8.303923302666435e+19,123786.98878276168,907844.9716314923,0.13635256310370208,6749863.608072957,8841157.47782352,0.0,0.0002,28.14066,10.317072,True,True,798.1467396020889,9.827790171280503,1.4752983511425555,1.0680815090425313,883,/scratch/project_2013233/enchanted_plugins/data/ascot_DT-D_sobol_seq_extended_take2/batch_0/ascot_sdcc_workflow_runner-9109bbd7-c852-441a-9415-54c57d4ed086,0
9.98,0.92,0.0,10.89,150266.40158939007,1.0276591748555165e+20,204039.34948611778,1325177.7951791438,0.15397130123096786,7442141.731946268,10127344.791303184,0.0,0.0006,37.657535,12.284241,True,True,907.6650599017739,9.589348940178752,1.1498298435471952,1.247335197776556,847,/scratch/project_2013233/enchanted_plugins/data/ascot_DT-D_sobol_seq_extended_take2/batch_0/ascot_sdcc_workflow_runner-78212e38-b6cc-4a09-bbf9-51ecf05f5561,0
6.03,0.63,0.0,6.66,150328.02157717888,1.1185256477767256e+20,94152.99679277503,1647234.8869405664,0.057158209517797896,5738607.357205527,10318073.389491538,0.002991,0.001797,29.617087,9.133381,True,True,872.7498054504395,6.750413466989994,1.171782460063696,0.8843246539123357,932,/scratch/project_2013233/enchanted_plugins/data/ascot_DT-D_sobol_seq_extended_take2/batch_0/ascot_sdcc_workflow_runner-c7851f50-063a-4545-a15b-9d868ce92e5c,0
6.69,0.62,0.0,7.31,9401.079897413372,6.864457941997352e+19,68786.03993338125,880647.00875749,0.07810852617376386,3058534.456774212,3534233.3423100626,0.001597,0.001597,37.218121,10.864097,True,True,582.4541389010847,5.396385217085481,1.0807295851409435,1.0154748453758657,934,/scratch/project_2013233/enchanted_plugins/data/ascot_DT-D_sobol_seq_extended_take2/batch_0/ascot_sdcc_workflow_runner-458267b8-d153-4a6a-add8-34766850917a,0
12.56,0.79,0.0,13.35,20020.06118883272,6.4421668934721315e+19,117016.94590935094,651303.419066495,0.1796657939813518,5244582.212299481,5378983.6363227675,0.0,0.0,34.730368,12.193051,True,True,678.3658559434116,9.733133235946298,1.387021643575281,1.2656510362401605,925,/scratch/project_2013233/enchanted_plugins/data/ascot_DT-D_sobol_seq_extended_take2/batch_0/ascot_sdcc_workflow_runner-8a557bd8-d846-494b-b166-e0464b8d143e,0
7.15,0.31,0.0,7.46,80679.35270323737,5.020273154955012e+18,-381.5839173240601,49561.0162735754,-0.0076992754792946086,711658.0986651297,7648081.23246681,0.0,0.0,6.936204,1.461857,True,True,613.5505069978535,11.49369035549462,1.299891418311745,0.8171159344725312,937,/scratch/project_2013233/enchanted_plugins/data/ascot_DT-D_sobol_seq_extended_take2/batch_0/ascot_sdcc_workflow_runner-6d475d2a-f496-4292-aa9f-14868a15311f,0
5.3,0.81,0.0,6.11,104594.51474936504,1.1334399816359168e+20,354583.58553976653,1930381.7727602718,0.1836857302235837,4608170.3274303395,6540948.911715391,0.004777,0.003984,50.078165,16.104842,True,True,939.7993553429842,6.267531102150679,1.118653588462621,1.493843149486929,936,/scratch/project_2013233/enchanted_plugins/data/ascot_DT-D_sobol_seq_extended_take2/batch_0/ascot_sdcc_workflow_runner-fe57be1f-10a9-45f8-a5c5-bc3d0245ab63,0
6.89,0.67,0.0,7.56,17941.695912033327,6.376449015231739e+19,96010.98250227056,757320.7265881954,0.12677717528583896,4102414.7405784223,4979393.84103791,0.0,0.0,37.881073,11.448675,True,True,649.8526451177895,7.8294801447540525,1.0370518323034048,1.1737649909220635,941,/scratch/project_2013233/enchanted_plugins/data/ascot_DT-D_sobol_seq_extended_take2/batch_0/ascot_sdcc_workflow_runner-78291c44-689e-4d71-a5e5-af8c777a1927,0
11.12,0.97,0.0,12.1,202487.3882178207,1.2646703316450358e+20,297704.6661527159,1757633.9102592263,0.16937808517179134,7816952.55386347,10117439.676002106,0.0,0.000799,39.191463,13.418077,True,True,971.1401043459773,8.56766167357564,1.2736669946461916,1.2954424266703426,935,/scratch/project_2013233/enchanted_plugins/data/ascot_DT-D_sobol_seq_extended_take2/batch_0/ascot_sdcc_workflow_runner-edffd690-ae7c-4bb3-86f8-02a368d98133,0
5.79,0.76,0.0,6.55,18088.203821866948,8.950157163043684e+19,61501.07873962871,1153036.1523863315,0.053338378516879684,3876505.130278797,4824751.853972586,0.004182,0.002394,28.431189,9.592686,True,True,635.7956337742507,5.124670024216175,1.464944152161479,0.853984253294766,946,/scratch/project_2013233/enchanted_plugins/data/ascot_DT-D_sobol_seq_extended_take2/batch_0/ascot_sdcc_workflow_runner-e5c7d9cc-e02c-4d17-84f4-6ebdded8700c,0
5.65,0.73,0.0,6.39,0.0,2.56464853927481e+19,35726.726855367015,211567.5791415654,0.16886673752343373,2528313.569920261,2826082.3231354915,0.0,0.0,37.484797,11.905023,True,True,520.3196932561696,10.72253371551633,1.1052313596010208,1.304066431708634,945,/scratch/project_2013233/enchanted_plugins/data/ascot_DT-D_sobol_seq_extended_take2/batch_0/ascot_sdcc_workflow_runner-d1eef2c3-ebc7-497c-bc13-25b50eb57cd2,0
5.83,0.76,0.0,6.59,116040.39667148121,1.0315626285539756e+20,238732.71157153003,1254079.1334481286,0.19036495002921164,8321947.637908358,9884388.08758635,0.0,0.0,40.050221,13.541563,True,True,922.5388066843152,10.63341086357832,1.2116606440395117,1.392452631611377,943,/scratch/project_2013233/enchanted_plugins/data/ascot_DT-D_sobol_seq_extended_take2/batch_0/ascot_sdcc_workflow_runner-271c597d-c939-4d7e-aeb8-2229b25df5fa,0
6.42,0.5,0.0,6.91,28836.524323658457,9.899445567224827e+19,278476.20062471146,1909755.9587235549,0.1458176890888403,2382349.427207622,3724700.536701418,0.036423,0.034003,54.814443,16.72728,True,True,828.0280288308859,3.886664216592908,1.054388000164181,1.3614788889884948,948,/scratch/project_2013233/enchanted_plugins/data/ascot_DT-D_sobol_seq_extended_take2/batch_0/ascot_sdcc_workflow_runner-b1a47d8b-c8d0-459b-aff0-88944e66bc30,0
6.45,0.87,0.0,7.32,121391.3543194487,6.81672161742106e+19,72308.1693123896,757819.3285326592,0.09541610591062323,5370892.515250581,8144155.640376603,0.0002,0.0002,25.276801,8.728643,True,True,744.12063928321,9.158453430980444,1.3722212766297162,0.9494787489995361,949,/scratch/project_2013233/enchanted_plugins/data/ascot_DT-D_sobol_seq_extended_take2/batch_0/ascot_sdcc_workflow_runner-8984c41f-e892-4c3d-a70c-8af7967e6e88,0
9.58,0.76,0.0,10.34,4599.215556974395,6.723361588487703e+19,112742.41168606745,770258.8263932585,0.14636951609368043,3784595.08993182,3649717.559945415,0.0002,0.0004,39.633267,12.514665,True,True,599.8322959057987,6.684442466497421,1.1982270465232432,1.2301158150658011,950,/scratch/project_2013233/enchanted_plugins/data/ascot_DT-D_sobol_seq_extended_take2/batch_0/ascot_sdcc_workflow_runner-7f73cf71-d5a5-4858-b268-1415e0f73a17,0
6.83,0.8,0.0,7.63,348467.7359405148,8.840363927853846e+19,140676.23557562428,1003150.3831677936,0.14023444334576288,8555205.165928565,12943245.042186867,0.0,0.0,28.090841,10.061088,True,True,953.2708125188947,11.995196540281176,1.3754078154452145,1.0807998701930046,951,/scratch/project_2013233/enchanted_plugins/data/ascot_DT-D_sobol_seq_extended_take2/batch_0/ascot_sdcc_workflow_runner-924c5913-5b72-455b-bf64-a001a9f3b218,0
6.13,0.8,0.0,6.92,933.2492341630455,5.0368241821174555e+19,98403.39085878422,516912.29860975,0.1903676718922008,3777314.1968701067,3823592.838735235,0.0,0.0,44.766048,13.986491,True,True,603.2917625270784,8.920040206611157,1.002929478418082,1.475998220499605,905,/scratch/project_2013233/enchanted_plugins/data/ascot_DT-D_sobol_seq_extended_take2/batch_0/ascot_sdcc_workflow_runner-6fedabd4-962e-458c-98d2-71db909b2cab,0
6.18,0.75,0.0,6.93,442242.9927196761,9.686990675131844e+19,108557.30249138588,1289173.6521828726,0.08420688889163455,7548226.144428552,13964260.042297434,0.0004,0.0004,29.796609,9.235417,True,True,999.943858012557,10.091568483039737,1.0408530933782458,0.9867298916913569,903,/scratch/project_2013233/enchanted_plugins/data/ascot_DT-D_sobol_seq_extended_take2/batch_0/ascot_sdcc_workflow_runner-0ae1f7fd-d405-4869-a8a4-c89b4cb73abd,0
7.03,0.87,0.0,7.9,79883.30480361503,8.209122641794898e+19,70699.5758536921,1058395.3278117538,0.06679883593199944,5152969.521260231,8404141.719546106,0.0006,0.000799,28.882152,8.74305,True,True,766.9875482097268,7.66494271941483,1.1318698935210705,0.916271070484072,892,/scratch/project_2013233/enchanted_plugins/data/ascot_DT-D_sobol_seq_extended_take2/batch_0/ascot_sdcc_workflow_runner-ddd426ca-5573-4483-babb-5feffef22862,0
7.16,0.81,0.0,7.97,0.0,5.2086113867345306e+19,96859.56824740014,477949.38955837773,0.20265653720553503,3886040.0227039782,3045753.315708984,0.0,0.0,38.531835,13.530292,True,True,568.428544793278,8.593450663983822,1.4172381944954395,1.384510221518576,953,/scratch/project_2013233/enchanted_plugins/data/ascot_DT-D_sobol_seq_extended_take2/batch_0/ascot_sdcc_workflow_runner-784ceb36-0b55-44c0-9875-8e569e491264,0
5.54,0.85,0.0,6.39,22651.438255473287,8.125728404306392e+19,126209.28507543655,1080594.089391138,0.11679620156588985,4601034.893889705,6058527.008630133,0.0006,0.000999,38.193231,11.523595,True,True,712.7172476612031,7.251470980793238,1.0279385093599558,1.1449324229732156,954,/scratch/project_2013233/enchanted_plugins/data/ascot_DT-D_sobol_seq_extended_take2/batch_0/ascot_sdcc_workflow_runner-6f2a89b2-9a4f-4f25-af5e-17df9f7cd49f,0
5.58,0.76,0.0,6.34,12470.073413978327,4.259466419383972e+19,57995.96238457499,403719.77893943805,0.1436540031229804,3903738.307458767,4938869.328943756,0.0,0.0,30.714621,10.282094,True,True,629.8265098594129,10.50159994661808,1.2696291198953986,1.1330210390500723,909,/scratch/project_2013233/enchanted_plugins/data/ascot_DT-D_sobol_seq_extended_take2/batch_0/ascot_sdcc_workflow_runner-ce04bf22-5b97-48d0-b647-a2e01436e1bc,0
6.22,0.78,0.0,7.0,3661.8300649466096,3.313876718818091e+19,29816.72057334161,285217.27421094774,0.10454037419658198,2554310.3665980613,2818961.2379981554,0.0,0.0,27.549876,9.225834,True,True,509.08438628539443,8.18182388059795,1.3380452478304505,0.9999798944219948,913,/scratch/project_2013233/enchanted_plugins/data/ascot_DT-D_sobol_seq_extended_take2/batch_0/ascot_sdcc_workflow_runner-64a7160a-2708-4495-a85e-36b0e5c19323,0
7.57,0.8,0.0,8.37,331265.65101682796,6.877402100918325e+19,39936.171263866825,864036.7581752707,0.046220454032773604,5660779.332828047,12594436.750168545,0.0,0.0,24.143694,7.058925,True,True,877.9095290228724,9.863822569325567,1.063397650141269,0.8305366896092892,959,/scratch/project_2013233/enchanted_plugins/data/ascot_DT-D_sobol_seq_extended_take2/batch_0/ascot_sdcc_workflow_runner-d40ed7c5-8e6c-4ec7-b1b8-a2faf9763b15,0
8.66,0.42,0.0,9.08,18383.526821055573,1.1744776243097178e+19,-3446.3042122853135,122846.06961319962,-0.028053841878185846,1102605.430406546,5423020.024379375,0.0,0.0,12.595326,2.660917,True,True,548.8162245601416,8.501063204929233,1.0860237451270223,0.9223744539543987,961,/scratch/project_2013233/enchanted_plugins/data/ascot_DT-D_sobol_seq_extended_take2/batch_0/ascot_sdcc_workflow_runner-8c41f987-3e2f-449b-98ad-fb63199efd2c,0
11.21,0.6,0.0,11.81,53162.52929226068,1.172645023651373e+20,357330.69933021703,2064221.1297499903,0.17310679276570307,3991332.05266129,5451317.181214473,0.012053,0.007543,47.732186,15.866569,True,True,882.6931682415307,5.3236335754394535,1.2680681375786662,1.3885412313044072,960,/scratch/project_2013233/enchanted_plugins/data/ascot_DT-D_sobol_seq_extended_take2/batch_0/ascot_sdcc_workflow_runner-61e567c2-905f-4684-b64d-41fbb748ba50,0
7.44,0.53,0.0,7.98,11111.993844372773,7.428273482728851e+19,25003.141712091274,1027423.31358355,0.024335774146376735,2606027.117510065,3275981.397080608,0.006359,0.006162,32.1332,9.346501,True,True,565.460697747767,4.200423515215516,1.2433294239453971,0.8268899509683252,966,/scratch/project_2013233/enchanted_plugins/data/ascot_DT-D_sobol_seq_extended_take2/batch_0/ascot_sdcc_workflow_runner-b155fd97-c39b-47cf-a4f4-fc322b7343e5,0
7.47,0.78,0.0,8.25,31460.84988303302,5.861472051039846e+19,102813.12837968425,589184.4450409634,0.17450075141161628,5403854.113770046,6457805.030989734,0.0,0.0,33.510882,11.616529,True,True,715.6087774783373,11.119503151997923,1.3270904696546495,1.2435191983357072,965,/scratch/project_2013233/enchanted_plugins/data/ascot_DT-D_sobol_seq_extended_take2/batch_0/ascot_sdcc_workflow_runner-26d1f837-d0da-45d7-b9c6-7f4560f94dd4,0
7.19,0.67,0.0,7.86,161474.02175331427,9.590964131726321e+19,151110.15013962606,1271553.2278132353,0.11883902839010449,6395944.210831426,9611652.855361883,0.0002,0.0,34.976192,10.995089,True,True,861.6223204880953,8.723082563281059,1.1014568181708455,1.1189284600317477,923,/scratch/project_2013233/enchanted_plugins/data/ascot_DT-D_sobol_seq_extended_take2/batch_0/ascot_sdcc_workflow_runner-a5707aed-22cd-48a3-90cb-2afe2199a250,0
11.12,0.74,0.0,11.86,23483.531733784574,5.165753305033281e+19,94391.92685751121,540810.8911355968,0.17453776986500158,5012584.732481871,6484478.7903816,0.0,0.0,38.765848,12.433094,True,True,723.1179415248334,11.863257699832321,1.0750078945420682,1.3463644521310925,917,/scratch/project_2013233/enchanted_plugins/data/ascot_DT-D_sobol_seq_extended_take2/batch_0/ascot_sdcc_workflow_runner-e754bcba-9fc4-4521-9f64-161e01b2fa65,0
8.22,1.02,0.0,9.24,31836.253201498337,1.0138174321819702e+20,293320.74214272265,1765425.9878468306,0.16614728918795735,3233489.2931268346,4028725.4441970834,0.01439,0.009705,53.003127,16.108378,True,True,746.9511358067393,4.749027041718364,1.046191087923944,1.44185879137367,970,/scratch/project_2013233/enchanted_plugins/data/ascot_DT-D_sobol_seq_extended_take2/batch_0/ascot_sdcc_workflow_runner-08806939-6a43-436d-a316-aa659609e571,0
14.42,0.65,0.0,15.07,160224.1625935698,1.2379068799548336e+20,310171.9384739064,1903568.7708286224,0.1629423340134377,6359836.262299923,8909114.88719862,0.001797,0.0004,41.965501,13.933677,True,True,958.2375534810126,7.4627232603728775,1.2050849860534072,1.3103807777166367,968,/scratch/project_2013233/enchanted_plugins/data/ascot_DT-D_sobol_seq_extended_take2/batch_0/ascot_sdcc_workflow_runner-e9e03d68-b9b8-4ecf-97d5-c1693da73b79,0
8.62,0.82,0.0,9.44,191397.03342876854,1.3189836576591222e+20,89258.92811171204,1869939.810011826,0.04773358352702676,6896880.903082636,12455084.558830604,0.003786,0.002195,25.601597,8.652574,True,True,927.4445124901831,6.625943357124925,1.3855846687220037,0.8129574236460031,976,/scratch/project_2013233/enchanted_plugins/data/ascot_DT-D_sobol_seq_extended_take2/batch_0/ascot_sdcc_workflow_runner-12cb9082-d295-4ded-80c5-e309dc0b1dc3,0
8.28,0.75,0.0,9.03,3814.253787082506,5.060848371446275e+19,57329.52225331452,501204.8303518316,0.1143834192760489,2944219.9270404377,2596312.179058815,0.0006,0.0004,33.741294,10.951008,True,True,517.4128925427794,6.33821512721479,1.3063159207813442,1.074272151477635,974,/scratch/project_2013233/enchanted_plugins/data/ascot_DT-D_sobol_seq_extended_take2/batch_0/ascot_sdcc_workflow_runner-e14e87ab-df12-4d0f-b865-a87e5aafd42c,0
7.24,0.52,0.0,7.76,17037.94354743255,9.876590046943825e+19,146267.13669350487,1632211.9484721282,0.08961283295985045,2766442.338402285,3372839.069964143,0.01536,0.011467,39.562728,13.123783,True,True,652.7441767975688,3.945059497654438,1.3668052866123617,1.031470814999193,978,/scratch/project_2013233/enchanted_plugins/data/ascot_DT-D_sobol_seq_extended_take2/batch_0/ascot_sdcc_workflow_runner-c195a354-8d1c-454c-919e-05d77aadd413,0
7.04,0.9,0.0,7.94,40129.77016346772,1.12432886539884e+20,236549.07218773107,1961992.8948162608,0.12056571296089415,3748712.852733745,5811486.634215328,0.013223,0.014001,44.039031,13.779068,True,True,836.4274338819087,5.053978567197919,1.1525302389636636,1.1781942152418197,980,/scratch/project_2013233/enchanted_plugins/data/ascot_DT-D_sobol_seq_extended_take2/batch_0/ascot_sdcc_workflow_runner-50ee4943-ad6c-418c-bb02-215b2de89efc,0
7.06,0.4,0.0,7.46,9013.856937549164,1.0104061051147253e+20,246448.67822165825,1858918.8578591982,0.1325763505920199,2553098.291050976,3368688.718589206,0.023438,0.027237,51.417349,15.655847,True,True,730.0042021088302,3.8614520709961653,1.1296888669021428,1.274803677480668,938,/scratch/project_2013233/enchanted_plugins/data/ascot_DT-D_sobol_seq_extended_take2/batch_0/ascot_sdcc_workflow_runner-29a10d60-918f-40d0-85ca-a929da9d270a,0
6.51,0.85,0.0,7.36,57691.99009990614,8.807417512321781e+19,140406.63884666993,997594.6011781058,0.14074518715403753,6013783.086897218,6790790.423159025,0.0,0.0,31.166269,11.22477,True,True,733.0178059637547,8.245763399451972,1.4596178075298667,1.1108908700756728,981,/scratch/project_2013233/enchanted_plugins/data/ascot_DT-D_sobol_seq_extended_take2/batch_0/ascot_sdcc_workflow_runner-678adaf1-ce4a-4d70-87ab-42d433647d7c,0
6.33,0.83,0.0,7.16,2508.3111822892643,4.0209465390554055e+19,57088.12941971428,363919.9133834812,0.15687003464291763,3490621.441927072,3795343.2586537707,0.0,0.0,33.598928,11.148434,True,True,579.5473363250494,9.797095786035062,1.250739614944905,1.201561641599983,985,/scratch/project_2013233/enchanted_plugins/data/ascot_DT-D_sobol_seq_extended_take2/batch_0/ascot_sdcc_workflow_runner-caac6e5e-48bb-451a-abb1-8f6faf248afe,0
7.15,0.66,0.0,7.81,39492.9763137773,8.983638690515773e+19,90135.35157888437,1226646.3173877876,0.07348112516314619,4360634.193442659,6070080.696509653,0.002593,0.002195,32.514587,9.985186,True,True,701.8602835014462,6.084925172477961,1.1788118830882013,0.956514362897724,986,/scratch/project_2013233/enchanted_plugins/data/ascot_DT-D_sobol_seq_extended_take2/batch_0/ascot_sdcc_workflow_runner-5eeb76f9-d5bd-4424-b6ee-6a268a96045c,0
7.23,0.95,0.0,8.18,46732.877000023305,9.87275478264289e+19,243558.71617397724,1302917.8765251394,0.18693328302743403,6133107.813851675,6939306.496037514,0.0002,0.0006,43.984054,14.262383,True,True,809.6402296796441,8.314403777942061,1.1470212638378143,1.4350990783423185,947,/scratch/project_2013233/enchanted_plugins/data/ascot_DT-D_sobol_seq_extended_take2/batch_0/ascot_sdcc_workflow_runner-73e0cd90-a2c7-4d48-abca-7ed09201f621,0
7.01,0.96,0.0,7.97,208033.13526850604,1.2001226288447028e+20,152771.36454832688,1656105.0188269247,0.09224738939354221,6976610.537617208,10865193.582784183,0.002195,0.001398,30.180962,10.155086,True,True,909.0079236775637,7.563561696186662,1.2825590800493956,0.9849735703319311,944,/scratch/project_2013233/enchanted_plugins/data/ascot_DT-D_sobol_seq_extended_take2/batch_0/ascot_sdcc_workflow_runner-8165e0ac-2f07-437f-b238-d4291aeda28b,0
16.55,0.82,0.0,17.37,188626.71793040074,9.917803378072314e+19,141732.55569644968,1157737.9802521984,0.12242196258049257,7359289.282391467,9901433.466301948,0.0002,0.0,28.076676,10.24737,True,True,841.4094159379601,9.052748027443887,1.4515219838358462,1.0361132451333106,939,/scratch/project_2013233/enchanted_plugins/data/ascot_DT-D_sobol_seq_extended_take2/batch_0/ascot_sdcc_workflow_runner-bf47a5cf-5a06-47a9-adc2-a0e7b92dff24,0
7.98,0.68,0.0,8.66,681.3539043850304,6.631766252833179e+19,123792.10171390836,727984.3466534694,0.17004775210205875,3191291.5069165034,2237250.60665862,0.001199,0.0004,41.770506,14.072702,True,True,534.6683720126748,5.562207173556089,1.4081883477047086,1.3026103626005352,990,/scratch/project_2013233/enchanted_plugins/data/ascot_DT-D_sobol_seq_extended_take2/batch_0/ascot_sdcc_workflow_runner-87bb3589-f0ff-4cc0-898c-449d54d326a3,0
6.57,0.76,0.0,7.33,17333.202446261042,9.5890871211825e+19,161694.33243892217,1419486.063153452,0.11391047551372992,3746858.894490613,4372649.003993591,0.003587,0.003587,40.088152,12.589362,True,True,675.5353361368179,5.192431797087193,1.216935196891427,1.1236557448282838,994,/scratch/project_2013233/enchanted_plugins/data/ascot_DT-D_sobol_seq_extended_take2/batch_0/ascot_sdcc_workflow_runner-9c39a00e-aa50-42be-9a8f-d19713aabe77,0
12.35,0.84,0.0,13.19,243350.68379121594,1.0507710950495191e+20,136322.41475251198,1370549.453568415,0.09946552048711392,7209775.714893335,11171386.274806883,0.0,0.0006,29.730306,9.856357,True,True,896.104063373059,8.656067373231053,1.2298996401950717,1.008348721358925,991,/scratch/project_2013233/enchanted_plugins/data/ascot_DT-D_sobol_seq_extended_take2/batch_0/ascot_sdcc_workflow_runner-a956e413-c72b-4514-b149-d5c1b5f832c2,0
7.43,0.85,0.0,8.27,70423.78156968711,9.352313502859579e+19,170617.65330163433,1087552.3303051603,0.156882246993816,6330788.757310489,6959770.637189264,0.0002,0.0,34.028363,11.995257,True,True,755.5079408921301,8.368323027715087,1.395212847739458,1.18726061321795,995,/scratch/project_2013233/enchanted_plugins/data/ascot_DT-D_sobol_seq_extended_take2/batch_0/ascot_sdcc_workflow_runner-ba60ce4b-261d-40d8-93d8-fed1fb17f684,0
6.78,0.71,0.0,7.49,54550.9877715598,5.196923570432855e+19,57813.109498928236,565245.3936487666,0.10227966498892387,4299696.338957433,6520402.30567804,0.0,0.0,29.541026,9.218651,True,True,688.763759098947,9.624403723329307,1.124120716471225,1.0277339769527316,997,/scratch/project_2013233/enchanted_plugins/data/ascot_DT-D_sobol_seq_extended_take2/batch_0/ascot_sdcc_workflow_runner-97f5b1c6-4797-4a73-adee-92f8c2bc98dc,0
7.17,0.72,0.0,7.89,50365.72416665783,3.915717451382461e+19,45501.90078300314,386773.2008117164,0.11764491616148387,3853879.635521834,6165696.935780178,0.0,0.0,27.938839,9.052929,True,True,667.1382882632315,11.224003288149834,1.1852041971869767,1.0493518052622677,957,/scratch/project_2013233/enchanted_plugins/data/ascot_DT-D_sobol_seq_extended_take2/batch_0/ascot_sdcc_workflow_runner-15fc3af1-a6fb-4de0-9d78-c921baec8c91,0
10.19,0.65,0.0,10.85,682125.2740599688,7.023912422774587e+19,41278.700637778034,881889.4003222265,0.04680711733545674,6526929.05587368,15744924.637711268,0.0002,0.0,22.006503,6.667391,True,True,977.1411851979792,10.987660504505039,1.1272773039527237,0.8090891130268574,999,/scratch/project_2013233/enchanted_plugins/data/ascot_DT-D_sobol_seq_extended_take2/batch_0/ascot_sdcc_workflow_runner-44fe8582-6b25-470f-a7db-4dfcd4ae3acf,0
6.81,0.81,0.0,7.62,45298.68578655692,1.100694837145145e+20,271838.1254959101,1609260.3776322063,0.16892115736788385,5144994.0960887745,5960840.93451789,0.002195,0.001597,43.466288,14.231649,True,True,786.6652267985046,6.470698956772685,1.2393144355155528,1.3391778215765953,1004,/scratch/project_2013233/enchanted_plugins/data/ascot_DT-D_sobol_seq_extended_take2/batch_0/ascot_sdcc_workflow_runner-1631d09f-e7b1-4500-9f26-3dd70ffc13b0,0
7.25,0.75,0.0,8.0,76419.01192992843,7.041123364962883e+19,107532.28081171638,799739.1123594482,0.13445919944376217,5771341.640615222,7972882.283102552,0.0,0.0,33.017778,10.679083,True,True,773.559972178191,10.0273572050035,1.1614832999184728,1.1414004258811474,963,/scratch/project_2013233/enchanted_plugins/data/ascot_DT-D_sobol_seq_extended_take2/batch_0/ascot_sdcc_workflow_runner-da459367-049a-4048-855c-835e4446fba9,0
9.03,0.32,0.0,9.35,75727.04293585614,7.665433415424454e+18,-586.6741084650652,77274.56337602841,-0.007592072770573029,1040805.9946562803,8551659.858435083,0.0,0.0,8.093193,1.806978,True,True,644.1336730495095,11.693269827961922,1.4371041064150631,0.9717821737751365,1005,/scratch/project_2013233/enchanted_plugins/data/ascot_DT-D_sobol_seq_extended_take2/batch_0/ascot_sdcc_workflow_runner-10753e86-d523-4651-a600-5bfae9261e86,0
6.99,1.1,0.0,8.09,2231.898137071682,7.480221189981864e+19,179750.8356308599,969088.9570333633,0.18548435035430036,2788740.2839055136,2057263.053360556,0.004381,0.002593,50.286035,15.904145,True,True,551.6619919799268,4.625358378142119,1.2602453180588782,1.458546949736774,958,/scratch/project_2013233/enchanted_plugins/data/ascot_DT-D_sobol_seq_extended_take2/batch_0/ascot_sdcc_workflow_runner-47fd1910-bc7b-4dba-824e-f9c45309df23,0
7.71,0.7,0.0,8.41,232456.4105147912,1.1834945296669018e+20,199984.24703200522,1531562.1386541035,0.13057534003011206,8103293.814242687,11202375.477336016,0.0004,0.0,32.113621,11.15777,True,True,931.9276292808354,8.853450437262655,1.3152666543610394,1.1029317080974579,1007,/scratch/project_2013233/enchanted_plugins/data/ascot_DT-D_sobol_seq_extended_take2/batch_0/ascot_sdcc_workflow_runner-cdfe950c-5696-4193-ac47-6c2c2935d4ad,0
8.24,0.61,0.0,8.84,52773.2959715276,9.754310653195924e+19,336560.67274155974,1945874.7004691765,0.17296112265625863,2356167.6698888466,3748402.6971691684,0.040859,0.03082,55.299494,17.823234,True,True,914.2752732150257,4.0772869169712065,1.1828612168319523,1.472053421381861,1008,/scratch/project_2013233/enchanted_plugins/data/ascot_DT-D_sobol_seq_extended_take2/batch_0/ascot_sdcc_workflow_runner-e9c8c1f7-4f55-4978-b13e-60bdd5eb83ec,0
9.33,0.72,0.0,10.05,16349.565398312407,3.4096610035038937e+19,8736.140835509317,306518.4572937959,0.0285011901490023,3187946.061730471,4710494.286663231,0.0,0.0,23.469119,8.481048,True,True,596.8034118413925,10.568887897208333,1.3990140492096543,0.9787028616294265,969,/scratch/project_2013233/enchanted_plugins/data/ascot_DT-D_sobol_seq_extended_take2/batch_0/ascot_sdcc_workflow_runner-1f43b808-a7d1-4114-988d-deef3f1600fb,0
7.23,0.7,0.0,7.92,180144.11713486884,5.8910362138752385e+19,81688.26746531083,647029.4498482057,0.12625123552641235,5799886.361145,9364750.31824193,0.0,0.0,27.614993,9.358531,True,True,804.6547737903893,11.800785686820745,1.2625901163555682,1.0573892765678465,1011,/scratch/project_2013233/enchanted_plugins/data/ascot_DT-D_sobol_seq_extended_take2/batch_0/ascot_sdcc_workflow_runner-3b27f05f-36a8-4552-9ff3-46e9b2ba97fd,0
8.91,0.86,0.0,9.78,91725.17474618963,1.121992306163899e+20,202115.05137410943,1425113.6045921785,0.14182381721908285,6818372.778737411,8203665.317287178,0.0,0.000799,33.350378,11.877647,True,True,817.3968154005706,7.766729409992696,1.419775702059269,1.1368947547860444,1012,/scratch/project_2013233/enchanted_plugins/data/ascot_DT-D_sobol_seq_extended_take2/batch_0/ascot_sdcc_workflow_runner-e31cc47f-0f34-44c9-a1e2-b922240acf35,0
12.11,0.75,0.0,12.85,27913.758292926945,9.073283161632396e+19,159338.43341228945,1056409.8407809366,0.15083012980502025,5103215.607262059,4856569.476788794,0.0006,0.0,34.759316,12.466461,True,True,670.1518939808011,6.8232674349099405,1.4841806767508388,1.1695572121068836,962,/scratch/project_2013233/enchanted_plugins/data/ascot_DT-D_sobol_seq_extended_take2/batch_0/ascot_sdcc_workflow_runner-b2edb781-2e34-4a84-9471-d382ed6f60be,0
7.52,0.65,0.0,8.18,150456.952590741,1.1238883258539354e+20,280674.83374329505,1714052.1171937007,0.1637492996437148,6267762.915630922,9079523.78627146,0.002394,0.000799,44.66601,14.161605,True,True,963.6345882900059,8.115106297284365,1.025399124249816,1.371004053670913,1015,/scratch/project_2013233/enchanted_plugins/data/ascot_DT-D_sobol_seq_extended_take2/batch_0/ascot_sdcc_workflow_runner-11ab252f-0b69-4b59-a4fe-67510d54996b,0
7.28,0.72,0.0,8.0,194989.41584362937,8.472165392679073e+19,156386.36284702484,1017354.9089659401,0.15371859069906987,7596691.472715736,10684765.467162438,0.0,0.0,35.899367,11.684898,True,True,913.852599915117,11.562324397265911,1.1125337867997587,1.236685846373439,975,/scratch/project_2013233/enchanted_plugins/data/ascot_DT-D_sobol_seq_extended_take2/batch_0/ascot_sdcc_workflow_runner-08817365-6f7c-46db-873d-5e380a553234,0
7.97,0.44,0.0,8.41,6919.244335012515,1.0660532844713742e+20,299056.66600100184,1780135.9732013592,0.16799652976125448,3241642.4786258917,3397670.8578579538,0.012833,0.00833,47.568773,15.957961,True,True,706.2671631574631,4.421405098959804,1.3817872372455895,1.3476414437405766,1018,/scratch/project_2013233/enchanted_plugins/data/ascot_DT-D_sobol_seq_extended_take2/batch_0/ascot_sdcc_workflow_runner-217c01f7-4aa4-4318-957e-2b4e8bb35ad6,0
7.12,0.79,0.0,7.9,455028.76329830434,8.053063149837245e+19,76831.83729318749,969759.2562427629,0.0792277431729447,7304333.7161012925,14204633.0899091,0.0,0.0,23.313464,7.815566,True,True,944.5829964242876,10.791295571252704,1.2928904285654426,0.8920456745661796,983,/scratch/project_2013233/enchanted_plugins/data/ascot_DT-D_sobol_seq_extended_take2/batch_0/ascot_sdcc_workflow_runner-3d4531aa-ad0a-4b1d-83ab-2e16e76c3c9e,0
7.4,0.78,0.0,8.18,5796.666497178817,6.963993826356572e+19,149991.2074198512,729404.1422829557,0.20563525585472414,5064519.295226155,4486680.801511481,0.0002,0.0,41.393454,14.009953,True,True,657.9721486195922,8.787621692195534,1.2888754773885012,1.44893649360165,1021,/scratch/project_2013233/enchanted_plugins/data/ascot_DT-D_sobol_seq_extended_take2/batch_0/ascot_sdcc_workflow_runner-7e7058fb-84b3-486a-bf04-b0bc6066f1e5,0
11.27,0.52,0.0,11.79,56178.185900221506,1.0133219649277495e+20,164165.86291068484,2002199.8122572943,0.08199274713026922,2343200.344020284,4639650.309731813,0.047438,0.041227,46.07699,14.093555,True,True,886.4727444015443,3.8263972721993924,1.0964063159190118,1.0555538185872138,1024,/scratch/project_2013233/enchanted_plugins/data/ascot_DT-D_sobol_seq_extended_take2/batch_0/ascot_sdcc_workflow_runner-0294b40b-3788-4c12-b394-7fe771e4fb28,0
8.55,0.84,0.0,9.38,25764.549861320316,7.649318552647934e+19,178803.86730635693,783762.3080378632,0.22813532300882092,7003491.219273857,6807008.222837034,0.0,0.0,38.750781,13.971978,True,True,770.0164304114878,11.524261057376862,1.458388369064778,1.4742333465255797,1027,/scratch/project_2013233/enchanted_plugins/data/ascot_DT-D_sobol_seq_extended_take2/batch_0/ascot_sdcc_workflow_runner-e6a1fea0-1151-4e9f-91fa-0c21bd481d7e,0
18.89,0.3,0.0,19.19,36434.652043773705,5.698500691838809e+18,-1157.8223740348958,56339.96678884838,-0.020550639981280015,740950.6835623871,6089591.76706914,0.0,0.0,11.354636,2.260162,True,True,575.1614300534129,11.423541595414282,1.0480067604221404,1.072431258391589,1017,/scratch/project_2013233/enchanted_plugins/data/ascot_DT-D_sobol_seq_extended_take2/batch_0/ascot_sdcc_workflow_runner-80fda268-2f8f-4bae-aa37-889e09be87ec,0
13.14,1.01,0.0,14.14,63794.28694425262,1.206259089569417e+20,312429.65158783435,1651448.4544542746,0.1891852275165788,6595407.326885709,7220266.966697809,0.000999,0.001398,41.556987,14.459667,True,True,850.1431881450117,7.490527374297381,1.3636398361995816,1.3783970278687776,1028,/scratch/project_2013233/enchanted_plugins/data/ascot_DT-D_sobol_seq_extended_take2/batch_0/ascot_sdcc_workflow_runner-d62798e9-bcb7-4c2c-b74f-58d435c91a6f,0
6.58,0.83,0.0,7.4,167761.8928481306,1.0854528600930032e+20,93647.51943700342,1678545.4512310615,0.055790874991392944,5515770.776288417,10654443.558626309,0.002593,0.002593,31.515767,9.326885,True,True,900.7699876092374,6.953540265932679,1.0345810893923044,0.9046590495854616,992,/scratch/project_2013233/enchanted_plugins/data/ascot_DT-D_sobol_seq_extended_take2/batch_0/ascot_sdcc_workflow_runner-2e547bbf-aa59-4f07-88ab-efc2e6db310e,0
6.96,0.65,0.0,7.61,140914.7972341367,1.4168211978151998e+20,179022.92392259496,2304533.548591497,0.07768293242335812,5846225.68077016,10313994.13196574,0.006162,0.005767,30.873388,10.911689,True,True,962.2919070534408,5.9575558573007585,1.4084241106174886,0.9337925464846194,1032,/scratch/project_2013233/enchanted_plugins/data/ascot_DT-D_sobol_seq_extended_take2/batch_0/ascot_sdcc_workflow_runner-036b5de6-4bca-4ee9-9cc3-44babbec6025,0
6.7,0.9,0.0,7.6,913.4769076355548,4.072850728430438e+19,70798.18685029779,372065.4768983951,0.1902842140595366,3910614.079225385,4175290.1994335623,0.0,0.0,37.3714,12.498662,True,True,608.8842460885644,11.147314588353039,1.2272301013581455,1.3552907864563166,1033,/scratch/project_2013233/enchanted_plugins/data/ascot_DT-D_sobol_seq_extended_take2/batch_0/ascot_sdcc_workflow_runner-73fd06df-c454-41bc-9f72-d7b0b7c79963,0
7.37,0.91,0.0,8.27,41719.05168530278,1.1041987650230428e+20,285492.8242344477,1842156.5011201492,0.15497750818719785,4068616.677664029,5311114.017226625,0.005767,0.004975,46.421909,14.739357,True,True,801.1145885102451,5.4270855948328975,1.1766346702352166,1.3198360507376492,1036,/scratch/project_2013233/enchanted_plugins/data/ascot_DT-D_sobol_seq_extended_take2/batch_0/ascot_sdcc_workflow_runner-abb499eb-d252-4b5d-a640-cff5b8cf272c,0
7.97,0.83,0.0,8.8,40094.651291934715,5.524597708685721e+19,60422.71712160061,541732.7249502379,0.11153602937158887,4154695.2293999866,5027001.845218382,0.0,0.0002,25.96794,9.458343,True,True,627.2400515154004,8.536839130148293,1.498326658271253,0.9910796358250082,1037,/scratch/project_2013233/enchanted_plugins/data/ascot_DT-D_sobol_seq_extended_take2/batch_0/ascot_sdcc_workflow_runner-8ca57133-5d97-4d65-8ad3-fa41057a7d49,0
8.58,0.52,0.0,9.1,109210.91861521239,1.286433968485467e+20,223587.3645227783,2385715.2146727396,0.09371921809764243,3851318.5458656116,7226880.458675689,0.016909,0.014972,35.386099,13.059637,True,True,946.0448767058551,4.881126036867499,1.472566632553935,1.0074478935450315,1000,/scratch/project_2013233/enchanted_plugins/data/ascot_DT-D_sobol_seq_extended_take2/batch_0/ascot_sdcc_workflow_runner-9437a3eb-d7e7-42b3-be98-84f8d1a53a3b,0
7.46,0.54,0.0,8.0,176960.23430825004,1.2484426937027756e+20,261132.43658580672,1865614.7774810593,0.1399712522316027,6355936.011909164,9112451.46311473,0.001398,0.0006,38.303811,12.782767,True,True,931.561331730336,7.220900278910994,1.245050779543817,1.1908911515027285,1040,/scratch/project_2013233/enchanted_plugins/data/ascot_DT-D_sobol_seq_extended_take2/batch_0/ascot_sdcc_workflow_runner-85ffe1a5-3439-4ccf-a4ef-b3cb08103740,0
6.55,0.76,0.0,7.31,11124.548953507001,6.215748690256413e+19,108774.1327424694,676470.2130341394,0.16079663323916363,4208464.86989062,4224415.27531293,0.0,0.0,39.281953,12.501366,True,True,623.6712085083127,8.02369233816862,1.1655213534832,1.2815944658592344,1001,/scratch/project_2013233/enchanted_plugins/data/ascot_DT-D_sobol_seq_extended_take2/batch_0/ascot_sdcc_workflow_runner-d057cca5-eb37-43ea-988d-0d448c103971,0
6.02,0.67,0.0,6.69,48068.222866252385,1.2867365130907256e+20,80703.88908533414,2155230.368395851,0.03744559758843898,4093266.889073391,7811649.82601445,0.016329,0.012443,29.075157,10.068406,True,True,832.8832979314029,4.590299589559436,1.4805021504871547,0.8000732503831387,1044,/scratch/project_2013233/enchanted_plugins/data/ascot_DT-D_sobol_seq_extended_take2/batch_0/ascot_sdcc_workflow_runner-048dc4fe-5ee1-48f4-8a69-28fb90309697,0
6.41,0.76,0.0,7.17,136115.8934690909,7.792130674117347e+19,71405.56506480246,919887.5916056662,0.07762422899972361,5754751.621301326,9409025.85780299,0.0004,0.0002,25.050459,8.337929,True,True,787.2757245786488,8.628505462780595,1.3253975445404649,0.9013676378875971,1043,/scratch/project_2013233/enchanted_plugins/data/ascot_DT-D_sobol_seq_extended_take2/batch_0/ascot_sdcc_workflow_runner-4e15e260-3de3-4a2e-ae57-ca521625b785,0
6.07,0.85,0.0,6.91,63908.93071984581,7.731931044480623e+19,59914.801694338035,945305.5910581151,0.06338141047835463,4883541.721971786,7469334.373127448,0.0006,0.0002,26.371672,8.38222,True,True,720.1043274253607,7.331296864897013,1.2799300383776426,0.8759451927617192,1002,/scratch/project_2013233/enchanted_plugins/data/ascot_DT-D_sobol_seq_extended_take2/batch_0/ascot_sdcc_workflow_runner-a281b120-01c1-4440-b690-efdf63040da0,0
6.72,0.47,0.0,7.19,38011.519281002336,1.3629621752509073e+19,-4362.856727359459,149681.8286409566,-0.029147537593388773,1240142.6598655442,6626467.871391245,0.0,0.0,11.524285,2.428609,True,True,590.987897478044,8.283577213436365,1.1103277327492833,0.8671856986358762,1049,/scratch/project_2013233/enchanted_plugins/data/ascot_DT-D_sobol_seq_extended_take2/batch_0/ascot_sdcc_workflow_runner-a6528ae5-72ac-46c4-903f-31879c3e3107,0
5.65,0.81,0.0,6.46,240630.08771098225,7.265920652172774e+19,84046.23485308577,863076.0258675019,0.09737987423368474,6397581.114674643,11152453.349792417,0.0,0.0,27.824127,8.90046,True,True,864.2238066531718,10.687605604156852,1.1383847566321492,0.9983485009521247,1051,/scratch/project_2013233/enchanted_plugins/data/ascot_DT-D_sobol_seq_extended_take2/batch_0/ascot_sdcc_workflow_runner-d4583f91-faaf-42a4-add2-ee192c32016c,0
7.69,0.77,0.0,8.46,109776.44537671476,1.107190894574216e+20,369742.9166753862,2071031.7595826269,0.17853078059503064,3412400.45312855,5326483.798576628,0.011858,0.013807,49.168775,16.77391,True,True,979.7047502361238,5.155366412177682,1.3070647595450282,1.4218993853777646,1048,/scratch/project_2013233/enchanted_plugins/data/ascot_DT-D_sobol_seq_extended_take2/batch_0/ascot_sdcc_workflow_runner-cbb87992-64ce-4b3f-b451-1e3db933441e,0
6.08,0.7,0.0,6.78,9224.455215157535,7.1617936737834074e+19,129314.53452374038,921720.6585847947,0.14029688205349466,3722598.241332676,4016947.6931350427,0.000999,0.0006,42.556337,12.843978,True,True,626.8739309161901,6.4946453858166935,1.0687962104566395,1.2535259979777038,1010,/scratch/project_2013233/enchanted_plugins/data/ascot_DT-D_sobol_seq_extended_take2/batch_0/ascot_sdcc_workflow_runner-72949903-54af-4366-9edc-8b2eac23d805,0
5.94,0.82,0.0,6.76,15886.758964767538,4.565733596567752e+19,73770.51506083371,428684.26909739425,0.17208589252915538,4603224.670743803,5711412.755252283,0.0,0.0,31.643169,11.028308,True,True,671.9952104613185,11.96039458438754,1.3497298783622682,1.2111882707104087,1053,/scratch/project_2013233/enchanted_plugins/data/ascot_DT-D_sobol_seq_extended_take2/batch_0/ascot_sdcc_workflow_runner-90cab787-50f2-4723-97a4-89f7c52cc95e,0
7.57,0.89,0.0,8.46,83756.6288133298,1.206398595381853e+20,289884.1662286071,1515714.2631572261,0.19125251590941664,8306163.565596367,9078912.80980928,0.0002,0.0,38.237531,13.698582,True,True,900.1597263850272,9.127753053233027,1.401683536823839,1.342724996805191,1055,/scratch/project_2013233/enchanted_plugins/data/ascot_DT-D_sobol_seq_extended_take2/batch_0/ascot_sdcc_workflow_runner-8699fcf0-c1ff-4a56-8e44-ecdd58f332e1,0
5.75,0.74,0.0,6.49,100549.65169836798,1.2748693490139821e+20,319815.70558962005,2002735.4197161868,0.15968944396806145,5522433.212958068,7370097.690681829,0.003388,0.002394,41.215445,14.147546,True,True,896.7143227346241,6.367266964539885,1.3313640919514,1.2704753217287361,1056,/scratch/project_2013233/enchanted_plugins/data/ascot_DT-D_sobol_seq_extended_take2/batch_0/ascot_sdcc_workflow_runner-2298c90b-6d2f-40b7-a095-2703e13426e9,0
6.78,0.61,0.0,7.39,17953.674371660356,8.263235846137885e+19,71570.99471550266,1095835.9486734339,0.0653117784666063,3371852.2586219353,3937458.817363217,0.004975,0.001996,32.359587,10.322093,True,True,606.320621445775,4.920757800713181,1.3286927565932274,0.9180790237151086,1014,/scratch/project_2013233/enchanted_plugins/data/ascot_DT-D_sobol_seq_extended_take2/batch_0/ascot_sdcc_workflow_runner-9d1e7096-3297-42f0-9f57-a658cea57b75,0
6.72,0.28,0.0,7.0,24295.473833533488,4.049587563062825e+18,-796.4638867150791,38009.410308477956,-0.020954386828185775,558012.9916142853,5002343.095893496,0.0,0.0,10.897032,2.1419,True,True,531.3723254948854,11.657513929903507,1.025176825467497,1.0404846749268473,1057,/scratch/project_2013233/enchanted_plugins/data/ascot_DT-D_sobol_seq_extended_take2/batch_0/ascot_sdcc_workflow_runner-a0d3a95f-c98e-4b9f-a1c1-7a479c6fde7c,0
5.98,0.43,0.0,6.4,10344.583647031026,1.0084731990488279e+20,351281.26830014394,1843028.3328299064,0.1906000369298521,2513510.788376519,2358836.6256273743,0.019992,0.020952,53.55334,18.041617,True,True,687.380732037127,3.695611745864153,1.4200301286764443,1.4892851150594653,1058,/scratch/project_2013233/enchanted_plugins/data/ascot_DT-D_sobol_seq_extended_take2/batch_0/ascot_sdcc_workflow_runner-0c6a3ac8-b350-4a6f-9451-0ee57b7410c2,0
6.85,0.71,0.0,7.57,111917.65753819964,1.1251989974827183e+20,92192.31722673254,2031182.872893521,0.04538848690438198,3546463.706329539,7405213.103945069,0.017102,0.017102,36.953534,10.858962,True,True,870.1483425684273,4.785627115890383,1.0680820606648922,0.8956789874471724,1060,/scratch/project_2013233/enchanted_plugins/data/ascot_DT-D_sobol_seq_extended_take2/batch_0/ascot_sdcc_workflow_runner-1e42b34b-9131-40bc-9b89-e12edf207288,0
6.02,0.82,0.0,6.84,23014.65984046316,8.472101596410811e+19,188577.653075406,994156.9071007319,0.18968600603033237,5422254.217619214,5204582.834015813,0.0,0.0,41.509985,13.835962,True,True,700.273459777236,7.995868885517121,1.2647767383605242,1.3933633732609452,1061,/scratch/project_2013233/enchanted_plugins/data/ascot_DT-D_sobol_seq_extended_take2/batch_0/ascot_sdcc_workflow_runner-1e08e90c-3e09-4f85-a15d-d4377d46513b,0
5.92,0.73,0.0,6.64,10166.923589481295,5.4166084274508366e+19,70499.46115300797,581336.2302880664,0.12127140453309396,3504112.2655851734,3709227.9202638017,0.0,0.0,34.805091,10.884826,True,True,580.8899598196149,7.360895725339651,1.1806419901549816,1.11417894391343,1062,/scratch/project_2013233/enchanted_plugins/data/ascot_DT-D_sobol_seq_extended_take2/batch_0/ascot_sdcc_workflow_runner-183e5c2f-e719-4471-9c39-72fa5cac21ee,0
8.1,0.74,0.0,8.84,21301.8115455334,4.2538845037267485e+19,42139.80832464469,400381.7864326842,0.10524906414974901,3621271.0475100903,4930430.084044403,0.0,0.0,24.156497,8.599211,True,True,612.2918017208576,9.52891149893403,1.4621822298504412,0.9597204088233412,1065,/scratch/project_2013233/enchanted_plugins/data/ascot_DT-D_sobol_seq_extended_take2/batch_0/ascot_sdcc_workflow_runner-c125d1c6-4e87-476a-87e1-795fcfe2dfed,0
5.86,0.8,0.0,6.66,775.4605449682913,4.240234675447939e+19,64675.126690413075,381479.7107489011,0.16953752681485007,3426765.82783643,3282933.542791504,0.0,0.0,35.535189,11.920293,True,True,560.195273719728,9.087420307472348,1.2892407434992492,1.255362186115235,1025,/scratch/project_2013233/enchanted_plugins/data/ascot_DT-D_sobol_seq_extended_take2/batch_0/ascot_sdcc_workflow_runner-4263b652-bbc2-4d5c-b2cc-0207cf23da90,0
5.7,0.77,0.0,6.47,100947.29451861687,1.1049982162374463e+20,151728.19549118978,1452327.3161108259,0.10447245177313151,6064979.979372727,7985199.056693239,0.000999,0.000799,30.835418,10.72135,True,True,790.8502318896353,6.917795069888234,1.3800924643874168,1.0171062127687036,1068,/scratch/project_2013233/enchanted_plugins/data/ascot_DT-D_sobol_seq_extended_take2/batch_0/ascot_sdcc_workflow_runner-2f4ad356-fcee-470e-a047-793f32244fa3,0
8.68,0.58,0.0,9.27,30235.23943193396,9.82905936679692e+19,190156.24215701295,1496651.2627666872,0.1270544761412842,4181290.4264124455,5303626.550269935,0.002792,0.002394,42.412141,12.980962,True,True,731.6749459132552,5.8259695574641235,1.1080240090377629,1.1980164690874517,1066,/scratch/project_2013233/enchanted_plugins/data/ascot_DT-D_sobol_seq_extended_take2/batch_0/ascot_sdcc_workflow_runner-ff94400a-32e4-4079-bba3-d4582fdaa3f3,0
5.36,0.77,0.0,6.13,11509.05764921807,5.308272687942178e+19,91764.11575388111,530279.9600266025,0.17304843228335007,4505772.183055206,5046414.479965915,0.0,0.0,36.913347,12.142917,True,True,656.0399830341339,10.056772535294295,1.2027591820806265,1.2938534344546497,1069,/scratch/project_2013233/enchanted_plugins/data/ascot_DT-D_sobol_seq_extended_take2/batch_0/ascot_sdcc_workflow_runner-5e397690-bf57-4642-b4e8-df0787644fef,0
6.66,0.75,0.0,7.41,112232.67100800092,1.0854938867208472e+20,281901.0462763366,1604927.838495493,0.17564717834329488,6385564.518535724,8684347.939300884,0.001199,0.0,45.351645,14.442979,True,True,927.8108119033277,8.406406394764781,1.0497336592525244,1.4248054326511919,1071,/scratch/project_2013233/enchanted_plugins/data/ascot_DT-D_sobol_seq_extended_take2/batch_0/ascot_sdcc_workflow_runner-3f2a44bd-1120-489e-a758-79e1d3c86c71,0
5.63,0.73,0.0,6.35,1275.132876547928,3.2300244469108097e+19,38558.90741079564,287124.5652857038,0.1342933070614405,2620269.6925874585,2829836.8697362514,0.0,0.0002,34.803405,10.802423,True,True,518.0230922996998,8.757752840593458,1.126530483365059,1.1621675757691263,1073,/scratch/project_2013233/enchanted_plugins/data/ascot_DT-D_sobol_seq_extended_take2/batch_0/ascot_sdcc_workflow_runner-6e68a0ce-455a-47fd-8ddb-31f97ee9621a,0
5.19,0.41,0.0,5.6,24470.764482053637,1.105436258712785e+20,192445.2672122826,1935960.623501443,0.09940556893363857,3092245.8634067206,4276397.428833966,0.014778,0.014196,40.427507,13.440517,True,True,735.1072896271944,4.170812638476491,1.3432181640528142,1.0651263828389346,1034,/scratch/project_2013233/enchanted_plugins/data/ascot_DT-D_sobol_seq_extended_take2/batch_0/ascot_sdcc_workflow_runner-9f8d74db-b659-493a-95bc-7b83993d75aa,0
7.19,0.76,0.0,7.96,40400.273350119125,1.1349598261348898e+20,333539.75919959147,1778253.3201103047,0.18756594205537716,4785412.153588018,5663143.749154119,0.00319,0.00319,47.792578,15.594102,True,True,821.6423788107932,6.11395009830594,1.21668071905151,1.4603118602186442,1076,/scratch/project_2013233/enchanted_plugins/data/ascot_DT-D_sobol_seq_extended_take2/batch_0/ascot_sdcc_workflow_runner-728cd5c3-a0aa-4be9-894e-bdbfc2b5e6e3,0
10.99,0.7,0.0,11.69,44597.34304693653,8.072027487478623e+19,172922.41282661425,953311.2570350989,0.18139134679309427,6468569.7880711695,7810644.796303706,0.0,0.0004,40.65888,13.215203,True,True,808.259469922632,10.27891976237297,1.1219341456890106,1.3808063559234143,1075,/scratch/project_2013233/enchanted_plugins/data/ascot_DT-D_sobol_seq_extended_take2/batch_0/ascot_sdcc_workflow_runner-8630e719-ea05-4aa4-965b-2074baf21570,0
8.99,0.55,0.0,9.54,4176.638244314246,8.257303090704053e+19,141621.275726639,1101450.7151192466,0.12857704278788962,3084334.4336752817,2684665.71592861,0.004381,0.002792,40.663,13.499848,True,True,577.4806141853333,4.655834936723113,1.3838633792474866,1.159877698775381,1030,/scratch/project_2013233/enchanted_plugins/data/ascot_DT-D_sobol_seq_extended_take2/batch_0/ascot_sdcc_workflow_runner-b859222d-c4fa-46ef-9ad0-bba87ba755dd,0
6.77,0.53,0.0,7.3,34628.034544207156,1.038686220302533e+20,123717.0167718562,1606702.2264951398,0.07700058836772293,3846061.0494641946,5413217.4509996595,0.005569,0.005964,35.615578,11.228985,True,True,718.1721637025476,5.024452962353825,1.2410091403871775,0.980623852275312,1082,/scratch/project_2013233/enchanted_plugins/data/ascot_DT-D_sobol_seq_extended_take2/batch_0/ascot_sdcc_workflow_runner-d4f946d0-61eb-400e-8e82-774391a28839,0
6.14,0.77,0.0,6.92,409909.0722683461,8.194054930155843e+19,66175.833717435,1012954.6905059521,0.06532951013275964,6845148.660338831,13571321.151346536,0.0002,0.0,23.442353,7.583989,True,True,917.5712582655251,9.925730661302806,1.2529456159099936,0.8600975890643895,1039,/scratch/project_2013233/enchanted_plugins/data/ascot_DT-D_sobol_seq_extended_take2/batch_0/ascot_sdcc_workflow_runner-1f5e29da-e342-4cff-9100-b13baa636138,0
5.93,0.84,0.0,6.77,785.4055169417488,3.728065921920158e+19,65500.851956364044,308550.6128847363,0.21228559990199358,3514587.432649151,3189581.1508565913,0.0,0.0002,38.827201,13.323186,True,True,563.1415117532015,10.820730052515865,1.3135397024452686,1.4395933335646987,1081,/scratch/project_2013233/enchanted_plugins/data/ascot_DT-D_sobol_seq_extended_take2/batch_0/ascot_sdcc_workflow_runner-c78ea781-77ed-42a4-94e3-ff240849db1d,0
5.95,0.96,0.0,6.91,32689.953414148215,5.324780126834131e+19,66045.599502055,587774.4920392322,0.11236554222167004,4196875.524822749,5970968.076050007,0.0,0.0,32.34787,9.944016,True,True,669.5414539426565,9.259211429581047,1.0859026205725968,1.081918886490166,1085,/scratch/project_2013233/enchanted_plugins/data/ascot_DT-D_sobol_seq_extended_take2/batch_0/ascot_sdcc_workflow_runner-4cb6abe6-e69f-4a12-82c0-9ce10a5cafde,0
8.92,0.76,0.0,9.69,737.7395053262449,6.3881859405207994e+19,121945.13619076478,637255.2488061278,0.19135995571511433,3659448.8441114174,2517212.5205145893,0.0002,0.0006,40.493033,14.16969,True,True,549.1825835779309,6.589862862601876,1.4689228483475745,1.360504420287907,1086,/scratch/project_2013233/enchanted_plugins/data/ascot_DT-D_sobol_seq_extended_take2/batch_0/ascot_sdcc_workflow_runner-4a1d9e2e-13be-4c0e-a173-5b8cbb38399b,0
9.77,0.7,0.0,10.47,33362.54693700687,1.0829645760746506e+20,268520.6873230466,2002702.099009959,0.1340791960300988,2800902.398105016,3853629.765848339,0.022674,0.021909,47.286501,15.349621,True,True,776.8557188101113,4.0474068626761435,1.2786873080767691,1.229039841517806,1084,/scratch/project_2013233/enchanted_plugins/data/ascot_DT-D_sobol_seq_extended_take2/batch_0/ascot_sdcc_workflow_runner-4b7a07a7-1122-4aca-92ef-b6602355a9cc,0
6.31,0.87,0.0,7.18,77995.97120079912,8.072602089023205e+19,83843.62331903244,1053285.8349478068,0.07960196609231636,5201059.92837087,8430623.461787242,0.0,0.000799,30.91718,9.334919,True,True,779.8845795914531,8.054392731562258,1.0771906496956944,0.9775838505476714,1091,/scratch/project_2013233/enchanted_plugins/data/ascot_DT-D_sobol_seq_extended_take2/batch_0/ascot_sdcc_workflow_runner-26dde5b8-ddba-4518-95ab-d0f694e2e6a2,0
6.07,0.83,0.0,6.9,16120.78518290345,7.69091982456229e+19,89205.1865108602,941200.6181807662,0.0947780789639553,3874486.4182350887,4331216.56059702,0.000999,0.0004,33.408589,10.692406,True,True,622.0841463655233,5.981242027133703,1.2668675552122295,1.0190618513152003,1046,/scratch/project_2013233/enchanted_plugins/data/ascot_DT-D_sobol_seq_extended_take2/batch_0/ascot_sdcc_workflow_runner-9ac1682c-0ffc-4335-acbc-9c497984406d,0
10.34,0.73,0.0,11.08,660.5914406633141,4.986681816798672e+19,94871.46717896305,522365.3272169907,0.18161899773174153,2940176.2623760994,2421131.0660520177,0.0002,0.0,46.827437,14.290368,True,True,528.8528557866812,6.785215422883629,1.0718489149585366,1.450860050227493,1038,/scratch/project_2013233/enchanted_plugins/data/ascot_DT-D_sobol_seq_extended_take2/batch_0/ascot_sdcc_workflow_runner-b1014278-ea2d-4a5e-9290-fb66132557d5,0
7.35,0.51,0.0,7.86,51459.966718777665,1.0369198749874894e+20,197801.67714663007,2075891.2265801197,0.09528518383523109,2240160.5758658876,4059105.54912783,0.045437,0.046348,45.461454,14.647695,True,True,855.8914698660374,3.626843334361911,1.2326310011558235,1.0786218643188477,1092,/scratch/project_2013233/enchanted_plugins/data/ascot_DT-D_sobol_seq_extended_take2/batch_0/ascot_sdcc_workflow_runner-e2a08622-3e70-4d90-8df4-6b8aa738cb24,0
5.33,0.77,0.0,6.1,19590.535221536942,8.943009232663106e+19,184439.71272116824,1026587.1231203615,0.17966299066810304,5528808.440451444,5061838.875999826,0.0,0.0,37.558977,13.317708,True,True,690.3505809605122,7.59835963100195,1.4444668916985393,1.2906930865719914,1050,/scratch/project_2013233/enchanted_plugins/data/ascot_DT-D_sobol_seq_extended_take2/batch_0/ascot_sdcc_workflow_runner-6b11d4a9-5b4c-42b6-a398-9d9fa635f6df,0
7.15,0.94,0.0,8.08,166538.20567944608,1.1016294480728172e+20,254435.92090958377,1284763.323827417,0.19804108366947926,9877049.463833688,11461642.656384582,0.0,0.0,37.436923,13.291165,True,True,987.970313988626,11.728197954967618,1.3378192014060915,1.3633177682757378,1095,/scratch/project_2013233/enchanted_plugins/data/ascot_DT-D_sobol_seq_extended_take2/batch_0/ascot_sdcc_workflow_runner-b73ab692-9bfa-4d8b-925b-04620825c133,0
6.7,0.58,0.0,7.28,54099.15751235394,9.31102517694559e+19,139114.97155499575,1339132.169457088,0.10388442211152006,4678876.818075803,6683328.102853106,0.001597,0.0006,37.879406,11.399832,True,True,755.8740018866956,6.719366588070988,1.043493169825524,1.0997290000319482,1052,/scratch/project_2013233/enchanted_plugins/data/ascot_DT-D_sobol_seq_extended_take2/batch_0/ascot_sdcc_workflow_runner-ef901e57-4132-4e8f-9acc-f3c27729eec8,0
5.39,0.54,0.0,5.93,3263.146161569511,7.129283521181997e+19,85095.75297984354,863237.1379694932,0.09857749306292106,2654133.4480857626,2130579.75640741,0.003984,0.002991,36.536266,12.562317,True,True,522.8830236010253,4.365240123867989,1.4570086221210659,1.041705716960132,1102,/scratch/project_2013233/enchanted_plugins/data/ascot_DT-D_sobol_seq_extended_take2/batch_0/ascot_sdcc_workflow_runner-25befd9f-d77f-4aee-8723-25874e2d4d2d,0
5.58,0.55,0.0,6.12,129125.13196231332,1.1455074788433181e+20,74173.43197339286,1694438.5049989729,0.04377463788421039,5110424.014535428,8837988.356563967,0.004182,0.00319,28.151071,8.923165,True,True,811.2272936850786,5.763360186293721,1.2956215511076152,0.8232291646301747,1100,/scratch/project_2013233/enchanted_plugins/data/ascot_DT-D_sobol_seq_extended_take2/batch_0/ascot_sdcc_workflow_runner-7f75511c-1578-495d-9b97-160423464865,0
7.75,0.68,0.0,8.42,152857.6443212757,1.0361880029573164e+20,207008.78061445898,1344360.9201570186,0.1539830394580949,7499224.833138288,10008685.344595622,0.0004,0.0002,37.657535,12.284241,True,True,907.6650599017739,9.589348940178752,1.1498298435471952,1.247335197776556,1103,/scratch/project_2013233/enchanted_plugins/data/ascot_DT-D_sobol_seq_extended_take2/batch_0/ascot_sdcc_workflow_runner-e5bf15fd-5efe-4f9f-8007-f68d178ed471,0
5.86,0.99,0.0,6.85,18074.832112550805,8.817878494323263e+19,130984.42008469638,1078630.12042566,0.1214359005967736,4512005.944363389,4616638.097605095,0.000799,0.000999,33.8721,11.675986,True,True,651.1953319422901,6.180523986741901,1.4040956213138998,1.0858917216770352,1106,/scratch/project_2013233/enchanted_plugins/data/ascot_DT-D_sobol_seq_extended_take2/batch_0/ascot_sdcc_workflow_runner-4e8a9942-07e1-4271-b552-1b7e493698dc,0
7.88,0.74,0.0,8.62,5424.795916472777,4.824320200777735e+19,43675.917481816876,511897.31386058853,0.0853216383427081,3079496.847096452,3646924.9708608394,0.0,0.0,31.461146,9.527045,True,True,560.5616308748722,7.061632844433189,1.1407067440450191,0.9933423190377653,1022,/scratch/project_2013233/enchanted_plugins/data/ascot_DT-D_sobol_seq_extended_take2/batch_0/ascot_sdcc_workflow_runner-8f5c365d-3653-408e-8c4c-3f71f4b38b64,0
5.48,0.75,0.0,6.22,47250.01416766484,1.0910349687714854e+20,251923.8490187596,1646734.7004093945,0.15298387102435435,5436248.794070126,7237049.7334473645,0.001996,0.000799,43.036855,13.613586,True,True,842.0196194201708,7.026704717427492,1.1156008699908853,1.2987305839546024,1108,/scratch/project_2013233/enchanted_plugins/data/ascot_DT-D_sobol_seq_extended_take2/batch_0/ascot_sdcc_workflow_runner-1bd821d2-ec6e-40ac-88d0-8ef04d12070a,0
10.24,0.81,0.0,11.05,83352.98714956782,6.658133998311417e+19,114581.47318071374,730822.49377331,0.15678427272964476,6225667.048790855,8478667.60540501,0.0,0.0,33.31745,11.129467,True,True,793.7570260837674,11.458465701341629,1.2103188331238925,1.2031506390310824,1107,/scratch/project_2013233/enchanted_plugins/data/ascot_DT-D_sobol_seq_extended_take2/batch_0/ascot_sdcc_workflow_runner-b09c3a25-2ac2-42db-9a6b-7dc3a346f4bc,0
6.21,0.8,0.0,7.01,330182.58626720327,1.1889193482936246e+20,229380.15935597313,1394655.0189943698,0.1644708951188302,9765161.406196387,12357117.645681726,0.0002,0.0002,31.856559,11.798223,True,True,973.4212155453861,10.532172666862607,1.4867433477193117,1.1749053695239127,1063,/scratch/project_2013233/enchanted_plugins/data/ascot_DT-D_sobol_seq_extended_take2/batch_0/ascot_sdcc_workflow_runner-7a22e414-1a01-485d-ad52-05d871539de8,0
5.8,0.53,0.0,6.33,260371.3505024983,1.2446751897017508e+20,185846.02465790935,2013197.2548209273,0.09231386751242131,5567247.653988905,10015198.033283485,0.004579,0.006359,35.696929,11.424347,True,True,970.5296605825424,6.525212082266808,1.1562804779969156,1.032568156067282,1112,/scratch/project_2013233/enchanted_plugins/data/ascot_DT-D_sobol_seq_extended_take2/batch_0/ascot_sdcc_workflow_runner-f4dae002-5347-4e52-a017-a70e94bc8b4d,0
7.1,0.72,0.0,7.82,4937.125113979463,7.976429684628696e+19,190103.64540513704,1076041.7815069216,0.176669390234002,3530897.7411324084,3240756.5200088965,0.001797,0.001199,48.337806,14.931698,True,True,617.0906978659332,5.661397045478225,1.1359153995290399,1.4302679671905936,1110,/scratch/project_2013233/enchanted_plugins/data/ascot_DT-D_sobol_seq_extended_take2/batch_0/ascot_sdcc_workflow_runner-3415fcce-8f02-43d2-9658-d258e60537ed,0
5.76,0.8,0.0,6.57,333117.2386585099,1.0973876882871016e+20,105755.24617657925,1380086.1776308976,0.07662945103770423,8079926.664311111,13503462.328916473,0.0006,0.0006,24.033174,8.537608,True,True,939.4332328811288,8.818318064510823,1.4391919365152717,0.8806920294649899,1111,/scratch/project_2013233/enchanted_plugins/data/ascot_DT-D_sobol_seq_extended_take2/batch_0/ascot_sdcc_workflow_runner-7798c904-d793-4945-ae28-9d3a58966ece,0
7.62,0.55,0.0,8.17,15968.447153557518,9.614316692498401e+19,36277.68028707645,1664753.3122027107,0.02179162523429721,2796868.571560684,4944695.731901869,0.018453,0.017102,35.756022,10.034479,True,True,695.3677623532712,4.1119551915675405,1.0911046019755304,0.8139105352573097,1114,/scratch/project_2013233/enchanted_plugins/data/ascot_DT-D_sobol_seq_extended_take2/batch_0/ascot_sdcc_workflow_runner-049a3671-9765-4586-aeee-6bfbac0e14d3,0
6.42,0.76,0.0,7.18,23471.250739076204,1.1449463819085047e+20,350265.02656325337,1897433.378912921,0.18459938064541032,3839834.9365346953,4170176.9228943596,0.010097,0.006359,46.82093,16.238672,True,True,762.5996209681034,4.955812583863735,1.4285952346399426,1.4015539434738458,1116,/scratch/project_2013233/enchanted_plugins/data/ascot_DT-D_sobol_seq_extended_take2/batch_0/ascot_sdcc_workflow_runner-108f8b86-ee27-4f00-af1a-6996ca7499fd,0
6.13,0.5,0.0,6.62,45525.430407827655,9.990676418345633e+19,283453.8310272664,1949858.3825463115,0.14537149649663544,2567214.641987496,4591401.566275623,0.029691,0.033816,51.723437,16.462705,True,True,942.2637508250773,4.302751729264855,1.1443505813367665,1.3293215920217336,1064,/scratch/project_2013233/enchanted_plugins/data/ascot_DT-D_sobol_seq_extended_take2/batch_0/ascot_sdcc_workflow_runner-58179ae7-1b83-43cf-a682-67a4551fc0e9,0
8.63,0.84,0.0,9.47,32240.896018293228,6.57974252667388e+19,58519.93004123486,743404.6794157139,0.07871880775250052,4125686.6730355415,5286351.0000554435,0.0004,0.0,27.896889,9.028007,True,True,638.3820837363601,7.0891855549067255,1.3030190747231245,0.9301085574552417,1074,/scratch/project_2013233/enchanted_plugins/data/ascot_DT-D_sobol_seq_extended_take2/batch_0/ascot_sdcc_workflow_runner-1869748b-7b79-419a-bafe-ab18e68318a8,0
7.25,0.67,0.0,7.92,196887.56767874167,7.831552441918333e+19,114163.45097581786,983704.0007046635,0.11605467792551252,6681981.141031584,10965425.935476398,0.0,0.0,32.930416,10.249051,True,True,893.7007104977965,10.891542360931636,1.0011987639591098,1.1065194350667298,1119,/scratch/project_2013233/enchanted_plugins/data/ascot_DT-D_sobol_seq_extended_take2/batch_0/ascot_sdcc_workflow_runner-b6d3d443-e32a-47a0-8f06-c985b2c60e9f,0
6.03,0.77,0.0,6.8,348331.0730836922,1.127576605646424e+20,169095.89588770867,1384983.8689301247,0.12209232156496684,8791544.960854862,12721454.742769811,0.0004,0.0,28.949422,10.286123,True,True,959.5802365802228,9.768186016380787,1.3537372355349362,1.0477414507418872,1079,/scratch/project_2013233/enchanted_plugins/data/ascot_DT-D_sobol_seq_extended_take2/batch_0/ascot_sdcc_workflow_runner-352354ad-d2a8-4824-8642-a0f74afaa6ff,0
10.1,0.81,0.0,10.9,0.0,5.05653130483368e+19,93839.55381989495,461342.23286080617,0.20340551359885525,3529065.3827235084,2603391.2689994825,0.0,0.0002,40.575679,13.897966,True,True,541.767820250243,7.924985073879361,1.3785978294909,1.416778569482267,1121,/scratch/project_2013233/enchanted_plugins/data/ascot_DT-D_sobol_seq_extended_take2/batch_0/ascot_sdcc_workflow_runner-89c27751-e13b-46d6-8078-797bf3c422b8,0
11.32,0.8,0.0,12.13,3477.4277469315734,4.5719857446002336e+19,63960.70097196545,426475.52687585365,0.14997507932168944,3231715.1616960214,2845992.2868850017,0.0,0.0002,34.60097,11.558331,True,True,536.3543308340013,7.797682646289468,1.3239014195278287,1.182522565778345,1118,/scratch/project_2013233/enchanted_plugins/data/ascot_DT-D_sobol_seq_extended_take2/batch_0/ascot_sdcc_workflow_runner-d782b09b-1970-428c-a298-61c86858341c,0
7.32,0.69,0.0,8.02,46562.94703127059,4.240279962736539e+19,55420.26434971117,428242.5809954881,0.12941325036123644,4211051.32483483,6585547.175424108,0.0,0.0,30.212347,9.71721,True,True,695.2562886290252,11.597124350443483,1.145787958521396,1.1045631067827344,1125,/scratch/project_2013233/enchanted_plugins/data/ascot_DT-D_sobol_seq_extended_take2/batch_0/ascot_sdcc_workflow_runner-fb1da79e-07be-4c8d-8251-b3dde2107f48,0
7.97,0.9,0.0,8.87,88740.87257768214,1.1998280806618813e+20,282940.8697726459,1545140.0057026164,0.18311665527292145,7364921.766620679,8031825.116241645,0.001398,0.0,38.019166,13.675367,True,True,852.9846775345504,8.151125489920378,1.433952186256647,1.308459223806858,1083,/scratch/project_2013233/enchanted_plugins/data/ascot_DT-D_sobol_seq_extended_take2/batch_0/ascot_sdcc_workflow_runner-7ffe6f1a-6875-4e20-a0a8-e5c9624b6b76,0
8.48,0.77,0.0,9.25,328519.13415703137,1.0855714299312575e+20,122235.86816577641,1488667.3805084757,0.08211093342021439,7485305.804829723,13455847.999750337,0.0002,0.0004,30.036207,9.424587,True,True,982.5962800532579,9.014677990972997,1.1015779268927872,0.9735684152692556,1127,/scratch/project_2013233/enchanted_plugins/data/ascot_DT-D_sobol_seq_extended_take2/batch_0/ascot_sdcc_workflow_runner-a00ad057-1677-4db3-b0e9-0cccf8797275,0
6.01,0.66,0.0,6.67,356352.61239448836,5.997109442016228e+19,62162.50077623466,689714.2533269251,0.09012790510908811,5942309.931376539,12067025.599390274,0.0,0.0002,24.902663,8.012334,True,True,879.1532213799655,11.82832757011056,1.1667313617654145,0.9504108529537917,1087,/scratch/project_2013233/enchanted_plugins/data/ascot_DT-D_sobol_seq_extended_take2/batch_0/ascot_sdcc_workflow_runner-42f36734-bc8c-47b6-bcdb-bfb0af5b604b,0
6.2,0.71,0.0,6.9,175977.00146268727,5.018511755288668e+19,11423.286891204907,602284.4882013731,0.01896659654197427,4097824.7802431243,10145252.352675103,0.0,0.0,19.675725,5.616714,True,True,759.7538637928665,8.955097008123994,1.2231848114170134,0.8216315519995988,1059,/scratch/project_2013233/enchanted_plugins/data/ascot_DT-D_sobol_seq_extended_take2/batch_0/ascot_sdcc_workflow_runner-45fd2093-9a7e-40d3-8eff-ade5aa6f5ad8,0
6.24,0.31,0.0,6.55,21812.32393414395,5.319934516771769e+18,-975.8565662339348,51406.90937465858,-0.018982984546333972,675741.0489937018,5801756.968857961,0.0,0.0,8.619223,1.76888,True,True,553.9814778603613,10.473801840841771,1.174096760340035,0.8462494613602758,1089,/scratch/project_2013233/enchanted_plugins/data/ascot_DT-D_sobol_seq_extended_take2/batch_0/ascot_sdcc_workflow_runner-11fddf78-372b-4e50-b78f-f1a9178508ce,0
6.52,0.3,0.0,6.83,21535.972326715673,4.343158880342016e+18,-559.0584888518134,38734.62666077025,-0.014433041881310246,604974.2916368924,5059840.552757626,0.0,0.0,8.62392,1.798817,True,True,523.9929347299039,11.325373108685017,1.2773204953409731,0.9369046433828772,1137,/scratch/project_2013233/enchanted_plugins/data/ascot_DT-D_sobol_seq_extended_take2/batch_0/ascot_sdcc_workflow_runner-456fad08-12ac-4ff8-95eb-9d60f355bedb,0
6.07,0.89,0.0,6.97,26956.859428868196,7.976816498493137e+19,147824.9361444484,866169.2908809211,0.1706651779285616,5848635.00434369,6000095.029169314,0.0,0.0,34.509506,12.212662,True,True,713.3275107480586,8.884276986122131,1.4107675231061876,1.2322930490598083,1093,/scratch/project_2013233/enchanted_plugins/data/ascot_DT-D_sobol_seq_extended_take2/batch_0/ascot_sdcc_workflow_runner-3f9e3d41-a256-4001-b5ae-94e53f562bbf,0
16.1,1.0,0.0,17.11,68336.7289240166,1.0329213115074645e+20,249707.14351547507,1349822.303168111,0.18499260452979474,6543856.418909757,7539521.721598293,0.0002,0.0,42.474757,13.994305,True,True,829.8544138669968,8.466010408848524,1.1859279423952103,1.4017425931990146,1131,/scratch/project_2013233/enchanted_plugins/data/ascot_DT-D_sobol_seq_extended_take2/batch_0/ascot_sdcc_workflow_runner-ce02f2a2-572b-44f2-9a03-175ebe2ab3b3,0
6.15,0.71,0.0,6.85,26192.549411987355,5.106909888275077e+19,25665.090867296076,535018.5176740758,0.047970472085474274,3423273.245686979,5098737.4708068725,0.0006,0.0002,22.816137,7.331921,True,True,603.9022640325129,7.1562402985990055,1.4323888644576073,0.8629540110938252,1142,/scratch/project_2013233/enchanted_plugins/data/ascot_DT-D_sobol_seq_extended_take2/batch_0/ascot_sdcc_workflow_runner-6ef74d66-9597-4d2f-8dd4-4e8ac53e8396,0
5.51,0.8,0.0,6.31,11927.49812733955,5.450053888825422e+19,77778.39264735764,535362.13334021,0.1452818341149491,3986639.5544690606,4020539.156546254,0.0,0.0,32.375973,11.101544,True,True,599.221792537719,8.333654753118754,1.3620904022827744,1.1430107856169343,1097,/scratch/project_2013233/enchanted_plugins/data/ascot_DT-D_sobol_seq_extended_take2/batch_0/ascot_sdcc_workflow_runner-510c988a-4a82-437c-bcb2-312f3c2fc1de,0
5.46,0.74,0.0,6.2,88539.08393053255,1.1194407481831437e+20,296591.1198888339,1917621.0720151048,0.15466617686734394,4417039.921465608,6847193.860249042,0.006557,0.004182,47.616793,14.948672,True,True,920.4627899453044,6.04999505840242,1.0795251210220158,1.3521357093937696,1136,/scratch/project_2013233/enchanted_plugins/data/ascot_DT-D_sobol_seq_extended_take2/batch_0/ascot_sdcc_workflow_runner-6088a15f-5921-49d9-a9a0-a7b1686964e8,0
10.18,0.73,0.0,10.91,7369.453182769116,3.757539208875056e+19,41331.62722948803,351808.3001352186,0.1174833772074226,3137942.1114241816,3949552.8585002027,0.0,0.0002,29.864092,9.617601,True,True,572.5596691481769,9.188327477127315,1.2143263691104949,1.0612476564012467,1145,/scratch/project_2013233/enchanted_plugins/data/ascot_DT-D_sobol_seq_extended_take2/batch_0/ascot_sdcc_workflow_runner-ac67c6c2-1bce-429c-bc8d-f908c7c490d4,0
7.03,0.76,0.0,7.8,22304.896221150164,1.005646116794546e+20,266441.2193480025,1309341.403112011,0.20349254878424486,5137875.930625799,4580726.165963859,0.000799,0.0006,44.686174,15.224995,True,True,708.5484531708062,6.656894575059415,1.3560935822315514,1.468349566217512,1146,/scratch/project_2013233/enchanted_plugins/data/ascot_DT-D_sobol_seq_extended_take2/batch_0/ascot_sdcc_workflow_runner-29df984e-ce6a-44df-8a0d-d63039ba2883,0
5.99,0.9,0.0,6.9,205755.17342091474,7.17561219794421e+19,76292.89299606656,825540.9735966147,0.09241563463977218,6185886.4250689335,10522102.159648329,0.0,0.0,23.725036,8.280319,True,True,824.4881378486753,10.12962650321424,1.39017737749964,0.9241824019700289,1099,/scratch/project_2013233/enchanted_plugins/data/ascot_DT-D_sobol_seq_extended_take2/batch_0/ascot_sdcc_workflow_runner-44746a30-2a59-4f1b-980b-29978cc916ca,0
25.79,0.8,0.0,26.59,9439.820914952514,9.023630285732487e+19,182260.27874797842,1414383.0283886471,0.12886203743240657,3011736.1923852153,3178154.398823936,0.009116,0.007149,46.081679,14.061844,True,True,632.1457573212683,4.521650386601687,1.1681001712568104,1.2210021316073836,1138,/scratch/project_2013233/enchanted_plugins/data/ascot_DT-D_sobol_seq_extended_take2/batch_0/ascot_sdcc_workflow_runner-dfc06039-756c-4e72-b81a-6fe5445fc192,0
5.38,0.91,0.0,6.29,155104.55878730293,1.171664555214945e+20,217253.6655282325,1552261.3993212413,0.13995945890507308,7311039.86970772,9663799.423976451,0.0006,0.000999,34.675937,11.860708,True,True,889.3032390624285,8.210706613585353,1.2976816017180681,1.1537989222444593,1151,/scratch/project_2013233/enchanted_plugins/data/ascot_DT-D_sobol_seq_extended_take2/batch_0/ascot_sdcc_workflow_runner-e02c5dd6-e12b-4248-947f-5aa7c6f5b93b,0
6.54,0.67,0.0,7.2,90107.77471143006,8.2265878444959e+19,70534.36608375372,1055920.4220389195,0.06679894110538752,5165965.12083599,8514499.267889818,0.001597,0.000999,28.882152,8.74305,True,True,766.9875482097268,7.66494271941483,1.1318698935210705,0.916271070484072,1148,/scratch/project_2013233/enchanted_plugins/data/ascot_DT-D_sobol_seq_extended_take2/batch_0/ascot_sdcc_workflow_runner-5ba23755-df59-4a29-8607-16a0dd688337,0
5.99,0.84,0.0,6.83,145056.31512043902,1.1289154043768824e+20,286862.39326853986,1429248.241803686,0.20070858572932343,8650509.946517672,10159027.235881126,0.0004,0.0002,41.632146,14.2425,True,True,965.3055109083652,10.350588278844953,1.2346908207982779,1.4479619936086237,1143,/scratch/project_2013233/enchanted_plugins/data/ascot_DT-D_sobol_seq_extended_take2/batch_0/ascot_sdcc_workflow_runner-51289137-bd42-4590-8a16-9228c4a49ab3,0
6.42,0.7,0.0,7.13,60107.621525526156,5.833919090197002e+19,38836.04413280583,677491.9903928568,0.05732325205835423,4347153.415723036,7742674.652141336,0.0,0.0,24.568361,7.536689,True,True,709.1587181203067,8.437100764364004,1.2076115561649203,0.8555609534494579,1157,/scratch/project_2013233/enchanted_plugins/data/ascot_DT-D_sobol_seq_extended_take2/batch_0/ascot_sdcc_workflow_runner-aad69544-68f3-4948-91b8-5b29b4c5849e,0
37.19,0.85,0.0,38.04,107056.74328156984,8.362168132314767e+19,126733.84222954098,929243.2855662497,0.13638392033396682,6811668.199783378,8818269.217600606,0.0,0.0,28.14066,10.317072,True,True,798.1467396020889,9.827790171280503,1.4752983511425555,1.0680815090425313,1139,/scratch/project_2013233/enchanted_plugins/data/ascot_DT-D_sobol_seq_extended_take2/batch_0/ascot_sdcc_workflow_runner-630f054a-68fb-400f-b45f-f3a803147565,0
10.45,0.44,0.0,10.89,94878.38425029983,9.13357179187136e+19,280282.764249289,1947591.303150703,0.14391251583217865,2019512.2124666988,3662927.5545638986,0.043062,0.036609,47.937533,16.884698,True,True,996.4037286117673,3.9801122937351465,1.392512094695121,1.2497099828906357,1144,/scratch/project_2013233/enchanted_plugins/data/ascot_DT-D_sobol_seq_extended_take2/batch_0/ascot_sdcc_workflow_runner-38aeb2e1-7992-4d21-85be-28b0c7e6c474,0
15.23,0.71,0.0,15.94,2800.137504071374,5.01445177073122e+19,99205.9348314032,521130.5871420318,0.19036674737413764,3750747.301018479,3792229.3396826396,0.0,0.0,44.765023,13.986411,True,True,603.2917625270784,8.920040206611157,1.002929478418082,1.475998220499605,1161,/scratch/project_2013233/enchanted_plugins/data/ascot_DT-D_sobol_seq_extended_take2/batch_0/ascot_sdcc_workflow_runner-3ae10e79-8a6c-46d6-9ed7-bff15f66ff56,0
16.65,0.34,0.0,16.99,112780.15371925321,1.0778731818480067e+20,88205.33233852936,2194125.9749388187,0.04020066912565897,2325762.0742285503,5800424.830751937,0.055178,0.045619,36.16055,11.97811,True,True,968.6013227328658,3.7302820231765508,1.3207134916447103,0.8349166941829026,1160,/scratch/project_2013233/enchanted_plugins/data/ascot_DT-D_sobol_seq_extended_take2/batch_0/ascot_sdcc_workflow_runner-ed59145b-a637-4541-bc34-5bb76748b127,0
14.8,0.84,0.0,15.64,4334.695373879292,3.6300052182948565e+19,60558.511858243895,307178.91487807216,0.1971441037295195,3641139.9609439773,3715353.2759462968,0.0,0.0,32.800494,11.824979,True,True,585.7498892582953,11.769828460738063,1.4790690350346267,1.2783482032828033,1113,/scratch/project_2013233/enchanted_plugins/data/ascot_DT-D_sobol_seq_extended_take2/batch_0/ascot_sdcc_workflow_runner-fba98bb0-e141-49a2-92d8-9f4c6c7ecaa1,0
4.2,0.73,0.0,4.93,43055.75801260339,1.114118337150816e+20,111928.71975730489,1571875.6465504686,0.07120710852855061,4671155.069080433,6309867.701399493,0.003587,0.003587,29.621098,10.462481,True,True,726.4139303006232,5.358307858183981,1.489216012880206,0.9091746775433421,1130,/scratch/project_2013233/enchanted_plugins/data/ascot_DT-D_sobol_seq_extended_take2/batch_0/ascot_sdcc_workflow_runner-6f967c02-5413-4ea2-acf2-05166e67eea3,0
6.24,0.92,0.0,7.16,491724.91257270303,9.7433082355894e+19,109537.72226097477,1300667.757532913,0.08421652772322447,7590353.854548141,14002702.037773924,0.0006,0.000799,29.796609,9.235417,True,True,999.943858012557,10.091568483039737,1.0408530933782458,0.9867298916913569,1159,/scratch/project_2013233/enchanted_plugins/data/ascot_DT-D_sobol_seq_extended_take2/batch_0/ascot_sdcc_workflow_runner-1c41ec6c-a4d6-4b93-98be-4c27cc3ab553,0
4.83,0.76,0.0,5.59,2452.9774869122934,6.4168868395795554e+19,118269.58164240004,663221.9235036272,0.17832580234623865,3805340.92975253,3012247.986123593,0.0002,0.000799,40.189865,13.480107,True,True,572.1936044283211,6.882864940166474,1.3469373481348157,1.324228837620467,1158,/scratch/project_2013233/enchanted_plugins/data/ascot_DT-D_sobol_seq_extended_take2/batch_0/ascot_sdcc_workflow_runner-9b4d1d16-3a61-4b6f-9522-17d520491071,0
6.96,0.79,0.0,7.75,2300.6440873559777,3.327039506229096e+19,47983.352893145166,266822.92150401976,0.17983219965763805,3207117.327892792,3306384.1986443205,0.0,0.0,31.67663,11.306811,True,True,557.7158736996353,11.05219217017293,1.4399348753504455,1.222837673034519,1153,/scratch/project_2013233/enchanted_plugins/data/ascot_DT-D_sobol_seq_extended_take2/batch_0/ascot_sdcc_workflow_runner-91c8b657-30df-44d8-b9bc-48ad18a79723,0
6.44,1.01,0.0,7.45,67010.12619729286,1.0286481392392996e+20,257874.65374780333,1168687.4652214132,0.220653221174874,8956367.129066532,9412201.924371976,0.0002,0.0,40.264465,14.300338,True,True,905.7367201894522,11.354788564145565,1.3603596366010606,1.4844534758478403,1183,/scratch/project_2013233/enchanted_plugins/data/ascot_DT-D_sobol_seq_extended_take2/batch_0/ascot_sdcc_workflow_runner-f1820781-4dcb-4b75-a779-5c8da38567b6,0
5.62,0.59,0.0,6.2,66812.24172800127,1.088440045501454e+20,297126.2376880986,2192112.8666756,0.13554331175415196,2692547.161936338,4178535.6604960645,0.027805,0.029315,44.511939,15.788511,True,True,891.137320548296,4.139986073970794,1.4306713906116784,1.1941366956569255,1184,/scratch/project_2013233/enchanted_plugins/data/ascot_DT-D_sobol_seq_extended_take2/batch_0/ascot_sdcc_workflow_runner-7a802ac3-f607-4a54-814e-1b4c4ee4d9e3,0
7.04,0.73,0.0,7.77,1399.5382351125884,3.2075926784181862e+19,36245.7284860481,281310.02838048426,0.12884620109249767,2785743.081238763,3247417.019868501,0.0,0.0,30.482589,9.930071,True,True,537.6972542144358,9.430232585594059,1.2378807687200606,1.0949048931710421,1185,/scratch/project_2013233/enchanted_plugins/data/ascot_DT-D_sobol_seq_extended_take2/batch_0/ascot_sdcc_workflow_runner-efbcb183-182c-4fc6-a8bc-a394de50c0d4,0
5.68,0.63,0.0,6.3,13895.82164387071,9.735724232786906e+19,224562.18798521266,1321607.760582648,0.16991591202991385,4422990.90750652,4267002.060171873,0.001996,0.001597,43.015959,14.235114,True,True,681.0101098380983,5.9226277459412815,1.3166983244009316,1.325682173203677,1186,/scratch/project_2013233/enchanted_plugins/data/ascot_DT-D_sobol_seq_extended_take2/batch_0/ascot_sdcc_workflow_runner-83ae9148-74aa-4cf3-aa09-5630f744a585,0
5.93,0.41,0.0,6.34,193982.25684557,1.1634327071323853e+19,-3228.2959026488334,140269.9972678082,-0.02301487107385667,1366024.229840021,12556554.377733268,0.0,0.0,10.197433,2.06089,True,True,764.9188106879592,11.182112523168326,1.0145053737796843,0.9634029121138156,1187,/scratch/project_2013233/enchanted_plugins/data/ascot_DT-D_sobol_seq_extended_take2/batch_0/ascot_sdcc_workflow_runner-55d20088-dd80-4319-bf65-25ebc842f30d,0
6.0,0.58,0.0,6.58,119794.7570771374,1.1266078944300043e+20,93910.6366570996,1643496.5463427263,0.05714075692223326,5790715.200260399,10411395.916343484,0.002593,0.002991,29.617087,9.133381,True,True,872.7498054504395,6.750413466989994,1.171782460063696,0.8843246539123357,1188,/scratch/project_2013233/enchanted_plugins/data/ascot_DT-D_sobol_seq_extended_take2/batch_0/ascot_sdcc_workflow_runner-a5a6adac-00ad-4d52-a82d-e6b13727accb,0
7.12,0.88,0.0,8.0,9436.80652265942,7.329074646217998e+19,159004.62565569425,732040.4952896241,0.21720741773006116,5953477.448006949,5340513.635027655,0.0002,0.0,38.343384,13.830193,True,True,698.9077129401267,9.960654782876373,1.4740650970488787,1.4266347377561033,1189,/scratch/project_2013233/enchanted_plugins/data/ascot_DT-D_sobol_seq_extended_take2/batch_0/ascot_sdcc_workflow_runner-8711cda6-d6a4-4f97-9591-73a2a48d9559,0
6.87,0.6,0.0,7.46,8547.213104072629,6.802151926955266e+19,68541.13590375452,877405.0963999936,0.07811800522356188,3027800.2038962534,3530254.8549092053,0.001797,0.000799,37.218121,10.864097,True,True,582.4541389010847,5.396385217085481,1.0807295851409435,1.0154748453758657,1190,/scratch/project_2013233/enchanted_plugins/data/ascot_DT-D_sobol_seq_extended_take2/batch_0/ascot_sdcc_workflow_runner-32b9fc83-2451-4431-a945-17a3bdc00cbe,0
5.22,0.84,0.0,6.06,84135.03502561465,1.0544536978173696e+20,265396.64304185816,1961600.6865667829,0.13529595745929238,3281567.826386109,5836301.033914933,0.018453,0.023056,49.359632,15.293413,True,True,936.8333285674453,4.9936284005641935,1.0163513338193297,1.289104099571705,1168,/scratch/project_2013233/enchanted_plugins/data/ascot_DT-D_sobol_seq_extended_take2/batch_0/ascot_sdcc_workflow_runner-58707f75-26f6-47b6-8171-274bb581dc69,0
5.55,0.9,0.0,6.45,3334.868090340422,7.374992186301337e+19,158704.57031598047,829725.1755074358,0.19127365903887558,4655188.856456764,4221621.6780652795,0.0,0.0,42.849848,14.016863,True,True,647.025226149708,7.693994681909681,1.2323727076873183,1.4200700646266342,1170,/scratch/project_2013233/enchanted_plugins/data/ascot_DT-D_sobol_seq_extended_take2/batch_0/ascot_sdcc_workflow_runner-48a63fc7-ac7f-468e-824d-b06782ad9023,0
5.55,0.42,0.0,5.97,219364.25774750375,1.6065176398559668e+19,-2251.425473030915,187314.6245630924,-0.012019485815815608,1898286.343470402,13864635.608429119,0.0,0.0,9.069279,2.104207,True,True,781.805295497179,10.855529990047216,1.4134748512879014,0.868971934914589,1171,/scratch/project_2013233/enchanted_plugins/data/ascot_DT-D_sobol_seq_extended_take2/batch_0/ascot_sdcc_workflow_runner-41781be1-29ed-487e-8400-9a3e31fc161a,0
9.7,1.16,0.0,10.85,174866.98396115037,1.2709330445183759e+20,299169.5575479368,1766046.111762494,0.16940076227645548,7824907.58365751,10151211.177156126,0.0004,0.000799,39.191463,13.418077,True,True,971.1401043459773,8.56766167357564,1.2736669946461916,1.2954424266703426,1191,/scratch/project_2013233/enchanted_plugins/data/ascot_DT-D_sobol_seq_extended_take2/batch_0/ascot_sdcc_workflow_runner-e9da29d6-3482-464c-8a06-00bc25f2eb44,0
5.31,0.67,0.0,5.99,87633.04154503273,1.1406139534485345e+20,354238.6821572864,1928574.8910153587,0.1836789869076779,4637400.3587494735,6671876.778934103,0.007149,0.002792,50.078165,16.104842,True,True,939.7993553429842,6.267531102150679,1.118653588462621,1.493843149486929,1192,/scratch/project_2013233/enchanted_plugins/data/ascot_DT-D_sobol_seq_extended_take2/batch_0/ascot_sdcc_workflow_runner-2c139981-8ccf-4a8c-9d03-7e58806f3c28,0
5.11,0.98,0.0,6.08,85057.59855982741,1.1418224877247401e+20,133810.1126962575,1626226.068503795,0.0822826022087871,5699194.180992325,8811280.374805532,0.002195,0.001597,31.360118,10.207128,True,True,830.4646192118526,6.555066914856434,1.2561958055011928,0.9645519059151412,1172,/scratch/project_2013233/enchanted_plugins/data/ascot_DT-D_sobol_seq_extended_take2/batch_0/ascot_sdcc_workflow_runner-e6970429-16f6-4a48-92e5-960b1f417936,0
6.27,0.77,0.0,7.03,41095.09493784897,1.171389594489522e+20,233198.61855375703,2006957.0686361203,0.11619512056241103,3632470.648159052,5249421.0790830115,0.012833,0.009116,40.293059,13.62232,True,True,796.3206525892019,4.6905031956732275,1.3587876185774803,1.1152762797661127,1196,/scratch/project_2013233/enchanted_plugins/data/ascot_DT-D_sobol_seq_extended_take2/batch_0/ascot_sdcc_workflow_runner-705d9137-432f-41fd-b351-96128d5e4d2c,0
6.82,0.74,0.0,7.56,17615.034188255817,5.156244223316329e+19,94764.95659495567,542983.942361123,0.17452625980591194,5003417.229660444,6522800.324810387,0.0,0.0002,38.765848,12.433094,True,True,723.1179415248334,11.863257699832321,1.0750078945420682,1.3463644521310925,1173,/scratch/project_2013233/enchanted_plugins/data/ascot_DT-D_sobol_seq_extended_take2/batch_0/ascot_sdcc_workflow_runner-79d4b9fe-40f6-499a-8928-19da445fb84f,0
5.51,0.67,0.0,6.19,9580.43935227356,2.770061033036484e+19,7342.321495515052,257762.34373382598,0.0284848492186934,2096409.4306572615,3380511.733748424,0.0,0.0,20.574454,6.105105,True,True,506.53967214748263,7.521094086393714,1.392744041979313,0.8966320938430727,1198,/scratch/project_2013233/enchanted_plugins/data/ascot_DT-D_sobol_seq_extended_take2/batch_0/ascot_sdcc_workflow_runner-fa6cbba8-064a-49eb-8f09-9091d155427a,0
5.65,0.7,0.0,6.35,24722.436589116613,6.249928817773246e+19,93843.72138462006,740245.6990282472,0.12677374756491366,4034452.8136523236,5000148.558648718,0.0002,0.0,37.881073,11.448675,True,True,649.8526451177895,7.8294801447540525,1.0370518323034048,1.1737649909220635,1197,/scratch/project_2013233/enchanted_plugins/data/ascot_DT-D_sobol_seq_extended_take2/batch_0/ascot_sdcc_workflow_runner-b36ce5b8-c41d-4d53-b013-40585cc0d439,0
4.72,0.28,0.0,5.0,64217.86457252349,5.063393678515473e+18,-381.35571585223596,49902.76771675246,-0.007641975251088409,717250.3908625683,7615441.402744156,0.0,0.0,6.936204,1.461857,True,True,613.5505069978535,11.49369035549462,1.299891418311745,0.8171159344725312,1193,/scratch/project_2013233/enchanted_plugins/data/ascot_DT-D_sobol_seq_extended_take2/batch_0/ascot_sdcc_workflow_runner-d72ef6f1-0f1e-4cd1-aea6-8594de42bce9,0
7.98,0.51,0.0,8.49,18037.83850411027,1.0103411933261146e+20,247294.57933641528,1865324.842604564,0.13257453805800196,2557078.4662310933,3381280.6607774203,0.026669,0.023628,51.417349,15.655847,True,True,730.0042021088302,3.8614520709961653,1.1296888669021428,1.274803677480668,1194,/scratch/project_2013233/enchanted_plugins/data/ascot_DT-D_sobol_seq_extended_take2/batch_0/ascot_sdcc_workflow_runner-958415aa-b6b6-441e-8c17-f4255ccce0db,0
5.11,0.71,0.0,5.82,200796.20964192974,1.1267367739557962e+20,221266.62418800846,1497988.121861552,0.14770919806295935,7787054.0756690055,10856476.115801306,0.0006,0.0002,36.902529,12.154859,True,True,950.828492641449,9.290039981156587,1.1733537553809583,1.2150680180639029,1175,/scratch/project_2013233/enchanted_plugins/data/ascot_DT-D_sobol_seq_extended_take2/batch_0/ascot_sdcc_workflow_runner-8609a22a-7db9-414f-95b5-aff6da21ccce,0
6.01,0.82,0.0,6.83,116039.02352073949,1.0313773245033182e+20,241499.13172457117,1268612.7179221415,0.19036474119550226,8321486.439402682,9878875.22612261,0.0,0.0,40.050221,13.541563,True,True,922.5388066843152,10.63341086357832,1.2116606440395117,1.392452631611377,1199,/scratch/project_2013233/enchanted_plugins/data/ascot_DT-D_sobol_seq_extended_take2/batch_0/ascot_sdcc_workflow_runner-d095daad-3d4e-4afa-b5e0-146f19b4137e,0
5.07,0.54,0.0,5.62,8019.922181690124,9.437455058864564e+19,168284.88769660113,1494095.0057042777,0.11263332455707928,2788804.592414705,2819851.28202073,0.012833,0.011272,39.899546,14.053022,True,True,620.8254494704306,4.016712493076921,1.4951984058134258,1.095891627855599,1174,/scratch/project_2013233/enchanted_plugins/data/ascot_DT-D_sobol_seq_extended_take2/batch_0/ascot_sdcc_workflow_runner-d79958e4-8527-4a0a-9c8f-c04b0e261162,0
5.37,0.68,0.0,6.06,207988.06597277542,1.2110350500549196e+20,153968.16847364153,1669199.8180371928,0.0922407052827817,7042932.704717535,10962605.850729194,0.001199,0.001199,30.180962,10.155086,True,True,909.0079236775637,7.563561696186662,1.2825590800493956,0.9849735703319311,1200,/scratch/project_2013233/enchanted_plugins/data/ascot_DT-D_sobol_seq_extended_take2/batch_0/ascot_sdcc_workflow_runner-92abc8bd-01ca-427d-babf-45119c11c928,0
17.65,0.74,0.0,18.39,57586.67806265579,1.0724224340570812e+20,161751.70916301286,1407273.8335295466,0.11493975465835787,5427257.190480134,6455968.898646274,0.000799,0.001398,32.429071,11.458117,True,True,740.2572319842875,6.397835663706065,1.426896648015827,1.0539434692822396,1162,/scratch/project_2013233/enchanted_plugins/data/ascot_DT-D_sobol_seq_extended_take2/batch_0/ascot_sdcc_workflow_runner-697eacd5-86c2-445b-9726-7f7587f47c8e,0
4.69,0.75,0.0,5.44,27259.630442146135,9.876985310887651e+19,242646.17751914848,1298001.1860158963,0.1869383326712745,6119562.470938742,6993078.52057656,0.0002,0.0,43.984054,14.262383,True,True,809.6402296796441,8.314403777942061,1.1470212638378143,1.4350990783423185,1203,/scratch/project_2013233/enchanted_plugins/data/ascot_DT-D_sobol_seq_extended_take2/batch_0/ascot_sdcc_workflow_runner-33a10bc4-df4a-47a6-9d0b-babfc12ba1af,0
6.12,0.71,0.0,6.82,1239.6527120505514,2.5462408837762404e+19,35831.24668391659,212191.70830390143,0.16886261470970865,2508511.692061358,2784449.2419266314,0.0,0.0,37.484797,11.905023,True,True,520.3196932561696,10.72253371551633,1.1052313596010208,1.304066431708634,1201,/scratch/project_2013233/enchanted_plugins/data/ascot_DT-D_sobol_seq_extended_take2/batch_0/ascot_sdcc_workflow_runner-5ac56e83-760c-4534-9230-34eaae4a9af3,0
5.34,0.66,0.0,5.99,28834.290470752752,9.93155642879531e+19,282714.2658651957,1938758.967674827,0.14582228661681332,2383019.1215850413,3714399.6718531437,0.035866,0.031008,54.814443,16.72728,True,True,828.0280288308859,3.886664216592908,1.054388000164181,1.3614788889884948,1204,/scratch/project_2013233/enchanted_plugins/data/ascot_DT-D_sobol_seq_extended_take2/batch_0/ascot_sdcc_workflow_runner-1e57c680-6bcd-4c28-840a-2d9e81a84711,0
6.39,0.7,0.0,7.09,4599.432463777833,6.8104730085927215e+19,115218.27743594312,787203.8441874606,0.14636396695301915,3836335.901854831,3635745.2354078544,0.0004,0.0004,39.633267,12.514665,True,True,599.8322959057987,6.684442466497421,1.1982270465232432,1.2301158150658011,1206,/scratch/project_2013233/enchanted_plugins/data/ascot_DT-D_sobol_seq_extended_take2/batch_0/ascot_sdcc_workflow_runner-696a66b5-2b34-400f-b584-bebf01f2a81f,0
7.0,0.86,0.0,7.86,383630.6411306622,8.85880547499954e+19,141749.0681205382,1010712.3389071585,0.14024669796136616,8574503.460756065,12923619.493286142,0.0,0.0,28.090841,10.061088,True,True,953.2708125188947,11.995196540281176,1.3754078154452145,1.0807998701930046,1207,/scratch/project_2013233/enchanted_plugins/data/ascot_DT-D_sobol_seq_extended_take2/batch_0/ascot_sdcc_workflow_runner-75c4094a-e49d-4b35-a08e-6075605d111a,0
5.0,0.79,0.0,5.79,158090.7589668984,9.053725296606234e+19,160255.1299005435,1041922.3132126477,0.15380717724185716,7534813.448088591,9849008.160783174,0.0,0.0,32.158833,11.220183,True,True,859.187520109117,10.378142992034554,1.3340340591967106,1.1659835804253817,1211,/scratch/project_2013233/enchanted_plugins/data/ascot_DT-D_sobol_seq_extended_take2/batch_0/ascot_sdcc_workflow_runner-605a44fe-4326-4f4d-8d2b-f71dd71884ad,0
8.28,0.54,0.0,8.82,132487.29075183405,1.3516092255013768e+20,417143.79140091443,2117530.356184149,0.19699542449659121,6346595.485770069,7951585.518697194,0.001597,0.001797,42.781738,15.626849,True,True,981.9858381524682,7.120140778273344,1.4533686516806483,1.4105021707713603,1176,/scratch/project_2013233/enchanted_plugins/data/ascot_DT-D_sobol_seq_extended_take2/batch_0/ascot_sdcc_workflow_runner-cd389023-8291-4ecc-a6a2-1ce087bb833a,0
6.48,0.6,0.0,7.09,177754.2513548418,1.2879953925549684e+20,147090.25887972827,2253891.9941332187,0.06526056229073873,4660202.481974516,9596621.525891803,0.013028,0.009901,34.095774,11.000252,True,True,984.4301827251911,5.501641949638724,1.2205450925976038,0.9264477763324976,1208,/scratch/project_2013233/enchanted_plugins/data/ascot_DT-D_sobol_seq_extended_take2/batch_0/ascot_sdcc_workflow_runner-46d9dc27-16f3-4976-91ab-d1b6a23db46f,0
7.53,0.81,0.0,8.34,804.0820472631881,5.25554665510697e+19,97527.67836762124,481240.7840888776,0.20265879699341818,3931071.559954131,3050615.745526813,0.0,0.0,38.531835,13.530292,True,True,568.428544793278,8.593450663983822,1.4172381944954395,1.384510221518576,1209,/scratch/project_2013233/enchanted_plugins/data/ascot_DT-D_sobol_seq_extended_take2/batch_0/ascot_sdcc_workflow_runner-0ebf81bd-b562-4b06-8c79-e8b9302bb5aa,0
5.43,0.73,0.0,6.15,44130.44857700631,1.1954683437813757e+20,280386.5083114421,1740472.644622756,0.16109791163779844,5178308.5310941655,5816469.439694759,0.002792,0.002394,39.038841,14.05669,True,True,778.5419523715973,6.012199268862606,1.491396973375231,1.2396885462105274,1212,/scratch/project_2013233/enchanted_plugins/data/ascot_DT-D_sobol_seq_extended_take2/batch_0/ascot_sdcc_workflow_runner-7ecd78e5-b710-40b3-adc1-b959d53d6743,0
10.17,0.64,0.0,10.81,17015.826905808994,8.946002194785927e+19,61881.90010835467,1159700.9671298757,0.05336022117969354,3882870.835703707,4782337.244937364,0.002792,0.00319,28.431189,9.592686,True,True,635.7956337742507,5.124670024216175,1.464944152161479,0.853984253294766,1202,/scratch/project_2013233/enchanted_plugins/data/ascot_DT-D_sobol_seq_extended_take2/batch_0/ascot_sdcc_workflow_runner-8303783a-6d01-4b35-ad61-e7d6b85a2f28,0
5.15,0.35,0.0,5.49,56256.20184122242,7.175598099998842e+18,-1559.1305101723676,73349.05668127962,-0.021256313042268393,855922.2237734826,6715560.4221074665,0.0,0.0,9.511941,1.971311,True,True,589.4237267784774,10.248351063206792,1.1510360362008214,0.900414494983852,1177,/scratch/project_2013233/enchanted_plugins/data/ascot_DT-D_sobol_seq_extended_take2/batch_0/ascot_sdcc_workflow_runner-39defe74-d731-4112-af9b-141e2de2625a,0
5.49,0.79,0.0,6.28,283588.4124527854,6.75114309437441e+19,39170.96419876968,847784.2169932867,0.046203931865695325,5574014.630125709,12548648.033488942,0.0006,0.0,24.143694,7.058925,True,True,877.9095290228724,9.863822569325567,1.063397650141269,0.8305366896092892,1215,/scratch/project_2013233/enchanted_plugins/data/ascot_DT-D_sobol_seq_extended_take2/batch_0/ascot_sdcc_workflow_runner-d46705b5-ba34-42aa-8d41-1dcdc6bde036,0
6.75,0.64,0.0,7.38,124997.61752980287,1.1794506052928366e+20,191132.8867821734,1982423.9722791475,0.09641372857413154,4632451.6196726905,7828708.7271755645,0.006557,0.007149,38.549383,12.067626,True,True,887.7164134755731,5.791169619932771,1.1336999884806573,1.0662454043515026,1152,/scratch/project_2013233/enchanted_plugins/data/ascot_DT-D_sobol_seq_extended_take2/batch_0/ascot_sdcc_workflow_runner-392f3369-7ed0-442b-b134-875e82bfbf58,0
5.41,0.51,0.0,5.92,18412.384273187006,1.1652431784006584e+19,-3429.3435964015457,122177.214117849,-0.0280686019988448,1094619.1874504706,5442909.71440102,0.0,0.0,12.595326,2.660917,True,True,548.8162245601416,8.501063204929233,1.0860237451270223,0.9223744539543987,1217,/scratch/project_2013233/enchanted_plugins/data/ascot_DT-D_sobol_seq_extended_take2/batch_0/ascot_sdcc_workflow_runner-0aefbb95-f1a9-4381-bd5c-d4b1e975ac14,0
10.15,0.92,0.0,11.07,190775.46408544175,9.87567069313543e+19,141826.84861349998,1158528.3402683383,0.1224198353064458,7303060.318802491,9938685.470173618,0.0,0.0,28.076676,10.24737,True,True,841.4094159379601,9.052748027443887,1.4515219838358462,1.0361132451333106,1195,/scratch/project_2013233/enchanted_plugins/data/ascot_DT-D_sobol_seq_extended_take2/batch_0/ascot_sdcc_workflow_runner-a1312d2b-7d0f-4b23-b792-3fa6b660e6be,0
6.84,0.74,0.0,7.58,1487.8358266297366,7.466344459983775e+19,182661.56097463612,984765.7544879819,0.18548732035224863,2782126.7968180208,2053322.432649587,0.004182,0.00319,50.286035,15.904145,True,True,551.6619919799268,4.625358378142119,1.2602453180588782,1.458546949736774,1214,/scratch/project_2013233/enchanted_plugins/data/ascot_DT-D_sobol_seq_extended_take2/batch_0/ascot_sdcc_workflow_runner-4bdc9f90-8c57-4fc8-8bdf-7ad85aa5d942,0
5.25,0.83,0.0,6.08,18589.65166233932,5.842277438175042e+19,102917.11531912498,589748.2512893594,0.17451025093184852,5400197.804115259,6426415.511746875,0.0,0.0,33.510882,11.616529,True,True,715.6087774783373,11.119503151997923,1.3270904696546495,1.2435191983357072,1221,/scratch/project_2013233/enchanted_plugins/data/ascot_DT-D_sobol_seq_extended_take2/batch_0/ascot_sdcc_workflow_runner-99a6bd79-8279-46fa-b614-206e88629a78,0
5.1,0.46,0.0,5.56,84627.84473269143,1.1031628521794295e+20,157979.7100628637,1837971.1425952706,0.08595331363026278,4439077.46698138,7653779.0590603445,0.005173,0.005371,38.587927,11.635716,True,True,854.3275971896946,5.86206895262003,1.0042958590202034,1.0455641333013772,1220,/scratch/project_2013233/enchanted_plugins/data/ascot_DT-D_sobol_seq_extended_take2/batch_0/ascot_sdcc_workflow_runner-0d8f0431-acd1-4668-a046-3c800b355adb,0
4.66,0.62,0.0,5.28,148366.65624503122,1.2395841701886688e+20,308940.1174060255,1896061.730190032,0.16293779494988392,6361551.352711629,8895324.648639305,0.001398,0.001597,41.965501,13.933677,True,True,958.2375534810126,7.4627232603728775,1.2050849860534072,1.3103807777166367,1224,/scratch/project_2013233/enchanted_plugins/data/ascot_DT-D_sobol_seq_extended_take2/batch_0/ascot_sdcc_workflow_runner-69faed73-c862-4963-aecf-429f3076a649,0
10.83,0.78,0.0,11.62,50373.128429450444,3.9567680681433e+19,46448.16364665546,394770.60859579104,0.1176586165111753,3888173.4173600436,6124308.366146709,0.0,0.0,27.938839,9.052929,True,True,667.1382882632315,11.224003288149834,1.1852041971869767,1.0493518052622677,1213,/scratch/project_2013233/enchanted_plugins/data/ascot_DT-D_sobol_seq_extended_take2/batch_0/ascot_sdcc_workflow_runner-ccb3ca4d-f192-4376-8ddd-e481740a01cd,0
7.56,0.58,0.0,8.14,18391.055616403104,9.957682332108122e+19,195218.82735470607,1415837.202836391,0.13788225578733068,4261696.867856168,4659130.586165972,0.00319,0.002991,40.152185,13.110849,True,True,691.7163361795247,5.63383713774383,1.2943826345726848,1.192031535319984,1178,/scratch/project_2013233/enchanted_plugins/data/ascot_DT-D_sobol_seq_extended_take2/batch_0/ascot_sdcc_workflow_runner-1be61143-c2a6-4399-abcb-4349463ebd61,0
4.85,0.89,0.0,5.75,142065.49337716427,9.273593411449845e+19,70576.03782496406,1154141.8992008148,0.06115022587242905,6250589.510735442,10460609.292044928,0.0006,0.0002,24.311727,8.074579,True,True,823.2291429303586,7.8941565066576,1.3494657361879945,0.8471815600991249,1227,/scratch/project_2013233/enchanted_plugins/data/ascot_DT-D_sobol_seq_extended_take2/batch_0/ascot_sdcc_workflow_runner-262da647-5f03-4e8f-a46b-030aa96e003c,0
8.74,0.91,0.0,9.66,65245.105628838115,1.1648874076381318e+20,353489.994478629,2042119.54492018,0.17309955989498443,3958665.6671334626,5437571.735488724,0.00774,0.009116,47.732186,15.866569,True,True,882.6931682415307,5.3236335754394535,1.2680681375786662,1.3885412313044072,1216,/scratch/project_2013233/enchanted_plugins/data/ascot_DT-D_sobol_seq_extended_take2/batch_0/ascot_sdcc_workflow_runner-97cfc66a-500c-4bba-960a-36d1b9b50fea,0
6.79,0.81,0.0,7.6,21833.245091693272,9.044345726430482e+19,159760.74774058416,1059122.1247195853,0.1508426120197259,5076133.739652608,4849050.76603548,0.0004,0.0,34.759316,12.466461,True,True,670.1518939808011,6.8232674349099405,1.4841806767508388,1.1695572121068836,1218,/scratch/project_2013233/enchanted_plugins/data/ascot_DT-D_sobol_seq_extended_take2/batch_0/ascot_sdcc_workflow_runner-d1bf4132-3f48-4d6f-8788-8fb656ee2941,0
7.97,0.86,0.0,8.83,88601.22481540311,7.033300524670674e+19,109013.52270147933,810793.3153245184,0.13445291252536645,5771148.269189106,8004016.622864491,0.0,0.0,33.017778,10.679083,True,True,773.559972178191,10.0273572050035,1.1614832999184728,1.1414004258811474,1219,/scratch/project_2013233/enchanted_plugins/data/ascot_DT-D_sobol_seq_extended_take2/batch_0/ascot_sdcc_workflow_runner-ad4f5427-1e6c-4ff0-93ca-01db5bf16d00,0
5.63,0.71,0.0,6.34,14532.303061499844,3.4073176724564214e+19,8654.630647867072,303419.8476742042,0.028523614108329345,3185498.002753083,4718621.121168467,0.0,0.0,23.469119,8.481048,True,True,596.8034118413925,10.568887897208333,1.3990140492096543,0.9787028616294265,1225,/scratch/project_2013233/enchanted_plugins/data/ascot_DT-D_sobol_seq_extended_take2/batch_0/ascot_sdcc_workflow_runner-6b1a7b3e-690e-408a-a231-6c3f1bfae1f5,0
4.77,0.75,0.0,5.52,3229.5419616180075,5.760657936913122e+19,108263.91087870087,605722.7311262573,0.17873509662977177,4325161.5081888335,4505003.548378602,0.0,0.0,40.823842,13.064652,True,True,638.7482024729252,8.983979615941644,1.1391046880744398,1.3678120287135243,1229,/scratch/project_2013233/enchanted_plugins/data/ascot_DT-D_sobol_seq_extended_take2/batch_0/ascot_sdcc_workflow_runner-8469c48d-e287-4ba2-b2d8-27f89f3c83bf,0
5.11,1.07,0.0,6.18,173557.8834143849,1.320460092357204e+20,365230.7072912602,1710036.5181246835,0.21358064779329478,9079045.675566634,9882752.482492384,0.0,0.0006,41.224683,14.947411,True,True,989.3358903937042,9.492720980197191,1.4255283898673952,1.4621500510722398,1223,/scratch/project_2013233/enchanted_plugins/data/ascot_DT-D_sobol_seq_extended_take2/batch_0/ascot_sdcc_workflow_runner-e7e5a104-e44b-4a1e-b46f-910c2cc63f8d,0
5.32,0.42,0.0,5.74,12494.710040791608,9.908900736631177e+19,147405.44835105867,1644925.2749400977,0.08961224597660016,2771308.1271832753,3361767.2437296533,0.016329,0.011272,39.562728,13.123783,True,True,652.7441767975688,3.945059497654438,1.3668052866123617,1.031470814999193,1234,/scratch/project_2013233/enchanted_plugins/data/ascot_DT-D_sobol_seq_extended_take2/batch_0/ascot_sdcc_workflow_runner-887bff87-109f-431a-894c-99c8633ac214,0
5.54,0.82,0.0,6.36,197632.48756243795,8.42188383053254e+19,154793.08285958203,1007093.6709730397,0.15370276600986196,7571897.417416425,10807911.34436068,0.0,0.0,35.899367,11.684898,True,True,913.852599915117,11.562324397265911,1.1125337867997587,1.236685846373439,1231,/scratch/project_2013233/enchanted_plugins/data/ascot_DT-D_sobol_seq_extended_take2/batch_0/ascot_sdcc_workflow_runner-accbcc04-c744-48b0-bf23-59a3efda00c3,0
5.03,1.07,0.0,6.1,240585.25195907877,1.2398294832336875e+20,134298.76516727178,1584348.9528152393,0.08476590016904766,8042880.872557386,12277213.974901622,0.0006,0.0004,25.78415,9.409629,True,True,919.1199243068695,7.961194618418814,1.4778627892956138,0.9143474304117263,1167,/scratch/project_2013233/enchanted_plugins/data/ascot_DT-D_sobol_seq_extended_take2/batch_0/ascot_sdcc_workflow_runner-5c93868e-11ba-4bab-8774-2b58503896b1,0
5.85,0.79,0.0,6.64,48577.351461987186,1.1321844619686019e+20,238532.8947350141,1978404.3475394472,0.12056832316997221,3765026.755031247,5803152.455060189,0.012053,0.010685,44.039031,13.779068,True,True,836.4274338819087,5.053978567197919,1.1525302389636636,1.1781942152418197,1236,/scratch/project_2013233/enchanted_plugins/data/ascot_DT-D_sobol_seq_extended_take2/batch_0/ascot_sdcc_workflow_runner-6ec5b843-b0a1-4771-8ff9-3686de988213,0
4.79,0.41,0.0,5.21,23877.109353071723,1.0141810488023499e+20,292222.5686358554,1758770.4232211583,0.1661516277381187,3238360.3343842966,3997225.311063159,0.009901,0.010489,53.003127,16.108378,True,True,746.9511358067393,4.749027041718364,1.046191087923944,1.44185879137367,1226,/scratch/project_2013233/enchanted_plugins/data/ascot_DT-D_sobol_seq_extended_take2/batch_0/ascot_sdcc_workflow_runner-5f69f604-10eb-4fdf-a8f8-d214467a03da,0
10.95,0.45,0.0,11.4,36436.0623634252,1.1427781553220601e+20,154256.8297217368,2209262.6383153982,0.06982276667628814,2725951.7260123705,4656365.149034982,0.033069,0.031758,37.008987,13.025294,True,True,804.7192827798426,3.790632048994303,1.4422897468321025,0.9431039746850729,1228,/scratch/project_2013233/enchanted_plugins/data/ascot_DT-D_sobol_seq_extended_take2/batch_0/ascot_sdcc_workflow_runner-1fb78d75-b38d-466f-bcc7-9913829b5415,0
4.35,0.79,0.0,5.15,2376.271317996618,2.2795132504013468e+19,35422.98765318953,164948.64587931908,0.214751612323668,2473318.8658823175,2390020.8993529137,0.0,0.0,40.741076,13.551061,True,True,503.5718232393265,11.930545759946108,1.1877454961650074,1.4979598484002055,1233,/scratch/project_2013233/enchanted_plugins/data/ascot_DT-D_sobol_seq_extended_take2/batch_0/ascot_sdcc_workflow_runner-031e0231-24ba-4600-bd10-d5cd9c988ffb,0
5.03,0.67,0.0,5.69,503675.71314844926,8.045090232392624e+19,77072.33319986936,972653.7473703695,0.07923922917918041,7292814.167029237,14104211.140042096,0.0,0.0,23.313464,7.815566,True,True,944.5829964242876,10.791295571252704,1.2928904285654426,0.8920456745661796,1239,/scratch/project_2013233/enchanted_plugins/data/ascot_DT-D_sobol_seq_extended_take2/batch_0/ascot_sdcc_workflow_runner-ce526864-d55d-4d83-82ff-fcd37b74c0c3,0
5.27,0.71,0.0,5.99,29432.004369339575,8.190724216727926e+19,157268.03581174943,1027090.8974712071,0.15311988081966055,5824339.156540893,7638737.494598692,0.0006,0.0002,39.622949,12.420733,True,True,791.4607315324247,9.22300175987184,1.0596204097382724,1.2794885766692459,1235,/scratch/project_2013233/enchanted_plugins/data/ascot_DT-D_sobol_seq_extended_take2/batch_0/ascot_sdcc_workflow_runner-bcf48254-c626-4a1d-8d81-a90a14e65eee,0
10.26,0.74,0.0,11.0,3178.3239766581223,5.059323870586239e+19,57066.25400243952,498878.0299175805,0.11438919050387411,2951417.96523235,2584920.834555883,0.0006,0.0002,33.741294,10.951008,True,True,517.4128925427794,6.33821512721479,1.3063159207813442,1.074272151477635,1230,/scratch/project_2013233/enchanted_plugins/data/ascot_DT-D_sobol_seq_extended_take2/batch_0/ascot_sdcc_workflow_runner-c82e23c6-0c23-429e-9673-489a58220d5f,0
6.02,0.62,0.0,6.63,99411.65029862596,1.0311010693117824e+20,180554.29827732517,1980291.6459498943,0.09117560973738188,2855999.689891733,5974579.82330974,0.026859,0.029691,44.824166,13.849707,True,True,975.9847787208855,4.552478953823448,1.072597702499479,1.0875230838544667,1240,/scratch/project_2013233/enchanted_plugins/data/ascot_DT-D_sobol_seq_extended_take2/batch_0/ascot_sdcc_workflow_runner-ee78e9f8-1a7c-44e6-a598-0ff404944426,0
6.03,0.76,0.0,6.8,60716.632608652966,8.782565403381404e+19,138824.8582064332,986485.7895040534,0.1407266680204548,5992813.054360805,6778364.633650836,0.0002,0.0,31.166269,11.22477,True,True,733.0178059637547,8.245763399451972,1.4596178075298667,1.1108908700756728,1237,/scratch/project_2013233/enchanted_plugins/data/ascot_DT-D_sobol_seq_extended_take2/batch_0/ascot_sdcc_workflow_runner-4ae4479d-c646-461e-bc4d-cbb7b3ca77eb,0
6.61,0.8,0.0,7.41,40861.21815286703,8.896932443971699e+19,89020.33338456253,1211620.3823114017,0.07347213259547428,4316699.328143496,6108203.297145359,0.002195,0.000999,32.514587,9.985186,True,True,701.8602835014462,6.084925172477961,1.1788118830882013,0.956514362897724,1242,/scratch/project_2013233/enchanted_plugins/data/ascot_DT-D_sobol_seq_extended_take2/batch_0/ascot_sdcc_workflow_runner-345e7af7-bbb1-4286-98a7-210086ee3082,0
4.65,0.8,0.0,5.45,0.0,3.692787558537903e+19,63733.13391323675,306677.3346643546,0.2078182073122227,3306784.4333725423,2811116.183122771,0.0,0.0,38.076173,13.182254,True,True,543.4537557885051,10.160193199664354,1.3535150028765202,1.4063005963340403,1249,/scratch/project_2013233/enchanted_plugins/data/ascot_DT-D_sobol_seq_extended_take2/batch_0/ascot_sdcc_workflow_runner-610180d5-e058-4c44-b208-4ba527ae232b,0
5.15,0.8,0.0,5.95,215754.12201853425,1.0528572749654955e+20,134891.0710509684,1356139.9201234898,0.09946692745294693,7216553.215067483,11163824.21550248,0.0006,0.0004,29.730306,9.856357,True,True,896.104063373059,8.656067373231053,1.2298996401950717,1.008348721358925,1247,/scratch/project_2013233/enchanted_plugins/data/ascot_DT-D_sobol_seq_extended_take2/batch_0/ascot_sdcc_workflow_runner-6fc818e3-b05d-48e1-844e-81e3a852bf55,0
24.78,0.85,0.0,25.62,35389.35637885233,8.083396856125543e+19,125968.37256917935,1078471.638256598,0.1168026752866801,4564549.266410659,6032024.3874486955,0.0002,0.0004,38.193231,11.523595,True,True,712.7172476612031,7.251470980793238,1.0279385093599558,1.1449324229732156,1210,/scratch/project_2013233/enchanted_plugins/data/ascot_DT-D_sobol_seq_extended_take2/batch_0/ascot_sdcc_workflow_runner-3839e5b7-5dbc-4a34-a3fb-d8c409b72f75,0
6.7,0.77,0.0,7.47,689.8864253779311,6.670503458369875e+19,125001.22363833232,735121.4724149668,0.17004158949090076,3207595.7572756684,2252516.1251438092,0.000799,0.0004,41.770506,14.072702,True,True,534.6683720126748,5.562207173556089,1.4081883477047086,1.3026103626005352,1246,/scratch/project_2013233/enchanted_plugins/data/ascot_DT-D_sobol_seq_extended_take2/batch_0/ascot_sdcc_workflow_runner-c349114f-6d69-415b-b92d-80887e15e36b,0
6.05,0.65,0.0,6.7,162677.39356387666,1.082914676146184e+20,92324.90782775042,1655289.5928464558,0.05577568313529199,5503685.672826165,10566977.112638263,0.002394,0.002394,31.515767,9.326885,True,True,900.7699876092374,6.953540265932679,1.0345810893923044,0.9046590495854616,1248,/scratch/project_2013233/enchanted_plugins/data/ascot_DT-D_sobol_seq_extended_take2/batch_0/ascot_sdcc_workflow_runner-ab47dc3b-f8d5-4c12-94b9-73db0857270e,0
8.39,0.81,0.0,9.19,122751.15117036321,9.522344653394256e+19,210211.41663372156,1031377.9724950017,0.2038160812424567,8427929.69318315,9162447.464898076,0.0,0.0,35.426341,13.022804,True,True,867.8288604132831,11.290577176585794,1.4976066607050598,1.3325269077904522,1243,/scratch/project_2013233/enchanted_plugins/data/ascot_DT-D_sobol_seq_extended_take2/batch_0/ascot_sdcc_workflow_runner-55254498-a052-42e6-b13d-e9c7dea2e043,0
4.23,0.63,0.0,4.86,1783.1123949092105,8.188205522937846e+19,201525.64584647858,970636.3684856275,0.2076221872470078,3823223.500193048,2685075.7569558574,0.001199,0.0006,45.654386,15.750542,True,True,592.3305191099644,5.732789468765259,1.4460528590716422,1.4799948809668422,1254,/scratch/project_2013233/enchanted_plugins/data/ascot_DT-D_sobol_seq_extended_take2/batch_0/ascot_sdcc_workflow_runner-2ae44a01-6625-4ae9-9903-7e8aad636297,0
4.24,0.73,0.0,4.97,53074.584325875345,1.103044504183522e+20,304752.5419917066,2122762.443668842,0.14356412932621537,2921111.103241512,4399158.807656245,0.022483,0.021143,47.201858,15.707263,True,True,866.5432906709611,4.330567859485745,1.302304978016764,1.2613080225884914,1252,/scratch/project_2013233/enchanted_plugins/data/ascot_DT-D_sobol_seq_extended_take2/batch_0/ascot_sdcc_workflow_runner-f977447e-cfb6-477e-9a4b-bae84303bbe0,0
12.02,0.77,0.0,12.78,202342.91586420443,1.3084229458266895e+20,88584.83200651997,1855479.1250931914,0.04774229513472473,6833967.109544904,12332920.693405166,0.002792,0.00319,25.601597,8.652574,True,True,927.4445124901831,6.625943357124925,1.3855846687220037,0.8129574236460031,1232,/scratch/project_2013233/enchanted_plugins/data/ascot_DT-D_sobol_seq_extended_take2/batch_0/ascot_sdcc_workflow_runner-b62fc301-6cd2-44df-bfe0-0405fb16b55e,0
4.31,0.7,0.0,5.01,103450.82472988332,1.2828037022553774e+20,223731.07080034557,2387011.2691276674,0.09372853563532108,3852334.9864024455,7146133.903722961,0.017296,0.01536,35.386099,13.059637,True,True,946.0448767058551,4.881126036867499,1.472566632553935,1.0074478935450315,1256,/scratch/project_2013233/enchanted_plugins/data/ascot_DT-D_sobol_seq_extended_take2/batch_0/ascot_sdcc_workflow_runner-0977dacf-5cbd-4d55-9a2f-1b4099252f34,0
12.02,0.34,0.0,12.36,85395.41672657474,9.630387457643481e+18,-2684.2947506306673,109862.60564086708,-0.024433197583219834,1088783.5796698376,9693796.724744871,0.0,0.0,9.59728,1.909962,True,True,683.8406044989824,10.315662154555321,1.0216358406469226,0.877009531389922,1245,/scratch/project_2013233/enchanted_plugins/data/ascot_DT-D_sobol_seq_extended_take2/batch_0/ascot_sdcc_workflow_runner-32c78bb2-2ee6-432d-8be9-b3d172470ae5,0
10.15,0.7,0.0,10.86,3835.365721889349,6.141685355575989e+19,123123.25888887198,696854.2391991907,0.17668437954881708,3888664.4946393073,3792443.893010955,0.0,0.0,43.878294,13.67061,True,True,610.7047414407134,7.634374004602433,1.0952056655660272,1.396995914261788,1238,/scratch/project_2013233/enchanted_plugins/data/ascot_DT-D_sobol_seq_extended_take2/batch_0/ascot_sdcc_workflow_runner-2320b18c-96a8-4e1c-baef-8fd603c7e3eb,0
8.31,0.69,0.0,9.0,70175.5688329588,5.201494772985094e+19,58945.381447663596,576413.356137723,0.10226234493008472,4302663.571535601,6597148.455058843,0.0002,0.0,29.541026,9.218651,True,True,688.763759098947,9.624403723329307,1.124120716471225,1.0277339769527316,1253,/scratch/project_2013233/enchanted_plugins/data/ascot_DT-D_sobol_seq_extended_take2/batch_0/ascot_sdcc_workflow_runner-f9e6fc94-3427-4ede-b6ad-78706f7694bf,0
9.54,0.7,0.0,10.24,14859.146813625039,9.624763780169697e+19,160886.47628860202,1412456.3058885962,0.1139054536539352,3765590.179876791,4399801.966151112,0.007937,0.003587,40.088152,12.589362,True,True,675.5353361368179,5.192431797087193,1.216935196891427,1.1236557448282838,1250,/scratch/project_2013233/enchanted_plugins/data/ascot_DT-D_sobol_seq_extended_take2/batch_0/ascot_sdcc_workflow_runner-a8dfd798-d4ec-49f7-9bca-134f13f7d541,0
5.34,0.56,0.0,5.9,7138.230450630812,7.426343632235985e+19,24770.70686213988,1017377.9113827717,0.02434759648798814,2601340.0800180663,3275487.395315024,0.004777,0.005569,32.1332,9.346501,True,True,565.460697747767,4.200423515215516,1.2433294239453971,0.8268899509683252,1222,/scratch/project_2013233/enchanted_plugins/data/ascot_DT-D_sobol_seq_extended_take2/batch_0/ascot_sdcc_workflow_runner-12f189b4-ddae-4adc-82d7-b40a1e02d190,0
5.01,0.88,0.0,5.89,30628.03862302747,1.0840739231350832e+20,153618.03728355747,1859590.8636130746,0.08260851367331777,3333925.4587692195,5060804.196209005,0.017102,0.014584,39.789511,12.384298,True,True,750.7090466096997,4.492105755954981,1.1941892090253532,1.0234332758933307,1180,/scratch/project_2013233/enchanted_plugins/data/ascot_DT-D_sobol_seq_extended_take2/batch_0/ascot_sdcc_workflow_runner-f2c9bf12-d618-4bf2-8576-294a97c09d55,0
5.06,0.98,0.0,6.04,61076.412423486145,8.422181951283167e+19,188917.84435501765,1031073.6024428637,0.1832244021255373,6723826.113682824,8257000.748177467,0.0,0.0,42.007584,13.534413,True,True,835.4466226883233,10.438999900594354,1.082226112484932,1.4131391193717717,1259,/scratch/project_2013233/enchanted_plugins/data/ascot_DT-D_sobol_seq_extended_take2/batch_0/ascot_sdcc_workflow_runner-3b851574-4a90-46f5-bc2d-ed2737fb4fc3,0
4.62,0.8,0.0,5.42,159105.9217804731,5.914870358493295e+19,81405.62678239509,644813.2988287815,0.12624681738149277,5822840.633873959,9375898.56242782,0.0,0.0,27.614993,9.358531,True,True,804.6547737903893,11.800785686820745,1.2625901163555682,1.0573892765678465,1267,/scratch/project_2013233/enchanted_plugins/data/ascot_DT-D_sobol_seq_extended_take2/batch_0/ascot_sdcc_workflow_runner-8eeb5d9b-e0a7-4660-b727-cb7b4bea63e2,0
10.14,0.79,0.0,10.93,3331.134373567817,3.957432506673897e+19,56533.75869873976,360452.0420907514,0.15684127733282807,3439999.2931286446,3784433.808856487,0.0,0.0,33.598928,11.148434,True,True,579.5473363250494,9.797095786035062,1.250739614944905,1.201561641599983,1241,/scratch/project_2013233/enchanted_plugins/data/ascot_DT-D_sobol_seq_extended_take2/batch_0/ascot_sdcc_workflow_runner-809e5bf2-f79a-4071-990f-b01da4af5c6c,0
4.62,0.8,0.0,5.42,75773.80495399467,1.1210142625186197e+20,203667.69965205214,1435972.2100476206,0.14183261920180057,6820324.909180715,8134817.9955302775,0.0002,0.0002,33.350378,11.877647,True,True,817.3968154005706,7.766729409992696,1.419775702059269,1.1368947547860444,1268,/scratch/project_2013233/enchanted_plugins/data/ascot_DT-D_sobol_seq_extended_take2/batch_0/ascot_sdcc_workflow_runner-c45cf6e1-2a20-4f11-b994-31b44f75cb6b,0
5.13,0.82,0.0,5.94,16265.793775020207,6.4370332922139206e+19,116475.67765497243,648307.0388229731,0.17966128806258003,5240562.523063163,5414395.800424536,0.0,0.0,34.730368,12.193051,True,True,678.3658559434116,9.733133235946298,1.387021643575281,1.2656510362401605,1181,/scratch/project_2013233/enchanted_plugins/data/ascot_DT-D_sobol_seq_extended_take2/batch_0/ascot_sdcc_workflow_runner-f43494d8-c23c-4e9e-b9e1-87137c9f03ef,0
6.1,0.62,0.0,6.73,644681.8276418865,7.01473893790532e+19,40949.81624926669,875167.8606980823,0.04679081361214848,6534046.508872475,15850957.715698684,0.0002,0.0002,22.006503,6.667391,True,True,977.1411851979792,10.987660504505039,1.1272773039527237,0.8090891130268574,1255,/scratch/project_2013233/enchanted_plugins/data/ascot_DT-D_sobol_seq_extended_take2/batch_0/ascot_sdcc_workflow_runner-c8dd5d45-1505-4dee-9403-1d8d8471a5de,0
7.31,0.37,0.0,7.68,84514.88207605304,7.81195334813718e+18,-593.6844942480393,78810.85480558153,-0.007533029500981805,1061106.197310927,8600597.470980354,0.0,0.0,8.093193,1.806978,True,True,644.1336730495095,11.693269827961922,1.4371041064150631,0.9717821737751365,1261,/scratch/project_2013233/enchanted_plugins/data/ascot_DT-D_sobol_seq_extended_take2/batch_0/ascot_sdcc_workflow_runner-5357f915-fdf7-469c-b285-15294778a290,0
43.53,0.76,0.0,44.29,4883.388193462117,3.317905032089364e+19,29974.144270318393,286725.31759205885,0.10453957997864838,2558548.1145147085,2822132.774206975,0.0,0.0,27.549876,9.225834,True,True,509.08438628539443,8.18182388059795,1.3380452478304505,0.9999798944219948,1169,/scratch/project_2013233/enchanted_plugins/data/ascot_DT-D_sobol_seq_extended_take2/batch_0/ascot_sdcc_workflow_runner-868c1950-8ee3-484d-9b6e-61046642225f,0
6.62,0.74,0.0,7.35,57037.37390227066,5.805403940137954e+19,88238.0158464187,606999.7504659444,0.1453674664259508,5301145.679776793,7288359.166293385,0.0,0.0,31.727776,10.555591,True,True,737.426714040339,10.922113078460098,1.2258882727473974,1.1521461612544954,1269,/scratch/project_2013233/enchanted_plugins/data/ascot_DT-D_sobol_seq_extended_take2/batch_0/ascot_sdcc_workflow_runner-62671999-82ec-4047-851c-b8f33a6439be,0
6.0,0.97,0.0,6.97,12168.610497549536,6.178249169810429e+19,108513.29472832102,674818.6000819745,0.16080365110733347,4176026.2787883175,4225390.250638504,0.0,0.0,39.281953,12.501366,True,True,623.6712085083127,8.02369233816862,1.1655213534832,1.2815944658592344,1257,/scratch/project_2013233/enchanted_plugins/data/ascot_DT-D_sobol_seq_extended_take2/batch_0/ascot_sdcc_workflow_runner-3bdec4f4-fed0-4a63-b072-9874fb4aec68,0
5.38,0.32,0.0,5.7,36371.354639434976,5.797303796433828e+18,-1191.8302107780614,58085.10286268608,-0.02051868985401581,752682.3040474777,6136606.35778885,0.0,0.0,11.354636,2.260162,True,True,575.1614300534129,11.423541595414282,1.0480067604221404,1.072431258391589,1273,/scratch/project_2013233/enchanted_plugins/data/ascot_DT-D_sobol_seq_extended_take2/batch_0/ascot_sdcc_workflow_runner-37ae833c-ad9b-4a7b-be51-f2fd5cc7a231,0
5.82,0.49,0.0,6.31,127155.00247197016,1.3273891264290374e+20,332856.2497833918,2248296.1911987336,0.14804822028627881,5284368.837831123,8228675.6833419055,0.006162,0.005173,40.127089,14.139793,True,True,995.0381605885923,6.215325926989317,1.3708429452963173,1.2166093499399722,1272,/scratch/project_2013233/enchanted_plugins/data/ascot_DT-D_sobol_seq_extended_take2/batch_0/ascot_sdcc_workflow_runner-d9b7fe45-ad7a-457f-8bfd-ba6545a14890,0
11.97,0.77,0.0,12.75,235232.00031729456,1.1841570840082773e+20,197877.0234101119,1515282.8863886995,0.13058751285821135,8110443.6574744405,11186336.129090052,0.0002,0.0002,32.113621,11.15777,True,True,931.9276292808354,8.853450437262655,1.3152666543610394,1.1029317080974579,1263,/scratch/project_2013233/enchanted_plugins/data/ascot_DT-D_sobol_seq_extended_take2/batch_0/ascot_sdcc_workflow_runner-a3b2d56a-bc40-4165-b522-66d9cddca3a5,0
6.32,0.85,0.0,7.18,55411.65370743621,9.691435659358223e+19,334638.1603578091,1934725.8617252484,0.17296412219320986,2339282.8572457395,3701324.848134105,0.041778,0.029691,55.299494,17.823234,True,True,914.2752732150257,4.0772869169712065,1.1828612168319523,1.472053421381861,1264,/scratch/project_2013233/enchanted_plugins/data/ascot_DT-D_sobol_seq_extended_take2/batch_0/ascot_sdcc_workflow_runner-7d31ea69-afe2-4d59-94ea-834443ca2bdd,0
6.01,0.91,0.0,6.92,13838.992932171388,1.0592699062464822e+20,301423.5290821884,1794183.8844188817,0.16800035475729203,3219661.7812711275,3371676.828489147,0.009312,0.01088,47.568773,15.957961,True,True,706.2671631574631,4.421405098959804,1.3817872372455895,1.3476414437405766,1274,/scratch/project_2013233/enchanted_plugins/data/ascot_DT-D_sobol_seq_extended_take2/batch_0/ascot_sdcc_workflow_runner-8c3ddb9f-004f-4316-a993-51fe1d2915d1,0
8.57,0.5,0.0,9.08,19744.00512906793,2.2528495914490446e+19,-10016.853372278849,256464.62733520975,-0.039057446152940274,1467076.99811274,5040001.365102131,0.0002,0.0002,14.322447,3.016743,True,True,540.4248950071633,6.144522818550468,1.0581853720359504,0.8045888835564257,1182,/scratch/project_2013233/enchanted_plugins/data/ascot_DT-D_sobol_seq_extended_take2/batch_0/ascot_sdcc_workflow_runner-40857b3b-69f0-4aa4-9f12-b196173b8626,0
5.52,0.7,0.0,6.22,9243.992725169466,7.197970698868361e+19,127832.4659086425,911200.6258750249,0.1402901427837422,3744053.8785407906,4052386.7294794316,0.001199,0.001199,42.556337,12.843978,True,True,626.8739309161901,6.4946453858166935,1.0687962104566395,1.2535259979777038,1266,/scratch/project_2013233/enchanted_plugins/data/ascot_DT-D_sobol_seq_extended_take2/batch_0/ascot_sdcc_workflow_runner-1447fe3f-8f33-4763-84af-cf73e0ceb6a9,0
5.78,0.79,0.0,6.58,9274.799528191168,6.927334419519231e+19,150509.1890164569,731937.8886215731,0.205631094326739,5025672.247942573,4546006.4609617265,0.0,0.0,41.393454,14.009953,True,True,657.9721486195922,8.787621692195534,1.2888754773885012,1.44893649360165,1277,/scratch/project_2013233/enchanted_plugins/data/ascot_DT-D_sobol_seq_extended_take2/batch_0/ascot_sdcc_workflow_runner-5b76f7de-d445-4604-8d52-41b62fbe793c,0
5.47,0.76,0.0,6.23,219078.00385254333,7.78742526573112e+19,78866.26492686672,943417.7447921033,0.08359633403360048,6265169.733269508,10929369.563275212,0.0002,0.0002,26.486661,8.505312,True,True,848.8002666272223,9.664484032988549,1.1996071957983077,0.9414412842132152,1275,/scratch/project_2013233/enchanted_plugins/data/ascot_DT-D_sobol_seq_extended_take2/batch_0/ascot_sdcc_workflow_runner-699e6848-e388-4d88-b966-442fce1f4b56,0
6.76,0.52,0.0,7.28,53810.59318870967,1.0037929932024829e+20,67617.5534477613,1560142.6378002719,0.043340622715817116,4262474.335462375,7569154.588347357,0.004777,0.003786,31.827742,9.271929,True,True,773.3121789060533,5.692223594337702,1.1067813448607922,0.8620219175703824,1276,/scratch/project_2013233/enchanted_plugins/data/ascot_DT-D_sobol_seq_extended_take2/batch_0/ascot_sdcc_workflow_runner-a54b0916-e5e7-4bf1-be1a-3c583d950455,0
11.44,0.76,0.0,12.2,45856.90508390619,9.290963850864904e+19,170491.51023083983,1086713.3275212424,0.15688729116787903,6293958.754171154,6924242.738237263,0.0002,0.0,34.026831,11.99456,True,True,755.5079408921301,8.368323027715087,1.395212847739458,1.18726061321795,1251,/scratch/project_2013233/enchanted_plugins/data/ascot_DT-D_sobol_seq_extended_take2/batch_0/ascot_sdcc_workflow_runner-35297392-a83c-48ab-852c-503aca8f8f99,0
7.07,0.71,0.0,7.77,12425.603533034999,4.815812658764604e+19,43221.55976046524,506628.6319305557,0.08531211431096078,3069729.149427632,3663998.9526150445,0.0,0.0004,31.461146,9.527045,True,True,560.5616308748722,7.061632844433189,1.1407067440450191,0.9933423190377653,1278,/scratch/project_2013233/enchanted_plugins/data/ascot_DT-D_sobol_seq_extended_take2/batch_0/ascot_sdcc_workflow_runner-c956c9ab-5620-4e84-9024-ba3cf3e361a6,0
9.49,0.38,0.0,9.87,19428.663402415576,8.245468790765682e+18,-1186.6669524232009,77738.10979483175,-0.015264931904764346,922819.5085178213,5225432.217397862,0.0,0.0,8.91868,2.007848,True,True,529.4630574062467,9.352665514871479,1.4859965951181948,0.8389053079299629,1265,/scratch/project_2013233/enchanted_plugins/data/ascot_DT-D_sobol_seq_extended_take2/batch_0/ascot_sdcc_workflow_runner-5d63afcb-ffe5-4632-b050-c29851ac582a,0
7.24,0.84,0.0,8.09,116075.8000799741,1.08121128256056e+20,239826.00784130668,1232270.9784164757,0.19462116047680844,8559766.943481995,9301231.075179098,0.0002,0.0,36.074377,13.169481,True,True,882.9327956773341,10.183691082894802,1.4633922893553972,1.3175725956447422,1279,/scratch/project_2013233/enchanted_plugins/data/ascot_DT-D_sobol_seq_extended_take2/batch_0/ascot_sdcc_workflow_runner-a8828c94-4c1a-4967-9811-2e100eb3df04,0
5.86,0.74,0.0,6.6,99303.23097144418,6.8518754611175236e+19,72805.69350830761,762896.7972670939,0.0954332142553457,5401539.601775521,8161215.385717677,0.0006,0.0002,25.276801,8.728643,True,True,744.12063928321,9.158453430980444,1.3722212766297162,0.9494787489995361,1205,/scratch/project_2013233/enchanted_plugins/data/ascot_DT-D_sobol_seq_extended_take2/batch_0/ascot_sdcc_workflow_runner-d6c4282a-7c4c-45dd-9409-c602d501dd03,0
4.7,0.78,0.0,5.48,56644.82413920805,7.697871011498467e+19,59150.181758279025,933290.4024246411,0.06337810996942629,4866678.626232794,7473868.20590783,0.000799,0.0002,26.371672,8.38222,True,True,720.1043274253607,7.331296864897013,1.2799300383776426,0.8759451927617192,1258,/scratch/project_2013233/enchanted_plugins/data/ascot_DT-D_sobol_seq_extended_take2/batch_0/ascot_sdcc_workflow_runner-7d745fac-c9ac-4dd0-b48a-50ccdd377dd6,0
6.17,0.6,0.0,6.78,10393.915737427376,8.28320270713276e+19,70928.01782079341,1085849.3903041072,0.06532030910928543,3380851.64490273,3942252.2583814072,0.002394,0.003984,32.359587,10.322093,True,True,606.320621445775,4.920757800713181,1.3286927565932274,0.9180790237151086,1270,/scratch/project_2013233/enchanted_plugins/data/ascot_DT-D_sobol_seq_extended_take2/batch_0/ascot_sdcc_workflow_runner-cb9fdbce-3653-4ae9-bfcf-8df168fbf074,0
6.99,0.75,0.0,7.74,90264.14035756615,1.1258168912167875e+20,278277.3109309501,1699543.2881633146,0.1637365243174727,6294014.494570169,9207286.540569633,0.001199,0.000999,44.66601,14.161605,True,True,963.6345882900059,8.115106297284365,1.025399124249816,1.371004053670913,1271,/scratch/project_2013233/enchanted_plugins/data/ascot_DT-D_sobol_seq_extended_take2/batch_0/ascot_sdcc_workflow_runner-83dc98de-a2bf-4d37-96ca-a0f4151a72bf,0
15.82,0.47,0.0,16.29,1846.432146589106,6.522680456721724e+19,96072.3311457693,948582.129596561,0.10127992943176105,1892473.3138427734,1708702.5990700587,0.011858,0.014001,49.855834,14.168256,True,True,512.0522100478411,3.6575397066771984,1.0080706612206995,1.2079849576577544,1262,/scratch/project_2013233/enchanted_plugins/data/ascot_DT-D_sobol_seq_extended_take2/batch_0/ascot_sdcc_workflow_runner-bee8b6bf-2d8e-45f0-bf3c-9147798580f8,0
26.81,0.97,0.0,27.79,36240.745003914184,1.0987724640013554e+20,273165.9593332794,1617084.327699368,0.16892499336872163,5136983.344948344,5889458.5529174255,0.00319,0.001996,43.466288,14.231649,True,True,786.6652267985046,6.470698956772685,1.2393144355155528,1.3391778215765953,1260,/scratch/project_2013233/enchanted_plugins/data/ascot_DT-D_sobol_seq_extended_take2/batch_0/ascot_sdcc_workflow_runner-83c47798-947e-44f9-9d31-032c07faeef6,0
34.45,0.97,0.0,35.42,21619.447008725678,1.0625939571982284e+20,276033.2647581284,1390843.921293789,0.19846458724236798,5775709.905057775,5626508.792073677,0.0002,0.0002,43.189657,14.792669,True,True,760.1199229247868,7.191040251776576,1.3405203120782971,1.4339073912240565,1244,/scratch/project_2013233/enchanted_plugins/data/ascot_DT-D_sobol_seq_extended_take2/batch_0/ascot_sdcc_workflow_runner-702e3dc7-fcf6-4dd4-919f-a4bbcdadef32,0
